lrt,dip,dip_p_table,pi_hat,gap,resid_sd,inlier_sd,p_lrt_param,p_dip_param,q95_lrt_param,med_lrt_param,cell,chunk,anchor,rung,sigma_s,pi_true,n_cross,minmass_pass,p_lrt_emp_inlier,p_dip_emp_inlier,q95_lrt_emp_inlier,med_lrt_emp_inlier,p_lrt_emp_all,p_dip_emp_all,q95_lrt_emp_all,med_lrt_emp_all
1.0793116363997797,0.00676275353928,0.996969530586859,0.460928683551868,0.0204140662962452,0.0193620234713716,0.0119680191511706,0.3754152823920266,0.9235880398671096,4.647640038733289,0.6553631093493095,honest,0,0,1.0,0.2,0.0,0,True,,,,,,,,
2.8878424090098638,0.0095222604113387,0.947546376134359,0.3082536213606371,0.0242527404883058,0.0210271195226169,0.0129741638303461,0.1262458471760797,0.3156146179401993,4.597821138295309,0.5068095343635832,honest,0,0,0.5,0.1,0.0,0,True,,,,,,,,
1.371673277100399,0.0099188619638142,0.9166231349320164,0.3376399838469497,0.0188908721234819,0.0190983893415133,0.0116525275514952,0.3289036544850498,0.2458471760797342,5.6911828803718905,0.6003280061559053,honest,0,0,0.25,0.05,0.0,0,True,,,,,,,,
0.3311990888523723,0.0071947674915059,0.9952006587809232,0.4461563457866935,0.0185056355332631,0.0207722145283966,0.0126702053506783,0.5647840531561462,0.8803986710963455,4.953743995628816,0.5271691721104617,honest,0,1,1.0,0.2,0.0,0,True,,,,,,,,
3.7676766387317,0.0092208005641542,0.9626629398189648,0.4351732065238732,0.0240629577777372,0.0195467800183489,0.0123266654201701,0.1262458471760797,0.362126245847176,5.318221312109155,0.7006317402451714,honest,0,1,0.5,0.1,0.0,0,True,,,,,,,,
11.289358222837109,0.0074346033688537,0.9942186559559992,0.184533648115193,0.0283719496226467,0.0198468893753394,0.0118182427694197,0.0099667774086378,0.8272425249169435,5.03383637608106,0.5759813982240303,honest,0,1,0.25,0.05,0.0,0,True,,,,,,,,
0.6850424576869045,0.0071084903178323,0.9955539188069498,0.2527796899784093,0.0184272141703485,0.0209679911522212,0.01255261040941,0.4916943521594684,0.8970099667774086,5.787257725670932,0.6640276868763522,honest,0,2,1.0,0.2,0.0,0,True,,,,,,,,
2.420426866012349,0.0113251804559512,0.7565651858497939,0.3361793173929294,0.0216565598691132,0.0194691311137657,0.0119991943287025,0.2292358803986711,0.0996677740863787,5.30390579829641,0.6134635567702844,honest,0,2,0.5,0.1,0.0,0,True,,,,,,,,
0.0,0.0086487089539028,0.9852416265385792,0.4980812589388682,0.0013566116018851,0.0199868039788465,0.0113709863015497,1.0,0.5016611295681063,5.07449429430567,0.6088554764864966,honest,0,2,0.25,0.05,0.0,0,True,,,,,,,,
0.0,0.0078930794005729,0.9923414357365438,0.2792200962084275,0.010286673204877,0.0202322857505051,0.0118771335784193,1.0,0.707641196013289,5.749615071787093,0.6917586596134697,honest,0,3,1.0,0.2,0.0,0,True,,,,,,,,
0.0,0.0085208019180372,0.9885533992959292,0.4703626666577593,0.0053685689025514,0.0203346506879974,0.0120622837567895,1.0,0.5182724252491694,5.46530178821929,0.5185705448257067,honest,0,3,0.5,0.1,0.0,0,True,,,,,,,,
1.9324355807234497,0.0081104945683518,0.9914512340231838,0.432107308058339,0.0209175057568326,0.0187886242320293,0.0115741372906484,0.2358803986710963,0.6511627906976745,5.478392760296698,0.6237576536809684,honest,0,3,0.25,0.05,0.0,0,True,,,,,,,,
0.0,0.0076298445536929,0.9934192451373436,0.4073197820361352,0.0094476970699597,0.0205383742801698,0.0124762525408495,1.0,0.813953488372093,5.282220900871086,0.5210045689793787,honest,0,4,1.0,0.2,0.0,0,True,,,,,,,,
2.3805020557902026,0.0087033252576244,0.9838274995865453,0.2958865822500505,0.0214515807518954,0.0196416967937201,0.0119803256336729,0.2093023255813953,0.5116279069767442,4.64898783010706,0.6173496548310595,honest,0,4,0.5,0.1,0.0,0,True,,,,,,,,
1.497054296245551,0.0082639460219057,0.9908229303575896,0.3826064893895581,0.0230587319815488,0.0205703840970115,0.0127633483345585,0.3322259136212624,0.6179401993355482,5.408069490065671,0.7896170991023155,honest,0,4,0.25,0.05,0.0,0,True,,,,,,,,
0.3217229890692579,0.0081185050966868,0.9914184350877572,0.0460267542737067,0.0205280773325634,0.018859760328539,0.0114449844769911,0.5714285714285714,0.6744186046511628,5.576146456689414,0.518420800394324,honest,0,5,1.0,0.2,0.0,0,False,,,,,,,,
0.0,0.0071462419468989,0.9953993455762936,0.4315360863380727,0.0096048594972888,0.0199144646554095,0.0117784307585973,1.0,0.8604651162790697,5.588030935017334,0.7217913948227306,honest,0,5,0.5,0.1,0.0,0,True,,,,,,,,
0.1553716824455477,0.009554692012761,0.9450176663320418,0.4163534263641516,0.0156894798415706,0.0201132094487568,0.0120333902872489,0.6943521594684385,0.3322259136212624,5.370447847885137,0.5705553677055377,honest,0,5,0.25,0.05,0.0,0,True,,,,,,,,
0.0,0.0088391221386284,0.9803114427254128,0.4964214418896175,0.008037896050944,0.0200885718236376,0.0118634217845745,1.0,0.4485049833887043,5.549113869412873,0.7054853427653143,honest,0,6,1.0,0.2,0.0,0,True,,,,,,,,
3.0756036953921466,0.0075672122974286,0.993675691559218,0.0843520714977748,0.0260382128974611,0.020256689780587,0.0120876663507862,0.1594684385382059,0.7940199335548173,5.54590648573303,0.8385344064733999,honest,0,6,0.5,0.1,0.0,0,True,,,,,,,,
4.518879519652273,0.0094550019195134,0.9516785924627216,0.472646898516858,0.0248599940531219,0.0197479477236356,0.0125798238847682,0.0697674418604651,0.335548172757475,4.943641446597372,0.5429495483283517,honest,0,6,0.25,0.05,0.0,0,True,,,,,,,,
1.9717368483043172,0.0075750156536669,0.993643740885471,0.4350100474914369,0.0221555513965331,0.0196759901693398,0.0122797808651882,0.2857142857142857,0.7940199335548173,5.110305279140133,0.7288771250568971,honest,0,7,1.0,0.2,0.0,0,True,,,,,,,,
1.5400595122500818,0.0078343513695883,0.9925818963922508,0.1927410835127781,0.0205677429658059,0.0210621515898412,0.0118674033575352,0.362126245847176,0.6910299003322259,6.194606701514795,0.9822284438680526,honest,0,7,0.5,0.1,0.0,0,True,,,,,,,,
0.0736930901189225,0.0080292859821013,0.9917837408273696,0.4724295432080131,0.0172726015451839,0.0198606674450396,0.012246612298655,0.6777408637873754,0.6744186046511628,5.115404860550211,0.53117882300171,honest,0,7,0.25,0.05,0.0,0,True,,,,,,,,
1.782289981558279,0.0087774342171607,0.9819086682133766,0.3577398951347207,0.0206723701631429,0.0192869902321001,0.0120168508980406,0.292358803986711,0.4385382059800664,6.119603677989789,0.7440203112207655,honest,0,8,1.0,0.2,0.0,0,True,,,,,,,,
0.088871870733783,0.0086262173528355,0.9858239797389308,0.4443946903100388,0.0147139552177954,0.0200641191493836,0.0121845291610071,0.7275747508305648,0.5182724252491694,4.884244389376887,0.644565653623431,honest,0,8,0.5,0.1,0.0,0,True,,,,,,,,
4.283797335635427,0.0092348290994948,0.9620049833146412,0.2154861344548366,0.0245245096484264,0.0200759553956187,0.0119588869066295,0.0764119601328903,0.4053156146179402,5.10065160921843,0.5969051977983781,honest,0,8,0.25,0.05,0.0,0,True,,,,,,,,
0.7141362608167583,0.0088291828676532,0.980568790623602,0.3424164578839654,0.0190897032982325,0.0213079692742794,0.0129411217130724,0.4950166112956811,0.4684385382059801,5.612468131412134,0.6937151980296221,honest,0,9,1.0,0.2,0.0,0,True,,,,,,,,
10.660146499315031,0.0081182226574211,0.9914195915292364,0.2499494948566348,0.0297164683314783,0.021120503710477,0.0126893889426684,0.0099667774086378,0.627906976744186,4.822980739072548,0.6432075982552306,honest,0,9,0.5,0.1,0.0,0,True,,,,,,,,
0.0052942666916351,0.008311645446136,0.9906276260942768,0.432262840746004,0.0118386084156033,0.0197772226764082,0.0117337555785927,0.770764119601329,0.6245847176079734,5.541070627829527,0.4593090248897624,honest,0,9,0.25,0.05,0.0,0,True,,,,,,,,
0.1412548064472503,0.0107808017426207,0.8264780135830379,0.4292181669654035,0.0155514648407722,0.0194903373353169,0.0117679049512676,0.7375415282392026,0.1162790697674418,5.110380817319288,0.7108782837678973,honest,1,0,1.0,0.2,0.0,0,True,,,,,,,,
3.9200262208337335,0.0088075522398353,0.981128851479104,0.1279486202253072,0.025131398081704,0.0194005376021866,0.0111627160357835,0.0996677740863787,0.5116279069767442,5.4529273004956185,0.6042289622946555,honest,1,0,0.5,0.1,0.0,0,True,,,,,,,,
0.0,0.0096389882034719,0.9384450459740956,0.4800900534832036,0.0057102893561808,0.0197697229420497,0.0118324488727016,1.0,0.3056478405315614,4.4494642108166325,0.5394719781468211,honest,1,0,0.25,0.05,0.0,0,True,,,,,,,,
0.0,0.007157630988122,0.995352713392744,0.357696797271165,0.0054154687512648,0.020304566849957,0.0124311023548947,1.0,0.8803986710963455,4.461094343682885,0.6975136357398242,honest,1,1,1.0,0.2,0.0,0,True,,,,,,,,
0.9199037491862329,0.0094908260252264,0.9499973325104244,0.3412672730690523,0.0166731928124877,0.0200972787135369,0.0121987111269682,0.4817275747508305,0.3056478405315614,5.002346125899704,0.8058714902456359,honest,1,1,0.5,0.1,0.0,0,True,,,,,,,,
0.6654818145029822,0.0084028809223059,0.9902540644056632,0.4663792797738453,0.0204711174269017,0.0197142042768205,0.0122967798057283,0.4750830564784053,0.5448504983388704,5.266913886722955,0.4948326210096638,honest,1,1,0.25,0.05,0.0,0,True,,,,,,,,
0.3575581060008517,0.0103060016431776,0.8802871355211265,0.3745174265555542,0.0169533030373053,0.0208799529261939,0.0125001953832586,0.6179401993355482,0.2026578073089701,5.111729183399507,0.6812283410499731,honest,1,2,1.0,0.2,0.0,0,True,,,,,,,,
3.8615093690837057,0.0098670645983214,0.9206618040112976,0.295850875163394,0.0245901546660917,0.0203843842683552,0.0122973606494532,0.1229235880398671,0.2591362126245847,5.529549225600432,0.7074099593730807,honest,1,2,0.5,0.1,0.0,0,True,,,,,,,,
0.0,0.0078655392681527,0.992454198214512,0.4884441294538064,0.0026968275373736,0.0204650067042264,0.012360167835629,1.0,0.7408637873754153,4.414847373694944,0.5300783530340141,honest,1,2,0.25,0.05,0.0,0,True,,,,,,,,
0.0,0.0110549009689778,0.7943441896444859,0.4043568755318154,0.0097981391688954,0.0201585740664995,0.0120207646693423,1.0,0.1262458471760797,4.666954875748004,0.5633730129288779,honest,1,3,1.0,0.2,0.0,0,True,,,,,,,,
0.0228496924037244,0.0103727366953604,0.872724048308924,0.4945702040213394,0.0159593851247634,0.0200617759683371,0.0122500796968857,0.7940199335548173,0.1760797342192691,4.818816626541351,0.5575689438858262,honest,1,3,0.5,0.1,0.0,0,True,,,,,,,,
3.730011579395068,0.0072278698672357,0.9950651218177388,0.1301749517065065,0.0247473133280193,0.020426279545075,0.0122665536355929,0.0930232558139534,0.8637873754152824,4.66827499801107,0.5283491212712761,honest,1,3,0.25,0.05,0.0,0,True,,,,,,,,
0.2895646658475925,0.0059115877085474,1.0,0.3509656526075224,0.0160021447628798,0.0203231842561324,0.0122608168931863,0.6046511627906976,0.9966777408637874,6.428858888729567,0.5992874329008373,honest,1,4,1.0,0.2,0.0,0,True,,,,,,,,
0.2018088875101966,0.0118230280835424,0.6860919846066866,0.3807992429852876,0.0130295061142992,0.0192997642528545,0.0114195213945366,0.6378737541528239,0.0598006644518272,5.511389832207898,0.6325481743183445,honest,1,4,0.5,0.1,0.0,0,True,,,,,,,,
0.3531560198325678,0.0088456257198388,0.9801430518082744,0.4816553484521201,0.0199937633322195,0.0202194765562685,0.0125871614360043,0.6013289036544851,0.4617940199335548,5.178088317867493,0.6240107791893479,honest,1,4,0.25,0.05,0.0,0,True,,,,,,,,
3.0683824845864365,0.0074271147379535,0.9942493179936398,0.4773367791366288,0.0237801396901545,0.0197789977766526,0.0125176289884425,0.1727574750830564,0.8471760797342193,5.997795590838132,0.642226081087756,honest,1,5,1.0,0.2,0.0,0,True,,,,,,,,
0.0,0.0083597272280417,0.990430756275712,0.4915851247657603,0.0011817905670206,0.0201619686188171,0.0116882338101762,1.0,0.5714285714285714,6.146559521416339,0.84243209467013,honest,1,5,0.5,0.1,0.0,0,True,,,,,,,,
2.86825216005127,0.0103498341568265,0.8753195942873431,0.2442503656812161,0.0235552301890982,0.0210461825703464,0.0128437668822103,0.1727574750830564,0.1627906976744186,6.152772784417087,0.8838284872515487,honest,1,5,0.25,0.05,0.0,0,True,,,,,,,,
0.0243422505991475,0.0094913335501789,0.9499577605107083,0.4308815301865988,0.0119117743690063,0.0212822253101406,0.0125486986847871,0.760797342192691,0.3455149501661129,5.381747160129795,0.6132233081241338,honest,1,6,1.0,0.2,0.0,0,True,,,,,,,,
0.0,0.007638803243164,0.9933825639766038,0.4992487733990263,9.088221310646137e-05,0.019793113261842,0.0119151808920073,1.0,0.770764119601329,4.821285848554615,0.4490252644236534,honest,1,6,0.5,0.1,0.0,0,True,,,,,,,,
0.0818154706139466,0.008608282757231,0.9862883428189982,0.4175069390835896,0.0155029942096673,0.0197355663469866,0.0118072604424876,0.7308970099667774,0.4950166112956811,5.5507527210696255,0.7061065007096659,honest,1,6,0.25,0.05,0.0,0,True,,,,,,,,
0.0,0.0103625196857017,0.8738819425874029,0.4591926785688693,0.002935393584664,0.0202479690548279,0.0120963675266662,1.0,0.1495016611295681,5.600856705439765,0.9138059799381608,honest,1,7,1.0,0.2,0.0,0,True,,,,,,,,
0.2030256355446908,0.0093213183232427,0.9579485265329882,0.4029260302634575,0.0156032551143231,0.0198895303387643,0.0119179714898599,0.6611295681063123,0.292358803986711,4.801338159449736,0.6226745433677934,honest,1,7,0.5,0.1,0.0,0,True,,,,,,,,
0.6600646124293235,0.0115719024646772,0.7220789885868544,0.3887414194711719,0.020132855023474,0.0207671437899535,0.0126844037114326,0.4850498338870432,0.0598006644518272,6.129486173435862,0.5771660998968855,honest,1,7,0.25,0.05,0.0,0,True,,,,,,,,
4.563954967108202,0.0099949394198219,0.9106913338396994,0.4531963101840559,0.0239355238596931,0.0194585062637721,0.0121094793508656,0.0531561461794019,0.2724252491694352,4.516593007146028,0.734207508444797,honest,1,8,1.0,0.2,0.0,0,True,,,,,,,,
3.511496771384373,0.0090924554965289,0.9686824899709924,0.2724991808055341,0.0229281453604266,0.0201498838111353,0.012276715215837,0.0963455149501661,0.3654485049833887,5.235913608725152,0.6237046174780971,honest,1,8,0.5,0.1,0.0,0,True,,,,,,,,
0.3341530898810561,0.0108771926481643,0.8155540268437637,0.3981864986527225,0.0151428967046328,0.0196470456303871,0.0119691829846091,0.6112956810631229,0.1196013289036544,5.396723732902252,0.5802213799220226,honest,1,8,0.25,0.05,0.0,0,True,,,,,,,,
1.0006341343591885,0.0072970675968954,0.994781793206709,0.3593129293955137,0.0204031154681683,0.0202455681836729,0.0123120872227454,0.4352159468438538,0.8338870431893688,5.577983499486414,0.6795931588744679,honest,1,9,1.0,0.2,0.0,0,True,,,,,,,,
0.0420802432577147,0.0097280992294054,0.931497010265388,0.3950273566432006,0.011648280339703,0.019350205948751,0.0116205907639757,0.760797342192691,0.2524916943521594,4.818173349079394,0.7445561647050454,honest,1,9,0.5,0.1,0.0,0,True,,,,,,,,
0.0,0.0095017039289137,0.9491491763763984,0.4602206370463835,0.0060561415825397,0.0201278821944938,0.0118193926846432,1.0,0.3388704318936877,4.825967842139312,0.5408975819952957,honest,1,9,0.25,0.05,0.0,0,True,,,,,,,,
7.816563969860454,0.0078069147227439,0.9926942351507616,0.2085625141342585,0.0282321267142748,0.0213181091070783,0.0128842596575333,0.0199335548172757,0.7109634551495017,5.914496095765686,0.6724215363919939,honest,2,0,1.0,0.2,0.0,0,True,,,,,,,,
3.538780509287335,0.0079473313084365,0.9921193024703756,0.2566523966233283,0.0240320789842037,0.0209064893824025,0.0126718725203292,0.1196013289036544,0.6777408637873754,5.028035780165147,0.4879226129626204,honest,2,0,0.5,0.1,0.0,0,True,,,,,,,,
0.1908466193663116,0.0077351831695995,0.9929879384473782,0.4547964850493369,0.0169763975777487,0.0204694324423111,0.0124283410379801,0.6877076411960132,0.7641196013289037,5.440612819515332,0.8038490734918469,honest,2,0,0.25,0.05,0.0,0,True,,,,,,,,
0.116522903295845,0.0103008517186192,0.8808707767605828,0.4215066294229034,0.0143114188093407,0.0202632536724565,0.0122337873273335,0.7142857142857143,0.1794019933554817,5.458684854615741,0.6695572014884874,honest,2,1,1.0,0.2,0.0,0,True,,,,,,,,
0.0,0.0083351481321876,0.9905313948533496,0.4883217057273379,0.0016780623596505,0.0196688518329536,0.0116879231084085,1.0,0.5813953488372093,5.096966304856961,0.6898264417040991,honest,2,1,0.5,0.1,0.0,0,True,,,,,,,,
0.0,0.0066302326661257,0.9975121344426208,0.1303223100642803,0.0069569324790713,0.020444661032293,0.0122357170367651,1.0,0.9335548172757476,4.821107466279523,0.5880625564550428,honest,2,1,0.25,0.05,0.0,0,True,,,,,,,,
1.2490426161002688,0.0092163185217233,0.9628731534227742,0.4848539967676973,0.0214507690683564,0.0197757275609407,0.0124010554748081,0.3687707641196013,0.4053156146179402,5.087026926437063,0.6771980065466323,honest,2,2,1.0,0.2,0.0,0,True,,,,,,,,
2.752592166440536,0.009225771013443,0.9624298192999984,0.4803711473713992,0.0237991490907816,0.0202131559854212,0.0125913839483539,0.1926910299003322,0.3953488372093023,4.9577387247126135,0.5530464562843918,honest,2,2,0.5,0.1,0.0,0,True,,,,,,,,
0.2060651974461507,0.0084058749660636,0.990241805358099,0.3777729805996819,0.0172618616375439,0.0194436790105956,0.0118559061806196,0.6777408637873754,0.5780730897009967,4.878317581186731,0.6508087322602023,honest,2,2,0.25,0.05,0.0,0,True,,,,,,,,
0.108508526870537,0.0069823822209245,0.9960702656887368,0.4077502169859447,0.0121639410921243,0.0197434974517174,0.0119601957128019,0.7275747508305648,0.9102990033222592,6.103664435279666,0.8227183269189027,honest,2,3,1.0,0.2,0.0,0,True,,,,,,,,
3.2770145013364527,0.0089434433997004,0.9756713506004964,0.4758263413289774,0.0242467617432326,0.0202305758691939,0.012756593534206,0.1594684385382059,0.4551495016611295,5.23301563900041,0.5446513780575515,honest,2,3,0.5,0.1,0.0,0,True,,,,,,,,
4.53729770071277,0.0101682725811757,0.8958959778536646,0.4004955660926982,0.0254152255151647,0.0202701138397366,0.0126894166915312,0.0996677740863787,0.2392026578073089,6.227629182571878,0.6056298980111023,honest,2,3,0.25,0.05,0.0,0,True,,,,,,,,
4.813255879929784,0.0093021236546207,0.9588487813893628,0.1762281208260177,0.0250894033178248,0.0198368846943691,0.0117056222059686,0.0598006644518272,0.3588039867109635,4.8733315501922565,0.5761355639588146,honest,2,4,1.0,0.2,0.0,0,True,,,,,,,,
1.3011685539272548,0.0091384869372973,0.9665235556901356,0.2600430340512085,0.0183114048622829,0.0191645468499891,0.0115000085655126,0.3222591362126246,0.4019933554817276,4.859081642935421,0.5481202884441245,honest,2,4,0.5,0.1,0.0,0,True,,,,,,,,
2.844249989841046,0.0098217454909564,0.9241953597409148,0.3482066612889716,0.022072669421805,0.0192854395321515,0.0120225678746005,0.1727574750830564,0.292358803986711,6.344526328019379,0.6042485697219036,honest,2,4,0.25,0.05,0.0,0,True,,,,,,,,
0.0017993741121244,0.0070102588526446,0.9959561254216458,0.0565218032089793,0.014325170206316,0.019049091893816,0.0112828668325278,0.7973421926910299,0.903654485049834,4.8598404765872845,0.6838995843768316,honest,2,5,1.0,0.2,0.0,0,True,,,,,,,,
1.737627923962009,0.0112148157358482,0.7719916957424287,0.209433825941506,0.0199833931204538,0.0200574366286394,0.0121686387063497,0.3056478405315614,0.1129568106312292,5.284044216054851,0.5887011009306207,honest,2,5,0.5,0.1,0.0,0,True,,,,,,,,
1.3367928385578125,0.0076978193822542,0.993140923668475,0.422402275338471,0.0206143209782315,0.0196292680779964,0.0120939094438883,0.3122923588039867,0.707641196013289,4.668973843653818,0.4678243592172748,honest,2,5,0.25,0.05,0.0,0,True,,,,,,,,
0.6773238721489179,0.0136646560900894,0.420854863766182,0.4707572796806912,0.0192116705891377,0.0202422877918947,0.0123241117876193,0.5149501661129569,0.0166112956810631,5.032401688988241,0.7392742724834989,honest,2,6,1.0,0.2,0.0,0,True,,,,,,,,
0.2439072125589518,0.0110225236260881,0.7988698152240903,0.4249823171936056,0.0168563323201208,0.0202432124561898,0.0123265690157296,0.654485049833887,0.1162790697674418,5.911556820754277,0.5345208768353586,honest,2,6,0.5,0.1,0.0,0,True,,,,,,,,
0.0040406412726952,0.007819113130233,0.9926442890344996,0.4507421950701677,0.0076937025812217,0.0199664203540436,0.0117441265600374,0.8006644518272426,0.6710963455149501,5.317808307887302,0.6781293788658331,honest,2,6,0.25,0.05,0.0,0,True,,,,,,,,
4.544261233997986,0.0109457247043568,0.8077872850662149,0.4881952382421738,0.0250520281200796,0.0197569478411744,0.0126039234751086,0.0963455149501661,0.1063122923588039,5.996157369008961,0.5411120159142229,honest,2,7,1.0,0.2,0.0,0,True,,,,,,,,
0.7535406231027082,0.0073250314296076,0.9946672958970372,0.4947737720193366,0.0211343528747126,0.0203803785138197,0.0126647889524353,0.4684385382059801,0.8438538205980066,5.101457332177233,0.6274533124546906,honest,2,7,0.5,0.1,0.0,0,True,,,,,,,,
0.7040371972543653,0.007993931072296,0.991928500742724,0.461426963498359,0.0199502939085823,0.0198060879572199,0.0121301079524106,0.4750830564784053,0.6943521594684385,5.40028926183336,0.59986705809456,honest,2,7,0.25,0.05,0.0,0,True,,,,,,,,
4.295042011359328,0.0104692793761422,0.8617828608733882,0.3901776733544588,0.0255229709561161,0.0205749977150525,0.0129714566899714,0.0863787375415282,0.1561461794019933,5.872227545299734,0.6286602046989174,honest,2,8,1.0,0.2,0.0,0,True,,,,,,,,
1.0921526198094398,0.0098693096901563,0.9204867529659944,0.2418328155853178,0.019579413683877,0.0209033957177729,0.0124169407005569,0.3720930232558139,0.2292358803986711,4.940613327060101,0.5797256565681437,honest,2,8,0.5,0.1,0.0,0,True,,,,,,,,
2.00865700755594,0.0096034013893741,0.9412197694442898,0.2478644661245294,0.0211404591598699,0.0197404497417581,0.0120235599293572,0.26578073089701,0.3056478405315614,5.924124905000374,0.6550073725222774,honest,2,8,0.25,0.05,0.0,0,True,,,,,,,,
2.614872462869698,0.0059640656813527,1.0,0.4124396849219424,0.0234001149193999,0.0196554941544261,0.0121821003873705,0.1860465116279069,0.9933554817275748,5.322901142804769,0.6419841273191196,honest,2,9,1.0,0.2,0.0,0,True,,,,,,,,
0.0630532467052944,0.0103406557480418,0.8763597838704357,0.4993308890227649,0.0170458909002985,0.0202352893315058,0.0123221147149334,0.6877076411960132,0.1495016611295681,4.35004592172761,0.4226849287208551,honest,2,9,0.5,0.1,0.0,0,True,,,,,,,,
0.3193790019322478,0.00668887822809,0.997272011454538,0.3634912358783241,0.0157595548439712,0.0202824253772629,0.0122661748328194,0.6445182724252492,0.9368770764119602,5.464981982178506,0.7511761348978325,honest,2,9,0.25,0.05,0.0,0,True,,,,,,,,
3.4648628284517144,0.0085175136045543,0.988638540405926,0.3381240916617578,0.0241976715545999,0.0199596516905723,0.0121923718146725,0.1096345514950166,0.5083056478405316,5.162574937145473,0.5886201350290321,honest,3,0,1.0,0.2,0.0,0,True,,,,,,,,
0.184685281091788,0.0111846119703341,0.7762135040074498,0.4931358750686195,0.019266587949213,0.0203414812602794,0.0125256725811835,0.6478405315614618,0.0764119601328903,4.801412653630496,0.5289350387581635,honest,3,0,0.5,0.1,0.0,0,True,,,,,,,,
0.0692214409423286,0.0066644104607377,0.9973721942000277,0.3955644704105073,0.0141668421313433,0.0203064048783067,0.0122844454480134,0.760797342192691,0.9534883720930232,5.858533752657536,0.6968929826923613,honest,3,0,0.25,0.05,0.0,0,True,,,,,,,,
4.136689551506152,0.0086731581078485,0.9846085883211748,0.2371928121041052,0.0226052178219409,0.0197670125460151,0.0120527351122365,0.0764119601328903,0.521594684385382,5.107297424359538,0.5851119094977548,honest,3,1,1.0,0.2,0.0,0,True,,,,,,,,
6.244016274781643,0.008955921813388,0.97508609681241,0.4966922649637509,0.0268392408089965,0.0208172485406134,0.0132833603195465,0.0431893687707641,0.4451827242524916,4.648363457933515,0.5961002025903781,honest,3,1,0.5,0.1,0.0,0,True,,,,,,,,
0.0,0.0066235401118032,0.9975395369618908,0.4929851532642575,0.0044739212289255,0.019228196015168,0.0112456734665432,1.0,0.9601328903654484,5.694297628408052,0.7488952693890951,honest,3,1,0.25,0.05,0.0,0,True,,,,,,,,
0.0,0.0085828919764459,0.9869457616663896,0.4164305469663281,0.0045076151689239,0.0196308282647095,0.0116815418686045,1.0,0.521594684385382,5.537839532183558,0.7615652132999458,honest,3,2,1.0,0.2,0.0,0,True,,,,,,,,
1.8059213983656264,0.0055729734692916,1.0,0.1361855130599904,0.0214307941419663,0.0208247775081799,0.0127120910758332,0.3222591362126246,0.9966777408637874,5.441676892321449,0.8363206500264369,honest,3,2,0.5,0.1,0.0,0,True,,,,,,,,
0.0,0.0073101794285723,0.9947281070948184,0.4599632904788884,0.0028926264411816,0.0200159816788496,0.0120986782462482,1.0,0.840531561461794,5.5533182095718345,0.72810086877098,honest,3,2,0.25,0.05,0.0,0,True,,,,,,,,
0.6736776936058959,0.0064850595444899,0.9981065426567955,0.3834488814099899,0.0194869565572725,0.0210016060390503,0.0127339247356583,0.5282392026578073,0.9767441860465116,5.645575505292188,0.8163573758829443,honest,3,3,1.0,0.2,0.0,0,True,,,,,,,,
1.7762949641496562,0.0139991768328863,0.3787407443796728,0.3923969749474452,0.0223755880799803,0.0202750864868771,0.0125065663834321,0.2757475083056478,0.0132890365448504,4.3605750036128486,0.6937971418547022,honest,3,3,0.5,0.1,0.0,0,True,,,,,,,,
2.116854956973839,0.0082617633144255,0.9908318674062716,0.4249555589954661,0.0248097087197925,0.0208714673779987,0.0131218630758676,0.2491694352159468,0.5980066445182725,5.357178226242423,0.69976692354021,honest,3,3,0.25,0.05,0.0,0,True,,,,,,,,
0.801232889646144,0.0118874338812721,0.6764775144501493,0.3875618699022344,0.0193886841350262,0.0195291871248334,0.0118632613848707,0.4352159468438538,0.0465116279069767,5.669166513690198,0.5299468719472316,honest,3,4,1.0,0.2,0.0,0,True,,,,,,,,
0.2843036173180735,0.0077736667331098,0.9928303683269352,0.4835413319981106,0.0176485281675951,0.0192728540594545,0.0117854771825979,0.584717607973422,0.760797342192691,5.087656871355286,0.5527570304091114,honest,3,4,0.5,0.1,0.0,0,True,,,,,,,,
1.370106624006894,0.0101022027586692,0.9023279523081844,0.4924047088569706,0.0219606675878092,0.0201436321581133,0.0125601315443751,0.3554817275747508,0.2093023255813953,4.889380129208463,0.53594314425618,honest,3,4,0.25,0.05,0.0,0,True,,,,,,,,
8.995604536881274,0.0083745564150233,0.9903700384895812,0.237215388803857,0.0276355233455452,0.020574225647524,0.0125086562994501,0.0199335548172757,0.574750830564784,4.746796539718073,0.6213535697672796,honest,3,5,1.0,0.2,0.0,0,True,,,,,,,,
1.920982357992216,0.0091250640823987,0.967153104996082,0.1815348150984179,0.021871208879133,0.0199987039647554,0.0120280271806328,0.2823920265780731,0.3820598006644518,5.884174474079714,0.8458930225351651,honest,3,5,0.5,0.1,0.0,0,True,,,,,,,,
3.731193529633856,0.0091412339496559,0.9663947172472812,0.2341763432119314,0.0235433769132887,0.0193985914676555,0.0116059236603147,0.1129568106312292,0.3920265780730897,5.455727772702359,0.6655197447842056,honest,3,5,0.25,0.05,0.0,0,True,,,,,,,,
2.600347005614367,0.0092918558956115,0.9593303526055258,0.4141891980687163,0.022982706766101,0.0200769593777632,0.0125099924739193,0.2126245847176079,0.4019933554817276,5.632917351531456,0.8713070983503712,honest,3,6,1.0,0.2,0.0,0,True,,,,,,,,
0.3616277248656843,0.007008429269801,0.9959636166091224,0.431130491356535,0.0181339621121387,0.0203727587195142,0.0123583725445267,0.6312292358803987,0.9069767441860463,5.924482478833832,0.7560827640654679,honest,3,6,0.5,0.1,0.0,0,True,,,,,,,,
0.0181470480883945,0.0103850064129443,0.8713335205259888,0.4222386707962185,0.0118757958119467,0.0192087450657195,0.0115455126318806,0.7541528239202658,0.1528239202657807,5.475583655106472,0.5829777097424085,honest,3,6,0.25,0.05,0.0,0,True,,,,,,,,
5.234416414653424,0.0083055414076373,0.9906526189482044,0.4651063205597384,0.0253600677767866,0.020197522299132,0.0127860060523178,0.0697674418604651,0.5813953488372093,5.584398528181215,0.6219208655879811,honest,3,7,1.0,0.2,0.0,0,True,,,,,,,,
0.0,0.0073297419124546,0.9946480089266572,0.4940566566270112,0.0097450517686724,0.0200354067208657,0.0118006406058391,1.0,0.8372093023255814,4.439066123998511,0.4940928079133755,honest,3,7,0.5,0.1,0.0,0,True,,,,,,,,
0.0009351062299174,0.0073356352231464,0.9946238788931876,0.4636072393193017,0.0030646152334178,0.0194017122885076,0.0116527854666502,0.8571428571428571,0.8704318936877077,5.109184094219359,0.6478209166548368,honest,3,7,0.25,0.05,0.0,0,True,,,,,,,,
2.2188275644648456,0.0122598096136147,0.6208894231317914,0.1271118415324727,0.0230422250083578,0.0199071976766637,0.0118659368261511,0.2093023255813953,0.0531561461794019,5.543505461922816,0.6185838693675123,honest,3,8,1.0,0.2,0.0,0,True,,,,,,,,
0.0,0.0083812375462164,0.9903426827420684,0.4312475667311685,0.0133330732743411,0.0204201140636145,0.012318510358408,1.0,0.574750830564784,5.230768114712215,0.6588837868971495,honest,3,8,0.5,0.1,0.0,0,True,,,,,,,,
0.5647953436700845,0.0068441263743762,0.996636351269318,0.4497134373140888,0.0193979968680791,0.0202183289831057,0.0123391425387913,0.4784053156146179,0.9501661129568106,4.681397802319521,0.4760740576300577,honest,3,8,0.25,0.05,0.0,0,True,,,,,,,,
3.348058651862175,0.0065463889894331,0.9978554305677652,0.4442126154998845,0.0237402927257267,0.0199980096397863,0.0125229654711927,0.1295681063122923,0.9800664451827242,5.328485898993313,0.6553673574921959,honest,3,9,1.0,0.2,0.0,0,True,,,,,,,,
0.5473787556848038,0.0095218291877755,0.94757999887278,0.300816788267686,0.0178152900696258,0.0197537899958309,0.0119928322913547,0.5348837209302325,0.3023255813953488,4.947153726231318,0.6474794942928384,honest,3,9,0.5,0.1,0.0,0,True,,,,,,,,
0.3526222300106383,0.0086622564207755,0.9848908551254454,0.3684554603550882,0.012438093971497,0.019587805516724,0.0115021090788817,0.574750830564784,0.5149501661129569,5.118549606562216,0.6193032178039175,honest,3,9,0.25,0.05,0.0,0,True,,,,,,,,
0.0186524019654825,0.0081507064800856,0.9912865872182316,0.2790169307599509,0.009565451230751,0.0190785489973222,0.0111984165419686,0.7641196013289037,0.6611295681063123,5.088024751627815,0.5797285525345615,honest,4,0,1.0,0.2,0.0,0,True,,,,,,,,
0.3663543199140804,0.0070061542666022,0.9959729315606328,0.443281048637735,0.0203487579363545,0.0200301023715012,0.0124800232030685,0.5514950166112956,0.9302325581395348,5.238824071100522,0.5588698440917597,honest,4,0,0.5,0.1,0.0,0,True,,,,,,,,
0.680732929343776,0.0097976713963956,0.9260724301360902,0.3497971701626945,0.0182563732066542,0.020063502997195,0.0120741578802351,0.5016611295681063,0.2990033222591362,5.967128307965576,0.6802204583138973,honest,4,0,0.25,0.05,0.0,0,True,,,,,,,,
0.0,0.0058232442650428,1.0,0.4419329349899888,0.0064291830692204,0.0199265751853414,0.0115242447036328,1.0,1.0,4.362317376883768,0.5992533338462636,honest,4,1,1.0,0.2,0.0,0,True,,,,,,,,
0.7363068579461469,0.007532645999294,0.9938172225211018,0.4992767805896063,0.0201646680211899,0.0199655914192161,0.0122843606176945,0.3986710963455149,0.7940199335548173,4.660847453770862,0.4450664252863134,honest,4,1,0.5,0.1,0.0,0,True,,,,,,,,
4.882135023539377,0.0131484264291863,0.490809275307645,0.3164055066952652,0.0248783941932493,0.020583608630323,0.0126733004926257,0.0431893687707641,0.0066445182724252,4.36690377375844,0.4673162016179049,honest,4,1,0.25,0.05,0.0,0,True,,,,,,,,
0.0,0.009714378087799,0.9325668552239312,0.4388318833101609,0.0024212307321307,0.0198043808654268,0.0120390686479924,1.0,0.2458471760797342,5.293548158359569,0.5640532037784851,honest,4,2,1.0,0.2,0.0,0,True,,,,,,,,
0.2726337719550429,0.0089587969536257,0.9749512490058262,0.3659017480499961,0.0151426601394259,0.0205358724461494,0.0123759402984863,0.6245847176079734,0.4584717607973422,4.888593847576,0.6305968469755499,honest,4,2,0.5,0.1,0.0,0,True,,,,,,,,
1.1221063511593456,0.0109453664687954,0.8078278839225077,0.3774022233481877,0.0200169743386046,0.0203521692156829,0.0124724118746637,0.4152823920265781,0.1029900332225913,5.551876646572191,0.6594038171992906,honest,4,2,0.25,0.05,0.0,0,True,,,,,,,,
2.8013795200567984,0.008076055450908,0.9915922442464736,0.3287977827392341,0.0232323878565803,0.0202280476235981,0.0122749086910023,0.1760797342192691,0.6744186046511628,4.769669705569103,0.7332418227945254,honest,4,3,1.0,0.2,0.0,0,True,,,,,,,,
0.4484040423867554,0.0067606685189548,0.9969780676575926,0.3034060192135459,0.014620729000283,0.0204665071073048,0.0122078731016625,0.5780730897009967,0.9501661129568106,5.33146435529923,0.788132689771146,honest,4,3,0.5,0.1,0.0,0,True,,,,,,,,
0.4010941708202153,0.0090516883173477,0.9705945235549708,0.4274652709515411,0.0180038587189169,0.0203233100479665,0.0122880848345354,0.5880398671096345,0.3720930232558139,5.072956727603856,0.7006568388603682,honest,4,3,0.25,0.05,0.0,0,True,,,,,,,,
1.056755081175652,0.0082646996363353,0.9908198446995684,0.2662089191540215,0.0195796583294701,0.0197980449358966,0.0117506866078909,0.4186046511627907,0.6079734219269103,5.591730506421254,0.7015516205217409,honest,4,4,1.0,0.2,0.0,0,True,,,,,,,,
0.3999833676643902,0.0083086435342817,0.9906399173575928,0.4093162092533387,0.0172238788798139,0.0200203442826585,0.0123445407244229,0.6112956810631229,0.5980066445182725,5.523508583361651,0.7747676840422173,honest,4,4,0.5,0.1,0.0,0,True,,,,,,,,
0.2117465909136626,0.0071927784185328,0.995208802997294,0.1857847994244752,0.0134411105659769,0.020813103244559,0.0126319788420801,0.6843853820598007,0.8770764119601329,4.900520022247066,0.7648825328908515,honest,4,4,0.25,0.05,0.0,0,True,,,,,,,,
0.7998188099427352,0.0113209713436005,0.7571535252507959,0.463214469535982,0.0206702930617527,0.0198811778452971,0.0123626179214772,0.4584717607973422,0.0697674418604651,6.301044468790178,0.6371283468322417,honest,4,5,1.0,0.2,0.0,0,True,,,,,,,,
0.2518635074015947,0.0113927956220175,0.747114103771757,0.498318690256848,0.0181428053500546,0.0194742584445812,0.011924847863534,0.6710963455149501,0.0498338870431893,5.125984790018041,0.8433834977709012,honest,4,5,0.5,0.1,0.0,0,True,,,,,,,,
3.72738909200325,0.0070992986035263,0.995591554082848,0.3481748769268794,0.0231875404004928,0.0198377572285788,0.0123252101819938,0.1129568106312292,0.8803986710963455,5.257448083633881,0.5501386782418649,honest,4,5,0.25,0.05,0.0,0,True,,,,,,,,
3.553977286438112,0.0089017233163489,0.9776280766261084,0.4766485650776756,0.0248669260237324,0.0202316229685283,0.0129090265348727,0.1461794019933555,0.4518272425249169,4.819323589646912,0.7258254187388502,honest,4,6,1.0,0.2,0.0,0,True,,,,,,,,
2.8678578343979098,0.0075287640486846,0.9938331170841124,0.2859220758901111,0.0234192314992965,0.0207623378829255,0.0122356799008355,0.1627906976744186,0.7873754152823921,5.7880780091330974,0.6751948890141648,honest,4,6,0.5,0.1,0.0,0,True,,,,,,,,
0.4806745130476884,0.0069951328481796,0.996018058520558,0.3151197260457275,0.0126260946307348,0.0204966098204538,0.0122636568126586,0.5514950166112956,0.9102990033222592,5.376919290420736,0.6441515188566882,honest,4,6,0.25,0.05,0.0,0,True,,,,,,,,
1.3747174191335034,0.0098614518736239,0.921099431243314,0.4735673259969101,0.0211959536041654,0.0194616185339406,0.0120958834688865,0.3588039867109635,0.2823920265780731,4.866160075144674,0.6371728997364698,honest,4,7,1.0,0.2,0.0,0,True,,,,,,,,
0.5478278924028928,0.0090482180923113,0.9707572816105168,0.2979542068813667,0.0167695981016965,0.0204156492622603,0.0118270685748534,0.5116279069767442,0.3953488372093023,5.556858771617455,0.5912077638849951,honest,4,7,0.5,0.1,0.0,0,True,,,,,,,,
2.5009853519813987,0.0094267791939016,0.9530022749024932,0.4016737891437389,0.0244553919357443,0.0213486497456131,0.0132350673224152,0.1926910299003322,0.3189368770764119,5.686970356967436,0.6669431747716317,honest,4,7,0.25,0.05,0.0,0,True,,,,,,,,
0.0,0.0097381886992612,0.9307103287508832,0.3884201070840569,0.0113273248868253,0.0195003732956254,0.0116000622664491,1.0,0.2823920265780731,4.275858786140998,0.5244049947891654,honest,4,8,1.0,0.2,0.0,0,True,,,,,,,,
0.207406499011995,0.0077447480862462,0.992948775102548,0.444961606692981,0.0168122390048171,0.0197715136347814,0.0121277067771827,0.6411960132890365,0.7308970099667774,4.700005454790198,0.6342446227495202,honest,4,8,0.5,0.1,0.0,0,True,,,,,,,,
0.0,0.006654126388114,0.9974143021134882,0.420675233250144,0.008269530666291,0.0204019209068465,0.0122989242679259,1.0,0.946843853820598,5.906123683690953,0.7042948509026701,honest,4,8,0.25,0.05,0.0,0,True,,,,,,,,
0.9563271627530412,0.0086490912965861,0.985231726910508,0.1163708490334476,0.0167378763253986,0.0192912798695762,0.0117280017137287,0.4152823920265781,0.5415282392026578,5.14379499412103,0.5037066548193252,honest,4,9,1.0,0.2,0.0,0,True,,,,,,,,
0.9142147874067632,0.0087955820530052,0.9814387839107036,0.2510464832588245,0.0180560195674669,0.0196661572172278,0.0116724350116327,0.4651162790697674,0.4518272425249169,5.303802628380642,0.8016023423233491,honest,4,9,0.5,0.1,0.0,0,True,,,,,,,,
0.2588538831055302,0.0084562753268394,0.9900354421683784,0.3844187861372714,0.0134495011778571,0.0201533529594334,0.011672090238041,0.627906976744186,0.5514950166112956,4.723250314256279,0.6259293217938193,honest,4,9,0.25,0.05,0.0,0,True,,,,,,,,
4.381765527759853,0.0110416800420736,0.7961921783811687,0.4467851337994257,0.0246127992615509,0.0199977440273477,0.0126763194032647,0.0564784053156146,0.1029900332225913,4.452463417700915,0.4258479664326842,honest,5,0,1.0,0.2,0.0,0,True,,,,,,,,
0.0,0.006357205207016,0.9986300394829024,0.485215719820529,0.003204491367305,0.0199816260107916,0.0117763992819863,1.0,0.9867109634551496,5.624362086516749,0.691921157698971,honest,5,0,0.5,0.1,0.0,0,True,,,,,,,,
2.843544035225932,0.0073865043251436,0.99441559645265,0.3296036583537435,0.021990574157665,0.0196026089477786,0.0120448796852716,0.2059800664451827,0.8106312292358804,6.243175629497804,0.9646218190962372,honest,5,0,0.25,0.05,0.0,0,True,,,,,,,,
8.55424440771776,0.0099213684308004,0.9164277043223824,0.392967007876771,0.0258813242427246,0.0197071095643532,0.0125261520563179,0.0099667774086378,0.2325581395348837,5.187699536279048,0.6187068186209217,honest,5,1,1.0,0.2,0.0,0,True,,,,,,,,
1.9783353697121129,0.0062130583949113,0.9992202454948468,0.3516542833766016,0.022008370400767,0.0200500079642041,0.0124925645344833,0.26578073089701,0.9700996677740864,5.803668383566723,0.7986688290545771,honest,5,1,0.5,0.1,0.0,0,True,,,,,,,,
0.0075652573568731,0.0074705047277229,0.9940716586167438,0.4114056452822965,0.0064362331505503,0.0196371414426831,0.0119787319066778,0.8006644518272426,0.8106312292358804,4.468562678609283,0.6659814374479538,honest,5,1,0.25,0.05,0.0,0,True,,,,,,,,
1.7086813709024682,0.0105796039623168,0.8492797693255895,0.2916300361574367,0.0200133380662783,0.0194619231772811,0.0119764971507393,0.2990033222591362,0.1262458471760797,6.036306417084984,0.6811682152851972,honest,5,2,1.0,0.2,0.0,0,True,,,,,,,,
3.0677374841675373,0.0073617204403281,0.9945170735342712,0.4621236736391947,0.0227189347886045,0.0190835836644134,0.011884184219395,0.1860465116279069,0.8305647840531561,6.049681741344672,0.8945390928922734,honest,5,2,0.5,0.1,0.0,0,True,,,,,,,,
0.3473872815429786,0.0116382815755892,0.7128006792666952,0.4270244531253146,0.0183354325519226,0.0201184752079995,0.0121685100568792,0.584717607973422,0.0697674418604651,5.464510948675957,0.5741456511616434,honest,5,2,0.25,0.05,0.0,0,True,,,,,,,,
0.0215620582216615,0.0103913600411796,0.8706134634812168,0.4487655448975264,0.0127098021907865,0.0199992484798351,0.0118266942162766,0.8039867109634552,0.2059800664451827,6.319907795408747,0.8464851762100807,honest,5,3,1.0,0.2,0.0,0,True,,,,,,,,
0.0538083006722445,0.0092817811681914,0.9598028703897749,0.3888783829670636,0.0109794611287331,0.0198630793165324,0.0118238310336805,0.7408637873754153,0.3687707641196013,4.878695688037852,0.7403228187035893,honest,5,3,0.5,0.1,0.0,0,True,,,,,,,,
1.905790353933753,0.0101805145092543,0.8945085994569167,0.2876640838305484,0.0191230864631653,0.0204642315309115,0.0121875429741182,0.2823920265780731,0.2292358803986711,5.036266954416421,0.6863765390601202,honest,5,3,0.25,0.05,0.0,0,True,,,,,,,,
0.2811608457473085,0.0112345708954928,0.7692303679793154,0.4989659335883316,0.0192997079215339,0.0199879923385705,0.0124246717766738,0.5946843853820598,0.0930232558139534,4.246592877351146,0.5646172679062147,honest,5,4,1.0,0.2,0.0,0,True,,,,,,,,
0.1383119061270008,0.0090513962563808,0.9706082215931606,0.1076411988491414,0.0150975288741517,0.0203567456144051,0.0122369700749328,0.6810631229235881,0.4285714285714285,6.081129854251095,0.7419870371568322,honest,5,4,0.5,0.1,0.0,0,True,,,,,,,,
0.791290442632544,0.0093077572107373,0.9585845603000358,0.1857521200919969,0.0175208259920618,0.0193120213258191,0.0116655733648229,0.4551495016611295,0.2857142857142857,4.290120921906055,0.6407856132195775,honest,5,4,0.25,0.05,0.0,0,True,,,,,,,,
0.0,0.0135934294502467,0.4305068036945342,0.4917293602368722,0.0109724340370805,0.0217768122218724,0.0127086666187134,1.0,0.0166112956810631,6.048491120759104,0.65173241877892,honest,5,5,1.0,0.2,0.0,0,True,,,,,,,,
13.853927356724853,0.0071818271220685,0.9952536428443736,0.1749311002857873,0.0299748848795019,0.0202285841210915,0.0119312874499601,0.0066445182724252,0.8704318936877077,6.960695803408773,0.5555993055691033,honest,5,5,0.5,0.1,0.0,0,True,,,,,,,,
0.0,0.0099110752487636,0.9172302693876958,0.4429975943872234,0.0093450546556878,0.0199123080979725,0.0118192054838689,1.0,0.2458471760797342,4.749405569712032,0.4586960672065743,honest,5,5,0.25,0.05,0.0,0,True,,,,,,,,
0.7396631583369526,0.0086926221647751,0.9841046243832988,0.1430527436409837,0.0193290207057549,0.0201163091091337,0.0118598936616746,0.4717607973421927,0.4651162790697674,5.413667011105033,0.597974173356306,honest,5,6,1.0,0.2,0.0,0,True,,,,,,,,
0.0,0.0073462156814545,0.9945805574349368,0.420403746376941,0.0092469000930458,0.0202434568601261,0.0123744931255669,1.0,0.8272425249169435,5.9597141669991975,0.7740107657800763,honest,5,6,0.5,0.1,0.0,0,True,,,,,,,,
1.6047450005667088,0.0059518211312438,1.0,0.496102005974827,0.0214807005222883,0.019562594218929,0.0121201124656969,0.2757475083056478,0.9867109634551496,4.802328670866063,0.7501368595947042,honest,5,6,0.25,0.05,0.0,0,True,,,,,,,,
0.0,0.0086026318753244,0.9864346556205336,0.4962263610816897,0.0066092359607645,0.0203435065734182,0.012108904209438,1.0,0.5581395348837209,5.796393567356114,0.8813741222727458,honest,5,7,1.0,0.2,0.0,0,True,,,,,,,,
1.0437125479179483,0.0090353541666367,0.9713606164108574,0.371509211507622,0.0203764652622957,0.0194401903144298,0.0119169939300296,0.4086378737541528,0.4053156146179402,5.455095690105855,0.6287432481581163,honest,5,7,0.5,0.1,0.0,0,True,,,,,,,,
2.303787607000231,0.0084746375056523,0.989748689627385,0.3389472041607622,0.0217356157618557,0.0200605435030275,0.0124275822976986,0.2458471760797342,0.5813953488372093,6.117214464348265,0.7066348013049719,honest,5,7,0.25,0.05,0.0,0,True,,,,,,,,
0.0,0.0071128771289328,0.9955359571035516,0.4315681585791345,0.0106794808863236,0.0199111764433115,0.0118814155615361,1.0,0.867109634551495,5.467177930390794,0.7074449978397297,honest,5,8,1.0,0.2,0.0,0,True,,,,,,,,
0.1157695357537704,0.0096981886933935,0.9338291512109088,0.2543259691137856,0.0166412026405417,0.0194951638950961,0.011462158641091,0.717607973421927,0.3488372093023256,4.643076252095286,0.604745984659985,honest,5,8,0.5,0.1,0.0,0,True,,,,,,,,
1.663021544275125,0.0113982384516172,0.7463533183995334,0.3017426630151838,0.0200682010354962,0.0198239236270804,0.0119626936726358,0.3156146179401993,0.0897009966777408,4.925660501105882,0.7135691084549762,honest,5,8,0.25,0.05,0.0,0,True,,,,,,,,
0.0024241515029643,0.0084033276457455,0.9902522353061788,0.4184728827835736,0.0102596646314095,0.0205084536552069,0.0122481870489047,0.7641196013289037,0.5813953488372093,5.861968720456526,0.3865063798145911,honest,5,9,1.0,0.2,0.0,0,True,,,,,,,,
0.0,0.0086380041906453,0.98551879458559,0.4985872265128539,0.0015533393808604,0.0202704349943036,0.0122061118888494,1.0,0.4750830564784053,4.6700366754541855,0.759964776531433,honest,5,9,0.5,0.1,0.0,0,True,,,,,,,,
0.5429788034521152,0.0074368553974834,0.9942094350733666,0.3620828606872077,0.0163172472828328,0.020334267994231,0.0120285692737143,0.5282392026578073,0.8172757475083057,5.068555869386887,0.5917735578284464,honest,5,9,0.25,0.05,0.0,0,True,,,,,,,,
0.0,0.0089663546466536,0.9745967833994984,0.499487175731293,0.0013307308036159,0.0194560219392152,0.0113980497788831,1.0,0.4318936877076412,5.351770663861499,0.7857535943117,honest,6,0,1.0,0.2,0.0,0,True,,,,,,,,
0.1270906769314024,0.0094035250215037,0.9540929257516696,0.2891317111489948,0.0148874883683476,0.0199541280195282,0.0118571383150732,0.6943521594684385,0.3421926910299003,4.5889386870377855,0.5207639082877904,honest,6,0,0.5,0.1,0.0,0,True,,,,,,,,
0.1719206815200777,0.0088997877958735,0.97771885504703,0.3570898507633589,0.0176408247417627,0.0195932690454956,0.0117406038332762,0.6644518272425249,0.4451827242524916,5.261717107137271,0.5199511046871521,honest,6,0,0.25,0.05,0.0,0,True,,,,,,,,
0.2342508402207386,0.0090939819215941,0.9686108986554618,0.3392106778628153,0.0150189378993674,0.0209018442826933,0.0123694435952348,0.654485049833887,0.4186046511627907,5.574972706467659,0.6952151025520834,honest,6,1,1.0,0.2,0.0,0,True,,,,,,,,
0.0,0.0097210546834796,0.9320462773861604,0.4702568403158043,0.0088440917501022,0.0201745963552566,0.0118743057105911,1.0,0.2956810631229236,5.655918688409523,0.6766428571418146,honest,6,1,0.5,0.1,0.0,0,True,,,,,,,,
1.9351193399452316,0.0069632166293093,0.9961487387900744,0.3176864236303064,0.0211927499879562,0.0203221628517919,0.0123195962461952,0.2392026578073089,0.9368770764119602,4.714368856072065,0.4839943410804608,honest,6,1,0.25,0.05,0.0,0,True,,,,,,,,
0.7412762510784887,0.0094177514828331,0.9534256862617316,0.2822203096429647,0.0182721421066317,0.0207637784945497,0.0124431890115597,0.4551495016611295,0.2956810631229236,5.015654722847128,0.6111225378856489,honest,6,2,1.0,0.2,0.0,0,True,,,,,,,,
0.0223920150610865,0.0077478100719066,0.9929362378683292,0.4298079402046293,0.0117694025951913,0.0200203785015188,0.0118395231239509,0.8106312292358804,0.7342192691029901,5.932850375251724,0.745968081520914,honest,6,2,0.5,0.1,0.0,0,True,,,,,,,,
5.468234620208477,0.0079943496558835,0.9919267868612563,0.4602996349960739,0.0252168919931633,0.0199659982961725,0.0125026297653877,0.0531561461794019,0.6511627906976745,5.128210713105119,0.6107705226381768,honest,6,2,0.25,0.05,0.0,0,True,,,,,,,,
0.607631097704143,0.0075746253514961,0.9936453389692882,0.499314276588829,0.0206456781007473,0.0200116056733958,0.0123996758871612,0.4817275747508305,0.8272425249169435,4.824903273585261,0.5211667371747808,honest,6,3,1.0,0.2,0.0,0,True,,,,,,,,
2.480126321274384,0.0086500847270893,0.9852060049785236,0.3984593477357003,0.0233531908671988,0.0205815528050915,0.0125983806025526,0.2059800664451827,0.4817275747508305,5.053097794154179,0.8082682794677112,honest,6,3,0.5,0.1,0.0,0,True,,,,,,,,
3.605292621148692,0.0063084038446391,0.9988298556081804,0.2777502101205034,0.0236289039100386,0.0200415575026384,0.0120560161322065,0.1262458471760797,0.973421926910299,5.940767379760588,0.6983665565896899,honest,6,3,0.25,0.05,0.0,0,True,,,,,,,,
2.2606257007587374,0.0097677791393733,0.9284031458587392,0.4863647189069879,0.0239034692294582,0.020818370947547,0.0129337478688316,0.2292358803986711,0.2724252491694352,5.315863417711037,0.6999701253835156,honest,6,4,1.0,0.2,0.0,0,True,,,,,,,,
7.107012957991174,0.0073535194463774,0.9945506523270516,0.1754137374289007,0.0257572338983611,0.0192133539502035,0.0113243874535744,0.0199335548172757,0.8438538205980066,5.706600873685717,0.5216839343427182,honest,6,4,0.5,0.1,0.0,0,True,,,,,,,,
0.9348877223992532,0.0084713597385989,0.9898335576689178,0.4219970024045997,0.0203678301329447,0.0200189348410445,0.0121725602394833,0.4186046511627907,0.5647840531561462,5.201641318260863,0.5925259359628399,honest,6,4,0.25,0.05,0.0,0,True,,,,,,,,
0.7914077532204828,0.0097123551464272,0.9327245850754322,0.4372028029608914,0.0200179056985985,0.0204067666786204,0.0124575619608567,0.4750830564784053,0.2956810631229236,5.448375793568497,0.6853129643241118,honest,6,5,1.0,0.2,0.0,0,True,,,,,,,,
0.4295173920168054,0.0086509641144493,0.9851832358549786,0.2698406940638698,0.0182759466600638,0.0200168207239848,0.012284031949857,0.5182724252491694,0.4584717607973422,5.3993898374109,0.4642400516597718,honest,6,5,0.5,0.1,0.0,0,True,,,,,,,,
1.6381196356055625,0.0078810571263914,0.9923906606787782,0.4742960627388289,0.0225489862554485,0.0203271903308191,0.0126759349318847,0.3754152823920266,0.6910299003322259,6.166540527982011,0.6308022885550599,honest,6,5,0.25,0.05,0.0,0,True,,,,,,,,
1.218967271967358,0.0068113710236039,0.9967704673463018,0.3740076254500794,0.0194439410086898,0.0197717998343541,0.0122165972995097,0.3388704318936877,0.9169435215946844,5.151455946653984,0.6728382851804326,honest,6,6,1.0,0.2,0.0,0,True,,,,,,,,
1.4815430547255346,0.0080104384877208,0.9918609114864432,0.4910502888074928,0.0226419096199623,0.020334811490125,0.0127492280964613,0.335548172757475,0.6810631229235881,5.159768940565073,0.703009428717678,honest,6,6,0.5,0.1,0.0,0,True,,,,,,,,
1.6896053470909465,0.0105222001704748,0.8557853442792601,0.4611097076813844,0.023362870385724,0.0204883533928748,0.0128645984681455,0.2790697674418604,0.1594684385382059,5.35234555644652,0.5282572508078829,honest,6,6,0.25,0.05,0.0,0,True,,,,,,,,
3.968384815317677,0.0093334831739303,0.9573779792563312,0.3227043220903665,0.0238214625073193,0.0201912228548768,0.0123623839192475,0.1096345514950166,0.362126245847176,5.352848277802835,0.5856184638844297,honest,6,7,1.0,0.2,0.0,0,True,,,,,,,,
5.122382181668399,0.0060452532920409,0.9999073198678624,0.0808951917507815,0.0299092693787118,0.0203436785007567,0.0119677167938252,0.0830564784053156,0.9867109634551496,6.011724439478826,0.6761360835253072,honest,6,7,0.5,0.1,0.0,0,True,,,,,,,,
0.7375827111509352,0.0087884836458756,0.9816225760781412,0.4526834799979878,0.0202667514869372,0.020650633473438,0.0126782307124613,0.4784053156146179,0.5049833887043189,5.580878231982639,0.6483309341515451,honest,6,7,0.25,0.05,0.0,0,True,,,,,,,,
0.1233718340572522,0.0085614612999894,0.9875006453753268,0.2070071012515882,0.0115356710410461,0.0199068559896293,0.0111915428739292,0.7242524916943521,0.5581395348837209,5.2396691982648935,0.7978064636740783,honest,6,8,1.0,0.2,0.0,0,True,,,,,,,,
0.1632654726531655,0.0080223412078984,0.991812176055498,0.4968979986599087,0.0175005252204247,0.0195385894799867,0.0118472555659021,0.7242524916943521,0.7109634551495017,6.478021096796239,0.8838952311839421,honest,6,8,0.5,0.1,0.0,0,True,,,,,,,,
0.2564103569402505,0.009067811432414,0.9698383285445692,0.4861641496745427,0.0197121052360706,0.0203426113427078,0.012642821706752,0.6378737541528239,0.3521594684385382,4.436289012230421,0.6741511732079744,honest,6,8,0.25,0.05,0.0,0,True,,,,,,,,
0.0835259721861803,0.0111958812608033,0.7746383102250277,0.356607180931414,0.0151979248874429,0.0200001807263546,0.0121718077416117,0.7441860465116279,0.1096345514950166,6.241980823909217,0.7448346325363673,honest,6,9,1.0,0.2,0.0,0,True,,,,,,,,
0.0,0.0108634423410432,0.8171123499221122,0.4772512871942184,0.003375390106791,0.0198394397212759,0.0117588653968743,1.0,0.1162790697674418,5.703807840207904,0.6683383045130995,honest,6,9,0.5,0.1,0.0,0,True,,,,,,,,
2.3121947364629705,0.0107354918494849,0.831612986317047,0.2537845494327323,0.0195874024717866,0.0197782843304224,0.0115761939334946,0.2059800664451827,0.1162790697674418,5.64834827162947,0.5590783441593885,honest,6,9,0.25,0.05,0.0,0,True,,,,,,,,
0.0,0.0066403654224177,0.9974706460906152,0.4747757692701008,0.0075588528404232,0.0202939753628416,0.0120622407797666,1.0,0.9368770764119602,4.138929600310962,0.5895870079452834,honest,7,0,1.0,0.2,0.0,0,True,,,,,,,,
2.399735305270952,0.0079150608243978,0.9922514332709802,0.138086748702494,0.0241449147101103,0.0205502967911641,0.0121088910153702,0.1461794019933555,0.7441860465116279,4.221344024120688,0.4122889335751551,honest,7,0,0.5,0.1,0.0,0,True,,,,,,,,
0.4447297832548429,0.0066482692196868,0.997438284163235,0.4490870260142651,0.0186112111269557,0.0198879448347252,0.0121605382494558,0.4950166112956811,0.9601328903654484,5.625988622466935,0.4165000824298204,honest,7,0,0.25,0.05,0.0,0,True,,,,,,,,
0.5116435883082886,0.008718488697121,0.9834348873624172,0.4682548009376953,0.01992069359882,0.020050270956625,0.0124915385909852,0.4850498338870432,0.4883720930232558,4.537069245645103,0.4961230944129511,honest,7,1,1.0,0.2,0.0,0,True,,,,,,,,
0.0321424947078412,0.0074809053277535,0.9940290735843296,0.4186829916809722,0.0116547001488998,0.0192545600428618,0.0115977565071504,0.7508305647840532,0.7906976744186046,4.993762262908877,0.6908400506979433,honest,7,1,0.5,0.1,0.0,0,True,,,,,,,,
0.0316299772807724,0.0116078452174621,0.7170549987567075,0.4166279873361734,0.0107291679546096,0.0201103608387309,0.0118905367777181,0.770764119601329,0.0564784053156146,5.942990000767692,0.7287849267229376,honest,7,1,0.25,0.05,0.0,0,True,,,,,,,,
2.205903555936402,0.008428718675893,0.9901482722810956,0.4032076146293171,0.0218214694603316,0.0197062276379714,0.012322733326444,0.2192691029900332,0.5514950166112956,5.318747322449374,0.7687580120991697,honest,7,2,1.0,0.2,0.0,0,True,,,,,,,,
0.82332231710825,0.0074526976112347,0.994144569470985,0.2141814467340067,0.0195970117645907,0.0211570327478826,0.0130349987094072,0.4451827242524916,0.8571428571428571,4.716002614159334,0.6305659879978975,honest,7,2,0.5,0.1,0.0,0,True,,,,,,,,
1.6369491982218278,0.0107579827199916,0.8290640946992652,0.4008627177236101,0.0200379580970609,0.018945070581175,0.011594519071527,0.3388704318936877,0.1627906976744186,5.458032813207208,0.8690872113661499,honest,7,2,0.25,0.05,0.0,0,True,,,,,,,,
0.2989243998381425,0.0128910111646779,0.5278460328415973,0.3710450092497456,0.0156824342962686,0.0193028704565841,0.0117288381513592,0.6146179401993356,0.0265780730897009,5.379944217255093,0.8109514839559324,honest,7,3,1.0,0.2,0.0,0,True,,,,,,,,
0.0,0.0092253764722434,0.962448323794028,0.4782253100981349,0.0031756776723461,0.0196223296238856,0.0116447813222636,1.0,0.4053156146179402,4.232574588646117,0.5491812777008818,honest,7,3,0.5,0.1,0.0,0,True,,,,,,,,
5.958895790914539,0.0077068229954464,0.993104058568528,0.2319005581186576,0.0242124272053351,0.0194646937503222,0.0117819926959411,0.0365448504983388,0.7242524916943521,5.187890571772121,0.6672501944426585,honest,7,3,0.25,0.05,0.0,0,True,,,,,,,,
2.69214252986194,0.013175320298958,0.48716488023229,0.4799906488612867,0.0221029190952483,0.0193521168253519,0.0119165637023524,0.1594684385382059,0.0066445182724252,4.611931736320594,0.726064397562368,honest,7,4,1.0,0.2,0.0,0,True,,,,,,,,
0.352090448265244,0.0086651040728333,0.9848171236341045,0.3943213585950657,0.0172012002158865,0.0206213681264869,0.0124842860006877,0.6212624584717608,0.5249169435215947,5.169834859176717,0.7473395111692298,honest,7,4,0.5,0.1,0.0,0,True,,,,,,,,
1.247201721485908,0.0096790756408285,0.9353194064327864,0.4309101231606012,0.0207299498992235,0.0191365928195092,0.0117819987226577,0.3853820598006645,0.2857142857142857,5.39559643512573,0.6876771382837887,honest,7,4,0.25,0.05,0.0,0,True,,,,,,,,
0.7443051693439884,0.0103149590084309,0.8792719968138574,0.3035462003736268,0.0189931871612359,0.0201092265574199,0.0122802406556464,0.4584717607973422,0.2059800664451827,5.815936712349166,0.6071031331250651,honest,7,5,1.0,0.2,0.0,0,True,,,,,,,,
7.54744048856719,0.0101065943158442,0.901985540179622,0.3440766736386219,0.0258758533617146,0.0199656810484391,0.0124621501115664,0.0099667774086378,0.2259136212624584,5.182001772153036,0.715600055343657,honest,7,5,0.5,0.1,0.0,0,True,,,,,,,,
8.923349615276948,0.0086250616328012,0.9858539036762548,0.2758365856958608,0.0267814722840737,0.0200732071640412,0.0123060983928474,0.0166112956810631,0.4950166112956811,5.640815753596896,0.6670537626157511,honest,7,5,0.25,0.05,0.0,0,True,,,,,,,,
2.164812817465645,0.0122997770966035,0.6149230942301491,0.2360139508998582,0.0215317322544357,0.0192411098115285,0.0114198890875115,0.2524916943521594,0.0365448504983388,4.964321984885055,0.7416081908954766,honest,7,6,1.0,0.2,0.0,0,True,,,,,,,,
0.4232910939349494,0.0092902683679839,0.9594048097104928,0.4221928308328954,0.0177901438423216,0.0198868362971937,0.0121939758856234,0.5714285714285714,0.3720930232558139,4.996947565039545,0.5560977667848874,honest,7,6,0.5,0.1,0.0,0,True,,,,,,,,
1.2247499845720995,0.0087921868743271,0.9815266919774976,0.4397521265778106,0.0215437857094938,0.0201630994725758,0.0124721731388943,0.3322259136212624,0.4817275747508305,5.093977005309012,0.3841310508803417,honest,7,6,0.25,0.05,0.0,0,True,,,,,,,,
0.3830216822884722,0.0077458817152121,0.9929441334832072,0.3025995888163987,0.015190655149887,0.0189991015439962,0.0113675779839966,0.5614617940199336,0.717607973421927,5.755009052569498,0.5830493009596012,honest,7,7,1.0,0.2,0.0,0,True,,,,,,,,
0.0127816380704643,0.0139651961984126,0.3827402747848896,0.3397576795625676,0.010883805990434,0.0207313878360624,0.0120546337458421,0.8205980066445183,0.0199335548172757,4.600923059948832,0.7158726600187038,honest,7,7,0.5,0.1,0.0,0,True,,,,,,,,
0.8356298725420856,0.0082433950404786,0.9909070759076198,0.3047671405841103,0.0199352036545711,0.0209841806988013,0.0128260987270146,0.3953488372093023,0.6644518272425249,4.378583755744263,0.5076983387150449,honest,7,7,0.25,0.05,0.0,0,True,,,,,,,,
1.056897709189343,0.0080051166455873,0.9918827016542308,0.4941642711085597,0.0220501749954858,0.0202811206650507,0.0127097901857644,0.4119601328903654,0.7209302325581395,4.395063519165889,0.6845500372717197,honest,7,8,1.0,0.2,0.0,0,True,,,,,,,,
0.0,0.0079386107138772,0.9921550087566368,0.2598421466373676,0.0093107598074079,0.0201911656202271,0.0116898563967969,1.0,0.6511627906976745,5.353826864809594,0.6956245150161067,honest,7,8,0.5,0.1,0.0,0,True,,,,,,,,
0.4190698294351023,0.0082352255374926,0.9909405257613249,0.4967942388665545,0.0200344756359474,0.0209623493410501,0.0127811159724789,0.5780730897009967,0.6777408637873754,4.522904637312878,0.6807959112236404,honest,7,8,0.25,0.05,0.0,0,True,,,,,,,,
2.146807202504988,0.007528400308097,0.9938346064121,0.407894612200808,0.0220782733346394,0.0199324036079464,0.0123569936532767,0.2857142857142857,0.8073089700996677,4.979343137536353,0.8053129602028548,honest,7,9,1.0,0.2,0.0,0,True,,,,,,,,
0.0795138082844459,0.0072009381263796,0.9951753932495752,0.3596105416696724,0.0127964194322367,0.0202117208953727,0.0121245458189252,0.6710963455149501,0.893687707641196,5.505827872033184,0.4118921610754569,honest,7,9,0.5,0.1,0.0,0,True,,,,,,,,
1.4828544939541644,0.0101629130262595,0.8965033765133457,0.3629444889145136,0.0205400849832648,0.0198425957231136,0.012160701005795,0.3521594684385382,0.2093023255813953,5.150382166949432,0.6278148934081855,honest,7,9,0.25,0.05,0.0,0,True,,,,,,,,
0.243291364630295,0.0081808045729461,0.9911633512264332,0.4753929986366191,0.0173249213755529,0.0199507206277036,0.0121448789100112,0.6345514950166113,0.6079734219269103,5.383727326146848,0.6716522468375388,honest,8,0,1.0,0.2,0.0,0,True,,,,,,,,
1.383688763830378,0.0085402190740529,0.9880506497178236,0.306654485294961,0.0197248834498784,0.0202050076464894,0.0121935662695215,0.3853820598006645,0.4950166112956811,5.180317010989825,0.7634460299257171,honest,8,0,0.5,0.1,0.0,0,True,,,,,,,,
7.930362534525557,0.0099008859757167,0.9180247326119052,0.4287783863413972,0.0264119123279242,0.0200319899988299,0.0128711439197891,0.0099667774086378,0.2724252491694352,5.95034351644597,0.692150877883023,honest,8,0,0.25,0.05,0.0,0,True,,,,,,,,
0.8198504294900886,0.0069785150014808,0.996086099935307,0.4985077858263974,0.0205883206656928,0.0202528142499909,0.0124871817108193,0.4285714285714285,0.893687707641196,5.348630343994252,0.5276538534378687,honest,8,1,1.0,0.2,0.0,0,True,,,,,,,,
0.6770422294393939,0.0108782702988387,0.8154318966323117,0.3411450750441529,0.0170168058145567,0.0207309406399598,0.0126698731197901,0.5382059800664452,0.1362126245847176,5.544581716568888,0.7537193309644863,honest,8,1,0.5,0.1,0.0,0,True,,,,,,,,
0.9394545736008696,0.0080948017366156,0.9915154879841274,0.4974575552971531,0.020080548071708,0.0195453169307896,0.0120560217728788,0.4152823920265781,0.6445182724252492,4.980657169353712,0.6164782846192338,honest,8,1,0.25,0.05,0.0,0,True,,,,,,,,
2.950783562699144,0.0087434079605402,0.9827896770566176,0.2593321369641169,0.0215427112893864,0.020208824795442,0.0119118068780148,0.1561461794019933,0.521594684385382,6.205241242058242,0.6437342895558231,honest,8,2,1.0,0.2,0.0,0,True,,,,,,,,
1.5803236367632962,0.0088443991330011,0.9801748106309716,0.4025294163887089,0.0208243244843941,0.0198572921754096,0.0121240828134193,0.3521594684385382,0.4717607973421927,5.318654665458464,0.7965152792000936,honest,8,2,0.5,0.1,0.0,0,True,,,,,,,,
0.2371899005729574,0.008205051134024,0.9910640742052615,0.4554245375915427,0.0171325887115542,0.0204332605649428,0.0124141246502339,0.5946843853820598,0.6511627906976745,5.164640211646295,0.4571364923824603,honest,8,2,0.25,0.05,0.0,0,True,,,,,,,,
0.0,0.0078746945356492,0.9924167121692884,0.4097364658272802,0.0067003550906218,0.019349464554289,0.0116185188249538,1.0,0.6910299003322259,5.987190971812016,0.6364260087939329,honest,8,3,1.0,0.2,0.0,0,True,,,,,,,,
0.0,0.0072108948727852,0.9951346255662517,0.4770756085570038,0.0042424920629726,0.0197421767213382,0.0119228013891013,1.0,0.8704318936877077,5.550588455409483,0.6846981237476939,honest,8,3,0.5,0.1,0.0,0,True,,,,,,,,
1.0149705413368793,0.0081803592966819,0.9911651744004892,0.3581586834262464,0.0185253081981995,0.0201677777282676,0.01234256267121,0.3787375415282392,0.6245847176079734,5.124601841911638,0.5185213998133804,honest,8,3,0.25,0.05,0.0,0,True,,,,,,,,
1.637920413698339,0.0070917124882956,0.9956226152679766,0.4086162947901275,0.0216484386447367,0.0198713992652788,0.0122238350680722,0.335548172757475,0.9003322259136213,4.8444908393755695,0.7205697804583906,honest,8,4,1.0,0.2,0.0,0,True,,,,,,,,
2.1052244969155254,0.0081416935901002,0.991323490301808,0.3806184960373215,0.0221303388706605,0.0201583408363743,0.0124934461414074,0.2292358803986711,0.6710963455149501,5.640175673065394,0.763107493425423,honest,8,4,0.5,0.1,0.0,0,True,,,,,,,,
0.3346030453813,0.0076130556750601,0.9934879868386564,0.3744311174442749,0.018085227849753,0.0196901639903413,0.0119421899198595,0.6112956810631229,0.8006644518272426,5.652097100318726,0.5911790423908769,honest,8,4,0.25,0.05,0.0,0,True,,,,,,,,
3.350112467521285,0.0077631253909103,0.9928735296251232,0.4158205375390516,0.0244660601820896,0.0202124289196326,0.0126266958361635,0.1428571428571428,0.7840531561461794,4.702426422917917,0.6645817098001316,honest,8,5,1.0,0.2,0.0,0,True,,,,,,,,
1.5184065896314678,0.010696577872834,0.8360231094765821,0.3355414466800309,0.0204339768977191,0.0196369079659501,0.0118385405191841,0.3255813953488372,0.1295681063122923,5.647731543847181,0.6257914094201169,honest,8,5,0.5,0.1,0.0,0,True,,,,,,,,
0.3975266391480545,0.0069645425752349,0.9961433097330916,0.1416379369431888,0.0176703463788184,0.0199989747397894,0.0117981564336699,0.5514950166112956,0.9169435215946844,4.095917104073787,0.5125260383595105,honest,8,5,0.25,0.05,0.0,0,True,,,,,,,,
0.9314601329906508,0.0085662185821791,0.9873774696841048,0.4866961809184613,0.0206134866536062,0.0193510456441061,0.0120593062706047,0.3853820598006645,0.574750830564784,4.491608918440264,0.5023414969384703,honest,8,6,1.0,0.2,0.0,0,True,,,,,,,,
1.021155209524295,0.0097599136219371,0.9290164245797669,0.3133757589438254,0.0198111243531556,0.0205215154960472,0.0124748931245547,0.4418604651162791,0.3023255813953488,5.197050211089732,0.7636515738186063,honest,8,6,0.5,0.1,0.0,0,True,,,,,,,,
1.7003383034098078,0.0104189251980431,0.8674895027056191,0.4434119291681153,0.0226401251626808,0.0205272466254028,0.0125890959845056,0.2790697674418604,0.1461794019933555,5.422133937336322,0.4844740283367628,honest,8,6,0.25,0.05,0.0,0,True,,,,,,,,
1.202168252068077,0.0102227820220886,0.8897184198533512,0.2973116189193094,0.0201399594864523,0.0207593703847377,0.0125730151593667,0.3920265780730897,0.1960132890365448,5.59927970712431,0.7316468960520979,honest,8,7,1.0,0.2,0.0,0,True,,,,,,,,
2.744566831754128,0.0088460357899312,0.9801324342613098,0.2759924052661929,0.0220970623100851,0.020615517349399,0.0124748155460383,0.1893687707641196,0.4186046511627907,5.141467489882622,0.7601242098219245,honest,8,7,0.5,0.1,0.0,0,True,,,,,,,,
0.1744345941410756,0.0066346687024262,0.9974939711877032,0.427956707831772,0.016599692091528,0.0205581948323479,0.0123741931082532,0.6511627906976745,0.9401993355481728,4.94544309689609,0.5785029930675591,honest,8,7,0.25,0.05,0.0,0,True,,,,,,,,
4.747282530903704,0.011783316965056,0.6920200435241914,0.4647529221845826,0.0247959381414795,0.0197245659020169,0.0125311057909238,0.0631229235880398,0.0598006644518272,5.3620735885758455,0.624518024007557,honest,8,8,1.0,0.2,0.0,0,True,,,,,,,,
0.1789705111973489,0.0072908846326304,0.9948071092204838,0.3198149306969109,0.0140371237755486,0.0202732183702196,0.0122884842026711,0.7142857142857143,0.8272425249169435,6.006486342135192,0.9325833146137938,honest,8,8,0.5,0.1,0.0,0,True,,,,,,,,
0.6680800426538553,0.0089334882500796,0.9761382600308488,0.3622364670928444,0.0182750592134803,0.0198115965820848,0.0122182421181191,0.5382059800664452,0.4219269102990033,6.038417178716031,0.8428990480504126,honest,8,8,0.25,0.05,0.0,0,True,,,,,,,,
0.6079736953302017,0.0065590176329032,0.9978037228595618,0.4953628197403754,0.018917609983086,0.0198931050788024,0.0119486566453251,0.5282392026578073,0.9667774086378738,5.338032873467729,0.6578266540923323,honest,8,9,1.0,0.2,0.0,0,True,,,,,,,,
0.0,0.0106670541886622,0.8393690302620364,0.4967081317930421,0.0072356651234944,0.0200803322986047,0.0115623491212126,1.0,0.1428571428571428,4.941780124231196,0.6752873583709516,honest,8,9,0.5,0.1,0.0,0,True,,,,,,,,
0.0,0.0071968382669208,0.9951921800356676,0.4113742796635728,0.007798626206873,0.0206551327832158,0.0120545025539577,1.0,0.8737541528239202,5.692105574547012,0.6821894585912105,honest,8,9,0.25,0.05,0.0,0,True,,,,,,,,
0.0,0.0081143608898833,0.9914354034530956,0.4536769792772368,0.0067658399854981,0.0192352499426408,0.0110889985239156,1.0,0.6146179401993356,6.240261583362872,0.7535404204891165,honest,9,0,1.0,0.2,0.0,0,True,,,,,,,,
2.0312245831169093,0.0082795769090249,0.9907589300275438,0.3671263470466015,0.0221688895381379,0.0201581659273539,0.0125277833862131,0.3156146179401993,0.6013289036544851,5.6933397910319865,0.5761286621709587,honest,9,0,0.5,0.1,0.0,0,True,,,,,,,,
1.0048562294505246,0.0110094784169636,0.8005620732356156,0.3480127656382415,0.01859775198396,0.0200927430561598,0.012234196804631,0.4651162790697674,0.1196013289036544,6.2714177982333466,0.859068829138323,honest,9,0,0.25,0.05,0.0,0,True,,,,,,,,
1.4265235348757417,0.0089117180152428,0.9771593122835486,0.4551544575473227,0.0206014820423799,0.0191951148105967,0.0118341594632053,0.3122923588039867,0.4385382059800664,4.593548630994635,0.5744118384513968,honest,9,1,1.0,0.2,0.0,0,True,,,,,,,,
5.615388274150973,0.0083313066485825,0.9905471237250842,0.4268236984927916,0.0264591702099739,0.0209358982893204,0.0131496774409806,0.0564784053156146,0.574750830564784,5.633597900410542,0.6911426982028388,honest,9,1,0.5,0.1,0.0,0,True,,,,,,,,
0.9878414710155994,0.0074522565331605,0.9941463754556432,0.389509045863503,0.0211138216865599,0.0208979862185017,0.0128691393280679,0.4551495016611295,0.8604651162790697,5.239144434467427,0.7433002241116355,honest,9,1,0.25,0.05,0.0,0,True,,,,,,,,
20.061958076496467,0.0100052717178249,0.909885718880994,0.4109187514359904,0.0283052635220144,0.0194000285402972,0.0126089864382555,0.0033222591362126,0.2491694352159468,6.517550689724865,0.7754035574707814,honest,9,2,1.0,0.2,0.0,0,True,,,,,,,,
1.4751299009412833,0.0090371950438602,0.9712742768812136,0.2677619632397109,0.0219846720675053,0.0202071224143764,0.0120556181721815,0.3023255813953488,0.3820598006644518,5.442546171845106,0.6405744901044272,honest,9,2,0.5,0.1,0.0,0,True,,,,,,,,
3.992695417070081,0.0119162849674408,0.6721706365489157,0.3954907078981919,0.024121885012256,0.0198523548296253,0.0123692989612919,0.1129568106312292,0.0631229235880398,5.166426333664413,0.6459904245971302,honest,9,2,0.25,0.05,0.0,0,True,,,,,,,,
1.5349753078230606,0.0083884387616015,0.990313197521053,0.3089489381964378,0.0187904476223137,0.0194744547507695,0.0117367311082363,0.3521594684385382,0.5980066445182725,5.3645639248631145,0.8923113663859112,honest,9,3,1.0,0.2,0.0,0,True,,,,,,,,
0.2767983074663789,0.010927317000196,0.8098734312126649,0.2135478689950481,0.0149400755596389,0.018449118191246,0.0110567415594301,0.6744186046511628,0.1229235880398671,5.118591839581997,0.8316295747163167,honest,9,3,0.5,0.1,0.0,0,True,,,,,,,,
3.6985400557732646,0.0067776970999923,0.996908344499956,0.1539508882753453,0.0269527622000257,0.020485125188362,0.0116382976687297,0.1129568106312292,0.9368770764119602,5.085098490398425,0.7947240524363224,honest,9,3,0.25,0.05,0.0,0,True,,,,,,,,
0.3863045361181321,0.0081436975053818,0.9913152853139258,0.394420918846749,0.0172765288573781,0.0202966929887664,0.0121515809212688,0.5714285714285714,0.6312292358803987,5.34838301364844,0.5696031015088465,honest,9,4,1.0,0.2,0.0,0,True,,,,,,,,
2.9596805485434743,0.0094423948594621,0.9522698799321372,0.1176636061580944,0.0258646444409076,0.0200797205655205,0.0114051406877472,0.1594684385382059,0.3554817275747508,5.004176523347297,0.8001423803214038,honest,9,4,0.5,0.1,0.0,0,True,,,,,,,,
0.4276503972641876,0.011733817978355,0.6994092312556043,0.2510182121335838,0.0147218478630436,0.0195724261789944,0.0114938358132847,0.5149501661129569,0.0664451827242525,4.450412342426604,0.4647192388561052,honest,9,4,0.25,0.05,0.0,0,True,,,,,,,,
0.0,0.0083011710543904,0.990670513265276,0.2649899091395087,0.0078573958432511,0.0204390740837265,0.0118664233375811,1.0,0.6312292358803987,4.968395809234108,0.5566815971183132,honest,9,5,1.0,0.2,0.0,0,True,,,,,,,,
5.587028568145342,0.008902094740361,0.9776106563581544,0.4146504146457816,0.0252563299452495,0.0197630911076141,0.0125752506818693,0.0332225913621262,0.4019933554817276,4.943557531354418,0.66845510921803,honest,9,5,0.5,0.1,0.0,0,True,,,,,,,,
0.428129672292016,0.0083567400509048,0.9904429872080456,0.3678879543453404,0.0180223058413093,0.0201043583092181,0.0122046686491115,0.5514950166112956,0.5647840531561462,5.004889220459996,0.5766846445380907,honest,9,5,0.25,0.05,0.0,0,True,,,,,,,,
1.154410259161068,0.0102045717919867,0.8917821862536277,0.4909631714967565,0.0205166829234661,0.0194064476196119,0.0119934240499941,0.4019933554817276,0.1727574750830564,4.94067894741404,0.6872645971129714,honest,9,6,1.0,0.2,0.0,0,True,,,,,,,,
0.0,0.0083709057652374,0.9903849859963606,0.2380438316785912,0.0093881598559227,0.0196100512951381,0.0114778731673731,1.0,0.5813953488372093,5.327926216185211,0.684508903318374,honest,9,6,0.5,0.1,0.0,0,True,,,,,,,,
1.6175012232533843,0.0116572768481258,0.710145566659822,0.4040095405081996,0.0218069476881247,0.0195061935513758,0.0119995392057846,0.2691029900332226,0.0697674418604651,4.964774981627511,0.4946162129006097,honest,9,6,0.25,0.05,0.0,0,True,,,,,,,,
2.440993355357932,0.0072276330830594,0.99506609132544,0.3287447026876421,0.0214823746643934,0.0197505155555248,0.0120460594307162,0.1893687707641196,0.8704318936877077,5.574052004402575,0.6147407001956253,honest,9,7,1.0,0.2,0.0,0,True,,,,,,,,
0.0,0.0113446920217966,0.7538379070304915,0.4327854780919933,0.0117525605582684,0.0199130263248913,0.0117639503009948,1.0,0.0730897009966777,5.6131274522744,0.6741046184483821,honest,9,7,0.5,0.1,0.0,0,True,,,,,,,,
0.1600200733055317,0.0100581542621723,0.9057624378095004,0.4411251108430832,0.0157792426823283,0.0194447639278976,0.0117223233938282,0.6943521594684385,0.2325581395348837,5.690946372036343,0.7044304507260222,honest,9,7,0.25,0.05,0.0,0,True,,,,,,,,
0.0,0.0078736248757551,0.9924210918686448,0.4968285402862319,0.0016774686536735,0.0196325386924399,0.0116647787521317,1.0,0.760797342192691,5.882942636518921,0.6334708668534859,honest,9,8,1.0,0.2,0.0,0,True,,,,,,,,
1.4875954396288762,0.0078766032628858,0.992408896926802,0.4673332104235846,0.0209674648590754,0.0197391899919667,0.0120735067043489,0.3554817275747508,0.7375415282392026,5.2872899376325,0.8629564762786686,honest,9,8,0.5,0.1,0.0,0,True,,,,,,,,
0.0,0.0082730184596537,0.990785783456984,0.4157291026809943,0.0060959527289105,0.0204311705261347,0.0123708850093841,1.0,0.6378737541528239,5.822953374450891,0.5365738197331211,honest,9,8,0.25,0.05,0.0,0,True,,,,,,,,
1.6045559570593468,0.0090234253370591,0.9719200939913014,0.2987160131336422,0.0204612627387232,0.0199240927143254,0.0121365408295396,0.3189368770764119,0.4352159468438538,4.982222775774926,0.7047425015769022,honest,9,9,1.0,0.2,0.0,0,True,,,,,,,,
0.0,0.0082963250662745,0.990690355059056,0.1234662702030192,0.0085486997332795,0.0200860929716875,0.0120048049657154,1.0,0.5880398671096345,5.753134027045282,0.5238294756677533,honest,9,9,0.5,0.1,0.0,0,True,,,,,,,,
0.0,0.0118587767654902,0.6807554365343409,0.4832279598598327,0.0127843107685192,0.019748956879305,0.0117663873016315,1.0,0.0531561461794019,5.141648970503435,0.6891478690117765,honest,9,9,0.25,0.05,0.0,0,True,,,,,,,,
6.3043166832944735,0.0077051674039704,0.9931108373521044,0.1263987235755735,0.0278392549351661,0.0204679904391614,0.012186661294465,,,,,honest,100,0,1.0,0.2,0.0,0,True,1.0,0.9900332225913622,83.01204196893032,60.94289683084844,0.4983388704318937,0.9003322259136213,18.6526853720992,6.268899651929814
0.6033084161067563,0.0105018808700509,0.8580881317375787,0.3630457038793528,0.0194010249471548,0.0208100885850945,0.0126171538154182,,,,,honest,100,0,0.5,0.1,0.0,0,True,1.0,0.760797342192691,90.42455765456862,65.81622360040092,0.6478405315614618,0.4318936877076412,6.642262458330424,1.2530495681285174
0.0,0.0087323908910778,0.9830749313451282,0.493300656013708,0.0072729306948271,0.019293131809031,0.0113488373036912,,,,,honest,100,0,0.25,0.05,0.0,0,True,1.0,0.9601328903654484,63.767355001888205,44.06374274855125,1.0,0.7342192691029901,7.696917395701064,0.1532017540428114
0.0725041738137406,0.0071412598937269,0.99541974448551,0.3602395978019169,0.0118199759281128,0.0205345763955586,0.0121717325026223,,,,,honest,100,1,1.0,0.2,0.0,0,True,1.0,0.9966777408637874,100.44619258296024,74.98013752389943,0.5714285714285714,0.9700996677740864,7.678258459879182,0.2053649423392016
3.3165721617961026,0.0071676056040353,0.9953118725431066,0.4770863408637567,0.0226638089835063,0.0191612814893592,0.0119391350819934,,,,,honest,100,1,0.5,0.1,0.0,0,True,1.0,1.0,79.39758452512515,57.68018849331611,0.6112956810631229,0.9700996677740864,12.082481694939132,4.387127424588243
0.0,0.0081375528782968,0.991340444356944,0.4741200646505176,0.009721862310467,0.0199587797472065,0.0118439573950535,,,,,honest,100,1,0.25,0.05,0.0,0,True,1.0,0.956810631229236,80.30938879083183,58.250870782883794,1.0,0.8737541528239202,4.467738250976098,0.1257415628331273
0.0,0.0081692626249334,0.9912106094835336,0.4992097324763046,0.0007820282098357,0.0195670514947436,0.011826528134988,,,,,honest,100,2,1.0,0.2,0.0,0,True,1.0,0.9800664451827242,62.02563401112589,43.97053748381768,1.0,0.813953488372093,6.232256849014904,0.177578327791025
5.1813038161144505,0.0080071726241479,0.9918742834943758,0.330814219280702,0.0239780463921276,0.0196350376240261,0.0121405947247925,,,,,honest,100,2,0.5,0.1,0.0,0,True,1.0,0.9667774086378738,55.17861175754416,37.77115492201801,0.5880398671096345,0.7475083056478405,14.59982015606838,6.025550008979735
3.09910675757601,0.0090807104968448,0.969233345690984,0.4308026969010756,0.0240890548979375,0.0206896526743336,0.0129571579335008,,,,,honest,100,2,0.25,0.05,0.0,0,True,1.0,0.920265780730897,69.957261746425,47.78416085431354,0.6677740863787376,0.6810631229235881,11.655122480653205,4.5100437246410365
0.0,0.0067868274213713,0.996870960596072,0.4275697910185546,0.0082899965090487,0.0192654030774255,0.0113480120990389,,,,,honest,100,3,1.0,0.2,0.0,0,True,1.0,0.9966777408637874,73.92865328778122,54.86165116072334,1.0,0.9833887043189368,10.969157527010728,0.2147414434898564
0.0,0.0083007451778765,0.9906722570074727,0.4317216647565911,0.0078096893751038,0.0192480685247895,0.0112913917449385,,,,,honest,100,3,0.5,0.1,0.0,0,True,1.0,0.9700996677740864,79.60522808347446,56.79781113924855,1.0,0.8372093023255814,4.717961675041172,0.0271435183456105
0.8913740801472159,0.007730635816804,0.9930065574852824,0.262515102530278,0.019951907929643,0.0209126058328899,0.0125225152526093,,,,,honest,100,3,0.25,0.05,0.0,0,True,1.0,0.956810631229236,81.76278109011925,60.70477316083225,0.5913621262458472,0.8538205980066446,8.617274068729813,1.423176410166889
0.7407338732691642,0.0074290463816076,0.9942414089203768,0.3176638606897302,0.0158717327771866,0.0195295555320285,0.0118890599032509,,,,,honest,100,4,1.0,0.2,0.0,0,True,1.0,1.0,77.95366826646438,52.51967525383907,0.5714285714285714,0.9169435215946844,12.65265635003382,1.2875902371065422
1.0676002188288294,0.0103453374092543,0.8758292109422764,0.3467546529078871,0.0189190607540534,0.0197998223875692,0.0120396306422308,,,,,honest,100,4,0.5,0.1,0.0,0,True,1.0,0.8903654485049833,109.52528685041808,84.98602694168949,0.6644518272425249,0.6810631229235881,6.791500487444523,1.8219702644412337
1.702217721147008,0.0090563310354659,0.970376774053014,0.4126860505887504,0.0220189192895818,0.0201651055097435,0.0122714140364683,,,,,honest,100,4,0.25,0.05,0.0,0,True,1.0,0.9335548172757476,74.6503960318733,51.56698602277356,0.6046511627906976,0.7009966777408638,8.538414251253815,2.285086602625597
7.302170892077356,0.0107626223464862,0.8285382855680401,0.41584213456235,0.0256024203983314,0.0196704335679638,0.0123229223304466,,,,,honest,100,5,1.0,0.2,0.0,0,True,1.0,0.8205980066445183,106.59290696382276,79.27212878463979,0.5548172757475083,0.4950166112956811,19.390724780028044,7.9244487501016465
0.9332874163069392,0.0104394126111122,0.8651676630317683,0.3365192161359462,0.0206490940930775,0.0200423370962899,0.0122481839068615,,,,,honest,100,5,0.5,0.1,0.0,0,True,1.0,0.8604651162790697,100.3328114629488,77.07275395493434,0.5946843853820598,0.5514950166112956,8.531666325746967,1.3825098379975316
5.708064448329424,0.0098988908653441,0.9181802924650896,0.4085266889612463,0.0238915647468101,0.0190725528287173,0.0119646996716359,,,,,honest,100,5,0.25,0.05,0.0,0,True,1.0,0.8903654485049833,80.38201947591965,58.41325846602194,0.5780730897009967,0.6245847176079734,14.01544975760874,6.564848432334884
0.3915026572267379,0.0098565105173164,0.9214847115126706,0.357404661945165,0.0161447763578498,0.0196323713682412,0.0118313606691664,,,,,honest,100,6,1.0,0.2,0.0,0,True,1.0,0.903654485049834,81.74955874260213,59.95212340212765,0.6345514950166113,0.5149501661129569,5.567936797236056,0.959542814483484
9.179922286813053,0.0083165188680664,0.9906076719733352,0.334215919330918,0.0268538318438433,0.0200810700079331,0.0126092386666952,,,,,honest,100,6,0.5,0.1,0.0,0,True,1.0,0.9401993355481728,82.93925418334484,60.918604327143385,0.574750830564784,0.7441860465116279,23.259793950797803,9.960041949903824
0.0,0.0070521818357226,0.995784472671994,0.4993821559084264,0.0006883324696221,0.0203718446192384,0.0119251490263338,,,,,honest,100,6,0.25,0.05,0.0,0,True,1.0,1.0,107.4489708897756,77.60013720214147,1.0,0.9833887043189368,14.96417277122694,0.2795311676031815
1.650002994312672,0.0093023247026137,0.9588393519777076,0.415919721993931,0.0215544549720725,0.0198142377014239,0.0121829307596557,,,,,honest,100,7,1.0,0.2,0.0,0,True,1.0,0.9102990033222592,77.92865304046295,52.7877929665965,0.6411960132890365,0.5913621262458472,8.560952472344821,2.405614579617122
0.0938150105248496,0.0114369900048402,0.7409367213330865,0.3740356266728446,0.0118642514542265,0.0196233850076525,0.0115574200197379,,,,,honest,100,7,0.5,0.1,0.0,0,True,1.0,0.8471760797342193,105.76417168617492,78.5631635700006,0.5980066445182725,0.6079734219269103,8.504357410900235,0.2877506590198209
3.380092713389331,0.0071876274035598,0.9952298937169588,0.3699344767392085,0.0224809015823019,0.0194916161921894,0.0119255214306306,,,,,honest,100,7,0.25,0.05,0.0,0,True,1.0,0.9966777408637874,96.1325175798962,71.84359471067,0.6345514950166113,0.9833887043189368,10.7519938247571,4.468113278568808
2.5802138687658958,0.0091790774008182,0.9646198102998448,0.2662669020896472,0.0204387444300369,0.0194113175006107,0.0118606866069616,,,,,honest,100,8,1.0,0.2,0.0,0,True,1.0,0.9235880398671096,100.9576062695682,75.5013698941325,0.5714285714285714,0.7275747508305648,14.06155351642945,3.332637016752414
2.4022510378499646,0.0092259083918645,0.962423376073831,0.4916200459669253,0.0224434281375771,0.0195012041211285,0.0121587683763645,,,,,honest,100,8,0.5,0.1,0.0,0,True,1.0,0.9335548172757476,94.8508636006773,70.12795067702609,0.6644518272425249,0.7142857142857143,12.213312402399382,3.784969591328036
0.0048578503733551,0.0093390254746432,0.9571180381638028,0.4079949888908749,0.0102299513846975,0.0200363849396586,0.0116314412195062,,,,,honest,100,8,0.25,0.05,0.0,0,True,1.0,0.9401993355481728,107.12174745626476,83.91836475640412,0.6611295681063123,0.7475083056478405,9.085651594131177,0.1547378624820794
3.098129634170164,0.0074701225808581,0.9940732233088362,0.3923802034119086,0.0244795429579428,0.0205467966737129,0.0129723465016073,,,,,honest,100,9,1.0,0.2,0.0,0,True,1.0,0.9966777408637874,100.5987339658791,78.99186260225724,0.6146179401993356,0.9401993355481728,12.338189716942088,4.261283481762803
0.0,0.0085505059181125,0.9877843024470484,0.4757606949093728,0.0023517987864269,0.019041455676687,0.011381340107135,,,,,honest,100,9,0.5,0.1,0.0,0,True,1.0,0.9401993355481728,78.67667811414418,57.11321092487697,1.0,0.8172757475083057,4.742860070600753,0.0195738496988724
2.310921812257675,0.0090950872612455,0.9685590567920376,0.4114651495200533,0.0224474930987957,0.0197336756813632,0.0122287838360792,,,,,honest,100,9,0.25,0.05,0.0,0,True,1.0,0.9767441860465116,117.51717974471843,90.65304678845678,0.6378737541528239,0.8504983388704319,9.721838672164749,3.3424122760211503
2.401655066733838,0.0090292003670653,0.9716492375930418,0.4450776402722581,0.0212737082116514,0.0184992661313496,0.0115020088430129,,,,,honest,101,0,1.0,0.2,0.0,0,True,1.0,0.8970099667774086,79.41425947635398,58.76001866942579,0.6179401993355482,0.7574750830564784,10.698570568470862,3.329976912492839
0.0026610758941387,0.0073226419280173,0.9946770796597412,0.4127896770774098,0.0126760243411107,0.0204795203738029,0.0122763734345327,,,,,honest,101,0,0.5,0.1,0.0,0,True,1.0,0.9833887043189368,92.31405831835092,69.19319711008075,0.6976744186046512,0.9335548172757476,6.366270948923512,0.2185982965597759
1.2816953140049918,0.0080847958965586,0.9915564566803472,0.470146408036155,0.0209663445094263,0.0196024877818737,0.0121474035490646,,,,,honest,101,0,0.25,0.05,0.0,0,True,1.0,0.9933554817275748,98.38498082229805,74.7206422083159,0.6511627906976745,0.8770764119601329,8.721420661293772,2.4801563105454534
3.34703410023576,0.010344424937687,0.8759326213962436,0.458797534603555,0.0241961036379729,0.0202000700765002,0.0125978496282294,,,,,honest,101,1,1.0,0.2,0.0,0,True,1.0,0.9169435215946844,113.11399813391382,83.79815942878531,0.5780730897009967,0.6943521594684385,10.935131472821311,3.9683397243018135
3.95793291437667,0.0089257684549422,0.9765003284363828,0.2948545775773994,0.0233036781987685,0.0192146309355479,0.0116238179969547,,,,,honest,101,1,0.5,0.1,0.0,0,True,1.0,0.9435215946843852,71.07645252909806,53.42479830826869,0.574750830564784,0.7774086378737541,15.644766759503232,4.923070735974761
4.453882874681312,0.0084802684294971,0.9896028935805784,0.3423565499328303,0.0260115091653921,0.0212294218773774,0.0130546602804183,,,,,honest,101,1,0.25,0.05,0.0,0,True,1.0,0.9534883720930232,70.98137875033062,50.80616800903272,0.5614617940199336,0.7308970099667774,15.659821240310889,5.385158808619735
0.0018980607705998,0.008723967626629,0.983293026757476,0.2745679717525739,0.0124861470328471,0.0208563779192008,0.0122375292418687,,,,,honest,101,2,1.0,0.2,0.0,0,True,1.0,0.956810631229236,88.6876949226542,63.735932043142384,0.5980066445182725,0.7906976744186046,5.383301907313744,0.0654601105543406
0.1360060737570165,0.0089739515772354,0.9742404775009932,0.3552823955175829,0.0149111036891117,0.0187228638780403,0.0113910371565239,,,,,honest,101,2,0.5,0.1,0.0,0,True,1.0,0.8571428571428571,71.08751897140861,49.048405442207695,0.7308970099667774,0.5514950166112956,6.759810166054831,0.8416561120070583
5.6855095392447765,0.0103103569495918,0.8797935484005741,0.0167665247801976,0.0438291692711975,0.019810718385513,0.0119586300759837,,,,,honest,101,2,0.25,0.05,0.0,0,False,1.0,0.8837209302325582,87.86325189837035,65.19211588690496,0.1893687707641196,0.6578073089700996,15.17397098021548,0.741841238500001
0.0,0.012882151129841,0.5291473356408302,0.4879542714722683,0.0034088797887201,0.0200832223299313,0.012068448902071,,,,,honest,101,3,1.0,0.2,0.0,0,True,1.0,0.6777408637873754,110.88023217296892,81.31979141934062,1.0,0.2790697674418604,6.090227744460824,0.1569084954430764
0.8142839759830167,0.0067003150937466,0.9972251834548777,0.418625988094039,0.0188868229951795,0.0194772261763153,0.011813151883211,,,,,honest,101,3,0.5,0.1,0.0,0,True,1.0,0.9933554817275748,92.55778053416404,71.9252753644555,0.7275747508305648,0.9933554817275748,7.524074998015933,1.983091247395805
1.1591763106052897,0.0110152992058345,0.7998796269683428,0.2738314166599512,0.0199341452287958,0.0201155691920968,0.0121273055289104,,,,,honest,101,3,0.25,0.05,0.0,0,True,1.0,0.7740863787375415,79.46674795980985,55.24240048382535,0.6611295681063123,0.3455149501661129,7.617638470495923,1.8812140159104729
0.0,0.0101471332153618,0.8982917033686848,0.4487299477904909,0.0085880786378907,0.0201022854266848,0.0120310877206485,,,,,honest,101,4,1.0,0.2,0.0,0,True,1.0,0.8338870431893688,86.80275907689006,67.0847990809034,1.0,0.4983388704318937,3.4420004607539147,0.3245928239205113
0.540213069973106,0.0094235728762213,0.9531526553607136,0.1059187530872694,0.0194826122691243,0.0208186168421493,0.0123624377054074,,,,,honest,101,4,0.5,0.1,0.0,0,True,1.0,0.9102990033222592,82.86615822204062,63.29417804995092,0.3322259136212624,0.5548172757475083,5.930736507687565,0.0467709722968265
0.2061683786382673,0.0081367532291039,0.9913437185033104,0.42437073145255,0.0158288045136838,0.0193036102087783,0.0116598442517601,,,,,honest,101,4,0.25,0.05,0.0,0,True,1.0,0.9800664451827242,87.02772386274656,60.31836275080104,0.6744186046511628,0.9136212624584718,7.295176680875786,0.8296059458702985
0.3092907117170398,0.0093669125269574,0.955810099237101,0.413541911178395,0.0157875790708712,0.0200546826685424,0.0121471274254092,,,,,honest,101,5,1.0,0.2,0.0,0,True,1.0,0.867109634551495,83.98615775829714,60.26864475130424,0.7441860465116279,0.5880398671096345,6.26402614442514,1.1047682486143913
1.078541569834215,0.0103865480836369,0.871158802899804,0.2862590822154702,0.0160776671282254,0.0190270272483893,0.0110806454691327,,,,,honest,101,5,0.5,0.1,0.0,0,True,1.0,0.8039867109634552,51.28334305777208,34.72401702641946,0.4983388704318937,0.3853820598006645,11.730273283472757,1.048867313588744
0.4381126805396889,0.0080280578480808,0.9917887693956176,0.3267594168493857,0.0166027540853709,0.0200908987890836,0.0120592664347514,,,,,honest,101,5,0.25,0.05,0.0,0,True,1.0,0.9634551495016612,66.03874497686338,48.85773350880618,0.5647840531561462,0.8106312292358804,5.365331083760773,0.6479909359175053
2.155405889172016,0.0077597361652515,0.9928874067364544,0.4436551632922432,0.0235043352174319,0.0208246761514746,0.012799778750394,,,,,honest,101,6,1.0,0.2,0.0,0,True,1.0,0.9700996677740864,80.53260587922632,58.01207653482879,0.6212624584717608,0.8704318936877077,9.894336956382292,3.0604508356050246
0.0148447337542165,0.0099007864533247,0.9180324924275518,0.4293426835794448,0.011035721995068,0.0197512316110873,0.0116397022619291,,,,,honest,101,6,0.5,0.1,0.0,0,True,1.0,0.8903654485049833,93.24236477990044,70.26759419786231,0.7740863787375415,0.6877076411960132,6.249885817082372,0.5303689622717229
0.247761499873377,0.0108335397585876,0.8205012112713567,0.3893993084485454,0.0167749813816322,0.0206010585298239,0.0124582646827437,,,,,honest,101,6,0.25,0.05,0.0,0,True,1.0,0.8737541528239202,103.06135505341408,77.21447186234218,0.6478405315614618,0.6312292358803987,9.68547810011983,0.7935955477300922
1.1981908683255824,0.0083281699250133,0.9905599669720584,0.4848626043901031,0.0204674470761923,0.0196570926194152,0.0121136252103649,,,,,honest,101,7,1.0,0.2,0.0,0,True,1.0,0.9634551495016612,89.892361166098,65.24160808907709,0.6578073089700996,0.8006644518272426,7.113958373891138,2.149600227327028
2.319002406829896,0.0096398866376519,0.9383749945668876,0.1882175511300738,0.0206490587930187,0.0195490274677328,0.0117163817868148,,,,,honest,101,7,0.5,0.1,0.0,0,True,1.0,0.840531561461794,83.84526792686957,62.080614256711215,0.4186046511627907,0.5282392026578073,12.139872676104195,1.4926997754980675
0.471600117847629,0.0084533823437514,0.9900472874252108,0.4440647270136891,0.0196523408011905,0.0199182703729164,0.012305737235688,,,,,honest,101,7,0.25,0.05,0.0,0,True,1.0,0.9767441860465116,78.63886547072148,57.38180251775748,0.707641196013289,0.8770764119601329,8.969615479805476,1.629724013025907
1.1578375859430707,0.0081351502896621,0.9913502817042688,0.3781292656020722,0.0200287494434457,0.0199989396569044,0.0121587704248698,,,,,honest,101,8,1.0,0.2,0.0,0,True,1.0,0.9401993355481728,79.22335905511646,56.58480458451732,0.6478405315614618,0.7740863787375415,8.131653111929769,1.7811335220305864
0.0189004379976722,0.0093690939686449,0.955707786792342,0.4137923384577846,0.010492691411041,0.0204003661529492,0.0117199125543741,,,,,honest,101,8,0.5,0.1,0.0,0,True,1.0,0.8073089700996677,84.3409157348045,63.947946346519984,0.7043189368770764,0.6013289036544851,12.530460491926464,1.107479283662542
0.8089823463396897,0.0084094421732725,0.990227199505151,0.4094686003208934,0.0200330024072758,0.0206591683083594,0.0126836507679132,,,,,honest,101,8,0.25,0.05,0.0,0,True,1.0,0.9833887043189368,80.54714675924048,59.080849300928094,0.7009966777408638,0.8338870431893688,6.799146097591485,1.864593643467288
5.45945206313354,0.0071534976545957,0.9953696372376836,0.4804703880976349,0.025799388250082,0.0203685818840888,0.012976676919985,,,,,honest,101,9,1.0,0.2,0.0,0,True,1.0,0.9966777408637874,87.49690140135704,66.60606157454095,0.5548172757475083,0.9767441860465116,15.592719737440897,6.090166579661627
2.840421618328037,0.0097994927699511,0.9259304166380956,0.458783203364971,0.023658152357904,0.0200989205696553,0.0125775111574865,,,,,honest,101,9,0.5,0.1,0.0,0,True,1.0,0.9601328903654484,120.427081444335,91.08260216956842,0.6744186046511628,0.7674418604651163,10.666997024366358,4.218971820821935
3.462882506958067,0.0064948671715569,0.9980663855393864,0.4960578086972698,0.0234772821120569,0.0199451068001237,0.0123865712143362,,,,,honest,101,9,0.25,0.05,0.0,0,True,1.0,1.0,82.43144667168654,60.82619100561124,0.5813953488372093,0.9900332225913622,12.57498516064252,4.006222248129006
0.6576255809809481,0.007302014328367,0.9947615389214326,0.1589166281097663,0.0173249311517157,0.0198117783604971,0.0117872992442,,,,,honest,102,0,1.0,0.2,0.0,0,True,1.0,1.0,106.20190829973984,74.17520733796209,0.4451827242524916,0.9667774086378738,6.753264600410219,0.4219318606258184
1.4484129231518637,0.0104355118384864,0.8656097378125515,0.4300233623679139,0.0224657004196252,0.0204871666122435,0.0126662456502152,,,,,honest,102,0,0.5,0.1,0.0,0,True,1.0,0.903654485049834,125.35338148472874,95.34653815405044,0.654485049833887,0.6810631229235881,10.663079274007517,2.4718607117006286
3.4829940455847463,0.0095494782396735,0.9454241870875756,0.3352214567040006,0.0228803452833092,0.0196919414948859,0.0121361429533422,,,,,honest,102,0,0.25,0.05,0.0,0,True,1.0,0.920265780730897,108.23704955739532,84.29224880759466,0.5514950166112956,0.7142857142857143,11.777560009795163,3.8835065910132016
0.0,0.0078543660984757,0.9924999465166736,0.4903674245155251,0.0026034258934085,0.020629332638412,0.012437827320457,,,,,honest,102,1,1.0,0.2,0.0,0,True,1.0,0.9933554817275748,108.77826584138649,83.45725292531051,1.0,0.9235880398671096,9.127265475106933,0.0990708715330583
2.068797542572156,0.0102061769262795,0.8916002762940664,0.4481109252128808,0.0227398769760761,0.0200705889597138,0.0124863355148985,,,,,honest,102,1,0.5,0.1,0.0,0,True,1.0,0.903654485049834,102.56939342597306,79.13676549318006,0.6710963455149501,0.7441860465116279,10.21065427911579,3.46565958998508
0.6401801665510902,0.0122936410773992,0.6158390765733435,0.3431193297340652,0.0161524860098449,0.0209621933113454,0.0126028936498883,,,,,honest,102,1,0.25,0.05,0.0,0,True,1.0,0.8305647840531561,104.0384696127194,78.05771208813803,0.6777408637873754,0.4817275747508305,12.818889447391918,1.9762396966361848
7.31026512378412,0.0065495413187317,0.9978425234234692,0.4049168653572244,0.0258088186612327,0.0194717410449025,0.0124112782874034,,,,,honest,102,2,1.0,0.2,0.0,0,True,1.0,1.0,110.00995294919866,83.5342978845888,0.6179401993355482,0.9933554817275748,20.72312329808001,9.73507507667614
0.7800488935445173,0.0076114910904908,0.993494392996417,0.474718987357025,0.0195260881357965,0.0192011611203301,0.0117974964080937,,,,,honest,102,2,0.5,0.1,0.0,0,True,1.0,0.9700996677740864,87.30916537352901,61.655756861701775,0.6644518272425249,0.867109634551495,7.896719513981614,1.6359740698569567
0.5739679538601195,0.0079436708760607,0.992134290031758,0.3207902282691789,0.0155697217199872,0.0201334247171778,0.0118257199888778,,,,,honest,102,2,0.25,0.05,0.0,0,True,1.0,0.9767441860465116,57.10533241006838,38.32410224106388,0.4950166112956811,0.8870431893687708,8.334740045936973,0.5640387416460726
0.0064861658183872,0.00753049308299,0.9938260375904558,0.3558526044358811,0.009498507023524,0.0196099324170104,0.0115656751147107,,,,,honest,102,3,1.0,0.2,0.0,0,True,1.0,0.9867109634551496,98.04850774229858,71.55338370436357,0.5249169435215947,0.9401993355481728,7.727352684846324,0.0249927082177237
1.1125629115463198,0.0077869029705792,0.9927761728382116,0.4923581943608059,0.0209198314219582,0.0200001323479689,0.0124710163314481,,,,,honest,102,3,0.5,0.1,0.0,0,True,1.0,0.9900332225913622,69.27444065919477,50.45541519222843,0.6644518272425249,0.920265780730897,7.785534750643414,1.918782271670807
1.0891031489659326,0.0103313576491325,0.8774135379420798,0.1906059626386805,0.0202181041746236,0.0210982023882374,0.0127127198356994,,,,,honest,102,3,0.25,0.05,0.0,0,True,1.0,0.7475083056478405,90.1847986646082,66.53941669764936,0.4518272425249169,0.4518272425249169,11.489759146083411,0.8279275377835802
1.0928327165106566,0.0102198448945165,0.8900512846860764,0.40348480596812,0.0198685227804907,0.0193342200778921,0.0119141694667758,,,,,honest,102,4,1.0,0.2,0.0,0,True,1.0,0.8837209302325582,85.62980241468364,63.83070411134213,0.6345514950166113,0.5880398671096345,8.781740534117853,1.9743200847885876
2.5453479092630005,0.0079718673565843,0.9920188401506423,0.3928197935328316,0.0235221299294021,0.0207819846828407,0.0130431206527881,,,,,honest,102,4,0.5,0.1,0.0,0,True,1.0,0.9700996677740864,77.554780242575,56.75897420335832,0.6212624584717608,0.8006644518272426,10.526470298987034,3.333742079700187
0.1847586976537059,0.0112923975347387,0.7611475021726462,0.3744504458536227,0.011384994798198,0.0187660648411885,0.0110485320362443,,,,,honest,102,4,0.25,0.05,0.0,0,True,1.0,0.8372093023255814,89.56991105761327,66.50800691432096,0.6611295681063123,0.4850498338870432,7.519320878596774,0.6011270857179625
0.1237642794731073,0.0084697552355843,0.9898751015084484,0.2690663796807352,0.0139547480275015,0.0195402813250415,0.0116558820709279,,,,,honest,102,5,1.0,0.2,0.0,0,True,1.0,0.9900332225913622,72.94891351072229,51.31005656432899,0.6179401993355482,0.8870431893687708,4.5689707938939375,0.3351854100021683
5.668559582296439,0.0122000594229752,0.6298089062373834,0.4494695678656128,0.0254032816292778,0.0198583252492339,0.0125401528302729,,,,,honest,102,5,0.5,0.1,0.0,0,True,1.0,0.8538205980066446,111.9822351247978,84.61930954355148,0.6079734219269103,0.4883720930232558,16.14750463550216,6.533376787798261
0.839841277268988,0.0095134605592275,0.9482325054439392,0.327840734762346,0.0173037605353863,0.0197491612130587,0.0119446810424909,,,,,honest,102,5,0.25,0.05,0.0,0,True,1.0,0.8471760797342193,94.50966675428572,70.30360995012552,0.6013289036544851,0.5980066445182725,12.059934975649051,1.9150188878938932
0.7388563647182309,0.0095013793361762,0.9491744850506856,0.4916927104096373,0.0201917190370539,0.019955939687444,0.0122616107046067,,,,,honest,102,6,1.0,0.2,0.0,0,True,1.0,0.9102990033222592,89.67824082154067,65.11261604873243,0.7109634551495017,0.6378737541528239,7.464959512476935,1.6924578907176056
2.400710770554724,0.0101510824158372,0.8978441402569911,0.4834097002477445,0.0243212354478171,0.0201809198191011,0.0128452344239414,,,,,honest,102,6,0.5,0.1,0.0,0,True,1.0,0.9169435215946844,110.13402652144455,83.41503074755292,0.6478405315614618,0.7441860465116279,13.978879207733636,3.793715921326793
2.7399980706031783,0.0073401441444835,0.9946054172120607,0.3085516648809212,0.021948003352405,0.0194943445277774,0.0119175612841627,,,,,honest,102,6,0.25,0.05,0.0,0,True,1.0,0.9867109634551496,82.27156531249476,59.377793908848616,0.5514950166112956,0.9401993355481728,11.64957230925227,3.1373272441471727
0.0110993295511434,0.0091825189574281,0.9644583968306908,0.4329067593005062,0.0137886971021205,0.0191760789402402,0.0118583681956896,,,,,honest,102,7,1.0,0.2,0.0,0,True,1.0,0.9269102990033222,103.11341920207434,77.74234683863688,0.7674418604651163,0.7541528239202658,7.644962723143613,0.947134738963996
0.9101908989941876,0.0065346177015477,0.997903627852026,0.314975338084306,0.0177417399869758,0.020738066891328,0.012559859626027,,,,,honest,102,7,0.5,0.1,0.0,0,True,1.0,1.0,84.06932188153078,62.41995569177607,0.5946843853820598,0.9601328903654484,8.234708234860255,1.353143559866112
0.0333841342553569,0.0077793242011937,0.9928072039459354,0.3557882159667748,0.0154444601558371,0.020100766348786,0.0125225504461869,,,,,honest,102,7,0.25,0.05,0.0,0,True,1.0,0.9966777408637874,89.28159736233816,68.90750282895488,0.7308970099667774,0.9169435215946844,9.811335852412846,0.8844906397612249
1.394496907107623,0.0085559710439169,0.987642799248011,0.3229433630513071,0.0182934976103857,0.0201808241290605,0.0116904028273536,,,,,honest,102,8,1.0,0.2,0.0,0,True,1.0,0.9601328903654484,71.95552838867998,51.46691229312,0.5780730897009967,0.7441860465116279,13.87202538719728,2.352649321126819
0.0307604302047366,0.0093691701294436,0.9557042147520928,0.4622597591139126,0.0140472406923259,0.0190730751454525,0.0115177513644261,,,,,honest,102,8,0.5,0.1,0.0,0,True,1.0,0.920265780730897,95.50445650292446,70.44765176727606,0.813953488372093,0.7209302325581395,5.930382963233253,0.8744882278724617
0.0,0.0073734588724963,0.9944690107770358,0.4980284928067626,0.0002943324099267,0.0200008943650038,0.0112693442516536,,,,,honest,102,8,0.25,0.05,0.0,0,True,1.0,0.9900332225913622,85.62064901366186,62.408693569936986,1.0,0.9368770764119602,16.32946698159142,0.0894491488832045
0.5571365413006788,0.0075219836946931,0.9938608790972324,0.4991186208369946,0.019825551430289,0.0196805464777675,0.0121251566976118,,,,,honest,102,9,1.0,0.2,0.0,0,True,1.0,0.9900332225913622,91.92233619845948,67.98316361472689,0.7906976744186046,0.9269102990033222,7.477135933934301,1.6776756065385143
0.2120187044638442,0.0064100093356329,0.998413834117622,0.4121674409195146,0.0139487194089759,0.0198635615462326,0.0117940627671712,,,,,honest,102,9,0.5,0.1,0.0,0,True,1.0,1.0,86.92896279836364,64.58881972150266,0.7508305647840532,0.973421926910299,6.83125468877031,1.042565428060243
4.3373796593273255,0.007024981419347,0.9958958441899478,0.1906446562549423,0.0240317641200326,0.0197105571664626,0.0118702935090324,,,,,honest,102,9,0.25,0.05,0.0,0,True,1.0,1.0,79.75227621395844,59.63212988774876,0.4916943521594684,0.9700996677740864,13.881302962514797,4.259553997541161
0.0,0.0068267224822907,0.9967076111299432,0.3653197740356443,0.009278434394742,0.0204654342972145,0.0122174897429975,,,,,honest,103,0,1.0,0.2,0.0,0,True,1.0,0.9933554817275748,103.72385914808297,78.44345220027935,1.0,0.9767441860465116,7.3572590479438835,0.086904164612406
0.2020830445758292,0.0099495768477535,0.91422827853615,0.1967799197914604,0.0132364304829614,0.0193835183631438,0.0111313599853838,,,,,honest,103,0,0.5,0.1,0.0,0,True,1.0,0.9501661129568106,76.92194428235409,57.88445122980056,0.3156146179401993,0.6744186046511628,6.330114092710812,0.0
0.0,0.0077395261589542,0.9929701561711732,0.1603125209016056,0.0052810327627075,0.019829059978034,0.011967926572182,,,,,honest,103,0,0.25,0.05,0.0,0,True,1.0,0.9800664451827242,89.43604017242752,67.11590497190673,1.0,0.8338870431893688,11.741360321211507,0.7247506993903698
0.0,0.0089430365295854,0.9756904333366564,0.3414523524010607,0.0118554215752426,0.0201706006309227,0.0119584537700514,,,,,honest,103,1,1.0,0.2,0.0,0,True,1.0,0.9601328903654484,98.28395927624328,74.79243132182819,1.0,0.8039867109634552,5.886230881222402,0.0413880241771948
0.0,0.0086416372521742,0.9854247272489838,0.4985987198977785,0.0004827654888376,0.0205590526073849,0.0122542865982177,,,,,honest,103,1,0.5,0.1,0.0,0,True,1.0,0.9169435215946844,80.04383424751214,58.59852867743757,1.0,0.6578073089700996,8.29537219330937,0.2009580934052337
0.0,0.0096225867300941,0.9397238778752036,0.467380966419975,0.0044813794929111,0.0196601572433543,0.0118640928243425,,,,,honest,103,1,0.25,0.05,0.0,0,True,1.0,0.8172757475083057,87.81193951869454,65.05200552485758,1.0,0.5415282392026578,4.669440324593782,0.2250167043489455
0.4763354471183447,0.0095109541826989,0.9484279290005426,0.4903906577143023,0.0195777552481696,0.0201059748000192,0.0124736318180511,,,,,honest,103,2,1.0,0.2,0.0,0,True,1.0,0.903654485049834,78.88003276056443,55.13358647429777,0.7774086378737541,0.6877076411960132,6.096089964905582,1.5725171358051284
0.3908545881063219,0.0155816341720036,0.2155923124136692,0.3469149498024066,0.0165050571409689,0.0198565236052338,0.011934247067575,,,,,honest,103,2,0.5,0.1,0.0,0,True,1.0,0.5282392026578073,81.21019099189495,57.17506448496579,0.6345514950166113,0.1661129568106312,5.947430765399487,0.8284694837684583
0.0,0.0097254775635316,0.9317014229956488,0.4097373611221119,0.0125911945180383,0.0197461998522022,0.0120277432576885,,,,,honest,103,2,0.25,0.05,0.0,0,True,1.0,0.8803986710963455,92.0771195486117,70.14562471893032,1.0,0.627906976744186,5.63929702814956,0.3279257491292355
0.0125946459966144,0.0080647859940812,0.991638386794293,0.4756983488869007,0.0122161952490567,0.0194796688445381,0.0115078129785078,,,,,honest,103,3,1.0,0.2,0.0,0,True,1.0,0.9700996677740864,106.4342422216184,81.16619274211098,0.8272425249169435,0.893687707641196,4.574879127025068,0.4144668783292218
0.0,0.010440144609865,0.8650847055719977,0.1517614292378481,0.0061159456445693,0.0196379208273568,0.0115993121924723,,,,,honest,103,3,0.5,0.1,0.0,0,True,1.0,0.867109634551495,80.49997780447703,59.77585955387531,1.0,0.6312292358803987,5.763433150195465,0.210393610435176
0.5720088144280453,0.0087582628745405,0.9824050531837714,0.3891980101982091,0.018390138330313,0.0203478736929107,0.0124676251841351,,,,,honest,103,3,0.25,0.05,0.0,0,True,1.0,0.956810631229236,75.5238402842514,53.21420747349202,0.6411960132890365,0.7906976744186046,6.791331283161664,1.049545218313824
0.0361026379664508,0.0102995659210498,0.8810164962713392,0.366549474911655,0.0099241226205383,0.0196764847966691,0.0114897282949774,,,,,honest,103,4,1.0,0.2,0.0,0,True,1.0,0.7906976744186046,63.719000841718845,44.04406176053181,0.6445182724252492,0.4219269102990033,8.59132263101349,0.4588996419595332
0.1572316970909923,0.0088690067944109,0.9791625239426208,0.4152202195450771,0.0147847229695582,0.019534190689591,0.0115966297370876,,,,,honest,103,4,0.5,0.1,0.0,0,True,1.0,0.956810631229236,93.14947029999236,69.5233885015391,0.6810631229235881,0.7940199335548173,6.548616294162093,0.8044968705464726
0.1529370620178269,0.0097515036548854,0.9296721543368056,0.2091187678182397,0.0135358949195723,0.0199079753848587,0.0122729545498895,,,,,honest,103,4,0.25,0.05,0.0,0,True,1.0,0.8305647840531561,101.25431335519043,73.4585188787546,0.6179401993355482,0.5614617940199336,5.824276611274036,0.3440639574646411
0.7717654295856846,0.0118243463465243,0.6858951948681135,0.332634115817108,0.01743979903834,0.0193443269048815,0.0118147595906367,,,,,honest,103,5,1.0,0.2,0.0,0,True,1.0,0.8106312292358804,71.51798079002324,54.743983944636966,0.6345514950166113,0.388704318936877,6.480229205138291,1.5585928055488694
5.6752397732307145,0.0083445407149967,0.9904929371256992,0.2500796187444682,0.02637145321945,0.0209373798053273,0.0125166539398729,,,,,honest,103,5,0.5,0.1,0.0,0,True,1.0,0.9767441860465116,104.01899887679323,77.93134470117229,0.5182724252491694,0.8704318936877077,16.632990912509335,6.047770520305676
0.4042819843002689,0.0086883724553069,0.9842146579865952,0.47355627316123,0.019207526519714,0.0199684262394399,0.0123933159335834,,,,,honest,103,5,0.25,0.05,0.0,0,True,1.0,0.956810631229236,90.10072169701404,66.6874686779638,0.7242524916943521,0.770764119601329,10.202784255874874,1.7111368034993577
0.4339814330014633,0.0087324149619688,0.983074308100907,0.4608239675609046,0.0199472355696663,0.0203981139766912,0.012574283799208,,,,,honest,103,6,1.0,0.2,0.0,0,True,1.0,0.9700996677740864,108.6266092359791,80.98334154453732,0.6910299003322259,0.8205980066445183,8.454817295254614,1.1509978142862565
1.6507102746395503,0.0081601748378747,0.9912478192315606,0.4719923850478181,0.0220623433454164,0.0202465421339745,0.012495381850893,,,,,honest,103,6,0.5,0.1,0.0,0,True,1.0,0.9501661129568106,72.21339571877262,50.46053300376025,0.6976744186046512,0.8006644518272426,8.77551774123133,2.729265265760432
0.0993373092337606,0.0120121274107844,0.6578633172742632,0.4228821401549929,0.0130196268500461,0.0195460592623237,0.0117424179972626,,,,,honest,103,6,0.25,0.05,0.0,0,True,1.0,0.6943521594684385,89.93434847354534,65.8704474567262,0.7408637873754153,0.3289036544850498,7.210084094783891,0.8337239118679918
1.714675226795407,0.0087567194414767,0.9824450157983288,0.2042286393320859,0.0209059126478227,0.0200952399670989,0.0119582557173956,,,,,honest,103,7,1.0,0.2,0.0,0,True,1.0,0.9501661129568106,72.7005656331301,52.80176564101066,0.521594684385382,0.760797342192691,9.596656575950602,1.859158118093092
0.8726516042866024,0.0082429424440274,0.9909089290540236,0.4925566934705084,0.0196436503634711,0.019451227993927,0.0119299610035547,,,,,honest,103,7,0.5,0.1,0.0,0,True,1.0,0.9767441860465116,88.72432670710569,68.07812748662036,0.7508305647840532,0.8504983388704319,7.347553773292977,2.098422888063624
0.45969947060712,0.0096773864213635,0.935451115803654,0.3166593917653844,0.0175805025970367,0.019749387325745,0.0120404962409513,,,,,honest,103,7,0.25,0.05,0.0,0,True,1.0,0.903654485049834,82.98171090424626,61.47469481943381,0.6777408637873754,0.6744186046511628,7.71359232687969,1.1135429533378556
2.3608659864116817,0.0074310440900105,0.994233229346425,0.1968448389987521,0.0217000581518247,0.0203222494673572,0.0120606985282252,,,,,honest,103,8,1.0,0.2,0.0,0,True,1.0,0.9966777408637874,87.93018099258548,62.83919910176337,0.4418604651162791,0.9102990033222592,13.225261986334138,1.921669687609892
1.2559359620381656,0.0073124696942438,0.9947187296514428,0.3638531992506247,0.0207916478242385,0.0202017914285256,0.0122044791949982,,,,,honest,103,8,0.5,0.1,0.0,0,True,1.0,0.9966777408637874,80.85888572787249,58.38025219806696,0.6013289036544851,0.9634551495016612,8.53870242708704,1.8078329907793889
0.0,0.0100081303106554,0.909662832825592,0.4896550807999349,0.0040262519198223,0.0186536147805899,0.0109928470338997,,,,,honest,103,8,0.25,0.05,0.0,0,True,1.0,0.8903654485049833,102.8121096854145,74.21427821636098,1.0,0.5780730897009967,9.83208459414482,0.2057679653439663
0.0,0.008420858557019,0.9901804553682294,0.476555798356231,0.0063580838591351,0.0195551926252243,0.0117360605380047,,,,,honest,103,9,1.0,0.2,0.0,0,True,1.0,0.9800664451827242,115.41227961945344,88.27832258601393,1.0,0.867109634551495,8.418559350623378,0.0029092748959556
3.5002582129900475,0.0074464534758377,0.99417013594864,0.4809909194854686,0.0227003033473648,0.0191036224327473,0.0118382195052077,,,,,honest,103,9,0.5,0.1,0.0,0,True,1.0,0.9966777408637874,98.72072152491089,73.98888006634888,0.6046511627906976,0.9534883720930232,11.572060999962176,4.136212277887125
3.68152139862832,0.0085054261767729,0.988951508443704,0.1633134904063729,0.0236875899542093,0.019948406805362,0.0113575658941741,,,,,honest,103,9,0.25,0.05,0.0,0,True,1.0,0.946843853820598,78.26900680002692,56.742258245794346,0.3654485049833887,0.7641196013289037,16.23156798901244,0.9295408806044634
0.9656155680168012,0.0110457939081757,0.7956171522671889,0.4786913619264784,0.0203881550000705,0.0193120553300532,0.011921147695632,,,,,honest,104,0,1.0,0.2,0.0,0,True,1.0,0.8504983388704319,114.51654894604808,86.86573045867772,0.6910299003322259,0.5282392026578073,8.585949899705499,2.093106695252118
0.2876944623340023,0.009987178939182,0.9112964227839516,0.4749407624903952,0.0175648591548351,0.0196153134077383,0.0118321863102196,,,,,honest,104,0,0.5,0.1,0.0,0,True,1.0,0.8870431893687708,79.60976120357232,59.74218050898662,0.7475083056478405,0.6112956810631229,6.899503252879373,1.005055459216237
0.2208269802436007,0.0084883543096928,0.989393533731292,0.3231763812010255,0.0133481707998404,0.020410407694712,0.0114923186032173,,,,,honest,104,0,0.25,0.05,0.0,0,True,1.0,0.9235880398671096,69.88988610682763,50.211258210673805,0.5182724252491694,0.7009966777408638,14.083796049053838,0.3810146423263632
0.3852737493325548,0.009359262759495,0.9561688832538404,0.4388287333981612,0.017822786325098,0.0198987698620387,0.0120550920122611,,,,,honest,104,1,1.0,0.2,0.0,0,True,1.0,0.8637873754152824,95.46331637047996,69.28451933303995,0.7641196013289037,0.584717607973422,5.892465057998655,1.3562350615793548
4.669856218636596,0.0083860728459036,0.9903228847118288,0.2195596186260864,0.024271930381203,0.0198975981678361,0.011667130318518,,,,,honest,104,1,0.5,0.1,0.0,0,True,1.0,0.9368770764119602,82.26569252320519,57.48009558888862,0.5249169435215947,0.7574750830564784,14.450658120605668,4.906107597864775
6.27933829059748,0.0079770346668647,0.991997682710193,0.4503281884309897,0.0260736132710376,0.0202551611167564,0.0128730230409729,,,,,honest,104,1,0.25,0.05,0.0,0,True,1.0,0.9833887043189368,109.15737285151484,83.72523909480196,0.5647840531561462,0.9169435215946844,17.914207949140753,7.2199286347834
1.108796402052576,0.0076338015631945,0.9934030432473188,0.4954604024492223,0.0206378315063212,0.0197494028568591,0.0121716902292836,,,,,honest,104,2,1.0,0.2,0.0,0,True,1.0,0.9867109634551496,95.96881231588756,69.39965835535622,0.7308970099667774,0.9136212624584718,7.589393923082686,2.322763911955008
5.665249335369026,0.0112637390160198,0.7651533196305382,0.4734239189581585,0.0255902131930915,0.0197879656678565,0.0126525709978035,,,,,honest,104,2,0.5,0.1,0.0,0,True,1.0,0.8970099667774086,128.52719050630336,98.85953952677072,0.5481727574750831,0.6677740863787376,18.269141957707124,6.281709334317156
3.1998586556551345,0.0115978691595672,0.7184494276617186,0.4147532932162531,0.0241866406343108,0.0202465674086748,0.0128450928672867,,,,,honest,104,2,0.25,0.05,0.0,0,True,1.0,0.8604651162790697,105.68235493686832,80.09662124314309,0.6079734219269103,0.5282392026578073,13.044649930955964,4.137121488867024
15.975680137846666,0.0106383034221354,0.8426273562473694,0.351322757638178,0.0283101470173858,0.020123460433453,0.0128311896964148,,,,,honest,104,3,1.0,0.2,0.0,0,True,1.0,0.8039867109634552,92.41413318624396,69.96898519828665,0.5049833887043189,0.4584717607973422,29.815354495689803,16.09057855267656
2.1542943424460645,0.0074931260542145,0.9939790360835186,0.3289089480235707,0.0220847511192764,0.0196662973639566,0.0119961483915533,,,,,honest,104,3,0.5,0.1,0.0,0,True,1.0,0.9900332225913622,90.2966421819699,66.48134418095424,0.5880398671096345,0.9235880398671096,12.678062266034932,2.886784207621986
0.0,0.0091813675575281,0.9645123989795156,0.4344575496829651,0.0104665858446032,0.0194065777656764,0.0116174957224764,,,,,honest,104,3,0.25,0.05,0.0,0,True,1.0,0.9601328903654484,83.61557294345485,60.96244906367156,1.0,0.7242524916943521,8.502908037894418,0.2230831692190804
2.06417406265291,0.0087564862277189,0.9824510541758462,0.3329999222519277,0.0224284895469297,0.0206745263515392,0.0126183160252626,,,,,honest,104,4,1.0,0.2,0.0,0,True,1.0,0.9634551495016612,88.7248183409664,67.56717290215329,0.5880398671096345,0.7441860465116279,9.680873434239473,2.596230062661561
1.9978820587712107,0.0069790749182577,0.9960838073681452,0.4247052900077576,0.0235338682934442,0.0200691395187697,0.0126380562626482,,,,,honest,104,4,0.5,0.1,0.0,0,True,1.0,0.9966777408637874,109.29649510175132,83.38067549406196,0.6910299003322259,0.9700996677740864,13.559491093915746,3.4777272524790988
0.0,0.0080980327103901,0.9915022588317218,0.2473798909128754,0.0105642868522492,0.0200330777373259,0.0117576156350503,,,,,honest,104,4,0.25,0.05,0.0,0,True,1.0,0.9833887043189368,93.60716604011436,71.46773426002392,1.0,0.9368770764119602,6.637089246171039,0.0
0.1991094734366925,0.0100805066484262,0.9040196099580642,0.4033917499307986,0.0148972486190745,0.0200347505391711,0.0120115799319094,,,,,honest,104,5,1.0,0.2,0.0,0,True,1.0,0.9368770764119602,86.27666274351259,64.38450356094654,0.6810631229235881,0.6976744186046512,5.577172666421325,0.8207476951492936
1.9903412192948051,0.0100141069274166,0.9091968327292068,0.3622822916195332,0.0205579310390464,0.0193874068972379,0.0117463888940406,,,,,honest,104,5,0.5,0.1,0.0,0,True,1.0,0.9302325581395348,87.39775459809309,65.71168707674906,0.6943521594684385,0.6943521594684385,9.216549512637403,3.2195178058241254
4.262181528526526,0.0104828784236362,0.8602416800570778,0.2891074736660086,0.0238402780964667,0.0204449789899327,0.012602305608204,,,,,honest,104,5,0.25,0.05,0.0,0,True,1.0,0.8837209302325582,100.66412081970104,76.49511428478309,0.6345514950166113,0.5647840531561462,14.375548892337246,5.656686350076143
2.382576718265682,0.0089736367994029,0.9742552409896494,0.1574877837315324,0.0238004046729789,0.0203526483013792,0.0120825714945577,,,,,honest,104,6,1.0,0.2,0.0,0,True,1.0,0.8770764119601329,63.32786884541343,45.15785609109935,0.5282392026578073,0.5913621262458472,11.387577973196017,2.596214643618396
0.6648723949820123,0.0083402676645909,0.9905104330383876,0.3656899082083145,0.0188001786584305,0.0199825722102435,0.0120798390905956,,,,,honest,104,6,0.5,0.1,0.0,0,True,1.0,0.9534883720930232,83.66152333712877,59.71617201626441,0.6046511627906976,0.7674418604651163,7.712897796654011,1.0653545198854315
0.0,0.0087333772158751,0.98304939339429,0.4880577823479033,0.0018841880457986,0.0195868310586273,0.0113366830188448,,,,,honest,104,6,0.25,0.05,0.0,0,True,1.0,0.8970099667774086,58.48445782294957,39.71466408698143,1.0,0.6744186046511628,8.749008135622196,0.0038436197296505
0.036834979339801,0.0103116818318635,0.8796433994183117,0.216576518004265,0.0131472770918064,0.0206276173545867,0.0120989648210264,,,,,honest,104,7,1.0,0.2,0.0,0,True,1.0,0.8604651162790697,105.1012098201306,79.98778804063613,0.4883720930232558,0.5448504983388704,5.463717556698657,0.0135875418525301
0.0126697659998171,0.0087970606538563,0.9814004999337144,0.4575004649330386,0.0142358236129537,0.0198067860276662,0.0119789840757887,,,,,honest,104,7,0.5,0.1,0.0,0,True,1.0,0.9435215946843852,75.60478724438099,56.35610422753871,0.7873754152823921,0.7574750830564784,5.470390694441767,0.6239062738927714
1.2337020547579414,0.0088430359321783,0.9802101066670124,0.4624989090900538,0.0214470485370088,0.0199880153798029,0.0125077612901434,,,,,honest,104,7,0.25,0.05,0.0,0,True,1.0,0.9667774086378738,108.63868660509075,83.0165468191858,0.6943521594684385,0.8073089700996677,8.461612697783474,2.238187815991296
0.0,0.0081436930795615,0.9913153034353512,0.4584356011050149,0.0079975215371801,0.0207632188707678,0.0122911007706323,,,,,honest,104,8,1.0,0.2,0.0,0,True,1.0,0.9401993355481728,75.05404048331184,52.61835081307436,1.0,0.7541528239202658,6.2292806590337975,0.2085222859411715
0.0385031070559307,0.0085249271067962,0.988446589786516,0.4242221655783337,0.0100868178224492,0.0200440192288438,0.0116896412383676,,,,,honest,104,8,0.5,0.1,0.0,0,True,1.0,0.9634551495016612,78.36780631940947,57.12547779513261,0.7441860465116279,0.8305647840531561,12.432863608753406,0.6685588391139845
0.0,0.0086855554094396,0.9842875970215468,0.2208341144855342,0.0089514639354298,0.0207292178889696,0.0123684550763978,,,,,honest,104,8,0.25,0.05,0.0,0,True,1.0,0.946843853820598,80.78389564802075,60.553805519692105,1.0,0.7508305647840532,5.08920860707233,0.2024840829383265
2.120596463952097,0.0079199060072314,0.9922315947744113,0.4420694582429492,0.022706570134473,0.0197313121233552,0.0123754118068178,,,,,honest,104,9,1.0,0.2,0.0,0,True,1.0,0.9933554817275748,112.3642469730042,83.84927955334297,0.6345514950166113,0.9501661129568106,9.84886096078117,3.028752445152577
0.0,0.0085627787423141,0.9874665341196728,0.4804556057767181,0.0032770262516054,0.0203236052786277,0.0118068468570689,,,,,honest,104,9,0.5,0.1,0.0,0,True,1.0,0.9700996677740864,86.83285852515334,64.81374851370401,1.0,0.8438538205980066,8.361116080301102,0.1269694789373261
0.0074442035333959,0.0077173137797496,0.9930611042785557,0.167505612475829,0.0126179780471699,0.0201320079620171,0.0119294960217968,,,,,honest,104,9,0.25,0.05,0.0,0,True,1.0,0.9900332225913622,97.27754739689972,70.03167134728255,0.7342192691029901,0.9368770764119602,5.047842250104124,0.3154887451064496
0.0,0.00776389398901,0.992870382616788,0.4259861520468341,0.0105161978705053,0.0207332081936217,0.0124494210203181,,,,,honest,105,0,1.0,0.2,0.0,0,True,1.0,0.9966777408637874,89.03423736934292,68.64212068426241,1.0,0.9401993355481728,4.981315744568657,0.3407694864106361
1.1903435054618967,0.0091345011379437,0.9667104948499212,0.3759990377598871,0.0214266691358268,0.0205568688737242,0.0126140270606893,,,,,honest,105,0,0.5,0.1,0.0,0,True,1.0,0.9667774086378738,107.2865505906229,80.955055192479,0.6179401993355482,0.8039867109634552,9.995522892639723,1.9754453892405763
1.5653646885966737,0.0139416550647238,0.385511072959213,0.2346327911411471,0.0191860427099851,0.0200077259691608,0.0119316496098815,,,,,honest,105,0,0.25,0.05,0.0,0,True,1.0,0.770764119601329,150.79468349358817,119.68887507779256,0.4883720930232558,0.3754152823920266,9.57684832611917,1.344038979427296
4.433069378940672,0.0077893949788792,0.9927659693639967,0.4262270253785647,0.0238430955199565,0.0193731484724994,0.0122949804473458,,,,,honest,105,1,1.0,0.2,0.0,0,True,1.0,0.9501661129568106,76.29305691252623,52.26409732085267,0.5913621262458472,0.8538205980066446,15.931719672221249,5.36710738450688
0.185624801385984,0.0104224872225147,0.8670858182721761,0.4740112987044939,0.0184725153393707,0.0198600945417223,0.0121706243776969,,,,,honest,105,1,0.5,0.1,0.0,0,True,1.0,0.946843853820598,115.91623105508896,88.15287609328925,0.7475083056478405,0.7475083056478405,8.261472683494663,1.3231174709442255
0.0291791470053794,0.0070170434733547,0.9959283459385384,0.4683448601819666,0.0143452993436199,0.0195091437273918,0.0117302125958963,,,,,honest,105,1,0.25,0.05,0.0,0,True,1.0,0.9966777408637874,65.85430283641908,48.93049040455935,0.8073089700996677,0.9501661129568106,4.881931008646394,0.684554458263392
0.0355872164991524,0.0093863251396175,0.9548996225226356,0.4043742282925883,0.0162548726343942,0.0199086489333971,0.0119968492358635,,,,,honest,105,2,1.0,0.2,0.0,0,True,1.0,0.9335548172757476,91.24964527152189,64.75076670121143,0.7906976744186046,0.7541528239202658,5.859937073285983,0.7046294638298605
0.0,0.0100133821661088,0.9092533427670444,0.2167942866931327,0.0055769842046113,0.0197127038318691,0.0116969249898582,,,,,honest,105,2,0.5,0.1,0.0,0,True,1.0,0.8803986710963455,74.99140165905929,54.350721101819545,1.0,0.6511627906976745,6.431092475882385,0.1600535622087591
5.970402572613239,0.0075993975755691,0.9935439096323252,0.1826679349688606,0.0259423161912847,0.0203357238771545,0.0120226262938554,,,,,honest,105,2,0.25,0.05,0.0,0,True,1.0,0.9767441860465116,60.85357859180158,43.95293466912062,0.5149501661129569,0.8504983388704319,16.86518249984143,6.206740745035859
4.411916546111115,0.0075160071105628,0.9938853500919992,0.3761365529702711,0.0258876550103003,0.0208679341444507,0.0130665011028256,,,,,honest,105,3,1.0,0.2,0.0,0,True,1.0,0.9900332225913622,82.33729544934164,60.97060800015242,0.5813953488372093,0.920265780730897,17.03681524775275,5.674293114774173
1.009982464118366,0.0085102778729721,0.9888258881821564,0.240743994982089,0.0170541103165932,0.0202961134276183,0.0119288027304814,,,,,honest,105,3,0.5,0.1,0.0,0,True,1.0,0.973421926910299,83.87590137357911,64.22033199722637,0.3421926910299003,0.8039867109634552,13.425728094982066,0.1663053601625961
3.061758001518683,0.008289154652389,0.990719714163996,0.2507109547003802,0.0219210503953233,0.0194042420702223,0.0117752514212326,,,,,honest,105,3,0.25,0.05,0.0,0,True,1.0,0.9634551495016612,76.32178636205413,56.75441385935619,0.5647840531561462,0.7408637873754153,12.672707894936485,3.8706372486515193
0.4387173641225672,0.0096323046427278,0.938966166881694,0.2543810488290162,0.0170475059207646,0.019502414188123,0.0115461772160145,,,,,honest,105,4,1.0,0.2,0.0,0,True,1.0,0.8305647840531561,77.86494993666079,55.29414986698248,0.5049833887043189,0.5514950166112956,6.742579569941451,0.4716176088281827
5.711858135624425,0.0100606037759436,0.9055714478733586,0.3743101820976385,0.02582641152883,0.0200182306875272,0.0126215119217673,,,,,honest,105,4,0.5,0.1,0.0,0,True,1.0,0.8770764119601329,93.08318178680402,69.79442158113716,0.5614617940199336,0.6511627906976745,18.777113125439,6.594858120430217
1.1472211777422672,0.0093199526215385,0.9580125797144108,0.2437602354317598,0.018708340375438,0.0197675126048271,0.0117933898601528,,,,,honest,105,4,0.25,0.05,0.0,0,True,1.0,0.8504983388704319,53.53264536640419,36.5185172094516,0.5049833887043189,0.6411960132890365,8.751468297870138,1.1562423363959624
0.0050196377451356,0.0068651402910667,0.996550310240841,0.3874227627611674,0.0150640212955013,0.0199509953098718,0.0120329722428928,,,,,honest,105,5,1.0,0.2,0.0,0,True,1.0,0.9933554817275748,71.98086756452572,51.62182381060302,0.8272425249169435,0.9534883720930232,6.062833219750748,0.7557023654931072
0.1375314462584356,0.0087850527412663,0.9817114091618048,0.4626809469979819,0.017269969747202,0.0200748144353831,0.0121626185537205,,,,,honest,105,5,0.5,0.1,0.0,0,True,1.0,0.9368770764119602,99.70631856846458,74.58821769744054,0.7641196013289037,0.7840531561461794,5.432213876608197,0.8345858213770043
3.9870838065326097,0.0113048287758197,0.7594098937835193,0.294532001997688,0.0241192127251075,0.0203252679216017,0.0123828289589452,,,,,honest,105,5,0.25,0.05,0.0,0,True,1.0,0.8272425249169435,97.41230988870682,74.85497206636683,0.5415282392026578,0.5548172757475083,15.439130063566704,4.656687448494722
1.2935637858299742,0.0103314958076539,0.8773978804290891,0.4414858621994814,0.0205427406137273,0.0198007349686859,0.0120735483706904,,,,,honest,105,6,1.0,0.2,0.0,0,True,1.0,0.8239202657807309,71.75572579811742,51.82650902521891,0.7574750830564784,0.6644518272425249,7.656024023838996,2.56895984540256
1.1444909923161504,0.0064087016679036,0.998419188334924,0.4816929980503232,0.0216662610024994,0.0203716715538947,0.0126459024018095,,,,,honest,105,6,0.5,0.1,0.0,0,True,1.0,1.0,94.44437747909195,71.38569571356493,0.7109634551495017,0.9966777408637874,7.748975361947855,2.17954944414646
0.0,0.0114784849499466,0.7351366596776899,0.4893737476437732,0.0187543759458948,0.0204622902692415,0.0129107948478045,,,,,honest,105,6,0.25,0.05,0.0,0,True,1.0,0.8637873754152824,104.3430259114116,79.80320746964799,1.0,0.521594684385382,8.867657373066805,1.1144971006544893
0.0,0.0075578895093929,0.9937138635136749,0.4939199992092223,0.0011696300564845,0.0204139700842762,0.011956086456462,,,,,honest,105,7,1.0,0.2,0.0,0,True,1.0,0.9800664451827242,71.0482206567854,51.249080793329085,1.0,0.8770764119601329,4.447267009086432,0.0698227093341756
2.9596285151574198,0.0076402286768248,0.9933767275692356,0.4434987645786505,0.0242048798067299,0.021018041106713,0.0130692631987135,,,,,honest,105,7,0.5,0.1,0.0,0,True,1.0,0.9634551495016612,64.0491371993127,46.1319168217351,0.627906976744186,0.8704318936877077,10.66515591460096,3.973262123982295
0.0,0.0123733842402339,0.6039350510618524,0.4281662166527999,0.0108860929843896,0.0203754781342796,0.0124298941984982,,,,,honest,105,7,0.25,0.05,0.0,0,True,1.0,0.7441860465116279,112.5952995025106,86.29683704409854,1.0,0.3720930232558139,5.857631753486203,0.8757049303712847
9.812800994013742,0.0080423385438057,0.9917302973951028,0.4452539133640455,0.0264110962618493,0.0194803424567165,0.0126457203628886,,,,,honest,105,8,1.0,0.2,0.0,0,True,1.0,0.9667774086378738,92.2958527530077,69.34163549345203,0.5714285714285714,0.8903654485049833,22.758957303943067,11.29320158090809
0.3796938442892497,0.0079230150661076,0.992218864799926,0.3870625610397809,0.0184137950274581,0.0204315958268851,0.012604854698619,,,,,honest,105,8,0.5,0.1,0.0,0,True,1.0,0.9933554817275748,109.69174547962452,82.43782341926226,0.6744186046511628,0.9435215946843852,7.501257152956601,1.085097679163482
0.8471188070348035,0.008086456334393,0.9915496580534612,0.3924957333468966,0.020561355881445,0.0199097016614193,0.012387308657647,,,,,honest,105,8,0.25,0.05,0.0,0,True,1.0,0.9833887043189368,108.2729390088026,83.82434686308034,0.7209302325581395,0.9169435215946844,10.582481764091971,2.3094405740894217
2.012663193620938,0.0083079265027477,0.9906428532277374,0.3920486358015958,0.0213483005975964,0.0193793123710897,0.0119515323118201,,,,,honest,105,9,1.0,0.2,0.0,0,True,1.0,0.9700996677740864,69.6110246527921,50.462450474668,0.7009966777408638,0.760797342192691,9.59187388626199,3.2565792359851
3.916913281988855,0.0105824081867845,0.8489619664091665,0.3076729579349244,0.0236316003221719,0.0195270465805968,0.0118740479283571,,,,,honest,105,9,0.5,0.1,0.0,0,True,1.0,0.8438538205980066,79.64438592558159,57.50038807910278,0.6345514950166113,0.5348837209302325,16.385933055896817,5.159704460352032
0.0811784119205185,0.0067516310583424,0.9970150713450712,0.3589995740480478,0.0171961461671599,0.0201654718857455,0.0121735385990743,,,,,honest,105,9,0.25,0.05,0.0,0,True,1.0,1.0,81.1364963558216,60.05289321494684,0.6910299003322259,0.9833887043189368,8.670433614442596,0.8094544515672624
0.2317249347356664,0.0076968607323405,0.993144848839862,0.3803742576901316,0.0132187140966558,0.0224728008190538,0.0131782168938269,0.6611295681063123,0.7940199335548173,5.108128516811713,0.626911671547532,gated_dt1.95,0,0,1.0,0.2,0.095,76,True,,,,,,,,
0.0,0.0084019007436813,0.9902580777258928,0.4906514375455796,0.0005477119556968,0.0204894112496677,0.0121973899142464,1.0,0.5481727574750831,4.842282922672761,0.5409018521318103,gated_dt1.95,0,0,0.5,0.1,0.00875,7,True,,,,,,,,
0.1447664014790461,0.0066083552302342,0.9976017111318348,0.3714871727817371,0.0155966425381833,0.0197806377735398,0.0117826501708549,0.6744186046511628,0.956810631229236,6.115080826446442,0.5137835590414852,gated_dt1.95,0,0,0.25,0.05,0.0,0,True,,,,,,,,
1.4055445288163355,0.0103740101980548,0.8725797221770367,0.3329018414192443,0.0228974424745769,0.023299633498208,0.0138171925283439,0.3820598006644518,0.1694352159468438,5.513709582396178,0.7174648678651465,gated_dt1.95,0,1,1.0,0.2,0.0975,78,True,,,,,,,,
0.0,0.008465909866757,0.98997466591191,0.401405718058758,0.0109452581973884,0.0205558872736711,0.012340482170969,1.0,0.5548172757475083,5.227014771179804,0.6244885954558868,gated_dt1.95,0,1,0.5,0.1,0.01125,9,True,,,,,,,,
0.0285284690212392,0.0081397302523519,0.9913315291458564,0.2539418514597866,0.014006901014683,0.019961719519761,0.0121460438976135,0.760797342192691,0.6445182724252492,4.995375430973514,0.606292797649985,gated_dt1.95,0,1,0.25,0.05,0.0,0,True,,,,,,,,
3.505097059560285,0.0094647021057054,0.9512236411479013,0.3582752763288326,0.0246170708259394,0.0213683916173733,0.0133626725673822,0.1129568106312292,0.3421926910299003,4.7134025618128845,0.663238143764147,gated_dt1.95,0,2,1.0,0.2,0.09375,75,True,,,,,,,,
0.6219683192566663,0.0091684501103824,0.965118244006272,0.4130623782553546,0.0189235276414367,0.0209417504136378,0.0126129066558198,0.5083056478405316,0.3986710963455149,5.571837604657163,0.6461794787292092,gated_dt1.95,0,2,0.5,0.1,0.00625,5,True,,,,,,,,
7.977236751793498,0.0069286312266129,0.9962903479751744,0.3838685765294362,0.025238233159233,0.0193858551970973,0.012179589331326,0.0199335548172757,0.920265780730897,5.125692200906042,0.4981200759891635,gated_dt1.95,0,2,0.25,0.05,0.0,0,True,,,,,,,,
3.225454455300678,0.0085723453782247,0.9872188344996038,0.2624859109154435,0.0265466095532472,0.0228061474600957,0.0140167088978109,0.1262458471760797,0.5182724252491694,5.007944207697051,0.6152215644160606,gated_dt1.95,0,3,1.0,0.2,0.10625,85,True,,,,,,,,
0.6700143921652852,0.0087157283712908,0.9835063578004896,0.3820408924722914,0.0193618748003982,0.0198617045442477,0.0121516148563101,0.4916943521594684,0.4950166112956811,6.557335348531412,0.6510548792293775,gated_dt1.95,0,3,0.5,0.1,0.005,4,True,,,,,,,,
0.0,0.0067317335968371,0.997096541071882,0.2817136771562487,0.0108260069200789,0.0201156419523059,0.0118235464027412,1.0,0.9667774086378738,4.77412327502207,0.5587284621274193,gated_dt1.95,0,3,0.25,0.05,0.0,0,True,,,,,,,,
0.903465101842812,0.0086848127705978,0.9843068254484127,0.4977845994524159,0.0224217380196133,0.0224171214404824,0.0136186114159629,0.4651162790697674,0.5548172757475083,4.886920239989309,0.6458162682829425,gated_dt1.95,0,4,1.0,0.2,0.11375,91,True,,,,,,,,
0.0,0.0076227461776393,0.9934483092849352,0.4643926202258343,0.0065425523396069,0.0203558735136057,0.0120125935164708,1.0,0.7840531561461794,5.272764971138765,0.4732100724002066,gated_dt1.95,0,4,0.5,0.1,0.00625,5,True,,,,,,,,
0.5984362078384038,0.0078156159549847,0.992658608143096,0.3681060296024195,0.0177071521334978,0.0195884245593215,0.011838409231934,0.4817275747508305,0.717607973421927,5.113338517108628,0.5087585547300932,gated_dt1.95,0,4,0.25,0.05,0.0,0,True,,,,,,,,
9.029722963528457,0.010400711096223,0.8695537078879179,0.0435355643208867,0.0408668807547987,0.0226333116485075,0.0134231914022405,0.0132890365448504,0.1893687707641196,6.017919678964793,0.6350287455245507,gated_dt1.95,0,5,1.0,0.2,0.10875,87,False,,,,,,,,
2.183128644572662,0.0086993462870961,0.9839305232091988,0.2330112867428569,0.0206677868122672,0.0205378013644832,0.0122411123909165,0.2491694352159468,0.4651162790697674,4.867289001646464,0.5786417593847091,gated_dt1.95,0,5,0.5,0.1,0.00375,3,True,,,,,,,,
7.09720924177509,0.0082169563376631,0.9910153286058369,0.1801151751521192,0.0267254678324667,0.0197925280298952,0.0115903977316209,0.0166112956810631,0.627906976744186,4.668747293963816,0.5507312281313261,gated_dt1.95,0,5,0.25,0.05,0.0,0,True,,,,,,,,
0.181722948976585,0.0146556498613493,0.3014736810004136,0.312215087183985,0.0162659580564644,0.0221173747021087,0.0134446284143628,0.6578073089700996,0.0066445182724252,5.764291322507531,0.6248913139911565,gated_dt1.95,0,6,1.0,0.2,0.095,76,True,,,,,,,,
0.1474566921033329,0.0067966075767075,0.996830915961072,0.4432854584101098,0.0181650465659086,0.0201991958577431,0.0124330447759127,0.7209302325581395,0.9169435215946844,4.6467141759928845,0.7979640921741975,gated_dt1.95,0,6,0.5,0.1,0.00125,1,True,,,,,,,,
0.4444184243143354,0.0070383689905855,0.995841029068372,0.496127668682659,0.0182576409355481,0.0189616859296578,0.0115575203144833,0.5382059800664452,0.9302325581395348,5.418904002036857,0.5222783102667563,gated_dt1.95,0,6,0.25,0.05,0.0,0,True,,,,,,,,
0.3495100593104325,0.0079112502178066,0.9922670357174472,0.4113493485628822,0.0202164663670732,0.0216939352782952,0.0133746085632624,0.6112956810631229,0.7009966777408638,5.130149819411852,0.6906919964681038,gated_dt1.95,0,7,1.0,0.2,0.1025,82,True,,,,,,,,
0.0,0.0075186733718837,0.9938744331425496,0.4582334994021597,0.0074247938696682,0.0197861474302593,0.0115325994404981,1.0,0.8372093023255814,5.893250434362632,0.5589260484414353,gated_dt1.95,0,7,0.5,0.1,0.005,4,True,,,,,,,,
0.0046845093884257,0.0071316881228184,0.995458935894967,0.4078398682445043,0.0063231691969504,0.0191034597373913,0.0116047914316918,0.8272425249169435,0.8538205980066446,5.264619722093221,0.6976835145453606,gated_dt1.95,0,7,0.25,0.05,0.0,0,True,,,,,,,,
1.0777391132523917,0.0123745840986678,0.6037559367039647,0.4424092991855635,0.0225719899163907,0.0220708028291006,0.0136535068799737,0.3986710963455149,0.0431893687707641,5.270509432045742,0.7176933715415998,gated_dt1.95,0,8,1.0,0.2,0.09125,73,True,,,,,,,,
2.1727845529158003,0.0100872199622549,0.9034961691860894,0.2859718700959952,0.0205400636953755,0.02011878501039,0.0121082075106778,0.2126245847176079,0.2325581395348837,4.970925188758797,0.7775379196359609,gated_dt1.95,0,8,0.5,0.1,0.005,4,True,,,,,,,,
0.0024306394316226,0.0084736402534096,0.9897745105119616,0.4118856876447055,0.0097329205656897,0.0199029871274144,0.011985550487449,0.7840531561461794,0.5481727574750831,5.372589089009399,0.6620657445223515,gated_dt1.95,0,8,0.25,0.05,0.0,0,True,,,,,,,,
2.5888948238070952,0.0077283603070849,0.9930158745107288,0.356021663530788,0.0252757318840231,0.0217624890712779,0.0131711839774051,0.1694352159468438,0.7508305647840532,5.095972130095629,0.6812255149520752,gated_dt1.95,0,9,1.0,0.2,0.115,92,True,,,,,,,,
0.0,0.0141977549041953,0.355368048539471,0.1613226811425817,0.0127185655186816,0.0204662938516116,0.0121225632603018,1.0,0.0099667774086378,5.771091107594272,0.6305118965760812,gated_dt1.95,0,9,0.5,0.1,0.0075,6,True,,,,,,,,
1.315891962347905,0.0099241511431501,0.9162107347098096,0.4812232097653425,0.0224772123695185,0.0209725867934613,0.0130340523310624,0.3421926910299003,0.2458471760797342,6.570686563689131,0.6983794471066176,gated_dt1.95,0,9,0.25,0.05,0.0,0,True,,,,,,,,
4.96409639993999,0.0065975817115363,0.997645823071686,0.0995670682366356,0.0315776836358581,0.0235622043470356,0.0138471908794397,0.0730897009966777,0.9601328903654484,5.622180316892994,0.7308886917605832,gated_dt1.95,1,0,1.0,0.2,0.08625,69,True,,,,,,,,
0.432214897015001,0.0086221654070508,0.985928892839082,0.2253741251493352,0.0169881995892471,0.0191332542166711,0.0114218891910306,0.6112956810631229,0.521594684385382,4.931383873108598,0.7816745101210927,gated_dt1.95,1,0,0.5,0.1,0.00375,3,True,,,,,,,,
0.9967730462103646,0.0104364844986263,0.8654995061842633,0.3349358769967828,0.0184703294164496,0.0191321446932895,0.0119487212560222,0.4152823920265781,0.1860465116279069,6.407200085150203,0.6394792185524238,gated_dt1.95,1,0,0.25,0.05,0.0,0,True,,,,,,,,
0.142218585539922,0.0092594925591099,0.9608482350669454,0.3873199530406504,0.0151509470189936,0.0213864070361961,0.0130710203944422,0.717607973421927,0.335548172757475,5.059637115501303,0.7306700498113514,gated_dt1.95,1,1,1.0,0.2,0.08875,71,True,,,,,,,,
0.9695856880953216,0.0085764652698171,0.9871121621445876,0.2766505546710261,0.0167754618157566,0.0200383710221274,0.0119713445179936,0.3953488372093023,0.4983388704318937,4.906186895089968,0.490861545760481,gated_dt1.95,1,1,0.5,0.1,0.005,4,True,,,,,,,,
2.67921154772921e-05,0.0100011978895625,0.9102033575114752,0.4743452938091271,0.0021746570144937,0.0192303891905707,0.0112513305772378,0.7840531561461794,0.2159468438538206,5.31359767112199,0.5609324689216919,gated_dt1.95,1,1,0.25,0.05,0.0,0,True,,,,,,,,
7.418021478441915,0.0093830115485012,0.9550550342441554,0.317319220280968,0.028343164027754,0.0225465731181097,0.0141941962958328,0.0166112956810631,0.3687707641196013,4.619322841228951,0.5700852738855247,gated_dt1.95,1,2,1.0,0.2,0.10625,85,True,,,,,,,,
0.9089809768843224,0.0098279064493953,0.9237149864225198,0.45667247092442,0.02151139609978,0.0205773923584549,0.0127452596366386,0.4318936877076412,0.2624584717607973,4.816127214627591,0.6037974896091782,gated_dt1.95,1,2,0.5,0.1,0.005,4,True,,,,,,,,
0.0,0.0078277349082901,0.9926089873502744,0.4737842258244502,0.0107891897559989,0.0199284438827325,0.0116072930357746,1.0,0.6511627906976745,5.363035748579934,0.7558909426825267,gated_dt1.95,1,2,0.25,0.05,0.0,0,True,,,,,,,,
0.8032218181051576,0.0069434985842105,0.9962294739002804,0.4601664713138009,0.0225300161059953,0.0218058590357347,0.0135051852930472,0.4784053156146179,0.9235880398671096,5.17775136227215,0.694294998284704,gated_dt1.95,1,3,1.0,0.2,0.10375,83,True,,,,,,,,
5.919537759288232,0.0083943741492486,0.9902888952043984,0.2599833892916469,0.0251843343186134,0.0201259656930329,0.0122827906207395,0.0365448504983388,0.5681063122923588,5.233292004905116,0.6271810999953686,gated_dt1.95,1,3,0.5,0.1,0.00125,1,True,,,,,,,,
5.656647494859044,0.0110176722225397,0.7995479325134085,0.3632462120106653,0.026235831279952,0.0208038849475213,0.0130685505631871,0.0398671096345514,0.0930232558139534,4.179817529742858,0.6263212281171491,gated_dt1.95,1,3,0.25,0.05,0.0,0,True,,,,,,,,
3.837058799408624,0.0084301782704605,0.9901422960026324,0.3027529053157109,0.026038672371058,0.0223382622642659,0.0136488588281835,0.1262458471760797,0.574750830564784,5.756679905479747,0.727327168249758,gated_dt1.95,1,4,1.0,0.2,0.095,76,True,,,,,,,,
0.3555740627557497,0.0102219956859815,0.8898075353685442,0.3616527726876303,0.0127422673105122,0.0203989487822277,0.0120777609622569,0.6578073089700996,0.1893687707641196,4.952103105797346,0.714718508041642,gated_dt1.95,1,4,0.5,0.1,0.0025,2,True,,,,,,,,
0.0,0.0071360335142737,0.9954411437834126,0.4730786213830465,0.0080032763178927,0.0186369271621351,0.0109846479541754,1.0,0.8903654485049833,7.035560751178675,0.6467605252928479,gated_dt1.95,1,4,0.25,0.05,0.0,0,True,,,,,,,,
9.143987938240116,0.0097268281046995,0.9315961205579008,0.1505168551122287,0.03020198919271,0.0218583121105459,0.013273409080279,0.0099667774086378,0.2425249169435216,5.059089584531787,0.5464344273827919,gated_dt1.95,1,5,1.0,0.2,0.09625,77,True,,,,,,,,
1.0095391189679503e-10,0.0088962083222307,0.977886737003921,0.4999373780516044,0.0001959455861068,0.0195865253869283,0.0119101280132711,0.8338870431893688,0.4584717607973422,5.081099269511675,0.777730695048831,gated_dt1.95,1,5,0.5,0.1,0.00125,1,True,,,,,,,,
1.7543752470533036,0.0089355857661549,0.9760398838061616,0.3601029019886032,0.0218374238993197,0.0202311637931221,0.01247219879452,0.3089700996677741,0.4717607973421927,5.321334744754563,0.6477114891247311,gated_dt1.95,1,5,0.25,0.05,0.0,0,True,,,,,,,,
0.0,0.0120212887708568,0.6564957133299838,0.4574355123048619,0.0033144957389446,0.0239808706379115,0.0144282451123852,1.0,0.0531561461794019,4.981049651048786,0.5800098344166145,gated_dt1.95,1,6,1.0,0.2,0.09625,77,True,,,,,,,,
0.0716881873463535,0.01191838707057,0.6718568354857584,0.46677443706561,0.0156384607249179,0.0200694811117031,0.0123682163179263,0.7441860465116279,0.0365448504983388,5.878544782266183,0.7210167958405691,gated_dt1.95,1,6,0.5,0.1,0.00125,1,True,,,,,,,,
2.7837601872643063,0.0081146125169809,0.9914343731713738,0.0885995876929336,0.0250044828379022,0.0208821347359096,0.0121298888949554,0.1528239202657807,0.6777408637873754,4.825428585671855,0.5861446322576285,gated_dt1.95,1,6,0.25,0.05,0.0,0,True,,,,,,,,
0.8336915222421339,0.0069431934995583,0.9962307230628058,0.4419575999366886,0.0228511757409987,0.0224619217396857,0.0138006836959424,0.4784053156146179,0.9102990033222592,5.112706670349235,0.7271652285494383,gated_dt1.95,1,7,1.0,0.2,0.10875,87,True,,,,,,,,
0.5258673086918861,0.0090958383515569,0.96852382968217,0.4938345019360694,0.0195383579619829,0.0200301711615734,0.0122764276298078,0.4883720930232558,0.3953488372093023,5.39642868164449,0.5046175001143638,gated_dt1.95,1,7,0.5,0.1,0.005,4,True,,,,,,,,
0.0,0.0109516420884476,0.8071166675948438,0.4040831677374135,0.0051306386489312,0.0197072494717725,0.0114720576781647,1.0,0.1063122923588039,4.688389770774599,0.5437350033373605,gated_dt1.95,1,7,0.25,0.05,0.0,0,True,,,,,,,,
0.8584687835605109,0.0088189075918979,0.9808348383674984,0.4870738562353374,0.022293828852628,0.0217449407413574,0.0133184027974579,0.5116279069767442,0.4385382059800664,5.609820428034755,0.8968364407685385,gated_dt1.95,1,8,1.0,0.2,0.10375,83,True,,,,,,,,
0.0,0.009870370712004,0.9204040245088952,0.4853693042405981,0.010856243913759,0.0200846506669241,0.0120143021205081,1.0,0.2458471760797342,6.066434156788161,0.6089333809889013,gated_dt1.95,1,8,0.5,0.1,0.00625,5,True,,,,,,,,
11.237295707512658,0.0087272463353202,0.9832081343350296,0.4657982004346591,0.0273919051324768,0.0198528285969262,0.012982327418999,0.0132890365448504,0.5083056478405316,6.70376831161284,0.7005768884957888,gated_dt1.95,1,8,0.25,0.05,0.0,0,True,,,,,,,,
0.0,0.0097010073830105,0.9336093764310148,0.4970411072505119,0.0014112688247706,0.0219133470936751,0.013375223151733,1.0,0.26578073089701,5.282573415248319,0.6301053492034043,gated_dt1.95,1,9,1.0,0.2,0.10625,85,True,,,,,,,,
1.83164176236005,0.0139305499022785,0.3868181537581026,0.4546523086614233,0.0231812853144722,0.0208621599724904,0.0129967127142368,0.3056478405315614,0.0132890365448504,5.652828523457312,0.7534206912791888,gated_dt1.95,1,9,0.5,0.1,0.005,4,True,,,,,,,,
0.0,0.0075918604753366,0.9935747701266008,0.4958028898951967,0.0009765367027359,0.019540596420481,0.0115104654381984,1.0,0.7873754152823921,4.9141994718470885,0.6333036036694466,gated_dt1.95,1,9,0.25,0.05,0.0,0,True,,,,,,,,
2.319908972956455,0.0089839803656809,0.973770114314248,0.4618130334747555,0.0259364847545074,0.0220847673314319,0.0139451206788781,0.2126245847176079,0.4385382059800664,5.596987116917082,0.7026200491188774,gated_dt1.95,2,0,1.0,0.2,0.11375,91,True,,,,,,,,
2.241792345855174,0.0080467859509257,0.9917120875826104,0.3309605860780882,0.0220688541549386,0.0203698299969414,0.0125263471594669,0.2259136212624584,0.6910299003322259,5.193953479659381,0.6377300115864273,gated_dt1.95,2,0,0.5,0.1,0.00375,3,True,,,,,,,,
1.623774542632873,0.0098385920406496,0.9228818249946734,0.3167033054546887,0.0217249768910635,0.0211714212243288,0.0128108629662917,0.3255813953488372,0.2757475083056478,5.432521438543654,0.6545270166782302,gated_dt1.95,2,0,0.25,0.05,0.0,0,True,,,,,,,,
5.623784223635994,0.008864571981405,0.9793705224251336,0.1997233108163401,0.0279573409465313,0.022570190996116,0.0135887357628089,0.0431893687707641,0.4817275747508305,4.955684855469986,0.4421330252589541,gated_dt1.95,2,1,1.0,0.2,0.10375,83,True,,,,,,,,
0.9501020661300572,0.0095931607070909,0.9420182410749304,0.4607636215842516,0.0214091875211307,0.0204663273246134,0.0125307868300776,0.4551495016611295,0.3056478405315614,4.918164582542727,0.7866092513961576,gated_dt1.95,2,1,0.5,0.1,0.005,4,True,,,,,,,,
0.9985190007337224,0.0080773682770908,0.9915868689079944,0.3553898326486133,0.0210059167747822,0.0204505344492156,0.012455086571221,0.3953488372093023,0.6744186046511628,5.119540657485097,0.5443603663352405,gated_dt1.95,2,1,0.25,0.05,0.0,0,True,,,,,,,,
0.3494829700034643,0.0083837456825026,0.990332413232162,0.4010403879248692,0.0181201946460701,0.0220966529362339,0.0134807928644831,0.5980066445182725,0.6146179401993356,5.549213546924011,0.6188166895281029,gated_dt1.95,2,2,1.0,0.2,0.0875,70,True,,,,,,,,
0.0,0.0087032508068378,0.9838294272685146,0.465915527172099,0.0125215407341179,0.0203396800099206,0.0122699609712265,1.0,0.4916943521594684,5.081537865275437,0.5991975198285218,gated_dt1.95,2,2,0.5,0.1,0.00625,5,True,,,,,,,,
1.100431363122425,0.0093014512006327,0.9588803203536648,0.4705305284791868,0.0216065786890231,0.020574859277161,0.0126753938367615,0.4119601328903654,0.3289036544850498,5.24606112178899,0.7406743814728998,gated_dt1.95,2,2,0.25,0.05,0.0,0,True,,,,,,,,
0.0,0.0095088918483847,0.9485887303414374,0.4990056449126722,0.0035417981718987,0.0213611702591362,0.0128623980275355,1.0,0.3322259136212624,4.956532620647819,0.5490533228964978,gated_dt1.95,2,3,1.0,0.2,0.08875,71,True,,,,,,,,
7.190335949484052,0.0085526583586339,0.9877285713933782,0.4537903785219218,0.0267868994139429,0.0205900436770615,0.0130792971922769,0.0265780730897009,0.5249169435215947,5.253937473902943,0.6773878602998593,gated_dt1.95,2,3,0.5,0.1,0.00375,3,True,,,,,,,,
0.2372715408664589,0.0078896582321824,0.9923554436367008,0.4905288447066568,0.0180634100022232,0.019419151190335,0.0119185544052808,0.6478405315614618,0.7209302325581395,5.87796600769946,0.658649338747864,gated_dt1.95,2,3,0.25,0.05,0.0,0,True,,,,,,,,
3.1096645543684645,0.0077759480367419,0.9928210275784368,0.4530884245392894,0.0253671666917852,0.0214920145252261,0.0134296502363366,0.1428571428571428,0.7475083056478405,5.267109001503195,0.5807196067698897,gated_dt1.95,2,4,1.0,0.2,0.10375,83,True,,,,,,,,
0.6137130393303778,0.0099648430538295,0.9130379640510262,0.4093844775434326,0.0213347504385408,0.0203998854294498,0.0125812784495985,0.5282392026578073,0.2458471760797342,6.43669559569437,0.667527264577302,gated_dt1.95,2,4,0.5,0.1,0.005,4,True,,,,,,,,
2.399341393224404,0.0064056805761884,0.9984315581297666,0.3181783211847966,0.0216868448438653,0.0193232802881596,0.0118385453023236,0.1794019933554817,0.9700996677740864,4.861119416254679,0.606922436521927,gated_dt1.95,2,4,0.25,0.05,0.0,0,True,,,,,,,,
0.0,0.0069455242736742,0.996221179758479,0.4919946732846394,0.001832012026779,0.0223062943727135,0.0130810094373643,1.0,0.9102990033222592,5.125389087450959,0.7810655120256342,gated_dt1.95,2,5,1.0,0.2,0.11625,93,True,,,,,,,,
0.9397875067579662,0.0104195137682048,0.8674228000161313,0.4276416764747488,0.0211413236899298,0.0201850820092917,0.0125382455879797,0.4152823920265781,0.1594684385382059,4.456068203487257,0.5843015556995397,gated_dt1.95,2,5,0.5,0.1,0.0075,6,True,,,,,,,,
0.0727923642411951,0.0079063129775511,0.992287251141144,0.3449164848990457,0.0130378639134796,0.0195177924610735,0.0115261763003702,0.7308970099667774,0.7109634551495017,5.752114013274378,0.6691788838475077,gated_dt1.95,2,5,0.25,0.05,0.0,0,True,,,,,,,,
8.19356454015633,0.0066027115168292,0.9976248191945988,0.1387744606169045,0.0307815819539394,0.0217145962609709,0.0127362895587754,0.0099667774086378,0.9667774086378738,5.2734429385331625,0.6214834871350376,gated_dt1.95,2,6,1.0,0.2,0.0975,78,True,,,,,,,,
1.322615808724095,0.0115976841007865,0.7184752947241987,0.3892950085827527,0.0219001822849905,0.0196167810721502,0.0122040751222849,0.3654485049833887,0.0664451827242525,5.666737125614376,0.7009323072375082,gated_dt1.95,2,6,0.5,0.1,0.00375,3,True,,,,,,,,
0.0124318074481379,0.0082158663403498,0.9910197915763174,0.2220289820613755,0.011991299273722,0.0197227887399308,0.0117339854552528,0.8073089700996677,0.5946843853820598,4.697645067134141,0.7905026995808839,gated_dt1.95,2,6,0.25,0.05,0.0,0,True,,,,,,,,
6.64884015081725,0.0086567740238854,0.9850328055079464,0.1285930277887101,0.0288215341304393,0.0218895149365764,0.0127382464566036,0.0398671096345514,0.4651162790697674,5.43247422555942,0.6129249843506841,gated_dt1.95,2,7,1.0,0.2,0.10625,85,True,,,,,,,,
1.9657434390819617,0.0094923992424652,0.9498746678969504,0.4869290731188587,0.0221208787063663,0.0199961772675866,0.0123426301269136,0.2890365448504983,0.335548172757475,6.564220380690745,0.7601533350350564,gated_dt1.95,2,7,0.5,0.1,0.00375,3,True,,,,,,,,
4.713842677212597,0.0079511573618632,0.9921036367771736,0.146286813012597,0.0256632989397433,0.0198363723125857,0.0116276144527558,0.0564784053156146,0.6578073089700996,4.76367587743214,0.6321982728443345,gated_dt1.95,2,7,0.25,0.05,0.0,0,True,,,,,,,,
1.5373183422680086,0.0075521847512035,0.9937372215229912,0.323019165185632,0.0221685971940763,0.0225922768227742,0.0135006561616002,0.292358803986711,0.7807308970099668,5.600543277586304,0.5967038036769736,gated_dt1.95,2,8,1.0,0.2,0.09375,75,True,,,,,,,,
2.1865568711909877,0.0068203203429321,0.9967338245514096,0.2637575312850129,0.0214142775020025,0.0195176787085602,0.0115983264764367,0.2358803986710963,0.903654485049834,5.54998315817336,0.4051879649866805,gated_dt1.95,2,8,0.5,0.1,0.00875,7,True,,,,,,,,
0.0,0.008841531785931,0.9802490520661544,0.3960483495120747,0.0083119724843911,0.0197111266492974,0.0116649357437609,1.0,0.4451827242524916,5.3977324617752425,0.658132566420818,gated_dt1.95,2,8,0.25,0.05,0.0,0,True,,,,,,,,
1.316968844052553,0.0108183456660296,0.8222231586343683,0.4161959257254428,0.0231368354965402,0.0215911997178557,0.0132656831234498,0.3654485049833887,0.1694352159468438,5.435231221884989,0.6275465401120073,gated_dt1.95,2,9,1.0,0.2,0.11625,93,True,,,,,,,,
0.1493286878630897,0.0071373266303064,0.995435849147718,0.4842660286709707,0.0166194718255371,0.0200412407037275,0.0119489948434893,0.6843853820598007,0.8837209302325582,5.765039941374518,0.676027805818876,gated_dt1.95,2,9,0.5,0.1,0.005,4,True,,,,,,,,
0.5028302858841016,0.0097116583964811,0.9327789110519832,0.4881783249651055,0.0200540403682523,0.0202083957015728,0.0124599928363171,0.5249169435215947,0.2259136212624584,5.504340418688891,0.5634886982043099,gated_dt1.95,2,9,0.25,0.05,0.0,0,True,,,,,,,,
8.015896034830348,0.0093689274083852,0.9557155986845725,0.0719952173551139,0.0358043878295126,0.0219876801225448,0.0127937476024068,0.0166112956810631,0.3322259136212624,4.168776024233263,0.5195213599336057,gated_dt1.95,3,0,1.0,0.2,0.09875,79,True,,,,,,,,
0.0,0.0088680295768107,0.9792083567156538,0.4898889436099937,0.0027642813905211,0.0196063191184109,0.0115547629229378,1.0,0.4285714285714285,5.872945759769939,0.6595296286745906,gated_dt1.95,3,0,0.5,0.1,0.0075,6,True,,,,,,,,
2.3949182647515954,0.0081388071898253,0.9913353086054544,0.3197350984595349,0.0237773331147787,0.0212259107066835,0.013095223382576,0.1794019933554817,0.6312292358803987,4.282792225672143,0.5163530330819412,gated_dt1.95,3,0,0.25,0.05,0.0,0,True,,,,,,,,
1.847163273060687,0.0080454698735831,0.9917174762328932,0.3117355678826032,0.0231354058001653,0.0217017257587179,0.0131803686723806,0.2325581395348837,0.6378737541528239,5.37079142558921,0.5740007306367261,gated_dt1.95,3,1,1.0,0.2,0.10125,81,True,,,,,,,,
3.3664849909737318,0.0084611330281137,0.990015552415324,0.2768683757661217,0.0227529964965766,0.0197290661111845,0.0117830882611725,0.1262458471760797,0.6079734219269103,4.935547011428917,0.462056921742942,gated_dt1.95,3,1,0.5,0.1,0.005,4,True,,,,,,,,
0.2058383190214954,0.008571441429592,0.987242239564348,0.4154006716006346,0.0153551967925675,0.0198866032728809,0.0120032977428677,0.6611295681063123,0.4784053156146179,5.035823188396583,0.6617893144652953,gated_dt1.95,3,1,0.25,0.05,0.0,0,True,,,,,,,,
1.3335766007403436,0.0107481836381417,0.830174625195708,0.0021739122734618,0.0678121107629813,0.0220424413091363,0.0131848681605391,0.3322259136212624,0.0863787375415282,5.430701489198468,0.6454824718425698,gated_dt1.95,3,2,1.0,0.2,0.10625,85,False,,,,,,,,
0.1039229114830959,0.0105299477856843,0.8549073066124104,0.3434299271899156,0.0114436436884698,0.0202177410745105,0.0119788119581928,0.7209302325581395,0.1229235880398671,5.114857174263967,0.7651249477726196,gated_dt1.95,3,2,0.5,0.1,0.00375,3,True,,,,,,,,
0.0,0.0070687640239276,0.9957165772601784,0.4784285453650154,0.0048304862969869,0.0199162056458875,0.0117007067806494,1.0,0.9069767441860463,5.610884579541995,0.6261120149147246,gated_dt1.95,3,2,0.25,0.05,0.0,0,True,,,,,,,,
15.55987924550709,0.0082031985606572,0.9910716595269392,0.0423625066070928,0.0458654601761977,0.0225572053739822,0.0132345838305812,0.0033222591362126,0.6112956810631229,6.128802765692581,0.8574752325475856,gated_dt1.95,3,3,1.0,0.2,0.0925,74,False,,,,,,,,
3.5887865667277765,0.0088824028985374,0.9785342292825864,0.3679421903648536,0.0237349264672545,0.0198798399371829,0.0124138308728018,0.132890365448505,0.5049833887043189,5.35100109049977,0.6955345184364887,gated_dt1.95,3,3,0.5,0.1,0.00625,5,True,,,,,,,,
0.0,0.0075195597929201,0.9938708037107422,0.4573522307800299,0.009521874646002,0.0199249280291222,0.0117433365841404,1.0,0.813953488372093,5.382946169153934,0.6357946130585788,gated_dt1.95,3,3,0.25,0.05,0.0,0,True,,,,,,,,
4.573704074768557,0.0132775992123551,0.4733050388832309,0.2455676833320776,0.0265107107053543,0.022099242377543,0.0135591932027464,0.0863787375415282,0.0166112956810631,5.25404399531731,0.6500483653051106,gated_dt1.95,3,4,1.0,0.2,0.0875,70,True,,,,,,,,
0.0,0.007879815034174,0.992395746398562,0.4764658341474595,0.0090580786119953,0.0203235958770961,0.0121299957150994,1.0,0.7475083056478405,4.61500947843731,0.6550562828779221,gated_dt1.95,3,4,0.5,0.1,0.00625,5,True,,,,,,,,
4.220017541633752,0.0084258682672509,0.990159943217778,0.2338241135901781,0.0230501928085573,0.0197438521479352,0.0114406335668463,0.0930232558139534,0.654485049833887,5.414785882380239,0.772564303974832,gated_dt1.95,3,4,0.25,0.05,0.0,0,True,,,,,,,,
9.201267737586932,0.0092272282600995,0.9623614725415662,0.2080506777384584,0.0301556432819222,0.0224736944398422,0.0137190205526566,0.0166112956810631,0.388704318936877,5.188090306110852,0.5241308084191587,gated_dt1.95,3,5,1.0,0.2,0.10875,87,True,,,,,,,,
0.0,0.0100594783854489,0.9056591951892692,0.4811047094929758,0.0042623093985819,0.0208968375497487,0.0120042356154843,1.0,0.2292358803986711,5.180116659386886,0.5696766517596643,gated_dt1.95,3,5,0.5,0.1,0.00625,5,True,,,,,,,,
5.854542826054967,0.008561030671248,0.9875117952274426,0.4698644769142657,0.0246086211064639,0.0194990730851256,0.0123524807356587,0.0398671096345514,0.5348837209302325,5.461201734056044,0.7825957545358051,gated_dt1.95,3,5,0.25,0.05,0.0,0,True,,,,,,,,
1.1350363046262828,0.0084949708742708,0.9892222174454584,0.4153160780009569,0.0252392787772505,0.0227463695791519,0.0141406411163851,0.3953488372093023,0.5116279069767442,4.648574993935907,0.6210735409247263,gated_dt1.95,3,6,1.0,0.2,0.10625,85,True,,,,,,,,
0.1977009480133347,0.0087715990558353,0.9820597523830727,0.3126392790097508,0.0163900887544884,0.0200648090349718,0.0120592187714756,0.654485049833887,0.5049833887043189,4.549520839487629,0.6508373168928756,gated_dt1.95,3,6,0.5,0.1,0.00125,1,True,,,,,,,,
0.0,0.0111973960935857,0.7744265706140115,0.4542110122157569,0.0081910241448034,0.0195768013866125,0.0119571367345691,1.0,0.1063122923588039,5.572888561814898,0.4895430645970009,gated_dt1.95,3,6,0.25,0.05,0.0,0,True,,,,,,,,
2.0321959594230066,0.0093942374133574,0.9545285266209794,0.3797737962795304,0.0241811701447357,0.0219726783624005,0.0134808456841083,0.2192691029900332,0.3222591362126246,5.415646031304463,0.4612947105761122,gated_dt1.95,3,7,1.0,0.2,0.105,84,True,,,,,,,,
0.8468087305391236,0.0115659322808644,0.722913486237579,0.3259839051062582,0.017346646628682,0.0198189914522365,0.0119030115661245,0.4318936877076412,0.0697674418604651,4.568691295091958,0.5539194229452278,gated_dt1.95,3,7,0.5,0.1,0.00375,3,True,,,,,,,,
1.451634943805402e-06,0.0079218104476816,0.9922237970840796,0.4891270217970823,0.0013080610270131,0.0197206792419574,0.0118111055208426,0.8239202657807309,0.6644518272425249,5.350484055842935,0.5484887706190875,gated_dt1.95,3,7,0.25,0.05,0.0,0,True,,,,,,,,
0.0,0.00812768294336,0.991380856592582,0.4532283023460269,0.0079068582813039,0.0216155851730667,0.0126279633545941,1.0,0.6677740863787376,4.913780818133183,0.4083095885580405,gated_dt1.95,3,8,1.0,0.2,0.10125,81,True,,,,,,,,
0.3653949677018318,0.0112868598648094,0.7619215440935246,0.4608903673603244,0.0192677157442482,0.0201807807880145,0.0123417819587192,0.574750830564784,0.1162790697674418,5.120563645659173,0.5618298672968649,gated_dt1.95,3,8,0.5,0.1,0.0075,6,True,,,,,,,,
0.0,0.007945063645737,0.9921285873663698,0.4659561326512036,0.0095974044230231,0.0202426450637418,0.011926247406743,1.0,0.717607973421927,4.548945329192748,0.6246451937695383,gated_dt1.95,3,8,0.25,0.05,0.0,0,True,,,,,,,,
0.0630487272401296,0.0082314129293655,0.9909561364030374,0.415406472829753,0.012593858776854,0.0221852192942872,0.0131739999311981,0.7774086378737541,0.5946843853820598,5.607408400027067,0.7148664386247674,gated_dt1.95,3,9,1.0,0.2,0.1075,86,True,,,,,,,,
0.404914309767264,0.0089483133969898,0.9754429414106012,0.4333680913507124,0.0196277808766335,0.0209572505459015,0.0129089268259935,0.5548172757475083,0.4617940199335548,4.898844573709041,0.5205443727190868,gated_dt1.95,3,9,0.5,0.1,0.00375,3,True,,,,,,,,
0.0,0.0089533178536019,0.9752082259040552,0.4733174376606864,0.0045165549536609,0.0203518299755089,0.0122077965723484,1.0,0.3986710963455149,4.347535072250143,0.6664911285151902,gated_dt1.95,3,9,0.25,0.05,0.0,0,True,,,,,,,,
3.306514131317272,0.0069834285238712,0.9960659816238974,0.1525015995769288,0.0275085256522968,0.0228117004161981,0.0131338422533741,0.1362126245847176,0.9003322259136213,5.506150152723922,0.5896686665032576,gated_dt1.95,4,0,1.0,0.2,0.0925,74,True,,,,,,,,
0.0244735199567003,0.0076920416556813,0.9931645804452632,0.4230065850498922,0.010422532247848,0.02111937826618,0.0125457710013206,0.7940199335548173,0.7807308970099668,6.149024019375025,0.8451668662969496,gated_dt1.95,4,0,0.5,0.1,0.0025,2,True,,,,,,,,
3.0410062104610915,0.0082994675528877,0.9906774882154228,0.4911046399288489,0.0224967984744671,0.0191991923290164,0.0120189659316149,0.1362126245847176,0.6013289036544851,5.016478317132169,0.6408390003252862,gated_dt1.95,4,0,0.25,0.05,0.0,0,True,,,,,,,,
2.3158403662846467,0.0079872219635474,0.9919559710437345,0.4545781052869621,0.0256484022000127,0.0221426716159549,0.0137373906164176,0.2026578073089701,0.6843853820598007,4.622280516572964,0.5860793493050096,gated_dt1.95,4,1,1.0,0.2,0.0975,78,True,,,,,,,,
0.3765210814131023,0.0089776823858264,0.9740654977387284,0.3344957254129443,0.0179375545421635,0.0195593916923911,0.0118083899572446,0.574750830564784,0.4318936877076412,5.757253009584725,0.7319983998859243,gated_dt1.95,4,1,0.5,0.1,0.00125,1,True,,,,,,,,
1.255344850855181,0.0092822200880555,0.9597822844788088,0.3366215469991591,0.0199210270469983,0.0205425488516138,0.0126275244486388,0.3787375415282392,0.3488372093023256,5.562392865078619,0.8109342686295804,gated_dt1.95,4,1,0.25,0.05,0.0,0,True,,,,,,,,
0.940375926857996,0.0099659709206207,0.91295002365692,0.3793871816583295,0.0214766936270475,0.0209931231863636,0.0130387521110747,0.3787375415282392,0.1960132890365448,5.0588776816713565,0.5603567517734973,gated_dt1.95,4,2,1.0,0.2,0.095,76,True,,,,,,,,
0.4894971597377662,0.0065664268040675,0.9977733861680956,0.2387080145082233,0.0183152388306776,0.0199989512259492,0.0119614082797085,0.5249169435215947,0.9634551495016612,4.547020889183456,0.592600805979373,gated_dt1.95,4,2,0.5,0.1,0.00625,5,True,,,,,,,,
0.0,0.0087331283133361,0.9830558379861954,0.4958624181218248,0.0020740191297119,0.0198477338871469,0.0120436661958694,1.0,0.4817275747508305,5.1203125148837,0.8716748617134726,gated_dt1.95,4,2,0.25,0.05,0.0,0,True,,,,,,,,
3.238099584244992,0.009572589816161,0.9436221647560208,0.1998909687040384,0.0262070424247888,0.0221694050764153,0.013129573737002,0.1395348837209302,0.2325581395348837,5.123703410307987,0.7726476090729193,gated_dt1.95,4,3,1.0,0.2,0.11125,89,True,,,,,,,,
0.0119421550853076,0.0077264148631516,0.9930238400889376,0.2434898774370793,0.0097826712435057,0.0201336610275868,0.0114372268976507,0.8106312292358804,0.7441860465116279,5.393459459356519,0.7698769567573436,gated_dt1.95,4,3,0.5,0.1,0.00375,3,True,,,,,,,,
2.1241112328925738,0.0079247912920407,0.9922115920811684,0.3456014963871688,0.0215720418893926,0.0197090470416465,0.0120757000469355,0.26578073089701,0.6611295681063123,5.341635051598774,0.7977508858616602,gated_dt1.95,4,3,0.25,0.05,0.0,0,True,,,,,,,,
1.584047673014993,0.0081624192878491,0.9912386293795682,0.4125646734098788,0.0237368011515405,0.022051154973219,0.0135851367255422,0.3521594684385382,0.6112956810631229,6.378861207511365,0.7629610791123014,gated_dt1.95,4,4,1.0,0.2,0.09875,79,True,,,,,,,,
0.0089126452244272,0.0076781087672487,0.9932216283563238,0.3201835362941582,0.0130271601484312,0.0211299733369805,0.0130212251564142,0.8073089700996677,0.8039867109634552,5.101843102690054,0.6909600448418587,gated_dt1.95,4,4,0.5,0.1,0.005,4,True,,,,,,,,
2.792255723965809,0.0079239199182695,0.9922151599022728,0.3028194992114764,0.022946949400373,0.0206409810837688,0.0123876335158218,0.1561461794019933,0.7408637873754153,5.734112482809633,0.6443551895174551,gated_dt1.95,4,4,0.25,0.05,0.0,0,True,,,,,,,,
5.753445558721978,0.0071733702330079,0.9952882693941602,0.2484042270744612,0.0285635791274657,0.0221756330550315,0.0134505799372503,0.0365448504983388,0.903654485049834,4.821719015427289,0.7261039975851418,gated_dt1.95,4,5,1.0,0.2,0.1,80,True,,,,,,,,
3.849537970278561,0.0073145785951495,0.9947100948021876,0.2407177072596698,0.023921644361816,0.0203823250729407,0.0121974453925835,0.1029900332225913,0.8837209302325582,4.956894330153617,0.6479328802201962,gated_dt1.95,4,5,0.5,0.1,0.005,4,True,,,,,,,,
2.03080210080725,0.009047235971006,0.9708033443736768,0.3113528104278211,0.021550603543458,0.0203181745806445,0.0120954199422801,0.2524916943521594,0.4186046511627907,5.590968389810476,0.5916768453828354,gated_dt1.95,4,5,0.25,0.05,0.0,0,True,,,,,,,,
0.0071451972262366,0.0076968316810319,0.993144967789818,0.301159212159872,0.0134961658966851,0.0220139591084418,0.0132116401310044,0.7774086378737541,0.7840531561461794,5.065753696017509,0.7138583389021278,gated_dt1.95,4,6,1.0,0.2,0.0875,70,True,,,,,,,,
1.3587646691016744,0.0072705018921419,0.9948905659116204,0.3044185014679723,0.0178153641674141,0.0195814366221547,0.0115726477605199,0.3588039867109635,0.8604651162790697,5.530738311116329,0.7487108295770213,gated_dt1.95,4,6,0.5,0.1,0.00375,3,True,,,,,,,,
0.0023941590693539,0.0078407358047868,0.9925557554600856,0.4230703337910455,0.0060272058109256,0.019922503234145,0.0120061984756947,0.8039867109634552,0.7109634551495017,5.472366406983865,0.703614152874934,gated_dt1.95,4,6,0.25,0.05,0.0,0,True,,,,,,,,
1.9820429215046715,0.0080841996119735,0.9915588981547152,0.1445311988401319,0.0245105198637717,0.0213678979648183,0.0128054845206756,0.2425249169435216,0.5980066445182725,5.077149851486843,0.5251304204932694,gated_dt1.95,4,7,1.0,0.2,0.0875,70,True,,,,,,,,
0.0,0.0091355464290276,0.966661469342209,0.4973940408935707,0.0064955459580404,0.0203146615123382,0.0122289809476956,1.0,0.3754152823920266,4.2540539509374,0.6713609241385257,gated_dt1.95,4,7,0.5,0.1,0.005,4,True,,,,,,,,
0.2036815763399317,0.0109853553798813,0.8032959383830756,0.4964882755644614,0.0182512547280681,0.0204342906614683,0.0123435683747912,0.7275747508305648,0.1196013289036544,5.177268622178556,0.6811682358681992,gated_dt1.95,4,7,0.25,0.05,0.0,0,True,,,,,,,,
3.059381537979789,0.0089607449877332,0.974859883679328,0.2202799886648293,0.0240482283850833,0.0220199025121618,0.0134828460953782,0.1262458471760797,0.4186046511627907,4.953137671796827,0.5140620418808339,gated_dt1.95,4,8,1.0,0.2,0.09625,77,True,,,,,,,,
1.0167439104393452,0.0090326961133696,0.9714852825569296,0.2525542861683296,0.0186376053181334,0.0205047967096886,0.0121125858470302,0.3754152823920266,0.4053156146179402,4.25493253016482,0.5924714437057901,gated_dt1.95,4,8,0.5,0.1,0.00875,7,True,,,,,,,,
5.235841643569074,0.0093686626208177,0.9557280175649518,0.1446411292273554,0.0240813391136826,0.0196252187568956,0.0119774914145567,0.0564784053156146,0.3986710963455149,5.309897490161919,0.6237118874187217,gated_dt1.95,4,8,0.25,0.05,0.0,0,True,,,,,,,,
0.4965643800637735,0.0073035537653003,0.9947552357301256,0.2881251283440715,0.0157579261524158,0.0215631235222948,0.0127270360856736,0.5448504983388704,0.8571428571428571,6.321655370743861,0.7048245913581468,gated_dt1.95,4,9,1.0,0.2,0.0875,70,True,,,,,,,,
0.1676777231828055,0.0067517021067524,0.9970147804388896,0.4880759721299366,0.0174939660458385,0.019166380889251,0.0118596571195931,0.6644518272425249,0.9335548172757476,5.8172741425099295,0.6009644148623465,gated_dt1.95,4,9,0.5,0.1,0.00625,5,True,,,,,,,,
0.5337040042954868,0.0083116280887733,0.990627697163624,0.4634603271611461,0.0188353819571023,0.0198313301738074,0.0120711425863447,0.5548172757475083,0.5514950166112956,5.130439602417869,0.7755369940625769,gated_dt1.95,4,9,0.25,0.05,0.0,0,True,,,,,,,,
2.473819674245988,0.0122640372470703,0.6202583238034098,0.2209585030867097,0.0233613662821631,0.022203875273954,0.013534012356097,0.1993355481727574,0.0299003322259136,5.5287237594999175,0.7485226077928928,gated_dt1.95,5,0,1.0,0.2,0.11375,91,True,,,,,,,,
0.0,0.008683613442146,0.9843378784961756,0.4492262540926131,0.0076035148017639,0.0204546456365469,0.0119863110566072,1.0,0.5647840531561462,5.188606935014946,0.6111061207982402,gated_dt1.95,5,0,0.5,0.1,0.00375,3,True,,,,,,,,
0.738919973177417,0.0082014780338354,0.991078704186888,0.3918555794935907,0.0189653322550625,0.0198000705273039,0.0122108314438536,0.4684385382059801,0.6245847176079734,5.748925776536839,0.6135482284057616,gated_dt1.95,5,0,0.25,0.05,0.0,0,True,,,,,,,,
2.707275916879098,0.0104216608437205,0.8671794718273367,0.2512110962048386,0.0252550331824146,0.0224687619961902,0.0133009800057139,0.2225913621262458,0.1893687707641196,5.596516647904196,0.7733794766422761,gated_dt1.95,5,1,1.0,0.2,0.0975,78,True,,,,,,,,
0.3089582784450613,0.0096266065498871,0.9394104503147944,0.4554770154906873,0.0182681809708481,0.0197126733014927,0.0118725662474521,0.6478405315614618,0.2724252491694352,4.551826655388915,0.6431090320768362,gated_dt1.95,5,1,0.5,0.1,0.00375,3,True,,,,,,,,
0.0791116368473012,0.0074414918913291,0.9941904510493558,0.2389651954140641,0.0124059421384005,0.01940843073963,0.0114050926843387,0.7508305647840532,0.8172757475083057,5.835283834724305,0.7366579576223558,gated_dt1.95,5,1,0.25,0.05,0.0,0,True,,,,,,,,
3.5186615540992534,0.0095690494950752,0.9438982055384778,0.3223192005670449,0.0262582078265739,0.0230254846776914,0.0143363389425851,0.1196013289036544,0.3189368770764119,4.636131928630337,0.6917179278952972,gated_dt1.95,5,2,1.0,0.2,0.09125,73,True,,,,,,,,
0.0,0.0077233501079853,0.9930363886628386,0.4482947225443622,0.008902602387432,0.0205583440970823,0.0121301242091546,1.0,0.7840531561461794,4.883828934081294,0.4246769727956234,gated_dt1.95,5,2,0.5,0.1,0.00375,3,True,,,,,,,,
6.420475857160454,0.007554483530839,0.9937278092193736,0.2195008952494938,0.0260457776880526,0.0200135582585848,0.0119877452564341,0.0365448504983388,0.7574750830564784,5.126390984282836,0.7815157709787854,gated_dt1.95,5,2,0.25,0.05,0.0,0,True,,,,,,,,
10.549188576765571,0.0081338312278731,0.991355682574303,0.2367566617528241,0.0298807287737554,0.0220292787742435,0.0135647714699333,0.0099667774086378,0.6112956810631229,5.606665906589592,0.5702725103078592,gated_dt1.95,5,3,1.0,0.2,0.10625,85,True,,,,,,,,
1.4828068339375022,0.0114212800711982,0.7431326173269768,0.4369736469836123,0.022574258511621,0.0201884769954068,0.0126239623364403,0.3521594684385382,0.0897009966777408,5.220682319740809,0.9159210524762784,gated_dt1.95,5,3,0.5,0.1,0.0025,2,True,,,,,,,,
0.0,0.0063017369478263,0.9988571530733306,0.4854998790957415,0.0050062267566762,0.0201740366805649,0.0118343498045256,1.0,0.9700996677740864,5.629699791467056,0.6336722987916801,gated_dt1.95,5,3,0.25,0.05,0.0,0,True,,,,,,,,
1.0467070416043498,0.0092885198086237,0.9594868194125972,0.3807629155059472,0.022871648179239,0.0216203294428154,0.0131634227547151,0.3820598006644518,0.4053156146179402,4.802511240213972,0.5850573253724178,gated_dt1.95,5,4,1.0,0.2,0.08875,71,True,,,,,,,,
0.0,0.0095114203136888,0.9483915845108556,0.476320483973236,0.0014156562912471,0.0198846922663914,0.0118146421858368,1.0,0.2691029900332226,5.760081817002174,0.5917487711121794,gated_dt1.95,5,4,0.5,0.1,0.00625,5,True,,,,,,,,
0.2030743135646844,0.0112855105025905,0.7621101546350086,0.2857317012718012,0.0155193025929793,0.0201965045997741,0.0124086083569903,0.6644518272425249,0.0863787375415282,5.514589581720842,0.6809844082374639,gated_dt1.95,5,4,0.25,0.05,0.0,0,True,,,,,,,,
0.884410557204319,0.0104584232232717,0.8630131892879653,0.4514344021168173,0.022267988158233,0.021894745300575,0.0134212277938209,0.4518272425249169,0.2059800664451827,5.744967136071841,0.7165513668930998,gated_dt1.95,5,5,1.0,0.2,0.11375,91,True,,,,,,,,
4.857190314194668,0.0085056176662678,0.9889465503920368,0.0281689962727355,0.0395652178563618,0.0211426422758283,0.0128409499713181,0.0498338870431893,0.5714285714285714,4.668766345615223,0.6498552980056047,gated_dt1.95,5,5,0.5,0.1,0.01,8,False,,,,,,,,
3.2426612640874737,0.008999456166506,0.973044279181406,0.4782778685229635,0.0235745437967076,0.0196677483813787,0.0124073925316326,0.1495016611295681,0.4617940199335548,5.932304363853227,0.6941090085604174,gated_dt1.95,5,5,0.25,0.05,0.0,0,True,,,,,,,,
0.0512826951207898,0.0104110760500433,0.8683790470892994,0.2135245957180728,0.0138653592420135,0.0222307640747058,0.0130859754819076,0.7408637873754153,0.1727574750830564,5.112245731408463,0.6186483096992106,gated_dt1.95,5,6,1.0,0.2,0.09625,77,True,,,,,,,,
1.0144882465028786,0.0061860785616022,0.999330713840194,0.389389827851073,0.020236205785524,0.0201807681723671,0.0124302570179391,0.3820598006644518,0.9634551495016612,4.483836563392016,0.6038912738604267,gated_dt1.95,5,6,0.5,0.1,0.0075,6,True,,,,,,,,
0.0,0.0096926149240022,0.9342637410762756,0.4655633156655391,0.0091941985708465,0.0199414146919787,0.0119760958980264,1.0,0.2857142857142857,4.752035786515558,0.6309038457320639,gated_dt1.95,5,6,0.25,0.05,0.0,0,True,,,,,,,,
3.372084680657281,0.0082745717297061,0.9907794236262688,0.261351477971883,0.0252998066051879,0.0216558552245043,0.0130357847331895,0.1428571428571428,0.6046511627906976,5.068833016375631,0.6536132173146143,gated_dt1.95,5,7,1.0,0.2,0.09375,75,True,,,,,,,,
0.1117146190540552,0.0081499881841997,0.9912895282652384,0.4177411109267381,0.0144020972748448,0.020316916076221,0.0124354536134565,0.7441860465116279,0.6744186046511628,4.7738247953784825,0.7491649429534846,gated_dt1.95,5,7,0.5,0.1,0.0075,6,True,,,,,,,,
0.0,0.0096309330799126,0.939073108388842,0.4816543706400052,0.0062410300404511,0.0199178719952033,0.0116419047834185,1.0,0.292358803986711,4.585247109990021,0.7303959397938797,gated_dt1.95,5,7,0.25,0.05,0.0,0,True,,,,,,,,
7.61169476761188,0.0070983031063273,0.99559563012465,0.2851652329433873,0.0276232454646024,0.0217019618702145,0.0135705991720838,0.0431893687707641,0.893687707641196,6.665869160455555,0.5671478464521442,gated_dt1.95,5,8,1.0,0.2,0.08875,71,True,,,,,,,,
0.6918735779645431,0.0083500488335762,0.990470384253023,0.2179274025515808,0.018131624462134,0.0202308077598383,0.0121078172872816,0.521594684385382,0.5614617940199336,5.591555599616711,0.780548107886716,gated_dt1.95,5,8,0.5,0.1,0.00875,7,True,,,,,,,,
8.375090771976375,0.0080449740448368,0.9917195063929968,0.4810012778048995,0.0255389441341877,0.0193569266462066,0.0123215517310021,0.0066445182724252,0.6744186046511628,5.6998109103095205,0.6162920998588106,gated_dt1.95,5,8,0.25,0.05,0.0,0,True,,,,,,,,
3.612510219330488,0.0096968495715924,0.9339335632743454,0.4958100610382761,0.0266750702234354,0.0219358314820907,0.0137548003638598,0.1461794019933555,0.2624584717607973,6.149395317426778,0.7520339397060525,gated_dt1.95,5,9,1.0,0.2,0.09625,77,True,,,,,,,,
0.0002768521076177,0.0109093251337269,0.8119124504501609,0.4671844916966621,0.0046259470813762,0.0195868223762517,0.0116324523139736,0.8205980066445183,0.0930232558139534,4.5889042646302425,0.8593429406721498,gated_dt1.95,5,9,0.5,0.1,0.0075,6,True,,,,,,,,
0.0,0.0080685692701241,0.9916228962521656,0.4814128503086093,0.0031726623847155,0.0210391682404939,0.0124845745577221,1.0,0.6411960132890365,4.641319413776183,0.6045314038708511,gated_dt1.95,5,9,0.25,0.05,0.0,0,True,,,,,,,,
5.8653664628936895,0.0090461325970213,0.9708550940447784,0.2722232998361493,0.0287131254782047,0.0227861395390494,0.0138291416158104,0.0531561461794019,0.3953488372093023,5.723487964211932,0.7548832332236088,gated_dt1.95,6,0,1.0,0.2,0.11375,91,True,,,,,,,,
0.0,0.0133056679826562,0.4695014327408174,0.1322479871342029,0.0126337643948602,0.0195473176808821,0.0114649019265924,1.0,0.0299003322259136,4.866677098573383,0.4508449799316167,gated_dt1.95,6,0,0.5,0.1,0.00625,5,True,,,,,,,,
0.1698320073865034,0.0097995221631274,0.9259281248359732,0.3822908629130879,0.0121373741387308,0.019660689300574,0.0116969198129058,0.6810631229235881,0.2558139534883721,5.426958574845572,0.5008574825287724,gated_dt1.95,6,0,0.25,0.05,0.0,0,True,,,,,,,,
3.725609061486466,0.0077027441944614,0.9931207591311536,0.3150737085167558,0.0276342129752674,0.0234953225969394,0.0144771493702129,0.1029900332225913,0.7441860465116279,5.536978041078288,0.6461115704610165,gated_dt1.95,6,1,1.0,0.2,0.1375,110,True,,,,,,,,
0.8356294488553431,0.009362323118163,0.9560253484626262,0.339363685009078,0.0162925676545667,0.019199201105155,0.0118688810041659,0.4850498338870432,0.3421926910299003,5.816290702321615,0.6793732617716159,gated_dt1.95,6,1,0.5,0.1,0.00375,3,True,,,,,,,,
0.6792113141464142,0.0102593356652129,0.8855757934249663,0.3933991874913454,0.0180748469439366,0.0194112532307956,0.0117600591377604,0.5249169435215947,0.2059800664451827,5.049714344680369,0.7661265425649617,gated_dt1.95,6,1,0.25,0.05,0.0,0,True,,,,,,,,
0.7450989646363269,0.0096596595300178,0.936833291272782,0.4058892753252848,0.0222922922667883,0.0217367261032163,0.013386709789724,0.5415282392026578,0.3222591362126246,5.961400106693967,0.9670541194386716,gated_dt1.95,6,2,1.0,0.2,0.0925,74,True,,,,,,,,
3.5150452427324126,0.0092069818370662,0.963311056044095,0.4501890464930753,0.025368846733085,0.0208774164114028,0.0131011870118289,0.132890365448505,0.3986710963455149,5.737832836855136,0.7081992975454341,gated_dt1.95,6,2,0.5,0.1,0.01375,11,True,,,,,,,,
1.520697322732758,0.0078296413459413,0.992601181482446,0.3891419094721526,0.0223835375690821,0.02001271556974,0.0122469637904049,0.3588039867109635,0.717607973421927,4.8529616071160495,0.7848022333673725,gated_dt1.95,6,2,0.25,0.05,0.0,0,True,,,,,,,,
2.130520865729977,0.011248100480376,0.767339235787353,0.3055775469333575,0.0233894042837432,0.0221535846265198,0.0132268307615972,0.2093023255813953,0.0730897009966777,4.945637358679575,0.6280516860081207,gated_dt1.95,6,3,1.0,0.2,0.10125,81,True,,,,,,,,
0.062554908590755,0.0092638652594789,0.9606431497476744,0.2574222194015402,0.0121739206023639,0.0206118079399152,0.0121866657323258,0.7641196013289037,0.3421926910299003,5.2345190111101845,0.7857183999990411,gated_dt1.95,6,3,0.5,0.1,0.00375,3,True,,,,,,,,
2.205231370272031,0.010088754585706,0.90337651375147,0.1334411388448628,0.0240757683767963,0.0207483729883302,0.0123345538262076,0.2491694352159468,0.1960132890365448,4.55391396582304,0.6171656119274758,gated_dt1.95,6,3,0.25,0.05,0.0,0,True,,,,,,,,
6.827179204057757,0.0094072178748393,0.953919726140114,0.183488944571065,0.0282261488361886,0.0214433110056157,0.012729896210448,0.0166112956810631,0.335548172757475,4.255363333201513,0.4980315286959467,gated_dt1.95,6,4,1.0,0.2,0.08625,69,True,,,,,,,,
0.6647113695298685,0.0086604455559332,0.9849377420915252,0.2187053786969886,0.0154746569486141,0.0197709585848572,0.0115602208714669,0.5382059800664452,0.5116279069767442,5.184670090889246,0.8248699192972708,gated_dt1.95,6,4,0.5,0.1,0.00375,3,True,,,,,,,,
2.1949824222983807,0.0087318532700453,0.9830888514448108,0.4973046662639785,0.0230712082337705,0.0199882873391575,0.012617126481273,0.2059800664451827,0.4850498338870432,5.394553158650206,0.6717450029591419,gated_dt1.95,6,4,0.25,0.05,0.0,0,True,,,,,,,,
7.475735192039338,0.0078924398055289,0.9923440545446508,0.2403262527594056,0.0276490289355792,0.0216393991792739,0.0132977962038057,0.0099667774086378,0.717607973421927,4.333130171981771,0.432896137595435,gated_dt1.95,6,5,1.0,0.2,0.09375,75,True,,,,,,,,
3.2897202775807277,0.0081330906524127,0.9913587148445464,0.4711389148045996,0.0240486187311569,0.0198980098771026,0.0124806748026651,0.1395348837209302,0.6079734219269103,5.172404522669285,0.764984790334438,gated_dt1.95,6,5,0.5,0.1,0.005,4,True,,,,,,,,
0.1768190273069194,0.0111009929258325,0.7879015689616534,0.4061663201176141,0.0134670746279195,0.0193950015475101,0.0116623641745979,0.6877076411960132,0.1063122923588039,5.447351319656517,0.6542205157516037,gated_dt1.95,6,5,0.25,0.05,0.0,0,True,,,,,,,,
3.088007584850857,0.0101630159015562,0.8964917176501951,0.4785622700918475,0.0265000857007335,0.0223393400262026,0.0139433633558672,0.1428571428571428,0.2292358803986711,5.3800803773078805,0.6525563872494331,gated_dt1.95,6,6,1.0,0.2,0.12375,99,True,,,,,,,,
0.2197341678429438,0.0096459274008818,0.9379039929350522,0.1760708005797446,0.0157773518030363,0.0196491654625696,0.0118302576132106,0.6810631229235881,0.2790697674418604,5.829438707809436,0.7843576462203146,gated_dt1.95,6,6,0.5,0.1,0.00625,5,True,,,,,,,,
1.874037214015971,0.0105755552312726,0.849738612242245,0.2272554315552035,0.0207324799611439,0.0203738782327132,0.012190905220688,0.2524916943521594,0.1395348837209302,4.580403679095346,0.6451587635533542,gated_dt1.95,6,6,0.25,0.05,0.0,0,True,,,,,,,,
0.0,0.0104942035739252,0.858958200138716,0.2518860925641657,0.0082788644771403,0.0226639759806677,0.0137689187565486,1.0,0.1993355481727574,5.263934864956424,0.816673554302497,gated_dt1.95,6,7,1.0,0.2,0.10875,87,True,,,,,,,,
7.343328849841782,0.0089829716909877,0.9738174224657422,0.0892230192294584,0.0298015493897074,0.0201402092687842,0.0120198394981304,0.0431893687707641,0.4152823920265781,6.032931334200226,0.7953733512592862,gated_dt1.95,6,7,0.5,0.1,0.0025,2,True,,,,,,,,
0.4698341033822544,0.0078154418137784,0.9926593211605078,0.3587320854777293,0.0144470046587166,0.0206740547052158,0.0121112047407046,0.5581395348837209,0.7674418604651163,5.207841749625391,0.633172551056532,gated_dt1.95,6,7,0.25,0.05,0.0,0,True,,,,,,,,
7.013851962640274,0.0062411557877781,0.999105201326004,0.2122052036133873,0.0279210539036444,0.0216763037242939,0.0131163986501959,0.0232558139534883,0.9933554817275748,5.36505309915947,0.7110546153460291,gated_dt1.95,6,8,1.0,0.2,0.0975,78,True,,,,,,,,
1.095140795999214,0.0091174600164466,0.9675097455527067,0.3779478139510343,0.0199340646222379,0.0197164529442246,0.0121428869260989,0.3920265780730897,0.4019933554817276,5.036847022884991,0.69596431216155,gated_dt1.95,6,8,0.5,0.1,0.0025,2,True,,,,,,,,
2.015446107887783,0.0094339022964209,0.952668192154738,0.4405996154489313,0.0243627969470066,0.0207582796304326,0.0129343408106318,0.2491694352159468,0.3255813953488372,5.87872642265886,0.667084594284006,gated_dt1.95,6,8,0.25,0.05,0.0,0,True,,,,,,,,
4.179595980502199,0.011082898300027,0.7904307913774091,0.2852299330074331,0.0276529642898899,0.0229074744254317,0.0140049926744857,0.1029900332225913,0.0764119601328903,6.119839090420966,0.7020436919783606,gated_dt1.95,6,9,1.0,0.2,0.12,96,True,,,,,,,,
0.4250943577112593,0.010851859467424,0.8184250376399563,0.3775330689019013,0.0174678708941938,0.0197347273314224,0.0121884475008879,0.5647840531561462,0.1229235880398671,4.689894655014863,0.7594906032279596,gated_dt1.95,6,9,0.5,0.1,0.00375,3,True,,,,,,,,
1.2140455213866517,0.0083068640097264,0.990647203582488,0.2197491068528089,0.0194110238020192,0.0200117470435039,0.0118571615505187,0.4285714285714285,0.5880398671096345,5.364057097089836,0.7193789821467362,gated_dt1.95,6,9,0.25,0.05,0.0,0,True,,,,,,,,
1.5466896276993791,0.0078458140553882,0.9925349626725704,0.3905724597667354,0.0240665533457032,0.0221006218867549,0.013804135169043,0.3488372093023256,0.6810631229235881,5.152932377109098,0.6609707279910708,gated_dt1.95,7,0,1.0,0.2,0.10375,83,True,,,,,,,,
0.2233407011926829,0.0077254145894393,0.9930279356880702,0.4073336930425808,0.0166031925971031,0.0200892006743606,0.0121817014011112,0.6445182724252492,0.7840531561461794,5.085075644516862,0.6686512257856521,gated_dt1.95,7,0,0.5,0.1,0.0025,2,True,,,,,,,,
0.6031139648266617,0.0071137675404557,0.9955323113327832,0.2703446006198025,0.0168117674069883,0.0198885698954801,0.0118711740054003,0.5514950166112956,0.9069767441860463,5.020810757000506,0.8016498236390817,gated_dt1.95,7,0,0.25,0.05,0.0,0,True,,,,,,,,
0.8595365021878933,0.0090841919897202,0.969070059159174,0.3553323593277817,0.0200852150275773,0.0216950506776873,0.0131910704359165,0.3920265780730897,0.4119601328903654,5.389441761863215,0.5570152438033347,gated_dt1.95,7,1,1.0,0.2,0.1,80,True,,,,,,,,
0.3168889259181924,0.0082708790315546,0.990794543299174,0.336379171553033,0.0150177488285273,0.0201609547261733,0.0120210633906346,0.5780730897009967,0.6046511627906976,4.793616841147331,0.5677000052514813,gated_dt1.95,7,1,0.5,0.1,0.005,4,True,,,,,,,,
0.0,0.0110579494575624,0.7939180793869214,0.453365071516929,0.0021465538565738,0.0198765742685185,0.0114759073342269,1.0,0.1162790697674418,5.178718669624938,0.6315048929322984,gated_dt1.95,7,1,0.25,0.05,0.0,0,True,,,,,,,,
1.8370530483189211,0.0095017686933677,0.9491441266562944,0.3504140144730027,0.0239369092339048,0.0224466016923792,0.0135471577631102,0.2524916943521594,0.2890365448504983,5.070883156407127,0.4206174019961963,gated_dt1.95,7,2,1.0,0.2,0.11625,93,True,,,,,,,,
1.61093632637494,0.0087810820228641,0.9818142191201656,0.4627806405442403,0.0228203117479581,0.0201726906362464,0.0126230402122495,0.2890365448504983,0.5116279069767442,5.246060284837813,0.7267142980713288,gated_dt1.95,7,2,0.5,0.1,0.0075,6,True,,,,,,,,
2.052050001003863,0.012640373699965,0.5646579913074035,0.3949781694992657,0.021214557212312,0.0193592090574896,0.0120362590490412,0.2358803986710963,0.0265780730897009,5.029626579935598,0.6266889974215246,gated_dt1.95,7,2,0.25,0.05,0.0,0,True,,,,,,,,
0.6620956663459765,0.0091734645409375,0.9648830607088636,0.3309408334779087,0.019122889323276,0.0215973357033025,0.0130342680153711,0.5116279069767442,0.3654485049833887,5.136465761316277,0.6799084395274804,gated_dt1.95,7,3,1.0,0.2,0.11875,95,True,,,,,,,,
0.0004007558768535,0.0091843127169501,0.9643742671823654,0.4357358552181549,0.0105925384030556,0.0199892223558109,0.0117307494674687,0.8172757475083057,0.4019933554817276,4.619629476988235,0.6483944082003745,gated_dt1.95,7,3,0.5,0.1,0.005,4,True,,,,,,,,
0.7022565183960978,0.0071827892467798,0.9952497034455028,0.1758264717769667,0.0174136971036548,0.0195685676859804,0.0116229418311913,0.4684385382059801,0.8870431893687708,4.763746711822069,0.5952213929776917,gated_dt1.95,7,3,0.25,0.05,0.0,0,True,,,,,,,,
0.0968241497444069,0.0068206207152481,0.9967325946834428,0.4253462134779251,0.0153960105509727,0.0224125714590842,0.013345797834753,0.6976744186046512,0.9335548172757476,4.91108346538061,0.5031398366595567,gated_dt1.95,7,4,1.0,0.2,0.10375,83,True,,,,,,,,
2.3982159642273477,0.0069750768483531,0.9961001773791044,0.3253088492430556,0.0222565536367223,0.0194563677124439,0.0119005509483458,0.2458471760797342,0.9136212624584718,5.7314906584827,0.9689081095552864,gated_dt1.95,7,4,0.5,0.1,0.005,4,True,,,,,,,,
5.947527489739514,0.0097556794173645,0.9293465678393728,0.107036102700778,0.0284336967635827,0.0205178473422502,0.0119669160896453,0.0365448504983388,0.26578073089701,5.191352208944821,0.5778942408917374,gated_dt1.95,7,4,0.25,0.05,0.0,0,True,,,,,,,,
3.752312739764875,0.0106379908498689,0.842662780079887,0.3788198874852705,0.0262854106913619,0.0217707961016058,0.0134647811792465,0.1295681063122923,0.132890365448505,5.6558536649792135,0.7197351025542957,gated_dt1.95,7,5,1.0,0.2,0.12375,99,True,,,,,,,,
3.72285092555012,0.0065393567571899,0.9978842238909524,0.3066966075925368,0.022794803739974,0.0203863781572281,0.0124663456434807,0.1029900332225913,0.9700996677740864,5.9357735503029065,0.5499259463354065,gated_dt1.95,7,5,0.5,0.1,0.00625,5,True,,,,,,,,
1.3292661305194995,0.0069108563501339,0.9963631268233936,0.4753470573667179,0.0224193489339936,0.019579602866523,0.012329084232655,0.362126245847176,0.9169435215946844,5.842361050423303,0.6102582304179123,gated_dt1.95,7,5,0.25,0.05,0.0,0,True,,,,,,,,
3.0184415219232505,0.0071576641868491,0.995352577461272,0.1119992143900328,0.0282082582452358,0.0224900079268301,0.0130906935406318,0.1694352159468438,0.893687707641196,5.286645816367309,0.6163118138924801,gated_dt1.95,7,6,1.0,0.2,0.0875,70,True,,,,,,,,
0.2264705105526445,0.0100787758658871,0.9041545600246722,0.2626164326041531,0.0150458314197479,0.0206844073450634,0.0128458274518565,0.6378737541528239,0.2259136212624584,5.358744528102034,0.7489076998519977,gated_dt1.95,7,6,0.5,0.1,0.00125,1,True,,,,,,,,
1.7189524919190262,0.0076028545955018,0.9935297549388018,0.4597059825077254,0.0216656469901737,0.0195265916020075,0.0122314497123699,0.2558139534883721,0.717607973421927,5.139871147065265,0.528965121812007,gated_dt1.95,7,6,0.25,0.05,0.0,0,True,,,,,,,,
6.588965539905075,0.0078775562865981,0.9924049947917754,0.1151457986113409,0.0319011903656746,0.0227937020907088,0.0134590011571335,0.0299003322259136,0.707641196013289,4.913082282217419,0.4687872946133211,gated_dt1.95,7,7,1.0,0.2,0.10625,85,True,,,,,,,,
0.6965967982050643,0.0082831992623709,0.9907440983799268,0.3533188481996204,0.0177802137976667,0.0211442226305604,0.0127377231596241,0.4784053156146179,0.5980066445182725,4.407997303011644,0.5966335882405929,gated_dt1.95,7,7,0.5,0.1,0.00625,5,True,,,,,,,,
0.927992684160472,0.0096615510965844,0.9366858047871026,0.4852984073792774,0.0208714359554026,0.0204684098312618,0.012664130791773,0.4784053156146179,0.292358803986711,5.207974283782008,0.814850276376319,gated_dt1.95,7,7,0.25,0.05,0.0,0,True,,,,,,,,
1.6714540817101806,0.0103057021708772,0.8803210747337524,0.3235991949694856,0.0219835239322661,0.0215202747192575,0.013059259830195,0.3455149501661129,0.1661129568106312,5.59976821366106,1.0166555881114618,gated_dt1.95,7,8,1.0,0.2,0.105,84,True,,,,,,,,
0.0,0.0082480697161977,0.990887935548752,0.4575690802760367,0.007153581332002,0.0199411817188435,0.0118447728318959,1.0,0.6079734219269103,5.97316003964195,0.6319992472863305,gated_dt1.95,7,8,0.5,0.1,0.00625,5,True,,,,,,,,
0.326553438540941,0.0087708106108921,0.9820801668228728,0.2642916805804984,0.0170392055120826,0.0205486616057522,0.0125282101956052,0.6013289036544851,0.4651162790697674,4.830521500809847,0.6204259746295975,gated_dt1.95,7,8,0.25,0.05,0.0,0,True,,,,,,,,
0.3669370599827743,0.0074383381325237,0.9942033640467366,0.4120549757756613,0.0186434795959657,0.0227412350448046,0.013542238155401,0.6179401993355482,0.813953488372093,5.656277480552421,0.7433904795725539,gated_dt1.95,7,9,1.0,0.2,0.09,72,True,,,,,,,,
0.0956846537355886,0.0084831699041971,0.9895277685117926,0.4138897672623852,0.0126456738531739,0.0198867262995539,0.0119285332191014,0.7142857142857143,0.5714285714285714,6.279968262357102,0.7049949332738379,gated_dt1.95,7,9,0.5,0.1,0.00125,1,True,,,,,,,,
0.4036004624003908,0.0112767148539468,0.7633395888299837,0.3745289192164961,0.0155567024347571,0.0202983955887791,0.0122810920924618,0.5980066445182725,0.1096345514950166,5.569121007415743,0.6640145363455758,gated_dt1.95,7,9,0.25,0.05,0.0,0,True,,,,,,,,
2.478627628705908,0.0103159559515132,0.879159013198347,0.3198172021796212,0.0247090299816959,0.0222542818095877,0.0136313726507621,0.2059800664451827,0.1794019933554817,5.433719569964889,0.6122902728945974,gated_dt1.95,8,0,1.0,0.2,0.12375,99,True,,,,,,,,
3.274787559348624e-06,0.0073289906773028,0.9946510848427768,0.4891917446082255,0.0015398959661846,0.0199556640021865,0.0120631010687081,0.8538205980066446,0.8205980066445183,5.906174789428226,0.7110394330288727,gated_dt1.95,8,0,0.5,0.1,0.00625,5,True,,,,,,,,
0.4393006112495641,0.0085160903960078,0.9886753901637256,0.3602230934279254,0.016334351892341,0.0201979547729005,0.0123747050323553,0.5647840531561462,0.5382059800664452,5.067323177996904,0.5686804949768884,gated_dt1.95,8,0,0.25,0.05,0.0,0,True,,,,,,,,
0.5064353595284956,0.0073277981355794,0.9946559676791322,0.0458542184787026,0.0229671383090217,0.0216721591600248,0.0135109594578454,0.53156146179402,0.8504983388704319,6.18155084803084,0.6657685723243958,gated_dt1.95,8,1,1.0,0.2,0.11,88,False,,,,,,,,
0.4973824989574495,0.0082438904609314,0.9909050474192652,0.2662404748922433,0.0193813521536822,0.0207557398436841,0.0125078176176303,0.5049833887043189,0.6478405315614618,5.126342634223992,0.511481797244187,gated_dt1.95,8,1,0.5,0.1,0.00375,3,True,,,,,,,,
0.0,0.0068505051405969,0.9966102335486606,0.4923007850917991,0.0075780507335317,0.0201394560404504,0.0122272166193414,1.0,0.9235880398671096,5.37025333856202,0.7555808108002111,gated_dt1.95,8,1,0.25,0.05,0.0,0,True,,,,,,,,
8.570805285785354,0.0071843317189054,0.995243387826666,0.2035388788853226,0.0297149418901374,0.0221528460185896,0.0133464194482368,0.0132890365448504,0.8704318936877077,5.212801271072615,0.7337287320251562,gated_dt1.95,8,2,1.0,0.2,0.09625,77,True,,,,,,,,
0.114927876139518,0.0119746271993473,0.6634613329255818,0.3980635658950401,0.0152134836511107,0.0200769982427692,0.0123286338975277,0.6677740863787376,0.0598006644518272,5.775466890545499,0.6223763703426357,gated_dt1.95,8,2,0.5,0.1,0.00625,5,True,,,,,,,,
0.0,0.0115380374073189,0.7268125632460783,0.2964267999122558,0.0046112902943114,0.0198420932995051,0.01156587270594,1.0,0.1096345514950166,5.828962773033392,0.614162494513721,gated_dt1.95,8,2,0.25,0.05,0.0,0,True,,,,,,,,
2.1324719453978105,0.0065690295385426,0.9977627293279456,0.2873653296473155,0.0249274970873693,0.0223026173944794,0.0133866391816477,0.2591362126245847,0.9601328903654484,5.564699443654172,0.903007665105406,gated_dt1.95,8,3,1.0,0.2,0.0975,78,True,,,,,,,,
0.9392524589679851,0.0102977545566257,0.8812217783032714,0.2197634106622263,0.0168181034216846,0.0198910628735504,0.0118988244556842,0.4817275747508305,0.1661129568106312,5.341886065030394,0.7954677236798489,gated_dt1.95,8,3,0.5,0.1,0.00625,5,True,,,,,,,,
0.3434257600829369,0.0109453518531069,0.8078295403193064,0.3966233121582162,0.0171948099382536,0.0195954901832867,0.0119830527483191,0.6079734219269103,0.1063122923588039,6.3225357085618095,0.7101909459026956,gated_dt1.95,8,3,0.25,0.05,0.0,0,True,,,,,,,,
5.019757310250952,0.0094953287888076,0.9496462495571968,0.2661195142008599,0.0268607683171645,0.02232537180843,0.0134962126157634,0.0631229235880398,0.3521594684385382,5.202845127766137,0.5851509157646433,gated_dt1.95,8,4,1.0,0.2,0.0875,70,True,,,,,,,,
0.7394181500576451,0.0082629910241558,0.9908268405752708,0.4274708806479071,0.0190705985859008,0.019781603873391,0.0119108127291146,0.4285714285714285,0.5681063122923588,5.390237742043474,0.4271175943013077,gated_dt1.95,8,4,0.5,0.1,0.0025,2,True,,,,,,,,
3.511566844679237,0.0112231014382112,0.7708335405878564,0.4747055457260438,0.0254084503655583,0.0211378024690188,0.0133493479710802,0.0863787375415282,0.0996677740863787,4.328564526292827,0.6538897739401364,gated_dt1.95,8,4,0.25,0.05,0.0,0,True,,,,,,,,
0.3862845045787253,0.0087758704739323,0.981949156699317,0.3301479531349541,0.0172450440819199,0.0224538987097938,0.013770045485195,0.6046511627906976,0.4983388704318937,6.183212630806249,0.6950609171478845,gated_dt1.95,8,5,1.0,0.2,0.105,84,True,,,,,,,,
1.0549040906662412,0.0114150433088763,0.7440043766678792,0.4804580526394963,0.0221096854028548,0.0201004640498547,0.0127040598458316,0.4352159468438538,0.0764119601328903,5.019500420041936,0.7342485539843437,gated_dt1.95,8,5,0.5,0.1,0.0075,6,True,,,,,,,,
0.0,0.0076364277273432,0.993392290474876,0.4793985151566203,0.0017288486719921,0.0209776022578165,0.0126158127603903,1.0,0.7508305647840532,5.806374093935415,0.6472778909130739,gated_dt1.95,8,5,0.25,0.05,0.0,0,True,,,,,,,,
0.9329821098135652,0.0110165598239841,0.7997034208552186,0.3405850934804282,0.0185408231296397,0.0215489772543417,0.0130500558494836,0.4717607973421927,0.1461794019933555,5.37930199013108,0.7576028945879898,gated_dt1.95,8,6,1.0,0.2,0.095,76,True,,,,,,,,
0.727636581022125,0.0067668875469985,0.9969526039814542,0.2941879213598451,0.0159610769186061,0.0197994034723586,0.011965253641171,0.5049833887043189,0.9667774086378738,5.33341456738174,0.7422027985649038,gated_dt1.95,8,6,0.5,0.1,0.005,4,True,,,,,,,,
0.0130160706567039,0.0067222319171052,0.9971354454945294,0.3587087843255359,0.0105369113208545,0.0198166944909155,0.0117925838322782,0.7940199335548173,0.9634551495016612,5.121127458779667,0.5865574908200415,gated_dt1.95,8,6,0.25,0.05,0.0,0,True,,,,,,,,
1.7282011614934163,0.0102090309544794,0.8912768291178608,0.2404488580777391,0.0227231709545131,0.0218410822933663,0.0131941587230896,0.2990033222591362,0.1827242524916943,5.608299211279842,0.6767934763472567,gated_dt1.95,8,7,1.0,0.2,0.105,84,True,,,,,,,,
0.0351827248236986,0.0098150232905125,0.9247194934071576,0.4668774889735721,0.0157645836624654,0.0194704435892079,0.0118972274585983,0.7375415282392026,0.2425249169435216,5.013015604744487,0.4592844220621828,gated_dt1.95,8,7,0.5,0.1,0.005,4,True,,,,,,,,
4.999132286302483,0.0070501489769959,0.9957927961681882,0.2623542229383734,0.0239250743976159,0.0195954866301741,0.0121907629268107,0.0730897009966777,0.9136212624584718,5.351089609953105,0.7787799624975378,gated_dt1.95,8,7,0.25,0.05,0.0,0,True,,,,,,,,
2.753400082398912,0.0097599146677876,0.9290163430342292,0.4191035201225802,0.0255859008726176,0.0215379047561612,0.0135091504531432,0.1794019933554817,0.26578073089701,5.508382503124836,0.4638574485391018,gated_dt1.95,8,8,1.0,0.2,0.09875,79,True,,,,,,,,
1.71353481801998,0.0086166928958639,0.9860705872606644,0.4394194004967009,0.0219880877026522,0.0200353724025259,0.0123524296957582,0.2524916943521594,0.5581395348837209,5.137278373064691,0.4797330120309198,gated_dt1.95,8,8,0.5,0.1,0.00125,1,True,,,,,,,,
0.0,0.0079904872080874,0.9919426015704186,0.4559326884335966,0.0073690823183074,0.0193639283134065,0.0114553159882192,1.0,0.6910299003322259,5.607507288201672,0.5735841849473218,gated_dt1.95,8,8,0.25,0.05,0.0,0,True,,,,,,,,
3.772908927133813,0.0078300824124648,0.9925993755450826,0.1470172608050176,0.0271136709251185,0.0225674010986241,0.0138928331039964,0.0897009966777408,0.7209302325581395,4.311961214668759,0.6892918879016179,gated_dt1.95,8,9,1.0,0.2,0.11,88,True,,,,,,,,
0.4089433832614304,0.0062438565123622,0.9990941432674671,0.4918346283352703,0.020855309013721,0.0207590466194164,0.0128712238201006,0.5880398671096345,0.9867109634551496,5.311420529437601,0.7697926062860461,gated_dt1.95,8,9,0.5,0.1,0.01125,9,True,,,,,,,,
0.0,0.0094503841394524,0.951895172337449,0.4495048797406062,0.0141532852888186,0.0201213173972212,0.012318799134051,1.0,0.335548172757475,5.945929728387524,0.6620808308859978,gated_dt1.95,8,9,0.25,0.05,0.0,0,True,,,,,,,,
6.322047437401125,0.009235377924104,0.9619792427285704,0.2210066658346418,0.028738221144964,0.022746931200105,0.0138052644966198,0.0232558139534883,0.3222591362126246,4.739804437724731,0.5548860598298688,gated_dt1.95,9,0,1.0,0.2,0.085,68,True,,,,,,,,
0.0,0.0100405429165681,0.9071356041136072,0.4769250323010006,0.0072822441297553,0.0207682910837997,0.0123357434384645,1.0,0.2225913621262458,5.824028775653256,0.5643581740814625,gated_dt1.95,9,0,0.5,0.1,0.00375,3,True,,,,,,,,
0.1132516376947023,0.0090289688507576,0.9716600960081788,0.3934080671053063,0.0111681322835068,0.0199068217496864,0.0119108132412512,0.7209302325581395,0.4053156146179402,4.913432512274861,0.6528072903624889,gated_dt1.95,9,0,0.25,0.05,0.0,0,True,,,,,,,,
5.432086669214641,0.010005904869677,0.90983635168281,0.1590825483707272,0.0260275502790714,0.0207583187120555,0.0126190995758738,0.0697674418604651,0.2126245847176079,6.462801432295692,0.7631596997991892,gated_dt1.95,9,1,1.0,0.2,0.1,80,True,,,,,,,,
0.0,0.006852514136175,0.9966020077596138,0.4638207990417888,0.0124943987196413,0.0201214865468424,0.0121008102268998,1.0,0.9169435215946844,5.397459953815542,0.7288609233937677,gated_dt1.95,9,1,0.5,0.1,0.005,4,True,,,,,,,,
0.6644700346146237,0.0093198158808619,0.958018993029514,0.4965383860660553,0.0196453328580449,0.0194954119037874,0.0120692614898945,0.5382059800664452,0.3222591362126246,5.755876766456665,0.8763957211149318,gated_dt1.95,9,1,0.25,0.05,0.0,0,True,,,,,,,,
5.233702461632674,0.008518531936696,0.9886121737199828,0.2297994800290481,0.0264419378133372,0.0220924219905124,0.0135764405316506,0.0465116279069767,0.5581395348837209,4.857691396621547,0.6911825745942224,gated_dt1.95,9,2,1.0,0.2,0.12375,99,True,,,,,,,,
0.0,0.0106409944679015,0.8423223798795436,0.1029763464762002,0.0049776092818435,0.0202514180126967,0.0121653835686822,1.0,0.1262458471760797,4.883534999671997,0.5196394110171241,gated_dt1.95,9,2,0.5,0.1,0.0075,6,True,,,,,,,,
5.286482762061496,0.0077652829524935,0.9928646955357738,0.1675096709124935,0.0261128398179107,0.0200198255113801,0.0118408033185855,0.0498338870431893,0.770764119601329,4.695941852384636,0.6700302185174678,gated_dt1.95,9,2,0.25,0.05,0.0,0,True,,,,,,,,
0.0,0.0113736445882985,0.7497909882946758,0.3656291464786757,0.0089746601190025,0.0218810926089868,0.013098005137221,1.0,0.0797342192691029,5.52200367977305,0.7063715966517066,gated_dt1.95,9,3,1.0,0.2,0.0925,74,True,,,,,,,,
0.2986452014943097,0.008560103688798,0.987535796684466,0.2119426923294231,0.0153295207012208,0.0204054336741044,0.0119310152021539,0.6511627906976745,0.5382059800664452,5.839934649017347,0.6538417906235736,gated_dt1.95,9,3,0.5,0.1,0.0025,2,True,,,,,,,,
0.8909959795337272,0.0113057003662516,0.7592880650106311,0.3819352266011036,0.0198858189042624,0.019803873979011,0.0120241993125657,0.4318936877076412,0.0830564784053156,6.976502388431804,0.6478449471630938,gated_dt1.95,9,3,0.25,0.05,0.0,0,True,,,,,,,,
5.94759905638648,0.0075706939903526,0.9936614358426642,0.3751115609317086,0.0281497809001582,0.022174094057411,0.013709770227352,0.0431893687707641,0.7973421926910299,5.5663995074236485,0.7840275617622865,gated_dt1.95,9,4,1.0,0.2,0.12,96,True,,,,,,,,
0.0,0.0080518216400932,0.991691469061968,0.4974365610620671,0.0080546391141546,0.0203121946552197,0.0123527810233178,1.0,0.6677740863787376,5.064259962935194,0.6903779670976746,gated_dt1.95,9,4,0.5,0.1,0.005,4,True,,,,,,,,
2.0312415649796094,0.0075222261946577,0.9938598861863598,0.3726612841555177,0.0220362776329118,0.0203731634003453,0.0124719177532835,0.2392026578073089,0.813953488372093,4.7043590198587495,0.7366233108587039,gated_dt1.95,9,4,0.25,0.05,0.0,0,True,,,,,,,,
10.09715813411458,0.0081471458350877,0.9913011662023484,0.1862304507189828,0.0317432512316713,0.0227167441787018,0.0134764004228547,0.0033222591362126,0.6478405315614618,4.675832833588702,0.5106070003243985,gated_dt1.95,9,5,1.0,0.2,0.13125,105,True,,,,,,,,
0.0080715362705632,0.0092995347155959,0.9589702059878225,0.213162967319894,0.0114925366388965,0.0194786343614012,0.0115231246146211,0.8704318936877077,0.2990033222591362,5.170721587549953,0.8272142777218505,gated_dt1.95,9,5,0.5,0.1,0.0025,2,True,,,,,,,,
1.117957725829001,0.0081204251346202,0.9914105735338672,0.3648159311152554,0.0213720773798856,0.021477626250458,0.0130666159545713,0.3654485049833887,0.6578073089700996,5.17488702236292,0.5326595856813583,gated_dt1.95,9,5,0.25,0.05,0.0,0,True,,,,,,,,
0.0,0.0075860673684059,0.9935984898779322,0.4405630024512605,0.0074507879861236,0.022016453437864,0.0128058718224659,1.0,0.770764119601329,5.230670157458648,0.6748442903772229,gated_dt1.95,9,6,1.0,0.2,0.11625,93,True,,,,,,,,
0.4104584107221853,0.0112748817962022,0.7635958091457169,0.3689756632150692,0.0157035637898909,0.0201909924294748,0.0119158766821854,0.5581395348837209,0.1096345514950166,5.48610796214723,0.6199630446380979,gated_dt1.95,9,6,0.5,0.1,0.00875,7,True,,,,,,,,
0.0222625464948578,0.0072763690060755,0.9948665431402128,0.2883184363939162,0.0138673868890394,0.0207393270883941,0.0122785618833392,0.8239202657807309,0.8737541528239202,5.526963112456226,0.6554953161082722,gated_dt1.95,9,6,0.25,0.05,0.0,0,True,,,,,,,,
0.0712429643226641,0.0075101144298594,0.993909477545994,0.4076955334710276,0.0114072354843347,0.0226960150799273,0.0130402385915273,0.7641196013289037,0.813953488372093,5.970110131724872,0.794124028545184,gated_dt1.95,9,7,1.0,0.2,0.105,84,True,,,,,,,,
0.9066680469659332,0.0103223577213343,0.8784335002649495,0.4962552373235838,0.0203674364840379,0.020155327671581,0.0123437293454673,0.4651162790697674,0.1827242524916943,5.337488834800843,0.7442764231714136,gated_dt1.95,9,7,0.5,0.1,0.00375,3,True,,,,,,,,
0.0,0.0079107342624704,0.992269148285439,0.3180903860256293,0.0083763060177877,0.0197121025396159,0.0114413015705439,1.0,0.7408637873754153,5.101524292180103,0.5272544046265466,gated_dt1.95,9,7,0.25,0.05,0.0,0,True,,,,,,,,
3.2838393053680197e-06,0.0099140369711369,0.9169993422651128,0.4750265083638055,0.000943141025857,0.0229389705391012,0.0138627575664006,0.8239202657807309,0.2591362126245847,5.423726723340933,0.7359895591953318,gated_dt1.95,9,8,1.0,0.2,0.1175,94,True,,,,,,,,
0.1169245859282455,0.0068154695958478,0.996753685830683,0.4110212060645499,0.0129727516769088,0.0200930597607499,0.0121088272698331,0.707641196013289,0.9169435215946844,5.122293877339167,0.6593971596337269,gated_dt1.95,9,8,0.5,0.1,0.0075,6,True,,,,,,,,
0.0,0.0115038267596884,0.7315944436659496,0.4664052023297036,0.006745145677331,0.0194618816179241,0.0113880706430883,1.0,0.0730897009966777,6.205114006623718,0.7248441676301809,gated_dt1.95,9,8,0.25,0.05,0.0,0,True,,,,,,,,
0.8370178539139488,0.0101631679458919,0.8964744864570867,0.2745395510799736,0.0204238195405632,0.0220713830201316,0.0135532899968042,0.4385382059800664,0.2026578073089701,5.6874021468367575,0.644399682143785,gated_dt1.95,9,9,1.0,0.2,0.0975,78,True,,,,,,,,
1.4737691959448966,0.0070449271679623,0.9958141767526068,0.3362335637808417,0.0211459578006163,0.020299111764864,0.0122382757679529,0.2956810631229236,0.8970099667774086,5.585294022671725,0.5419872940615278,gated_dt1.95,9,9,0.5,0.1,0.005,4,True,,,,,,,,
0.680637462640334,0.0109082013504363,0.8120398088736025,0.2967503337727638,0.0168541018844831,0.0199891072607579,0.0122055644268363,0.5116279069767442,0.1262458471760797,4.942949423681882,0.7368972734323052,gated_dt1.95,9,9,0.25,0.05,0.0,0,True,,,,,,,,
1.5781906482748127,0.0082411524937216,0.9909162579669296,0.4136890914542357,0.0235920672264929,0.0215554419840026,0.0133557401514574,,,,,gated_dt1.95,100,0,1.0,0.2,0.1075,86,True,1.0,0.9634551495016612,95.16641664921946,69.0675304923634,0.6079734219269103,0.8106312292358804,9.633702240715548,2.150995630298439
1.6532278174577186,0.007667077244147,0.9932667966896396,0.3562168134094989,0.0228212318521866,0.0201140797617379,0.0124404514811847,,,,,gated_dt1.95,100,0,0.5,0.1,0.00375,3,True,1.0,0.9933554817275748,107.33668398234386,79.72801048237807,0.5780730897009967,0.9069767441860463,12.254457887262925,2.153275780089644
1.3769724007838704,0.0113614211267441,0.7514995537711753,0.3312209499633586,0.0210102350829325,0.0203907119160275,0.0123063293247787,,,,,gated_dt1.95,100,0,0.25,0.05,0.0,0,True,1.0,0.8372093023255814,75.94383981466942,54.10441283799173,0.6212624584717608,0.4518272425249169,9.38796873546062,2.0746388150823805
12.248946513903777,0.0129651026128904,0.5169639752952822,0.2655393001089587,0.0303056174806117,0.0217695746659095,0.0132701683112996,,,,,gated_dt1.95,100,1,1.0,0.2,0.10375,83,True,1.0,0.7807308970099668,85.68801289255899,61.03335884620492,0.5116279069767442,0.26578073089701,24.940420564264947,12.6498536251936
0.0,0.0086227941280881,0.9859126139753824,0.4954167819066071,0.0015436496078158,0.0204694997299941,0.0121608939487571,,,,,gated_dt1.95,100,1,0.5,0.1,0.0025,2,True,1.0,0.9833887043189368,90.58677901870956,67.45339769577095,1.0,0.8205980066445183,9.849134847107916,0.0624009971043051
0.682277225298094,0.0078315334562992,0.9925934342774116,0.4779531150133095,0.0207448222549058,0.0205424813009955,0.0126388495459445,,,,,gated_dt1.95,100,1,0.25,0.05,0.0,0,True,1.0,0.9833887043189368,83.63953506839061,61.6970270445031,0.7308970099667774,0.9169435215946844,7.812981023170483,1.936287013632864
0.1197471365503588,0.0079304006459274,0.9921886247027104,0.4817742669528039,0.0191555821474776,0.0222240602682349,0.0136307146391161,,,,,gated_dt1.95,100,2,1.0,0.2,0.09375,75,True,1.0,0.9767441860465116,86.30253331108999,64.89379691665363,0.7873754152823921,0.8239202657807309,5.348074235973834,1.066130059656189
0.0082828563422481,0.0072933092837154,0.9947971815389324,0.4623451553828447,0.009007951118389,0.0208079030944799,0.0126112293959709,,,,,gated_dt1.95,100,2,0.5,0.1,0.01125,9,True,1.0,0.9966777408637874,83.86230929049775,58.4662546962436,0.7840531561461794,0.9667774086378738,5.451568842687244,0.5406940304676482
0.590670376325761,0.0102516195502442,0.8864502611677547,0.3484215372026482,0.0157328175921285,0.0199755927233474,0.0117723814712308,,,,,gated_dt1.95,100,2,0.25,0.05,0.0,0,True,1.0,0.893687707641196,106.28809163879664,79.07698223507168,0.6411960132890365,0.6378737541528239,10.459244294389102,1.634486081835803
2.7125385159502,0.0111515192454211,0.7808391239317163,0.4048357258015544,0.0255896965581051,0.0219761071002395,0.0136722581821019,,,,,gated_dt1.95,100,3,1.0,0.2,0.09125,73,True,1.0,0.8372093023255814,82.30334472696268,60.7527833529939,0.5880398671096345,0.4817275747508305,12.45742177238892,3.5019272030160664
0.8213886054477371,0.0072045535714052,0.9951605898879272,0.3287140708818709,0.0176055457779534,0.0203956476531014,0.0124338200854627,,,,,gated_dt1.95,100,3,0.5,0.1,0.01,8,True,1.0,1.0,117.31620799665176,88.52678240818432,0.6511627906976745,0.9667774086378738,16.124129034103184,1.916513902249335
0.0,0.0088377299770614,0.9803474886139008,0.3785676917583348,0.0099068102252351,0.0191463818731095,0.0114497556576312,,,,,gated_dt1.95,100,3,0.25,0.05,0.0,0,True,1.0,0.7973421926910299,60.76476772074817,42.10669687937616,1.0,0.53156146179402,5.4054520372424895,0.1408295372307293
1.2011525234815963,0.0103215257249762,0.8785277904589398,0.2050416833634634,0.0219372652541974,0.0218737682572024,0.012977837248525,,,,,gated_dt1.95,100,4,1.0,0.2,0.10125,81,True,1.0,0.9235880398671096,93.5271648106011,72.60135199896104,0.5149501661129569,0.7275747508305648,7.684900489124222,1.4264366730840266
4.470547050137611,0.0093452440836195,0.9568263773364646,0.3014546960781498,0.0242439633790616,0.0196952985875059,0.0120246980927361,,,,,gated_dt1.95,100,4,0.5,0.1,0.00375,3,True,1.0,0.8571428571428571,77.02725461775832,57.37254812564697,0.5913621262458472,0.5714285714285714,19.12226640851163,5.708128085706676
0.2773557887690003,0.0098753052792319,0.920019273587816,0.3990563010070924,0.016989022503795,0.0201590319932689,0.0122515714321481,,,,,gated_dt1.95,100,4,0.25,0.05,0.0,0,True,1.0,0.903654485049834,71.52757281487025,50.58724385326104,0.7275747508305648,0.5946843853820598,6.091913031785249,0.9152227595063778
4.340052679922337,0.00755183452532,0.9937386555153144,0.3337519781366544,0.0278454716192048,0.0225995118280954,0.0138172525695872,,,,,gated_dt1.95,100,5,1.0,0.2,0.0975,78,True,1.0,0.9900332225913622,109.01696256772615,85.43447967943484,0.5049833887043189,0.9435215946843852,16.285976624383174,4.44894923442439
0.0,0.0113297139611759,0.755931503608482,0.3764096218052482,0.0087814503462435,0.020941602370651,0.012411904923444,,,,,gated_dt1.95,100,5,0.5,0.1,0.01125,9,True,1.0,0.840531561461794,88.65769264704733,64.98949602626135,1.0,0.4916943521594684,6.019665761231068,0.0991008431410591
0.0,0.0084339134838738,0.9901270022519052,0.4989354255673366,0.0003911691770932,0.020533616372704,0.0121394385258725,,,,,gated_dt1.95,100,5,0.25,0.05,0.0,0,True,1.0,0.9634551495016612,88.44428176050296,66.4522811432721,1.0,0.8172757475083057,12.088841513454284,0.0859335614054543
8.146381632716839,0.012304697306172,0.6141886074334971,0.1713360976031026,0.0300737079036465,0.0221941770112223,0.0131469603814354,,,,,gated_dt1.95,100,6,1.0,0.2,0.09375,75,True,1.0,0.8039867109634552,84.09968476183813,60.64339312018592,0.5348837209302325,0.4717607973421927,23.63939604415873,8.743276397720138
1.8166652627128317,0.006987500154125,0.9960493104216755,0.3368687561361529,0.0215125655167375,0.0204327170549553,0.0124456035799563,,,,,gated_dt1.95,100,6,0.5,0.1,0.00375,3,True,1.0,0.9933554817275748,89.21238657027575,64.49393574268606,0.5980066445182725,0.9601328903654484,10.276672454396452,2.75124918244228
3.196954671425374,0.0101142617031805,0.9013877097714592,0.2534197950321751,0.023588865949045,0.0203398223487069,0.0122046051099932,,,,,gated_dt1.95,100,6,0.25,0.05,0.0,0,True,1.0,0.8704318936877077,92.48090041299513,67.403875970007,0.53156146179402,0.4983388704318937,12.801022767760108,3.476941116208081
0.0,0.0087574808634014,0.9824253010393228,0.4340320955132837,0.010662944031911,0.021719469788667,0.0126361292224922,,,,,gated_dt1.95,100,7,1.0,0.2,0.1025,82,True,1.0,0.9102990033222592,75.87987758338,55.36181350120023,1.0,0.6511627906976745,8.595831350763802,0.2300139713252065
2.249621790193487,0.007156311799963,0.9953581147801974,0.3490449314469552,0.0218788153353208,0.020003053365091,0.0122045848211322,,,,,gated_dt1.95,100,7,0.5,0.1,0.00125,1,True,1.0,0.9933554817275748,80.13074720257077,58.84554730098489,0.6411960132890365,0.946843853820598,10.503695128402136,3.3807928671669742
0.1240271424562706,0.0114488175696055,0.739283493338786,0.3494803083719546,0.0147920835429196,0.0199166865887266,0.0120741747765441,,,,,gated_dt1.95,100,7,0.25,0.05,0.0,0,True,1.0,0.7009966777408638,86.85263412763166,62.78747890020031,0.7209302325581395,0.3388704318936877,6.257540824923763,0.7255109140148761
7.753334050250942,0.0101592653350011,0.896916769568542,0.4932748445718801,0.0303737917533325,0.0230945050365657,0.01472021532599,,,,,gated_dt1.95,100,8,1.0,0.2,0.1225,98,True,1.0,0.9435215946843852,122.97746619114848,94.33077796500584,0.5647840531561462,0.7043189368770764,19.69816847870277,8.444744152965768
1.263246259046355,0.0123938780084686,0.6008757500356574,0.3395668569480811,0.0196461015676544,0.020604760889268,0.0128443075214575,,,,,gated_dt1.95,100,8,0.5,0.1,0.00625,5,True,1.0,0.8372093023255814,124.6464454087587,94.11419690337289,0.7641196013289037,0.5946843853820598,11.966581158042962,3.082546563825872
7.532470244573687,0.0110720931374864,0.7919411104963076,0.310788344755236,0.0251082936501697,0.0194945219963912,0.0120221995584589,,,,,gated_dt1.95,100,8,0.25,0.05,0.0,0,True,1.0,0.9335548172757476,98.52191213775237,70.98048512537753,0.5647840531561462,0.6744186046511628,18.683022176380277,8.478246495094936
4.52384035857267,0.0076382312308987,0.9933849060684816,0.2882942614947703,0.0262495935074868,0.0219486466986409,0.0135135449343841,,,,,gated_dt1.95,100,9,1.0,0.2,0.0625,50,True,1.0,1.0,116.92361572728132,87.23691564267983,0.5681063122923588,0.9302325581395348,16.037955543268552,5.343694576546568
0.8781590767462149,0.0074412304456768,0.994191521532938,0.3475517276171078,0.0175704430555929,0.0203098722910709,0.0122348824728538,,,,,gated_dt1.95,100,9,0.5,0.1,0.00625,5,True,1.0,0.9867109634551496,65.52779006706196,45.38548508328768,0.5813953488372093,0.8837209302325582,10.792720236268863,1.404274309419634
1.782335667659936,0.0096241251982774,0.9396039226646992,0.3129442128162683,0.0209585396008313,0.0205154823180698,0.0125089113434975,,,,,gated_dt1.95,100,9,0.25,0.05,0.0,0,True,1.0,0.956810631229236,103.08490475086565,76.79150844460901,0.6179401993355482,0.6710963455149501,11.450260658293615,2.735174385991968
5.150666523955351,0.0077998160104325,0.9927233006751538,0.3658849627339262,0.0276462642146258,0.0225733277356394,0.0140320806760951,,,,,gated_dt1.95,101,0,1.0,0.2,0.1275,102,True,1.0,0.9767441860465116,70.12557350725714,51.1596828056031,0.5813953488372093,0.8903654485049833,13.905590574878191,5.868260393319815
2.355408635532058,0.0099258785267802,0.916076049658006,0.2457875629959006,0.021907855564209,0.0202721196482536,0.012326109694398,,,,,gated_dt1.95,101,0,0.5,0.1,0.00875,7,True,1.0,0.8504983388704319,86.45480556014414,62.49505032823163,0.5382059800664452,0.4584717607973422,11.050410209916276,2.7562600985058907
3.3857392222639646,0.008905380609484,0.9774565448340796,0.2980736915334879,0.0220090463870175,0.0193404388164756,0.0116901171408801,,,,,gated_dt1.95,101,0,0.25,0.05,0.0,0,True,1.0,0.9667774086378738,96.76584410452828,69.61276337676873,0.6312292358803987,0.8372093023255814,13.791675475930107,4.37285544533529
1.3228716365488251,0.009394507480524,0.9545158601205496,0.350726432078594,0.0222230698062305,0.022534983623771,0.0140279675238715,,,,,gated_dt1.95,101,1,1.0,0.2,0.1225,98,True,1.0,0.920265780730897,127.31201356127596,100.30489844253724,0.6611295681063123,0.717607973421927,9.949598812786054,2.069326095828273
0.4233100351930261,0.0073614125174868,0.9945183343177012,0.4366656080990369,0.0180980274539674,0.0198589632897386,0.0121526834791595,,,,,gated_dt1.95,101,1,0.5,0.1,0.00375,3,True,1.0,0.9933554817275748,89.76768072951674,66.73310130420714,0.7209302325581395,0.9302325581395348,5.772551760835041,1.1649789067744225
0.8985217179674692,0.0089956150946436,0.9732244304341232,0.3893514349175123,0.0195803874850161,0.0199362551800115,0.0120868715451485,,,,,gated_dt1.95,101,1,0.25,0.05,0.0,0,True,1.0,0.9368770764119602,80.75013630684175,56.26622414947951,0.6810631229235881,0.7574750830564784,8.952788924540894,1.824947901653104
5.318831773321108,0.008941663889976,0.9757548119148276,0.0759492923838023,0.0319294077779074,0.022127334746447,0.0129034130598868,,,,,gated_dt1.95,101,2,1.0,0.2,0.095,76,True,1.0,0.8903654485049833,86.84764741621711,62.99541959848921,0.2491694352159468,0.760797342192691,18.81257918021952,0.6237146673631742
2.522504385586672,0.0108713854199396,0.8162121603446426,0.4519449087337737,0.0223769305504181,0.0195270736615402,0.0120945580668946,,,,,gated_dt1.95,101,2,0.5,0.1,0.005,4,True,1.0,0.8338870431893688,100.38599808888024,76.78535348190735,0.6810631229235881,0.5182724252491694,10.431125862951014,3.677802483739925
0.9307055287708864,0.0082283774534791,0.9909685650935584,0.3683982964424232,0.0217261834283496,0.0202054542632127,0.0125399014140448,,,,,gated_dt1.95,101,2,0.25,0.05,0.0,0,True,1.0,0.9900332225913622,85.39244589172804,64.76257726234962,0.6378737541528239,0.8970099667774086,15.361378969350358,2.5292562916308725
9.034687767440571,0.0071601262838487,0.9953424964582313,0.3217073493372712,0.0293139596355856,0.022283058712501,0.0138408591061206,,,,,gated_dt1.95,101,3,1.0,0.2,0.10375,83,True,1.0,0.9966777408637874,103.19839281410422,79.4569913333412,0.5681063122923588,0.9933554817275748,21.861317572838068,9.904085969669724
0.1169190412329044,0.0111140331830033,0.786078833797188,0.1638650950044581,0.0142785412047718,0.0203649199134516,0.0119315609930475,,,,,gated_dt1.95,101,3,0.5,0.1,0.0025,2,True,1.0,0.9269102990033222,115.2743626944729,87.35547178839306,0.4916943521594684,0.6079734219269103,5.471229171721716,0.1098043310239518
0.1280375915939657,0.0101449242535551,0.8985420451343125,0.3467420220455874,0.0155465871696784,0.0192494791886787,0.011942087395799,,,,,gated_dt1.95,101,3,0.25,0.05,0.0,0,True,1.0,0.9069767441860463,126.1065265078899,92.92580612845768,0.7641196013289037,0.7209302325581395,6.801899003183282,1.1369893501014303
5.059516383439132,0.012916225260871,0.52414275463108,0.2887758929663853,0.0278170497518678,0.0230675001168187,0.0141344009077345,,,,,gated_dt1.95,101,4,1.0,0.2,0.1075,86,True,1.0,0.6445182724252492,113.67140750661206,86.97087635503613,0.6046511627906976,0.3122923588039867,14.863357334538504,6.00978742755683
0.0,0.0088433226212727,0.9802026837044971,0.4623876735381287,0.0080722430898886,0.0199676841630003,0.0120892267427509,,,,,gated_dt1.95,101,4,0.5,0.1,0.005,4,True,1.0,0.9800664451827242,95.92678085607054,73.28112685464066,1.0,0.903654485049834,5.311427956409787,0.2604714665083065
0.3726291540897364,0.0109065992418192,0.8122213759331701,0.3835728544811059,0.0160977611851886,0.0202182287041979,0.0118109849324895,,,,,gated_dt1.95,101,4,0.25,0.05,0.0,0,True,1.0,0.8438538205980066,80.83240122689868,59.93821276005883,0.6378737541528239,0.5249169435215947,10.93214693944749,1.1008087399127362
1.5292934234685165,0.0101308700617959,0.9000927469145743,0.3080892043961932,0.019225479865466,0.0223690066778712,0.0131096171089086,,,,,gated_dt1.95,101,5,1.0,0.2,0.0925,74,True,1.0,0.903654485049834,82.08536522241836,58.83601994263017,0.6478405315614618,0.5946843853820598,20.20505831098983,3.795208229956188
0.0,0.0092112083442967,0.9631128273726498,0.4836122348514868,0.003263388167335,0.0202393906393543,0.0125236883088982,,,,,gated_dt1.95,101,5,0.5,0.1,0.005,4,True,1.0,0.9269102990033222,94.70901729697518,71.23028368179666,1.0,0.6578073089700996,6.707000295360428,0.3381117993731095
0.0,0.0074078931990002,0.994328020170146,0.4995713261952405,0.0001807983707776,0.0199578823380833,0.0119316727806754,,,,,gated_dt1.95,101,5,0.25,0.05,0.0,0,True,1.0,0.9933554817275748,73.94007812693604,54.99623787847804,1.0,0.9601328903654484,5.518314383566351,0.0582591742777367
1.7472592177109618,0.0065373835642508,0.9978923030868666,0.2987018798088053,0.0223151528266904,0.0219400245626227,0.0135128607854147,,,,,gated_dt1.95,101,6,1.0,0.2,0.0975,78,True,1.0,1.0,91.46764803232628,68.84102183515733,0.6478405315614618,0.9933554817275748,11.754421696714973,3.058364678209045
0.0906688294553532,0.0077975256048664,0.9927326786913246,0.3879903447116288,0.0111813706095965,0.0201587193261789,0.012175058286904,,,,,gated_dt1.95,101,6,0.5,0.1,0.01125,9,True,1.0,0.9900332225913622,74.76043086790432,53.581810151780246,0.6943521594684385,0.8637873754152824,15.869725314427754,1.1724941653628775
1.1533429074038395,0.011282269329851,0.7625631978111487,0.392357842332683,0.0205674819384378,0.0196750096753657,0.011962738525492,,,,,gated_dt1.95,101,6,0.25,0.05,0.0,0,True,1.0,0.9136212624584718,96.30404186915766,70.08627079463122,0.6976744186046512,0.5681063122923588,8.752713778335375,2.380196836906862
2.9875495645615047,0.0096884384753374,0.9345893810759808,0.1962250197212132,0.0242750518856813,0.0214311527896945,0.0131377056983025,,,,,gated_dt1.95,101,7,1.0,0.2,0.0825,66,True,1.0,0.8205980066445183,72.98726410363865,50.87870781595893,0.4916943521594684,0.5880398671096345,11.894513610159294,2.832367959280191
0.6964092496145895,0.0114682212624551,0.7365712927422634,0.390013562186996,0.0200982657048406,0.020740318902679,0.0128291628910412,,,,,gated_dt1.95,101,7,0.5,0.1,0.0075,6,True,1.0,0.8504983388704319,102.67395763429072,74.87298561133184,0.6976744186046512,0.4584717607973422,9.696801179479804,1.8516239449288605
0.086664381234641,0.0099505174655712,0.9141549380475044,0.1618199736120172,0.013889111009997,0.0201869684599133,0.0119467026635204,,,,,gated_dt1.95,101,7,0.25,0.05,0.0,0,True,1.0,0.946843853820598,88.36178261945675,65.19931818094801,0.5049833887043189,0.813953488372093,6.388945750181984,0.0875260026057276
3.183231456205249e-12,0.0081383722983459,0.9913370892592336,0.4999958769477428,2.076019031749696e-05,0.0231424493989304,0.0138991904972581,,,,,gated_dt1.95,101,8,1.0,0.2,0.12375,99,True,1.0,0.9634551495016612,72.92748849439162,49.69654294428847,0.574750830564784,0.8372093023255814,4.923563902767592,0.0409363300807399
2.21702673371783,0.0075306468645863,0.9938254079350278,0.2586015655521035,0.0200674437659933,0.0199388541684469,0.0123041206396106,,,,,gated_dt1.95,101,8,0.5,0.1,0.0075,6,True,1.0,0.9933554817275748,111.67568914258956,83.71275240193336,0.627906976744186,0.9800664451827242,18.142884650611883,3.8823646149060096
0.0610469165731046,0.0086290277551804,0.9857512127182566,0.1464646866527316,0.0143208435627749,0.0197761328033064,0.0121363393198886,,,,,gated_dt1.95,101,8,0.25,0.05,0.0,0,True,1.0,0.973421926910299,97.42272482959268,72.05559687744972,0.6777408637873754,0.8338870431893688,6.105375189240545,0.5550370394173569
0.4621250749905812,0.010148967239452,0.8980838533155293,0.4299811360670562,0.0194519428301828,0.0210123458904692,0.0129377676279942,,,,,gated_dt1.95,101,9,1.0,0.2,0.08875,71,True,1.0,0.9102990033222592,120.12751944632966,89.24471137290448,0.7375415282392026,0.6777408637873754,7.811037727623081,1.4164592551728674
1.2311761719920469,0.0107926717144163,0.8251327890127295,0.3722985386855217,0.0200315496212448,0.0197857002383521,0.0121814247668638,,,,,gated_dt1.95,101,9,0.5,0.1,0.00125,1,True,1.0,0.8903654485049833,97.44741821469434,71.07115551008519,0.654485049833887,0.574750830564784,7.887122929926252,2.281975732143337
4.462100975164049,0.0096401877354215,0.9383515178081704,0.223948128975144,0.0226910729417419,0.0196955087954368,0.0117847841518848,,,,,gated_dt1.95,101,9,0.25,0.05,0.0,0,True,1.0,0.9302325581395348,74.68424320501964,56.03331824768338,0.5382059800664452,0.6644518272425249,19.59177131376737,4.954961528350168
5.1127763939753095,0.0099063376603626,0.9175996617612884,0.2769829752497557,0.0262794073652362,0.022053681773609,0.0135997252430324,,,,,gated_dt1.95,102,0,1.0,0.2,0.0975,78,True,1.0,0.8970099667774086,100.87238859797024,73.28338825050605,0.6112956810631229,0.6445182724252492,16.739965793356532,6.214117367878089
0.3924941976292757,0.0097419648717549,0.9304158985044167,0.4924069067789854,0.0197142246130897,0.0200676247520214,0.0123369099139115,,,,,gated_dt1.95,102,0,0.5,0.1,0.00875,7,True,1.0,0.9401993355481728,95.30982387227604,71.12251243731725,0.7807308970099668,0.7308970099667774,7.985155820086245,1.7835919780500262
0.1428189489433862,0.0073733657235229,0.9944693921734976,0.3805706942185772,0.0137526979619285,0.0196167381161032,0.011926594779942,,,,,gated_dt1.95,102,0,0.25,0.05,0.0,0,True,1.0,0.9933554817275748,75.24328552870043,53.75427599584509,0.6312292358803987,0.956810631229236,6.687087104600671,0.6702130665846653
5.926439279480746,0.0106342686119811,0.8430846215087835,0.3806700842538359,0.0269814123269419,0.0215406073186751,0.0134602997001936,,,,,gated_dt1.95,102,1,1.0,0.2,0.085,68,True,1.0,0.9368770764119602,118.43350565412634,91.30947245468631,0.5548172757475083,0.6976744186046512,16.388158844959708,6.475378700313286
5.304973414376946,0.0089973821477134,0.9731415533530532,0.316736390775314,0.025486838643028,0.0206177340050007,0.0126167316622335,,,,,gated_dt1.95,102,1,0.5,0.1,0.0075,6,True,1.0,0.9800664451827242,118.1640298005004,88.385568243134,0.5714285714285714,0.8305647840531561,15.247803599975382,5.89821154576498
0.0575185227589827,0.0075788169106625,0.9936281767207216,0.4111819882852778,0.0131809207974721,0.0199797545580318,0.0120442893656138,,,,,gated_dt1.95,102,1,0.25,0.05,0.0,0,True,1.0,0.9933554817275748,101.25968085864508,78.63410341877898,0.6843853820598007,0.9401993355481728,7.486763130435296,0.5726289618517058
2.8638212559399108,0.0082898308502367,0.9907169454864986,0.1461166405206149,0.0252088881204467,0.0213802478615246,0.0128993664772293,,,,,gated_dt1.95,102,2,1.0,0.2,0.08625,69,True,1.0,0.9700996677740864,87.99664917809132,65.82406617605966,0.4086378737541528,0.8073089700996677,10.718033931599823,1.8208235876256824
2.549582214324346,0.0071214001709981,0.9955010596917148,0.2739040840187648,0.0211105769577971,0.0201864630145792,0.0119468937836724,,,,,gated_dt1.95,102,2,0.5,0.1,0.00625,5,True,1.0,0.9966777408637874,61.52552910810565,43.16664303677135,0.5382059800664452,0.9003322259136213,13.873337486398512,3.0690262761163467
0.0102012666793598,0.0088406400469475,0.9802721409983006,0.3339177169872553,0.0116190565106835,0.019910486167266,0.0119411749775686,,,,,gated_dt1.95,102,2,0.25,0.05,0.0,0,True,1.0,0.903654485049834,71.58665634221907,50.898009059256765,0.7342192691029901,0.6445182724252492,5.072050373973616,0.2540827822501796
12.87368855828936,0.0084760232603351,0.9897128096261336,0.2183451738949824,0.030143989238113,0.0210012359200667,0.0125053334858632,,,,,gated_dt1.95,102,3,1.0,0.2,0.09,72,True,1.0,0.9302325581395348,64.89220154012551,45.8213295293026,0.53156146179402,0.717607973421927,27.408317188751653,13.331220421265016
3.9519257950460087,0.0086029578983302,0.98642621422322,0.3071431138806818,0.0236455530574339,0.0202103300109804,0.0124041138928978,,,,,gated_dt1.95,102,3,0.5,0.1,0.005,4,True,1.0,0.9368770764119602,79.40665592131818,58.99737459168591,0.5681063122923588,0.6611295681063123,12.362616958808497,4.619045602082906
0.268166356763686,0.0075921729679523,0.9935734906323288,0.3318746199349576,0.0138294397998878,0.0196718647705692,0.0120521297587637,,,,,gated_dt1.95,102,3,0.25,0.05,0.0,0,True,1.0,0.9933554817275748,108.28338447724184,77.6159654123976,0.707641196013289,0.9169435215946844,5.456579862735547,0.8866019144486472
2.3055496753468105,0.0100261497078269,0.9082578505163263,0.181521683360773,0.024319276029847,0.0227199037052427,0.0135872992536341,,,,,gated_dt1.95,102,4,1.0,0.2,0.09125,73,True,1.0,0.9235880398671096,68.14317379522099,46.90968467249104,0.3853820598006645,0.6810631229235881,13.38186700509291,1.2637459312654755
0.6379952198590217,0.0066926345852121,0.9972566311313515,0.4627236033472038,0.0203247961482076,0.0201452267466658,0.0124989894250063,,,,,gated_dt1.95,102,4,0.5,0.1,0.00375,3,True,1.0,1.0,109.88967996316774,82.85397536625578,0.7408637873754153,0.9966777408637874,7.456347954237325,1.8048183279368004
1.5224171366894552,0.0087808524255872,0.981820163859653,0.4050724416639144,0.0220145686379902,0.0194858039455817,0.0121661161147133,,,,,gated_dt1.95,102,4,0.25,0.05,0.0,0,True,1.0,0.9368770764119602,111.21515025673658,87.54269140868473,0.654485049833887,0.7541528239202658,11.03806241024279,2.55640601004734
0.0,0.0081580866866527,0.9912563691216838,0.4503650276550576,0.0094134627469864,0.0225115786089488,0.0133791158773547,,,,,gated_dt1.95,102,5,1.0,0.2,0.11375,91,True,1.0,0.9667774086378738,83.72910989197295,61.465204926462775,1.0,0.840531561461794,8.641047277726058,0.0747690465914274
1.699469380174378,0.012489282331654,0.5868492833441841,0.1382686160434418,0.0216063791268654,0.019748910703348,0.0116017263418836,,,,,gated_dt1.95,102,5,0.5,0.1,0.01,8,True,1.0,0.8737541528239202,107.56505520663788,81.87242764147913,0.3189368770764119,0.4750830564784053,9.39502800638809,0.1501385644075981
0.0035028971296924,0.0078866570990576,0.992367731711526,0.4619422277162598,0.0056177774307613,0.0203613495048945,0.01234436203154,,,,,gated_dt1.95,102,5,0.25,0.05,0.0,0,True,1.0,0.9800664451827242,86.3907242148881,65.52105104274824,0.8471760797342193,0.8637873754152824,6.465663156596338,0.920887423463455
19.16833058866132,0.0086739895506555,0.984587060579414,0.0618503072470887,0.0432608172059532,0.0225312270210701,0.0134188028075205,,,,,gated_dt1.95,102,6,1.0,0.2,0.10375,83,True,1.0,0.9401993355481728,80.65797240365828,60.06608933115604,0.5348837209302325,0.7574750830564784,39.29264032573233,19.66538209175724
0.4117931167947972,0.0107692451061011,0.8277877278489066,0.3145729260652954,0.013547179264839,0.0198826095934347,0.0118845129428476,,,,,gated_dt1.95,102,6,0.5,0.1,0.00875,7,True,1.0,0.9335548172757476,113.78649341589804,86.35822243698976,0.4983388704318937,0.654485049833887,13.896257295231052,0.3875261483983649
0.0127112721138473,0.0071907219902685,0.9952172229984512,0.483552789854857,0.0099224213897394,0.0197427070818527,0.0118563974768638,,,,,gated_dt1.95,102,6,0.25,0.05,0.0,0,True,1.0,0.9867109634551496,70.55156886684479,49.91298034151123,0.7475083056478405,0.9335548172757476,3.1395289714607544,0.3511897834805495
0.0733124192811374,0.006051331831386,0.999882431419669,0.4117731015733939,0.0139061320881108,0.0224687871489559,0.0135812521505727,,,,,gated_dt1.95,102,7,1.0,0.2,0.095,76,True,1.0,1.0,66.66558457979096,47.9956234034521,0.6810631229235881,0.9966777408637874,7.832371559873175,0.6405935455354665
4.048137702471649,0.0073435027928887,0.9945916652986346,0.2578362021437705,0.0228276809580843,0.0194447267972263,0.0117936944401837,,,,,gated_dt1.95,102,7,0.5,0.1,0.00375,3,True,1.0,0.9800664451827242,76.92729387492795,55.398425436399975,0.6212624584717608,0.9136212624584718,15.38186492197217,5.266712699085247
2.658151526326946,0.0079211323186947,0.9922265736685846,0.2880615681963301,0.021964020820576,0.0198086541128691,0.0119612676246549,,,,,gated_dt1.95,102,7,0.25,0.05,0.0,0,True,1.0,0.9601328903654484,76.21151831497023,55.92408888048658,0.5946843853820598,0.8704318936877077,12.249597142748284,3.3087243958725594
3.813186788781877,0.0078316369284637,0.9925930106128664,0.3283271578130498,0.026790807090442,0.0224855086695123,0.0138359283232463,,,,,gated_dt1.95,102,8,1.0,0.2,0.0925,74,True,1.0,0.9534883720930232,54.46631921213858,39.23502578529906,0.5780730897009967,0.867109634551495,13.854964266564457,4.506494857657799
0.0002094579112963,0.0106682374605965,0.8392349299872613,0.4429268250538408,0.0040367457354604,0.0198127675707203,0.0119822552822521,,,,,gated_dt1.95,102,8,0.5,0.1,0.0025,2,True,1.0,0.946843853820598,122.7348352590806,95.6632411295068,0.7508305647840532,0.7508305647840532,6.507690012875629,0.6695881236682908
1.8774115658584376,0.0079547148266532,0.9920890708143496,0.4706438152814994,0.021590825000898,0.019645187562948,0.0121071566429817,,,,,gated_dt1.95,102,8,0.25,0.05,0.0,0,True,1.0,0.9601328903654484,64.53076946824827,46.90146054245224,0.6378737541528239,0.7740863787375415,9.817720485596125,2.5795416943344662
4.025292327719399,0.0080115162220821,0.991856498726355,0.2478242009900637,0.0263044035283001,0.0224897244152986,0.013413305487619,,,,,gated_dt1.95,102,9,1.0,0.2,0.07375,59,True,1.0,0.9867109634551496,65.09779018582267,46.875895913669865,0.5149501661129569,0.9235880398671096,12.663769570042996,4.163016456580181
0.0737424818325962,0.0090113629581796,0.97248583520724,0.4026820471703766,0.0105951433332121,0.0201668522541956,0.0122094053487271,,,,,gated_dt1.95,102,9,0.5,0.1,0.0075,6,True,1.0,0.956810631229236,95.97583337701288,71.38831908622751,0.7475083056478405,0.760797342192691,6.210550092419294,0.92496093318141
1.1166145717502332,0.0082676893948884,0.9908076031976818,0.3588663648661019,0.0200281684490453,0.0198332588628887,0.0121733837253709,,,,,gated_dt1.95,102,9,0.25,0.05,0.0,0,True,1.0,0.9269102990033222,77.43948581253026,57.01671682087272,0.6943521594684385,0.7275747508305648,8.453466172225014,1.9821066415611317
1.4939930889349853,0.0070082314231335,0.9959644266880338,0.4882657760453995,0.0234305282940289,0.0219055081194268,0.0134942407785851,,,,,gated_dt1.95,103,0,1.0,0.2,0.09375,75,True,1.0,0.9767441860465116,67.4964521170693,46.46248863482924,0.7475083056478405,0.9534883720930232,8.259226139389494,2.57088610328924
0.7454461856714261,0.0107785200041251,0.826736603134901,0.4161469975626657,0.0200642983176916,0.0200831903831077,0.0123915481543142,,,,,gated_dt1.95,103,0,0.5,0.1,0.00125,1,True,1.0,0.6976744186046512,71.05106814909655,50.39860516808585,0.6910299003322259,0.3488372093023256,9.448785683420606,1.9101287190210317
0.0,0.0093030173648541,0.9588068652201585,0.2956934402572665,0.0102970558403191,0.0202995831067667,0.0119473711692061,,,,,gated_dt1.95,103,0,0.25,0.05,0.0,0,True,1.0,0.9368770764119602,95.4786531180785,70.24404345807352,1.0,0.7109634551495017,5.181509383621302,0.0549070240247147
13.911117891985668,0.0081408868514342,0.9913267934758692,0.1146881042979614,0.035974286732182,0.0225510702597103,0.0131529648306968,,,,,gated_dt1.95,103,1,1.0,0.2,0.10625,85,True,1.0,0.9501661129568106,80.00183807897871,57.27692062950564,0.5116279069767442,0.7475083056478405,31.212817833474947,14.02305260326034
1.9300147681792623,0.007368036572658,0.994491212266728,0.3015607638598603,0.0222827307896919,0.0206912946158679,0.0125924616651673,,,,,gated_dt1.95,103,1,0.5,0.1,0.00375,3,True,1.0,0.9933554817275748,94.2458806920497,70.49335061185275,0.6146179401993356,0.9534883720930232,12.521951268309,3.156615253963992
4.6721513681950455,0.0084107555926317,0.990221821737924,0.3274962063136028,0.0246612116022277,0.0205464507510145,0.0127191518977425,,,,,gated_dt1.95,103,1,0.25,0.05,0.0,0,True,1.0,0.9867109634551496,98.84473887977089,72.4032377630815,0.5913621262458472,0.8272425249169435,14.389775927815236,5.5807442395018825
4.585551572142776,0.0093294662729031,0.9575663771249532,0.2568210098550389,0.0263913073242313,0.0222636896873977,0.013682533384234,,,,,gated_dt1.95,103,2,1.0,0.2,0.09875,79,True,1.0,0.8970099667774086,100.03312501883302,76.05160506557058,0.6245847176079734,0.6877076411960132,15.402199483844155,5.728147145464618
0.0,0.0091885039563582,0.9641776926175396,0.4937564880196834,0.0086292279823621,0.020055364508615,0.0120746634798052,,,,,gated_dt1.95,103,2,0.5,0.1,0.005,4,True,1.0,0.9269102990033222,80.59565975111319,60.36410949682613,1.0,0.6578073089700996,4.793475712167311,0.3481932306974613
0.5078653145751559,0.0084767195543554,0.9896947811607576,0.463306659043967,0.0200822504745622,0.0198771443638559,0.0123794069914641,,,,,gated_dt1.95,103,2,0.25,0.05,0.0,0,True,1.0,0.9900332225913622,75.45910441950846,56.42045916227062,0.7475083056478405,0.867109634551495,8.420390880719292,1.8644137728588248
0.9287799081976118,0.0098812623874805,0.9195547945808868,0.3253505974134066,0.0167854102444271,0.0210169012723334,0.0124598656383501,,,,,gated_dt1.95,103,3,1.0,0.2,0.1075,86,True,1.0,0.9501661129568106,97.66057164086578,73.95228114138217,0.6976744186046512,0.717607973421927,14.451792429275612,2.6772912622077456
0.1937087944852464,0.0082366801933516,0.9909345697042966,0.3976232706513036,0.0140322959441398,0.0199592571942627,0.0120138816729365,,,,,gated_dt1.95,103,3,0.5,0.1,0.01,8,True,1.0,0.9401993355481728,74.98655009176514,52.65944697282521,0.6378737541528239,0.7209302325581395,10.161032626166824,0.8741678794897325
0.0885270291864799,0.0117936427505693,0.6904786146441928,0.3635957713317171,0.0111934605757237,0.0193480051631154,0.0116518839537568,,,,,gated_dt1.95,103,3,0.25,0.05,0.0,0,True,1.0,0.8106312292358804,141.13800005917656,113.93278082172584,0.6877076411960132,0.5514950166112956,5.828164029362371,0.5169005437144278
0.5128040915269594,0.0081795075692383,0.9911686617801296,0.3228715215408848,0.0196707839660321,0.0223260392481972,0.0134089751796364,,,,,gated_dt1.95,103,4,1.0,0.2,0.09375,75,True,1.0,0.9900332225913622,102.8395118970342,79.10235311443648,0.6146179401993356,0.9302325581395348,6.36232801563383,0.9383728886632524
0.0021190364709582,0.0078725660937927,0.9924254270285452,0.4634400509737285,0.0052136322092798,0.0195188398058658,0.0116271219589447,,,,,gated_dt1.95,103,4,0.5,0.1,0.0025,2,True,1.0,0.9966777408637874,78.9645176968008,56.94615921329432,0.8106312292358804,0.9302325581395348,5.131830779425855,0.4358844303144451
0.0,0.0080076954077134,0.9918721429683468,0.4857240151914129,0.0024882048051475,0.0194597069126554,0.0116110372179281,,,,,gated_dt1.95,103,4,0.25,0.05,0.0,0,True,1.0,0.9800664451827242,72.14758193797694,51.36871031806231,1.0,0.8571428571428571,5.633430648207816,0.0417028193919577
0.020359142914458,0.0081977572017536,0.9910939390535632,0.4317928636037192,0.0186144419448008,0.0220725594113476,0.0136239023833541,,,,,gated_dt1.95,103,5,1.0,0.2,0.10625,85,True,1.0,0.9833887043189368,86.11324453076759,61.66627043313338,0.813953488372093,0.867109634551495,8.17928961144885,1.2073513357809134
0.3082020981146343,0.0106786441553178,0.8380555386899783,0.4181215176960596,0.0173751142970648,0.0198794967298432,0.0121052320404675,,,,,gated_dt1.95,103,5,0.5,0.1,0.00125,1,True,1.0,0.8837209302325582,100.0091308331127,72.98276675344596,0.654485049833887,0.6744186046511628,7.226501227816176,1.103127036753449
0.4917435583938641,0.0066944525419403,0.9972491875467536,0.451975840289253,0.0189269940427652,0.0196010479220229,0.0120086025464682,,,,,gated_dt1.95,103,5,0.25,0.05,0.0,0,True,1.0,0.9966777408637874,87.36306850070241,65.92595053838932,0.7375415282392026,0.973421926910299,7.34711380581034,1.4679435092145925
0.0,0.0070623688527657,0.9957427621505136,0.4277081940695851,0.0168529032915132,0.0228090254130814,0.0137727700670527,,,,,gated_dt1.95,103,6,1.0,0.2,0.11125,89,True,1.0,0.9933554817275748,74.22378836004714,53.6399505883428,1.0,0.9501661129568106,4.679546052118735,0.5371906640982615
0.5480323277106436,0.0065758240150105,0.9977349094906504,0.2379080748321111,0.0172108077845363,0.0204806648206121,0.0119590886351473,,,,,gated_dt1.95,103,6,0.5,0.1,0.005,4,True,1.0,1.0,72.316817475992,50.92093048791867,0.4086378737541528,0.973421926910299,7.082606669359532,0.2008183568652839
0.9276855144285036,0.0073186340783947,0.9946934897135444,0.2826225385167772,0.0178404846579611,0.0197596940579233,0.01180887311619,,,,,gated_dt1.95,103,6,0.25,0.05,0.0,0,True,1.0,0.9933554817275748,108.98976279963836,82.00951410856442,0.5149501661129569,0.946843853820598,9.22259329967792,1.0059982315606248
2.756593611853077,0.0078711887057046,0.992431066714352,0.2125553024729431,0.0258415432809095,0.0229867943287114,0.0135420619597659,,,,,gated_dt1.95,103,7,1.0,0.2,0.08,64,True,1.0,0.9867109634551496,112.65314518496952,82.3728640344898,0.4750830564784053,0.8903654485049833,13.026200702014014,2.4518432632366967
2.6145156125185167,0.0084567979679339,0.990033302225694,0.2876282662193539,0.0233114366227145,0.0209719238785031,0.0126071600605775,,,,,gated_dt1.95,103,7,0.5,0.1,0.0075,6,True,1.0,0.9800664451827242,87.13480190992978,64.1704923846114,0.5448504983388704,0.8803986710963455,12.356056733935365,3.00529261948941
1.1031078454202543,0.0087330000768112,0.9830591582900928,0.437652944442045,0.0204544630931143,0.0198687354824981,0.0122095322391337,,,,,gated_dt1.95,103,7,0.25,0.05,0.0,0,True,1.0,0.9534883720930232,69.50919014140663,50.78270524716163,0.6877076411960132,0.7242524916943521,8.14392421833286,1.998528403373712
0.0,0.0085921105315471,0.9867070745649356,0.4520294692429171,0.0132160976171197,0.0219470267901433,0.0130937715313391,,,,,gated_dt1.95,103,8,1.0,0.2,0.08625,69,True,1.0,0.9102990033222592,83.82023590958717,60.84161946442328,1.0,0.7209302325581395,5.943330500557249,0.4508628716189378
0.0,0.0072257477259043,0.9950738108796312,0.4786936146645821,0.0083740252666586,0.0206232639785471,0.0123670555417536,,,,,gated_dt1.95,103,8,0.5,0.1,0.00375,3,True,1.0,0.9867109634551496,85.44956345146252,60.27345240913064,1.0,0.946843853820598,5.608890671715863,0.1774196783460411
0.744700643861961,0.0070068642524276,0.99597002453899,0.4715088197782491,0.0195366058860605,0.0195779548982784,0.01190401430361,,,,,gated_dt1.95,103,8,0.25,0.05,0.0,0,True,1.0,0.9966777408637874,92.4646796196004,71.40765367322183,0.7275747508305648,0.9833887043189368,7.513223058566565,1.977384404600116
0.0068037877390452,0.0071361359128592,0.9954407245146136,0.4281892158466129,0.0121907354330105,0.0225191969775942,0.0131407858241064,,,,,gated_dt1.95,103,9,1.0,0.2,0.10125,81,True,1.0,1.0,79.54465782624266,55.33659039780423,0.7109634551495017,0.9501661129568106,7.841450952939842,0.3984900069885952
0.0230532885370848,0.0104078907650376,0.868740035617898,0.396014113054899,0.0098650637723011,0.019861919413272,0.0117832035603295,,,,,gated_dt1.95,103,9,0.5,0.1,0.0075,6,True,1.0,0.8604651162790697,73.91688953442276,56.39722881630496,0.6146179401993356,0.5382059800664452,7.755755207142522,0.1276093386670709
1.7495136113825538,0.0087027645119046,0.9838420184313136,0.2526212706998794,0.0214666588983214,0.0212141813432474,0.0128704072396811,,,,,gated_dt1.95,103,9,0.25,0.05,0.0,0,True,1.0,0.9800664451827242,102.42781915526824,77.55005823410556,0.5913621262458472,0.9003322259136213,11.2299458362787,2.614125964224968
0.92036933226791,0.008538889730742,0.9880850691141638,0.4970439981908236,0.0236660613997643,0.0221915390507825,0.0136170215073345,,,,,gated_dt1.95,104,0,1.0,0.2,0.11625,93,True,1.0,0.9833887043189368,145.63626831015787,110.40208851413172,0.7109634551495017,0.9169435215946844,7.884902540842611,1.8445992976571688
4.4419585146274585,0.008033199049786,0.991767718856166,0.3568174273930642,0.0243386343609726,0.0202832048109674,0.0126622929844632,,,,,gated_dt1.95,104,0,0.5,0.1,0.005,4,True,1.0,0.956810631229236,75.2882926373336,52.48241696857667,0.6146179401993356,0.867109634551495,13.787255280016575,5.486133218666055
0.2348789077695983,0.0101529170633698,0.8976362195490778,0.2503950742067392,0.0153365510951507,0.0196077352154505,0.0118643992754137,,,,,gated_dt1.95,104,0,0.25,0.05,0.0,0,True,1.0,0.7973421926910299,77.00728889257876,53.76866136764284,0.6046511627906976,0.5182724252491694,5.455946723419562,0.627784733265571
0.1926998894350617,0.0078520494640275,0.9925094319264368,0.3563049597207877,0.0135876940191488,0.0227231039225711,0.0134902498360764,,,,,gated_dt1.95,104,1,1.0,0.2,0.085,68,True,1.0,0.9900332225913622,91.8366836225934,66.31023607481438,0.6478405315614618,0.9235880398671096,14.743708486119628,1.7673763084096663
5.392317566127076,0.0075134980238297,0.9938956234934896,0.3269897410626323,0.0247957878504586,0.0200801746591333,0.0123398425944116,,,,,gated_dt1.95,104,1,0.5,0.1,0.0025,2,True,1.0,0.9767441860465116,79.65164743732322,56.27952602195956,0.5813953488372093,0.9069767441860463,14.942406555039364,6.294817815076158
0.8558803703735975,0.0071921415355648,0.9952114107008644,0.3787783225380419,0.0201557396841922,0.0206243783476655,0.0124686353697148,,,,,gated_dt1.95,104,1,0.25,0.05,0.0,0,True,1.0,1.0,88.33042128737797,64.97857012743498,0.6411960132890365,0.9601328903654484,8.4514880020892,1.646648425598869
0.3257576783335025,0.0095450719557213,0.9457677474710648,0.4950244210557397,0.021294841469748,0.0221997359425993,0.0136146878880217,,,,,gated_dt1.95,104,2,1.0,0.2,0.115,92,True,1.0,0.956810631229236,93.46803660873518,68.49213258035479,0.7840531561461794,0.8073089700996677,6.571614832952924,1.4614770516589033
0.1775591900250219,0.009471466741849,0.9509063709381465,0.4840643165403047,0.018173349676155,0.0197607843221865,0.0122272780677954,,,,,gated_dt1.95,104,2,0.5,0.1,0.00625,5,True,1.0,0.9435215946843852,98.48618335744524,70.11381371051357,0.7541528239202658,0.7508305647840532,6.030812598276044,0.9972524276968217
0.2284634209449905,0.0092505170843821,0.9612691964740516,0.3291115560018402,0.0144965451196953,0.0206807133938987,0.0126397772108928,,,,,gated_dt1.95,104,2,0.25,0.05,0.0,0,True,1.0,0.9601328903654484,102.1432252166486,77.81514476643633,0.770764119601329,0.8205980066445183,6.871237124326422,1.3834055980405535
0.9736301702587298,0.0059906991667403,1.0,0.4806230620916871,0.022709549610174,0.0225322679220544,0.0136676801921858,,,,,gated_dt1.95,104,3,1.0,0.2,0.0925,74,True,1.0,1.0,74.78585049493478,54.115315000369264,0.7508305647840532,1.0,6.440302562790637,2.170208852062615
0.0249722213966379,0.0109796603009489,0.8039413619983662,0.3893013587415078,0.0098874604325815,0.0203912684064087,0.0122528548070895,,,,,gated_dt1.95,104,3,0.5,0.1,0.00875,7,True,1.0,0.8471760797342193,94.01790391569452,68.81245337972905,0.7906976744186046,0.4883720930232558,4.367974846016842,0.4342079773366549
0.7048875963569117,0.0086971005399625,0.9839886701604332,0.275190646299972,0.0194820100693302,0.0205226618310086,0.0123951312993175,,,,,gated_dt1.95,104,3,0.25,0.05,0.0,0,True,1.0,0.9667774086378738,79.37952716227092,58.38971885102819,0.5980066445182725,0.8305647840531561,9.143291274165565,1.304225694649176
0.0,0.0064640282974127,0.9981926546441674,0.4849250428263079,0.0029592007929908,0.0226704268211759,0.0135353783940063,,,,,gated_dt1.95,104,4,1.0,0.2,0.11,88,True,1.0,0.9966777408637874,53.89065788597546,36.15804959611842,1.0,0.9634551495016612,5.992649105721354,0.4256039280896857
0.6857009233922327,0.007888140330638,0.9923616586518232,0.3476629033636311,0.0149381905466472,0.0200598686871673,0.0121048771997439,,,,,gated_dt1.95,104,4,0.5,0.1,0.00625,5,True,1.0,0.9601328903654484,68.05450458469231,52.51620456357023,0.6411960132890365,0.8172757475083057,17.887643336712475,1.9646940104375967
6.701840500216804,0.0083361634063002,0.9905272378354024,0.2614476204755278,0.0251542489426351,0.0198297471677621,0.0123397692899678,,,,,gated_dt1.95,104,4,0.25,0.05,0.0,0,True,1.0,0.9269102990033222,66.17799827484119,47.07079087815191,0.5548172757475083,0.8073089700996677,20.215188122562907,7.45838982347982
3.984846590822144,0.0086345527829893,0.985608158534745,0.2354852222876057,0.023800650957548,0.0220561714234617,0.0131988784749619,,,,,gated_dt1.95,104,5,1.0,0.2,0.1025,82,True,1.0,0.973421926910299,95.12159557586052,68.2268543603077,0.6046511627906976,0.9003322259136213,24.459736947589118,5.931183400858345
0.3402804153479337,0.0090547483597189,0.9704510035984878,0.4851230428585101,0.0196538992147759,0.0203941313508918,0.0125809769022722,,,,,gated_dt1.95,104,5,0.5,0.1,0.01,8,True,1.0,0.9800664451827242,115.50305262358634,89.7964506524836,0.7574750830564784,0.7840531561461794,8.163643806762414,1.4836445343464677
0.0253816514627942,0.0071552326123212,0.9953625334907114,0.3425100390326355,0.0113530889269688,0.0198575242365143,0.0116402430018397,,,,,gated_dt1.95,104,5,0.25,0.05,0.0,0,True,1.0,1.0,86.09051127684147,63.992101385282695,0.6245847176079734,0.9867109634551496,5.310504806430028,0.1770431810559785
0.846622277509141,0.0085417440160639,0.9880111658741524,0.4168032401059953,0.0213065761522085,0.0219617696268603,0.0133854217023582,,,,,gated_dt1.95,104,6,1.0,0.2,0.08875,71,True,1.0,0.9069767441860463,70.88001748167476,50.61451534192065,0.6644518272425249,0.7242524916943521,6.050370196354812,1.5333754015714476
3.0501749345608005,0.0112281416794355,0.7701290280313438,0.2690115752771965,0.0227421925560237,0.0210720654477193,0.0123807176562947,,,,,gated_dt1.95,104,6,0.5,0.1,0.005,4,True,1.0,0.7807308970099668,74.32662035969251,53.201713883610864,0.5415282392026578,0.4518272425249169,15.466809849298722,3.5675007045326765
0.0,0.0107764943860074,0.8269661665499455,0.4856019261571342,0.0070093614726874,0.0200777164661331,0.0118289395140695,,,,,gated_dt1.95,104,6,0.25,0.05,0.0,0,True,1.0,0.8073089700996677,68.34211764892841,50.41150736102645,1.0,0.4850498338870432,4.9117096721577385,0.17964753560409
2.13424021320634,0.0125670501798014,0.5754272607058064,0.3814425042134143,0.0245139971110266,0.0223117208062079,0.0138080618800379,,,,,gated_dt1.95,104,7,1.0,0.2,0.13125,105,True,1.0,0.7906976744186046,95.75654370554822,68.74951761650345,0.6112956810631229,0.4252491694352159,10.250400959393348,2.8359236346011585
11.189093532794686,0.0095171705593081,0.947943234696921,0.1281905899046539,0.0306024578150697,0.0207072002868165,0.0122139788748322,,,,,gated_dt1.95,104,7,0.5,0.1,0.005,4,True,1.0,0.9335548172757476,90.50694412724395,68.04714660271839,0.5415282392026578,0.7674418604651163,29.556068386583853,11.927708358031625
0.8929102474376123,0.009130607932354,0.9668930912420796,0.3610788003251855,0.0174474393445639,0.0194070734272678,0.0118925922006689,,,,,gated_dt1.95,104,7,0.25,0.05,0.0,0,True,1.0,0.9269102990033222,107.55864482413207,84.64282929327328,0.7275747508305648,0.8039867109634552,9.063043870085837,1.998939569778031
5.872425790307716,0.0113227323340239,0.7569073783284609,0.1825362321252823,0.0268335139549057,0.0210163298920383,0.0127181780174996,,,,,gated_dt1.95,104,8,1.0,0.2,0.0725,58,True,1.0,0.7408637873754153,78.9783736828361,56.59648820305438,0.5581395348837209,0.4152823920265781,18.46281334518012,6.489922747624405
0.0,0.0086092961602619,0.986262103757736,0.2238243241266192,0.0083694856730928,0.0200179133081795,0.0116871932712837,,,,,gated_dt1.95,104,8,0.5,0.1,0.005,4,True,1.0,0.9667774086378738,94.75276407408452,71.58693901624065,1.0,0.7873754152823921,7.290438097342079,0.0
5.848125510965474e-06,0.0068284083626195,0.9967007083293123,0.4998010067383232,0.0018087481092577,0.0195348520759202,0.011641396357588,,,,,gated_dt1.95,104,8,0.25,0.05,0.0,0,True,1.0,0.9966777408637874,74.6583647319834,53.88956739222931,0.7873754152823921,0.9867109634551496,4.396252834612596,0.3691825205060013
8.88137817593497,0.0091677540006485,0.9651508924557408,0.2812172927210626,0.0282474476856523,0.0217608666178281,0.0135387129680889,,,,,gated_dt1.95,104,9,1.0,0.2,0.0975,78,True,1.0,0.9169435215946844,108.09881870602926,83.51174317401092,0.6046511627906976,0.8172757475083057,21.361708472004445,10.032966770003668
0.004324568467382,0.0118775142525873,0.6779583124111364,0.3727956407652898,0.0133803632182822,0.0209621479105271,0.0126031450233485,,,,,gated_dt1.95,104,9,0.5,0.1,0.0125,10,True,1.0,0.840531561461794,108.86453097876024,82.29837820565535,0.7308970099667774,0.4285714285714285,4.691094971324881,0.4248200903437009
1.8445184676438655,0.0069429601660657,0.9962316784417566,0.3900701029606266,0.0207414806538087,0.0189452739422785,0.0115823937279842,,,,,gated_dt1.95,104,9,0.25,0.05,0.0,0,True,1.0,1.0,97.51812756490229,74.1219683201657,0.5913621262458472,0.9700996677740864,8.88578539099067,2.5369528350365727
0.0,0.0071596060495663,0.9953446265462756,0.4633216752106703,0.008555112295262,0.0220390962576793,0.013055888551958,,,,,gated_dt1.95,105,0,1.0,0.2,0.09,72,True,1.0,1.0,103.13806459664288,78.02928722766092,1.0,0.9767441860465116,5.563787975012251,0.1890237444370086
3.684050934002244,0.0081500476358924,0.9912892848415652,0.4978113054985168,0.0249945184443018,0.0204126566515213,0.0128826759896638,,,,,gated_dt1.95,105,0,0.5,0.1,0.005,4,True,1.0,0.9933554817275748,127.59910466988713,95.36164054839992,0.584717607973422,0.9235880398671096,13.968157805550486,4.52762577449198
1.3026432664401,0.0092411071281435,0.961710535627588,0.4087553543710086,0.0212368382482341,0.0200752978473894,0.0122675884884902,,,,,gated_dt1.95,105,0,0.25,0.05,0.0,0,True,1.0,0.9003322259136213,112.35524868688472,85.38601997863043,0.6943521594684385,0.6777408637873754,8.136032842095734,2.35700381735046
1.6613326042261178,0.006765778691392,0.9969571441668096,0.1901671958643841,0.0206474692599217,0.0211943418338316,0.0129415474266606,,,,,gated_dt1.95,105,1,1.0,0.2,0.08875,71,True,1.0,1.0,83.48388797771418,59.17900826222467,0.4784053156146179,0.973421926910299,9.021463923783951,1.401797338288361
2.038318714489833,0.0099963071876427,0.9105846882303535,0.2532481694537301,0.0195491977005716,0.0204391377090472,0.011985894986918,,,,,gated_dt1.95,105,1,0.5,0.1,0.00375,3,True,1.0,0.8737541528239202,96.3578723275151,75.02055727437073,0.4451827242524916,0.5548172757475083,18.519278455570728,1.6651029201916572
0.0,0.0078425500585663,0.992548327037131,0.4879489119872164,0.0151934882041018,0.0196981199759904,0.0119316379810365,,,,,gated_dt1.95,105,1,0.25,0.05,0.0,0,True,1.0,0.9435215946843852,68.50185096869973,45.97824165674911,1.0,0.813953488372093,6.238786465718591,0.761207338246777
2.272417750095883,0.0104368001714459,0.8654637309658848,0.2621443236757178,0.0235458401503651,0.0227808240149017,0.0137951583144851,,,,,gated_dt1.95,105,2,1.0,0.2,0.10625,85,True,1.0,0.7807308970099668,107.802841570607,77.08177057128023,0.5913621262458472,0.5448504983388704,12.45110377577319,2.962397332797309
1.4205700135717052,0.0079740568720155,0.9920098752269518,0.2916944768776823,0.0209676167847047,0.0199741669878705,0.0119853748075,,,,,gated_dt1.95,105,2,0.5,0.1,0.005,4,True,1.0,0.9634551495016612,82.94851291528617,62.019621468284186,0.5083056478405316,0.7940199335548173,10.46080324834618,1.47010045572506
3.0815572278042964,0.0082926292316833,0.9907054875740452,0.4306587677347102,0.0237666906110949,0.0199368446636426,0.0125250500285772,,,,,gated_dt1.95,105,2,0.25,0.05,0.0,0,True,1.0,0.9867109634551496,84.92156448207852,63.72634937691464,0.6677740863787376,0.9435215946843852,12.36592100636372,4.526062083808711
0.0159419968272231,0.0076892611218535,0.993175965281026,0.4195740912189862,0.0091827860850112,0.0212916316842621,0.0123618881892606,,,,,gated_dt1.95,105,3,1.0,0.2,0.08125,65,True,1.0,0.9933554817275748,84.32295169673039,63.23420888547616,0.7342192691029901,0.9169435215946844,15.382966212713114,0.8197668699365295
0.5929999425284223,0.0084438391897228,0.9900863616634707,0.1050946849046862,0.0190619253802651,0.0191203537710978,0.0116611484050292,,,,,gated_dt1.95,105,3,0.5,0.1,0.0025,2,True,1.0,0.956810631229236,87.91523012538178,64.24335950684008,0.5116279069767442,0.8637873754152824,8.95102580568053,0.680976907110562
0.0199165128888125,0.0092571340585216,0.9609588518038232,0.4043456354277929,0.0067389183522455,0.0195154893899364,0.0115248167409343,,,,,gated_dt1.95,105,3,0.25,0.05,0.0,0,True,1.0,0.9534883720930232,112.23671445914547,87.64360920593344,0.6245847176079734,0.7242524916943521,15.294146803789166,0.1282213066781423
4.953458192994276,0.011033129445597,0.797387359785245,0.2233137458082929,0.0245670125801847,0.0210068982897777,0.0122928679153105,,,,,gated_dt1.95,105,4,1.0,0.2,0.085,68,True,1.0,0.8538205980066446,98.58311153906372,73.54894814522777,0.5681063122923588,0.5647840531561462,25.30270122371776,6.9692952260722905
0.0,0.008128976019544,0.9913755621200468,0.4928050138143507,0.002730160147478,0.0193108985905368,0.0116680104912008,,,,,gated_dt1.95,105,4,0.5,0.1,0.00125,1,True,1.0,0.9634551495016612,66.70197165811456,46.02334335161777,1.0,0.8338870431893688,8.187224489182043,0.2012015786547181
0.0,0.0070492556886414,0.9957964537180812,0.4855777984759084,0.0012764463037081,0.0192673550016128,0.0113330416306355,,,,,gated_dt1.95,105,4,0.25,0.05,0.0,0,True,1.0,0.9933554817275748,82.32205757031038,60.16658653641662,1.0,0.9800664451827242,5.219753015212227,0.1644731266139842
0.1879629016930266,0.0097471178790158,0.9300141156938097,0.4044083295469626,0.0158690411291719,0.0227514385272811,0.0134535806452222,,,,,gated_dt1.95,105,5,1.0,0.2,0.12375,99,True,1.0,0.7840531561461794,65.68354773721285,46.19747095226603,0.6345514950166113,0.6910299003322259,9.175643299365452,0.6304542219572795
1.1320767265879113,0.0105240210317688,0.8555789859665421,0.4943613708820493,0.0214563977130082,0.0202540541276259,0.0124752655050391,,,,,gated_dt1.95,105,5,0.5,0.1,0.00625,5,True,1.0,0.9102990033222592,97.03447186185754,69.76047571267736,0.6644518272425249,0.654485049833887,8.437869341222724,2.0065599614661096
1.0514772918204471,0.0095745817171741,0.9434668551383596,0.4381353809134926,0.0198366722453149,0.0194848230325479,0.0119563078716824,,,,,gated_dt1.95,105,5,0.25,0.05,0.0,0,True,1.0,0.920265780730897,90.75164053235876,65.17624385981071,0.7475083056478405,0.7375415282392026,8.679476060464049,2.4544668647740764
2.133353608046036,0.0095555646318597,0.9449496277409188,0.4461796747858503,0.0260194689257229,0.0228334719320398,0.014277942235278,,,,,gated_dt1.95,105,6,1.0,0.2,0.1075,86,True,1.0,0.867109634551495,85.92385014507404,60.26567791626485,0.6810631229235881,0.5415282392026578,9.683538672626106,3.6366349152499424
3.547628902267661,0.0095769769664191,0.9432800962371912,0.2141603894221531,0.0237661202248158,0.020550420467786,0.0122533920099038,,,,,gated_dt1.95,105,6,0.5,0.1,0.00625,5,True,1.0,0.9269102990033222,106.71888570328406,80.35368857760113,0.5514950166112956,0.6777408637873754,15.012578242917948,4.225829474169814
3.497415202079992,0.008438429728344,0.9901085105863678,0.3442464134386855,0.0231399259767608,0.0193589821075392,0.0118394540767963,,,,,gated_dt1.95,105,6,0.25,0.05,0.0,0,True,1.0,0.9601328903654484,110.1290614179002,81.15026960086152,0.5647840531561462,0.8538205980066446,14.504013653232372,4.085486770165744
0.9037171241066062,0.0093433119676362,0.9569169960822872,0.4209963018146492,0.022440915161337,0.022216408238327,0.0136031753486333,,,,,gated_dt1.95,105,7,1.0,0.2,0.10375,83,True,1.0,0.9534883720930232,96.89731059738752,67.77497192807004,0.6910299003322259,0.7375415282392026,9.270303628854892,1.9170229149051463
1.3489970367513706,0.0110484085890857,0.7952516785824146,0.4235887736429548,0.0217555652502764,0.0199322144854148,0.0121691690629384,,,,,gated_dt1.95,105,7,0.5,0.1,0.0025,2,True,1.0,0.8803986710963455,123.53049313392296,97.1394662093835,0.6677740863787376,0.5780730897009967,10.397779299715015,2.6242028770482198
0.0,0.0088854231403305,0.9783925760248364,0.3634790931322557,0.0095029660685312,0.0201335322790691,0.0120115981690474,,,,,gated_dt1.95,105,7,0.25,0.05,0.0,0,True,1.0,0.9102990033222592,81.37745249201849,56.7876930754278,1.0,0.7109634551495017,4.512739168161905,0.1985495697192618
0.0022896076097822,0.008127514721678,0.9913815453726292,0.4198740063278742,0.0136351224741302,0.0222693404068482,0.0133594795784947,,,,,gated_dt1.95,105,8,1.0,0.2,0.10125,81,True,1.0,0.9767441860465116,83.63153703991398,62.8892138297565,0.7109634551495017,0.8372093023255814,8.268202956944956,0.6720980062116269
0.0,0.0061618040222011,0.9994301054180064,0.4824898883139582,0.0035338082449427,0.0201852056368483,0.0119446005610048,,,,,gated_dt1.95,105,8,0.5,0.1,0.00375,3,True,1.0,1.0,115.78773841951138,86.16921213105888,1.0,1.0,4.721082358204333,0.0436799064084425
0.0,0.0085407752175021,0.98803625003518,0.4181332461527515,0.00620794875565,0.0192325575881439,0.0114198419465688,,,,,gated_dt1.95,105,8,0.25,0.05,0.0,0,True,1.0,0.946843853820598,83.25200191029026,59.554436663449,1.0,0.7574750830564784,4.102878233934326,0.1967662594333887
2.215080737201788,0.0068271348160992,0.9967059228380613,0.219754809917811,0.0239347642523732,0.0225248376179642,0.0133859972476409,,,,,gated_dt1.95,105,9,1.0,0.2,0.0875,70,True,1.0,0.9966777408637874,93.31666961442453,72.61102927225238,0.4750830564784053,0.9335548172757476,11.926146110417656,2.0350656016551056
0.2392757522520696,0.0092136770499364,0.9629970418759152,0.3951738466521698,0.0133449251370528,0.0199437539475971,0.011698127543778,,,,,gated_dt1.95,105,9,0.5,0.1,0.00875,7,True,1.0,0.9767441860465116,99.79573028982188,74.10992065327582,0.6445182724252492,0.8006644518272426,10.225195666454148,0.8303173817910192
2.601845085573132,0.0092141358780299,0.9629755222431684,0.1280055524404799,0.0247945587113811,0.020585738543501,0.0123954626675986,,,,,gated_dt1.95,105,9,0.25,0.05,0.0,0,True,1.0,0.9169435215946844,88.67192473566284,64.78658491252781,0.5116279069767442,0.6877076411960132,11.956481014135605,2.717885273569664
