sigma,dip_p,delta_hat,pi_cross,d_hat,pi_true,w_min,model,tau_obs,anchor,d_true,side
0.02,0.0,0.2946826486447407,0.387,0.005742933886294908,0.373,0.387000000000001,gated,0.005,0.495,0.005,-1
0.0632455532033676,0.0,0.28441748576996373,0.469,0.004919482095242298,0.449,0.469000000000001,gated,0.005,0.495,0.005,-1
0.2,0.0,0.25219746018049427,0.516999999999673,-0.008525117035224811,0.5,0.48300000000032794,gated,0.005,0.495,0.005,-1
0.02,0.0,0.2953661212334463,0.428,0.0036293663305695385,0.39,0.42800000000000105,gated,0.005,0.505,0.005,1
0.0632455532033676,0.0,0.2845847512168126,0.481,0.00301326835113775,0.44599999999999995,0.48100000000000104,gated,0.005,0.505,0.005,1
0.2,0.0,0.25421824621749456,0.46899999984196794,0.01555676840884859,0.488,0.468999999841969,gated,0.005,0.505,0.005,1
0.02,0.0,0.2952640119118015,0.387,0.005742933886294908,0.358,0.387000000000001,gated,0.005,0.49256410256410255,0.0074358974358974365,-1
0.0632455532033676,0.0,0.2853609677698208,0.47,0.004760484068044934,0.425,0.47000000000000103,gated,0.005,0.49256410256410255,0.0074358974358974365,-1
0.2,0.0,0.2542036977828208,0.498,0.0010026555097853314,0.48,0.498000000000001,gated,0.005,0.49256410256410255,0.0074358974358974365,-1
0.02,0.0,0.2953533682302112,0.356,0.007383427250061795,0.37,0.35600000000000104,gated,0.005,0.5074358974358975,0.0074358974358974365,1
0.0632455532033676,0.0,0.2840716011861825,0.466,0.0053966668367182915,0.44899999999999995,0.466000000000001,gated,0.005,0.5074358974358975,0.0074358974358974365,1
0.2,0.0,0.25392862767355806,0.508,-0.004010874070590128,0.489,0.49200000000000105,gated,0.005,0.5074358974358975,0.0074358974358974365,1
0.02,0.0,0.294406429711196,0.297,0.010660970218058181,0.315,0.29700000000000104,gated,0.005,0.49012820512820515,0.009871794871794872,-1
0.0632455532033676,0.0,0.28449678999851524,0.451,0.007787756861823452,0.45,0.451000000000001,gated,0.005,0.49012820512820515,0.009871794871794872,-1
0.2,0.0,0.252544681552459,0.496,0.002005336220054953,0.484,0.496000000000001,gated,0.005,0.49012820512820515,0.009871794871794872,-1
0.02,0.0,0.294488409015932,0.307,0.010087439724767633,0.34299999999999997,0.30700000000000105,gated,0.005,0.5098717948717949,0.009871794871794872,1
0.0632455532033676,0.0,0.28442939126187977,0.456,0.00698965843221731,0.406,0.456000000000001,gated,0.005,0.5098717948717949,0.009871794871794872,1
0.2,0.0,0.2518876303401769,0.484,0.008023362036993621,0.478,0.48400000000000104,gated,0.005,0.5098717948717949,0.009871794871794872,1
0.02,0.0,0.2946037902749263,0.271,0.012195827973481599,0.286,0.271000000000001,gated,0.005,0.4876923076923077,0.012307692307692308,-1
0.0632455532033676,0.0,0.2853192872187533,0.414,0.013741193765401026,0.42,0.41400000000000103,gated,0.005,0.4876923076923077,0.012307692307692308,-1
0.2,0.0,0.254093157482482,0.46100000000000035,0.019582946842299706,0.465,0.46100000000000135,gated,0.005,0.4876923076923077,0.012307692307692308,-1
0.02,0.0,0.2952910406941692,0.253,0.01330157892351847,0.272,0.253000000000001,gated,0.005,0.5123076923076924,0.012307692307692308,1
0.0632455532033676,0.0,0.2850458178398829,0.42,0.012768864776478915,0.45399999999999996,0.42000000000000104,gated,0.005,0.5123076923076924,0.012307692307692308,1
0.2,0.0,0.2519310457778956,0.47999999999999876,0.010030716692947347,0.492,0.47999999999999976,gated,0.005,0.5123076923076924,0.012307692307692308,1
0.02,0.0,0.2952274294846483,0.218,0.015579311286950904,0.231,0.218000000000001,gated,0.005,0.48525641025641025,0.014743589743589743,-1
0.0632455532033676,0.0,0.2842378885036412,0.396,0.016678763003213845,0.418,0.396000000000001,gated,0.005,0.48525641025641025,0.014743589743589743,-1
0.2,0.0,0.25466431101737974,0.461,0.019582946842299873,0.465,0.461000000000001,gated,0.005,0.48525641025641025,0.014743589743589743,-1
0.02,0.0,0.29556022660105197,0.207,0.016337495310003274,0.242,0.207000000000001,gated,0.005,0.5147435897435897,0.014743589743589743,1
0.0632455532033676,0.0,0.2843774131982586,0.432,0.010832988392447892,0.4,0.43200000000000105,gated,0.005,0.5147435897435897,0.014743589743589743,1
0.2,0.0,0.25423922374260355,0.468,0.01605966257841098,0.45399999999999996,0.468000000000001,gated,0.005,0.5147435897435897,0.014743589743589743,1
0.02,0.0,0.29393105056007823,0.182,0.018155390597361112,0.195,0.182000000000001,gated,0.005,0.4828205128205128,0.01717948717948718,-1
0.0632455532033676,0.0,0.2842424071392064,0.389,0.017830586677328644,0.378,0.389000000000001,gated,0.005,0.4828205128205128,0.01717948717948718,-1
0.2,0.0,0.2507136672398568,0.46500000000007113,0.017568967579138547,0.496,0.46500000000007213,gated,0.005,0.4828205128205128,0.01717948717948718,-1
0.02,0.0,0.29429743261103614,0.193,0.01733788333272876,0.19399999999999995,0.193000000000001,gated,0.005,0.5171794871794871,0.01717948717948718,1
0.0632455532033676,0.0,0.2846322761139032,0.385,0.018491412054641426,0.389,0.385000000000001,gated,0.005,0.5171794871794871,0.01717948717948718,1
0.2,0.0,0.2518227331192079,0.4640000000111534,0.018072287420237393,0.488,0.4640000000111544,gated,0.005,0.5171794871794871,0.01717948717948718,1
0.02,0.0,0.29475992649165883,0.162,0.01972542597404476,0.169,0.162000000000001,gated,0.005,0.4803846153846154,0.019615384615384618,-1
0.0632455532033676,0.0,0.2838378059561802,0.369,0.021155829586792286,0.367,0.36900000000000105,gated,0.005,0.4803846153846154,0.019615384615384618,-1
0.2,0.0,0.25118934153881195,0.476,0.012039082345791327,0.484,0.47600000000000103,gated,0.005,0.4803846153846154,0.019615384615384618,-1
0.02,0.0,0.2946908734579824,0.18,0.01830730175685628,0.16400000000000003,0.180000000000001,gated,0.005,0.5196153846153846,0.019615384615384618,1
0.0632455532033676,0.0,0.2845031151287271,0.368,0.021323559359890307,0.387,0.36800000000000105,gated,0.005,0.5196153846153846,0.019615384615384618,1
0.2,0.0,0.2502937728366429,0.44399999997602024,0.028167074091566935,0.43600000000000005,0.4439999999760213,gated,0.005,0.5196153846153846,0.019615384615384618,1
0.02,0.0,0.29418239102229254,0.147,0.020987741693682095,0.148,0.147000000000001,gated,0.005,0.47794871794871796,0.022051282051282053,-1
0.0632455532033676,0.0,0.2848116223890079,0.363,0.02216448907619334,0.351,0.36300000000000104,gated,0.005,0.47794871794871796,0.022051282051282053,-1
0.2,0.0,0.25017683760393666,0.447000000000001,0.026648904722224268,0.473,0.44700000000000206,gated,0.005,0.47794871794871796,0.022051282051282053,-1
0.02,0.0,0.2944640388138431,0.144,0.021250386045417336,0.13,0.144000000000001,gated,0.005,0.522051282051282,0.022051282051282053,1
0.0632455532033676,0.0,0.2839558533388975,0.361,0.02250195284976532,0.34199999999999997,0.36100000000000104,gated,0.005,0.522051282051282,0.022051282051282053,1
0.2,0.0,0.2525323974362892,0.448,0.02614319362397264,0.46499999999999997,0.448000000000001,gated,0.005,0.522051282051282,0.022051282051282053,1
0.02,0.0,0.294092801563763,0.085,0.027444076179974523,0.083,0.08500000000000099,gated,0.005,0.4755128205128205,0.02448717948717949,-1
0.0632455532033676,0.0,0.2851332692714655,0.346,0.02505424358413899,0.345,0.34600000000000103,gated,0.005,0.4755128205128205,0.02448717948717949,-1
0.2,0.0,0.25465084604828103,0.437,0.0317159459507687,0.445,0.437000000000001,gated,0.005,0.4755128205128205,0.02448717948717949,-1
0.02,0.0,0.29386450128472935,0.099,0.02574541126215882,0.119,0.09900000000000099,gated,0.005,0.5244871794871795,0.02448717948717949,1
0.0632455532033676,0.0,0.2847073056641281,0.342,0.025741628029133528,0.346,0.342000000000001,gated,0.005,0.5244871794871795,0.02448717948717949,1
0.2,0.0,0.25241577181136193,0.441,0.029686868210897957,0.46599999999999997,0.441000000000001,gated,0.005,0.5244871794871795,0.02448717948717949,1
0.02,0.0,0.2928351370388755,0.098,0.025860639522884844,0.093,0.09800000000000099,gated,0.005,0.47307692307692306,0.026923076923076925,-1
0.0632455532033676,0.0,0.28438699428775716,0.312,0.031002289134162163,0.332,0.312000000000001,gated,0.005,0.47307692307692306,0.026923076923076925,-1
0.2,0.0,0.2515746915517657,0.422,0.039355924043693355,0.445,0.42200000000000104,gated,0.005,0.47307692307692306,0.026923076923076925,-1
0.02,0.0,0.2952725279465465,0.075,0.02879062941876913,0.09099999999999997,0.075000000000001,gated,0.005,0.5269230769230769,0.026923076923076925,1
0.0632455532033676,0.0,0.2833680121262915,0.359,0.022840058487336206,0.32299999999999995,0.35900000000000104,gated,0.005,0.5269230769230769,0.026923076923076925,1
0.2,0.0,0.25375935881606243,0.4469999999998425,0.02664890472230443,0.44499999999999995,0.4469999999998436,gated,0.005,0.5269230769230769,0.026923076923076925,1
0.02,0.0,0.29439005811971997,0.065,0.030282037752385672,0.075,0.065000000000001,gated,0.005,0.4706410256410256,0.02935897435897436,-1
0.0632455532033676,0.0,0.28493963862697114,0.306,0.03207945127499894,0.337,0.30600000000000105,gated,0.005,0.4706410256410256,0.02935897435897436,-1
0.2,0.0,0.25201824695000735,0.42700000000012267,0.036803430232333366,0.436,0.4270000000001237,gated,0.005,0.4706410256410256,0.02935897435897436,-1
0.02,0.0,0.2930586107440091,0.068,0.02981706710493322,0.08399999999999996,0.06800000000000099,gated,0.005,0.5293589743589744,0.02935897435897436,1
0.0632455532033676,0.0,0.2853225577432644,0.338,0.026432066793731755,0.31100000000000005,0.338000000000001,gated,0.005,0.5293589743589744,0.02935897435897436,1
0.2,0.0,0.2515478470216284,0.423,0.03884492551977668,0.43799999999999994,0.42300000000000104,gated,0.005,0.5293589743589744,0.02935897435897436,1
0.02,0.00028445687150280285,0.29273799971358305,0.057,0.03160933636798724,0.054,0.057000000000001,gated,0.005,0.4682051282051282,0.031794871794871796,-1
0.0632455532033676,0.0,0.2847719991752875,0.315,0.03046708109490172,0.314,0.315000000000001,gated,0.005,0.4682051282051282,0.031794871794871796,-1
0.2,0.0,0.25351871964566663,0.439,0.03070101207561142,0.451,0.439000000000001,gated,0.005,0.4682051282051282,0.031794871794871796,-1
0.02,0.0003155866371465921,0.2940696073525659,0.054,0.03214495783800436,0.05300000000000005,0.054000000000001,gated,0.005,0.5317948717948718,0.031794871794871796,1
0.0632455532033676,0.0,0.28472694317546343,0.319,0.02975684101565511,0.34299999999999997,0.319000000000001,gated,0.005,0.5317948717948718,0.031794871794871796,1
0.2,0.0,0.253613355375723,0.4719999999999432,0.014048662764411884,0.42000000000000004,0.47199999999994424,gated,0.005,0.5317948717948718,0.031794871794871796,1
0.02,0.0007659106141342242,0.29302253964019453,0.047,0.033493297780486514,0.05,0.047000000000001,gated,0.005,0.46576923076923077,0.03423076923076923,-1
0.0632455532033676,0.0,0.2847191488446422,0.302,0.03280274459218578,0.289,0.30200000000000105,gated,0.005,0.46576923076923077,0.03423076923076923,-1
0.2,0.0,0.25265233283450445,0.445,0.027660841592280907,0.419,0.445000000000001,gated,0.005,0.46576923076923077,0.03423076923076923,-1
0.02,0.049311420833829334,0.29187123213103894,0.038,0.035487638206899146,0.03700000000000003,0.038000000000001005,gated,0.005,0.5342307692307693,0.03423076923076923,1
0.0632455532033676,0.0,0.283885510830155,0.286,0.0357405966670551,0.29400000000000004,0.28600000000000103,gated,0.005,0.5342307692307693,0.03423076923076923,1
0.2,0.0,0.2503084901512757,0.429,0.03578413205426241,0.43000000000000005,0.42900000000000105,gated,0.005,0.5342307692307693,0.03423076923076923,1
0.02,0.018481335775588525,0.29395242743016964,0.037,0.0357322673098694,0.041,0.037000000000001004,gated,0.005,0.4633333333333333,0.03666666666666667,-1
0.0632455532033676,0.0,0.2853313409588192,0.306,0.03207945127499894,0.256,0.30600000000000105,gated,0.005,0.4633333333333333,0.03666666666666667,-1
0.2,0.0,0.25231593256716334,0.427,0.03680343023239593,0.433,0.42700000000000105,gated,0.005,0.4633333333333333,0.03666666666666667,-1
0.02,0.3779496655111504,0.29443608415732947,0.024,0.03954736856363894,0.027000000000000024,0.024000000000001,gated,0.005,0.5366666666666666,0.03666666666666667,1
0.0632455532033676,0.0,0.2833461879286054,0.296,0.0338958234691481,0.273,0.29600000000000104,gated,0.005,0.5366666666666666,0.03666666666666667,1
0.2,0.0,0.24994346973375287,0.4300000000688759,0.03527483292110175,0.43300000000000005,0.43000000006887695,gated,0.005,0.5366666666666666,0.03666666666666667,1
0.02,0.12681291629803026,0.29130966609261355,0.025,0.039199279690801093,0.033,0.025000000000000997,gated,0.005,0.4608974358974359,0.0391025641025641,-1
0.0632455532033676,0.0,0.28372118792522244,0.258,0.0410794791378149,0.279,0.258000000000001,gated,0.005,0.4608974358974359,0.0391025641025641,-1
0.2,0.0,0.25355153765811167,0.402,0.049634743691862514,0.428,0.402000000000001,gated,0.005,0.4608974358974359,0.0391025641025641,-1
0.02,0.7968092910901838,0.29397585125896425,0.028,0.03822071295098236,0.02100000000000002,0.028000000000001,gated,0.005,0.5391025641025641,0.0391025641025641,1
0.0632455532033676,0.0,0.2846109685800414,0.284,0.03611317755586232,0.275,0.28400000000000103,gated,0.005,0.5391025641025641,0.0391025641025641,1
0.2,0.0,0.253179830520246,0.439,0.03070101207561142,0.42600000000000005,0.439000000000001,gated,0.005,0.5391025641025641,0.0391025641025641,1
0.0632455532033676,0.0,0.28346907478067807,0.26,0.04068873606491982,0.26,0.260000000000001,gated,0.005,0.4584615384615385,0.04153846153846154,-1
0.2,0.0,0.25360031286562756,0.427,0.03680343023239593,0.402,0.42700000000000105,gated,0.005,0.4584615384615385,0.04153846153846154,-1
0.02,0.7309257511083229,0.29457022516786247,0.029,0.03791395847983677,0.02200000000000002,0.029000000000000997,gated,0.005,0.5415384615384615,0.04153846153846154,1
0.0632455532033676,0.0,0.28408498414873945,0.284,0.03611317755586232,0.28,0.28400000000000103,gated,0.005,0.5415384615384615,0.04153846153846154,1
0.2,0.0,0.25233080521576473,0.41799999999999193,0.04140252467704157,0.42600000000000005,0.41799999999999293,gated,0.005,0.5415384615384615,0.04153846153846154,1
0.0632455532033676,0.0,0.28376207112545276,0.231,0.046520744629739125,0.242,0.23100000000000098,gated,0.005,0.456025641025641,0.043974358974358974,-1
0.2,0.0,0.2509918970654039,0.393,0.05430169040356773,0.378,0.393000000000001,gated,0.005,0.456025641025641,0.043974358974358974,-1
0.0632455532033676,0.0,0.2836768411705225,0.231,0.046520744629739125,0.236,0.23100000000000098,gated,0.005,0.543974358974359,0.043974358974358974,1
0.2,0.0,0.25290322704212265,0.422,0.039355924043693355,0.41100000000000003,0.42200000000000104,gated,0.005,0.543974358974359,0.043974358974358974,1
0.0632455532033676,0.0,0.2841749675624323,0.204,0.05233052942355007,0.218,0.20400000000000099,gated,0.005,0.4535897435897436,0.04641025641025641,-1
0.2,0.0,0.25220669796454886,0.401,0.05015191437658321,0.426,0.401000000000001,gated,0.005,0.4535897435897436,0.04641025641025641,-1
0.0632455532033676,0.0,0.28356002523727813,0.229,0.046937317601383116,0.22099999999999997,0.229000000000001,gated,0.005,0.5464102564102564,0.04641025641025641,1
0.2,0.0,0.2518644441530737,0.435,0.03273169724662826,0.392,0.435000000000001,gated,0.005,0.5464102564102564,0.04641025641025641,1
0.0632455532033676,0.0,0.28380842176790927,0.217,0.04948111765832285,0.211,0.217000000000001,gated,0.005,0.4511538461538461,0.048846153846153845,-1
0.2,0.0,0.2512055794916344,0.419,0.040890476307364185,0.42,0.41900000000000104,gated,0.005,0.4511538461538461,0.048846153846153845,-1
0.0632455532033676,0.0,0.28326062501588745,0.212,0.05056487943504408,0.21199999999999997,0.212000000000001,gated,0.005,0.5488461538461539,0.048846153846153845,1
0.2,0.0,0.2500873334065005,0.39499999999414626,0.05326212264385957,0.42600000000000005,0.3949999999941473,gated,0.005,0.5488461538461539,0.048846153846153845,1
0.0632455532033676,0.0,0.2835958857534705,0.236,0.04548801893642874,0.199,0.236000000000001,gated,0.005,0.44871794871794873,0.05128205128205128,-1
0.2,0.0,0.25233300662162805,0.378,0.0621475490975184,0.396,0.378000000000001,gated,0.005,0.44871794871794873,0.05128205128205128,-1
0.0632455532033676,0.0,0.28408962676885724,0.221,0.04862446477373056,0.20399999999999996,0.221000000000001,gated,0.005,0.5512820512820513,0.05128205128205128,1
0.2,0.0,0.2503464846075262,0.40399934067102966,0.04860173392564882,0.37,0.4039993406759272,gated,0.005,0.5512820512820513,0.05128205128205128,1
0.0632455532033676,0.0,0.2828022580506241,0.208,0.05144269261732665,0.199,0.208000000000001,gated,0.005,0.4462820512820513,0.053717948717948716,-1
0.2,0.0,0.2505104063651206,0.3919999999999982,0.05482202320703038,0.38,0.3919999999999992,gated,0.005,0.4462820512820513,0.053717948717948716,-1
0.0632455532033676,0.0,0.28272569890934207,0.185,0.05669795383838512,0.19399999999999995,0.185000000000001,gated,0.005,0.5537179487179487,0.053717948717948716,1
0.2,0.0,0.25222720827269113,0.406,0.04756933908354987,0.42800000000000005,0.406000000000001,gated,0.005,0.5537179487179487,0.053717948717948716,1
0.0632455532033676,0.0,0.2838938637573548,0.159,0.06315550865084307,0.202,0.159000000000001,gated,0.005,0.44384615384615383,0.05615384615384615,-1
0.2,0.0,0.2522325469524308,0.401,0.05015191437658321,0.4,0.401000000000001,gated,0.005,0.44384615384615383,0.05615384615384615,-1
0.0632455532033676,0.0,0.2825789292744224,0.196,0.054137939642346485,0.17400000000000004,0.196000000000001,gated,0.005,0.5561538461538461,0.05615384615384615,1
0.2,0.0,0.2517115738250134,0.389,0.05638526591741229,0.4,0.389000000000001,gated,0.005,0.5561538461538461,0.05615384615384615,1
0.0632455532033676,0.0,0.28255039421267636,0.167,0.06110078879543631,0.156,0.16700000000000098,gated,0.005,0.44141025641025644,0.05858974358974359,-1
0.2,0.0,0.25047479188977506,0.41100000000000003,0.044994671662762276,0.38,0.4110000000000011,gated,0.005,0.44141025641025644,0.05858974358974359,-1
0.0632455532033676,0.0,0.28387686132647094,0.192,0.05505840560182186,0.19199999999999995,0.192000000000001,gated,0.005,0.5585897435897436,0.05858974358974359,1
0.2,0.0,0.25079658088276846,0.37599999999999995,0.0632006608824966,0.365,0.3760000000000009,gated,0.005,0.5585897435897436,0.05858974358974359,1
0.0632455532033676,0.0,0.28220446578804126,0.163,0.062119952824204024,0.171,0.163000000000001,gated,0.005,0.438974358974359,0.06102564102564102,-1
0.2,0.0,0.2517088040792878,0.3969999999985327,0.052223991910464757,0.387,0.39699999999853375,gated,0.005,0.438974358974359,0.06102564102564102,-1
0.02,0.9454607592088816,0.002813883657229066,0.5376221678581831,-0.0018889001615959326,0.0,0.4623497385813767,gated,0.005,0.561025641025641,0.06102564102564102,1
0.0632455532033676,0.0,0.28439234379957795,0.167,0.06110078879543631,0.18000000000000005,0.16700000000000098,gated,0.005,0.561025641025641,0.06102564102564102,1
0.2,0.0,0.2511051741952607,0.37999999999999995,0.0610961576198795,0.401,0.38000000000000095,gated,0.005,0.561025641025641,0.06102564102564102,1
0.02,0.9422885357679538,0.005096003015575237,0.5700033437704313,-0.003527653555249803,0.003,0.43000897233530305,gated,0.005,0.43653846153846154,0.06346153846153847,-1
0.0632455532033676,0.0,0.28372326936409953,0.144,0.06719962106137713,0.155,0.144000000000001,gated,0.005,0.43653846153846154,0.06346153846153847,-1
0.2,0.0,0.25198908896765193,0.364,0.06955744085572549,0.376,0.36400000000000104,gated,0.005,0.43653846153846154,0.06346153846153847,-1
0.0632455532033676,0.0,0.2822845577043307,0.151,0.06527914806218174,0.15400000000000003,0.151000000000001,gated,0.005,0.5634615384615385,0.06346153846153847,1
0.2,0.0,0.2511277910030063,0.3959999999999906,0.0527428796443109,0.389,0.3959999999999916,gated,0.005,0.5634615384615385,0.06346153846153847,1
0.02,0.9934279878768978,0.0023778518390699666,0.4484681599423743,0.0025906497573582304,0.001,0.44852875712870477,gated,0.005,0.4341025641025641,0.06589743589743591,-1
0.0632455532033676,0.0,0.2827600592696943,0.161,0.0626356316959746,0.164,0.161000000000001,gated,0.005,0.4341025641025641,0.06589743589743591,-1
0.2,0.0,0.25285353135366767,0.3649999999999941,0.06902510629409761,0.372,0.36499999999999505,gated,0.005,0.4341025641025641,0.06589743589743591,-1
0.02,0.9974455538821388,0.006551047970706381,0.5003328900131492,-1.6688632322689496e-05,0.0,0.4996484927143993,gated,0.005,0.5658974358974359,0.06589743589743591,1
0.0632455532033676,0.0,0.28358312759960236,0.172,0.059848720425845846,0.15000000000000002,0.17200000000000099,gated,0.005,0.5658974358974359,0.06589743589743591,1
0.2,0.0,0.25227263896909685,0.37799999999999645,0.062147549097520266,0.384,0.3779999999999975,gated,0.005,0.5658974358974359,0.06589743589743591,1
0.02,0.6853797797454442,0.00571868469285268,0.49297166320030955,0.00035236678351923664,0.002,0.49303561197275986,gated,0.005,0.43166666666666664,0.06833333333333334,-1
0.0632455532033676,0.0,0.2829986321325976,0.153,0.06474139348671759,0.134,0.153000000000001,gated,0.005,0.43166666666666664,0.06833333333333334,-1
0.2,0.0,0.2531836599804929,0.365,0.06902510629409447,0.363,0.36500000000000105,gated,0.005,0.43166666666666664,0.06833333333333334,-1
0.02,0.9922867522447626,0.005975090746259321,0.21645652766084947,0.015684331011808078,0.0,0.2165087293432599,gated,0.005,0.5683333333333334,0.06833333333333334,1
0.0632455532033676,0.0,0.2844675904645858,0.13,0.07123923007942476,0.15500000000000003,0.130000000000001,gated,0.005,0.5683333333333334,0.06833333333333334,1
0.2,0.0,0.25038416905740696,0.373,0.06478363065622662,0.362,0.373000000000001,gated,0.005,0.5683333333333334,0.06833333333333334,1
0.0632455532033676,0.0,0.28091376091568476,0.129,0.07153899956896292,0.125,0.129000000000001,gated,0.005,0.4292307692307692,0.07076923076923078,-1
0.2,0.0,0.25027249764963666,0.3720000000003854,0.06531218548227073,0.368,0.3720000000003864,gated,0.005,0.4292307692307692,0.07076923076923078,-1
0.0632455532033676,0.0,0.28232556754016974,0.142,0.06775982405183019,0.135,0.142000000000001,gated,0.005,0.5707692307692308,0.07076923076923078,1
0.2,0.0,0.2509548055321374,0.347,0.0786865188221933,0.33899999999999997,0.34700000000000103,gated,0.005,0.5707692307692308,0.07076923076923078,1
0.02,0.9913877175278719,0.005618528838795628,0.4932368223019366,0.0003390716910780656,0.0,0.49343473240037317,gated,0.005,0.4267948717948718,0.07320512820512821,-1
0.0632455532033676,0.0,0.282036022731633,0.108,0.07824958666639978,0.105,0.108000000000001,gated,0.005,0.4267948717948718,0.07320512820512821,-1
0.2,0.0,0.25373244693049263,0.36,0.07169175865023876,0.367,0.36000000000000104,gated,0.005,0.4267948717948718,0.07320512820512821,-1
0.02,0.994771757236954,0.006388584141058251,0.43862111465710596,0.003089322237322129,0.0,0.438952150916247,gated,0.005,0.5732051282051283,0.07320512820512821,1
0.0632455532033676,0.0,0.2825094404898487,0.109,0.07790990173009611,0.137,0.109000000000001,gated,0.005,0.5732051282051283,0.07320512820512821,1
0.2,0.0,0.2505436618298529,0.36300000000000004,0.07009026865469224,0.344,0.3630000000000011,gated,0.005,0.5732051282051283,0.07320512820512821,1
0.02,0.9961149444164397,0.0010787102950153976,0.3067496093183738,0.010101697656497002,0.0,0.3070545055940298,gated,0.005,0.42435897435897435,0.07564102564102565,-1
0.0632455532033676,0.0,0.2814342142501357,0.128,0.07184038488934145,0.121,0.128000000000001,gated,0.005,0.42435897435897435,0.07564102564102565,-1
0.2,0.0,0.24868664688651113,0.34900000000029957,0.07760433324343348,0.358,0.34900000000030057,gated,0.005,0.42435897435897435,0.07564102564102565,-1
0.02,0.9905908355570502,0.007026282636708292,0.48424819882978004,0.0007898834978019269,0.0,0.4844767655388268,gated,0.005,0.5756410256410256,0.07564102564102565,1
0.0632455532033676,0.0,0.28053810943212454,0.129,0.07153899956896292,0.11099999999999999,0.129000000000001,gated,0.005,0.5756410256410256,0.07564102564102565,1
0.2,0.0,0.2518175746589978,0.36,0.07169175865023876,0.374,0.36000000000000104,gated,0.005,0.5756410256410256,0.07564102564102565,1
0.02,0.9983732752892176,0.002544238563812938,0.47312092038188236,0.0013485383529071718,0.0,0.47317688224855387,gated,0.005,0.4219230769230769,0.07807692307692309,-1
0.0632455532033676,0.0,0.28155077580321364,0.126,0.07244810130503866,0.118,0.126000000000001,gated,0.005,0.4219230769230769,0.07807692307692309,-1
0.2,0.0,0.2515980074225211,0.336,0.08468094447883655,0.356,0.336000000000001,gated,0.005,0.4219230769230769,0.07807692307692309,-1
0.02,1.0,0.006520238723515953,0.0765635424935434,0.028571454026112563,0.0,0.07660472254767739,gated,0.005,0.578076923076923,0.07807692307692309,1
0.0632455532033676,0.0,0.28212984698566224,0.103,0.07998292822862008,0.10599999999999998,0.103000000000001,gated,0.005,0.578076923076923,0.07807692307692309,1
0.2,0.0,0.25042776993319465,0.3459999999999983,0.07922847477854057,0.374,0.34599999999999936,gated,0.005,0.578076923076923,0.07807692307692309,1
0.02,0.9904761653169633,0.005172273840616255,0.36195011574656233,0.007065021207491307,0.0,0.36205729528636255,gated,0.005,0.4194871794871795,0.08051282051282052,-1
0.0632455532033676,0.0,0.2817613491761657,0.116,0.07559252601327779,0.105,0.11600000000000099,gated,0.005,0.4194871794871795,0.08051282051282052,-1
0.2,0.0,0.25023399026222004,0.333,0.08632884787679121,0.341,0.333000000000001,gated,0.005,0.4194871794871795,0.08051282051282052,-1
0.0632455532033676,0.0,0.28240381875712217,0.118,0.07494877143993176,0.09599999999999997,0.11800000000000099,gated,0.005,0.5805128205128205,0.08051282051282052,1
0.2,0.0,0.25323266573638886,0.3449999999783448,0.07977101314022249,0.33799999999999997,0.3449999999783459,gated,0.005,0.5805128205128205,0.08051282051282052,1
0.02,0.9900118133648037,0.005930469822856707,0.5378693134604643,-0.001901345953348025,0.0,0.46224837375802724,gated,0.005,0.41705128205128206,0.08294871794871796,-1
0.0632455532033676,0.0,0.2809153339616013,0.094,0.08326395464895141,0.098,0.094000000000001,gated,0.005,0.41705128205128206,0.08294871794871796,-1
0.2,0.0,0.24867277318086353,0.34499999999999964,0.07977101312846756,0.324,0.3450000000000007,gated,0.005,0.41705128205128206,0.08294871794871796,-1
0.02,0.7066989022817636,0.0054673298683148575,0.4274187764995837,0.0036589922914855343,0.0,0.4274219378079782,gated,0.005,0.5829487179487179,0.08294871794871796,1
0.0632455532033676,0.0,0.2813468169807587,0.087,0.08597997339334662,0.10299999999999998,0.087000000000001,gated,0.005,0.5829487179487179,0.08294871794871796,1
0.2,0.0,0.2513130101727664,0.30499999999999916,0.10201469139371944,0.33999999999999997,0.30500000000000016,gated,0.005,0.5829487179487179,0.08294871794871796,1
0.02,0.991470321200091,0.005957665616213276,0.4974933354117624,0.00012566635351925993,0.0,0.49742713753928874,gated,0.005,0.4146153846153846,0.08538461538461539,-1
0.0632455532033676,0.0,0.28127626350206536,0.079,0.089291974280692,0.088,0.079000000000001,gated,0.005,0.4146153846153846,0.08538461538461539,-1
0.2,0.0,0.2523720567175274,0.3499999999999999,0.07706409328151359,0.321,0.350000000000001,gated,0.005,0.4146153846153846,0.08538461538461539,-1
0.02,0.9944046044110608,0.005160170639226497,0.4891601398031652,0.000543496886726612,0.0,0.48915354361591923,gated,0.005,0.5853846153846154,0.08538461538461539,1
0.0632455532033676,0.0,0.28085349264211845,0.093,0.08364256898731763,0.10899999999999999,0.093000000000001,gated,0.005,0.5853846153846154,0.08538461538461539,1
0.2,0.0,0.2506037010397522,0.333,0.08632884787679121,0.32699999999999996,0.333000000000001,gated,0.005,0.5853846153846154,0.08538461538461539,1
0.02,0.9940559653520633,0.003163647051586012,0.4040545292207379,0.0048573237877453735,0.0,0.4039936392238055,gated,0.005,0.41217948717948716,0.08782051282051283,-1
0.0632455532033676,0.0,0.2822460248039398,0.078,0.08972353845090252,0.085,0.078000000000001,gated,0.005,0.41217948717948716,0.08782051282051283,-1
0.2,0.0,0.24974360611199936,0.334,0.08577890081484033,0.304,0.334000000000001,gated,0.005,0.41217948717948716,0.08782051282051283,-1
0.02,0.8930879064238998,0.005906178868860745,0.4995944175905003,2.0332890209463373e-05,0.0,0.4995465300200845,gated,0.005,0.5878205128205128,0.08782051282051283,1
0.0632455532033676,0.0,0.2811175135876961,0.085,0.08678578900789259,0.09399999999999997,0.08500000000000099,gated,0.005,0.5878205128205128,0.08782051282051283,1
0.2,0.0,0.25191122669995014,0.334,0.08577890081484033,0.354,0.334000000000001,gated,0.005,0.5878205128205128,0.08782051282051283,1
0.02,0.3731137369367583,0.0066434962933863626,0.5020071846286676,-0.00010062573938829936,0.0,0.49801777735377095,gated,0.005,0.4097435897435897,0.09025641025641026,-1
0.0632455532033676,0.0,0.2804284989246673,0.08,0.0888645281221016,0.08,0.080000000000001,gated,0.005,0.4097435897435897,0.09025641025641026,-1
0.2,0.0,0.24972425729091957,0.34299999999999636,0.08085785805971776,0.343,0.34299999999999736,gated,0.005,0.4097435897435897,0.09025641025641026,-1
0.02,0.9938690808986262,0.005491021373166621,0.5038476389999544,-0.00019289500466980952,0.0,0.4961246966153129,gated,0.005,0.5902564102564103,0.09025641025641026,1
0.0632455532033676,0.0,0.281614020405267,0.081,0.0884411029689934,0.07099999999999995,0.08100000000000099,gated,0.005,0.5902564102564103,0.09025641025641026,1
0.2,0.0,0.2502174050806923,0.32999999999999985,0.08798263313464687,0.31499999999999995,0.33000000000000085,gated,0.005,0.5902564102564103,0.09025641025641026,1
0.02,0.9916555475980039,0.006387024760806034,0.3669796858654768,0.006797268757875828,0.0,0.36713767251211793,gated,0.005,0.4073076923076923,0.0926923076923077,-1
0.0632455532033676,1.5213359243371194e-05,0.28045442936934434,0.07,0.0933372199897583,0.064,0.07000000000000099,gated,0.005,0.4073076923076923,0.0926923076923077,-1
0.2,0.0,0.25007488560230307,0.337,0.08413292392752311,0.303,0.337000000000001,gated,0.005,0.4073076923076923,0.0926923076923077,-1
0.02,0.9967784933825649,0.000669374720514232,0.5384646649365401,-0.0019313297764507594,0.0,0.4615895965255859,gated,0.005,0.5926923076923077,0.0926923076923077,1
0.0632455532033676,4.098915589278995e-06,0.280627113844387,0.062,0.09728423774793775,0.06899999999999995,0.062000000000001,gated,0.005,0.5926923076923077,0.0926923076923077,1
0.2,0.0,0.24924421581754042,0.304,0.10258608212294568,0.32599999999999996,0.30400000000000105,gated,0.005,0.5926923076923077,0.0926923076923077,1
0.02,0.892407948902617,0.0012878710372927135,0.2764910211658401,0.011865950874208256,0.0,0.27707648702092613,gated,0.005,0.40487179487179487,0.09512820512820513,-1
0.0632455532033676,7.769053023831685e-05,0.28026172260050114,0.077,0.09015932124091512,0.06,0.077000000000001,gated,0.005,0.40487179487179487,0.09512820512820513,-1
0.2,0.0,0.2516002449863481,0.32499999999999524,0.09075243803397855,0.316,0.32499999999999624,gated,0.005,0.40487179487179487,0.09512820512820513,-1
0.02,0.9626642054348251,0.0007675090886573033,0.39219688709993045,0.00547195471598808,0.0,0.3924610818135033,gated,0.005,0.5951282051282052,0.09512820512820513,1
0.0632455532033676,5.899154695843123e-06,0.28135202079418636,0.063,0.09676997105031938,0.06799999999999995,0.063000000000001,gated,0.005,0.5951282051282052,0.09512820512820513,1
0.2,0.0,0.24972936877688195,0.3169999999999999,0.09522088069787908,0.30600000000000005,0.3170000000000009,gated,0.005,0.5951282051282052,0.09512820512820513,1
0.02,0.8790133486190007,0.001945683594659596,0.42500189223439966,0.003782271951258962,0.0,0.42540060005296504,gated,0.005,0.4024358974358974,0.09756410256410257,-1
0.0632455532033676,0.0040021431607903946,0.2799064964075748,0.073,0.09194678742177025,0.047,0.073000000000001,gated,0.005,0.4024358974358974,0.09756410256410257,-1
0.2,0.0,0.24804188828191956,0.302,0.10373138641607821,0.33,0.30200000000000105,gated,0.005,0.4024358974358974,0.09756410256410257,-1
0.02,0.9938102153353788,0.004052446469598764,0.47797391859433436,0.0011047855645799805,0.0,0.47803786476547466,gated,0.005,0.5975641025641025,0.09756410256410257,1
0.0632455532033676,6.83303196480356e-06,0.28114289920595276,0.059,0.09886694432664339,0.06399999999999995,0.059000000000001,gated,0.005,0.5975641025641025,0.09756410256410257,1
0.2,0.0,0.24938036749927706,0.325,0.0907524380339759,0.32899999999999996,0.325000000000001,gated,0.005,0.5975641025641025,0.09756410256410257,1
0.02,0.7243274837839061,0.0015377352103101982,0.45417297958148617,0.0023025021536184297,0.0,0.4542559831029636,gated,0.005,0.4,0.1,-1
0.0632455532033676,9.966388479420996e-05,0.27958118763460527,0.059,0.09886694432664339,0.059,0.059000000000001,gated,0.005,0.4,0.1,-1
0.2,0.0,0.24906071246665143,0.31499999999999956,0.09634536991694631,0.308,0.31500000000000056,gated,0.005,0.4,0.1,-1
0.02,0.9946527399869972,0.004174902056355734,0.3153237285623022,0.009616314949338468,0.0,0.3153626996176114,gated,0.005,0.6,0.1,1
0.0632455532033676,0.0008953957726269834,0.28023113164454955,0.048,0.10527619899854652,0.051000000000000045,0.048000000000001,gated,0.005,0.6,0.1,1
0.2,0.0,0.24972550610357935,0.32388317418618623,0.09137348242912563,0.31100000000000005,0.32388427409724574,gated,0.005,0.6,0.1,1
0.02,0.9903202101582173,0.0016643745997189305,0.42687424407315383,0.0036867553304150043,0.0,0.42726475802044317,gated,0.005,0.39,0.11,-1
0.0632455532033676,7.528882827845251e-06,0.278265354222645,0.045,0.10722636608588397,0.065,0.045000000000001004,gated,0.005,0.39,0.11,-1
0.2,0.0,0.2502727028322984,0.278,0.11775864238218392,0.279,0.278000000000001,gated,0.005,0.39,0.11,-1
0.02,0.9941538836064081,0.005968327754424824,0.49630464403865293,0.00018526032404642812,0.0,0.49635984594109983,gated,0.005,0.61,0.11,1
0.0632455532033676,0.17717751441138874,0.2780346534529985,0.041,0.10999651847097112,0.03200000000000003,0.041000000000001,gated,0.005,0.61,0.11,1
0.2,0.0,0.2504336062007882,0.31299999999999895,0.09747291309388874,0.25,0.31299999999999994,gated,0.005,0.61,0.11,1
0.02,0.14274814747811126,0.005045467620354925,0.49116523255487354,0.00044294576588276116,0.0,0.49121391977843426,gated,0.005,0.38,0.12,-1
0.0632455532033676,0.6110326903131604,0.27799418866494274,0.02,0.12989048599372321,0.024,0.020000000000001,gated,0.005,0.38,0.12,-1
0.2,0.0,0.2491852095248206,0.2709999999999941,0.12195827973481957,0.29,0.27099999999999513,gated,0.005,0.38,0.12,-1
0.02,0.9931090244289303,0.001411743037019908,0.47418791921278114,0.0012949300099581616,0.0,0.47424334525092626,gated,0.005,0.62,0.12,1
0.0632455532033676,0.5493094689339159,0.279734540667041,0.034,0.11542356600332361,0.026000000000000023,0.034000000000001,gated,0.005,0.62,0.12,1
0.2,0.0,0.250594569139695,0.281,0.11597467848554091,0.264,0.281000000000001,gated,0.005,0.62,0.12,1
0.02,0.8937457330597833,0.002061140912470477,0.23574309353829329,0.014401260653034893,0.0,0.2356717848589851,gated,0.005,0.37,0.13,-1
0.0632455532033676,0.960299925184433,0.2759234781997146,0.024,0.12505976012724068,0.019,0.024000000000001,gated,0.005,0.37,0.13,-1
0.2,0.0,0.24861690615300125,0.24899999999995576,0.13552799297562707,0.286,0.24899999999995676,gated,0.005,0.37,0.13,-1
0.02,0.9887942946244669,0.005003634230922316,0.5070481500665147,-0.0003533602280245116,0.0,0.49301346462437434,gated,0.005,0.63,0.13,1
0.0632455532033676,0.9983567943040068,0.27677306917400507,0.02,0.12989048599372321,0.009000000000000008,0.020000000000001,gated,0.005,0.63,0.13,1
0.2,0.0,0.2481800594575104,0.27,0.12256259820332545,0.245,0.270000000000001,gated,0.005,0.63,0.13,1
0.02,0.7453721269872112,0.0071163982050787625,0.2525671470090959,0.0133286625478764,0.0,0.2529368047076051,gated,0.005,0.36,0.14,-1
0.2,0.0,0.24960785537807795,0.22599999997426076,0.15041698135621975,0.254,0.22599999997426176,gated,0.005,0.36,0.14,-1
0.02,0.9676189939459392,0.006329301025145201,0.4122389734609777,0.0044357850359527575,0.0,0.4124313623031679,gated,0.005,0.64,0.14,1
0.2,0.0,0.24808153291450905,0.2229999999999966,0.15242010819901564,0.238,0.2229999999999976,gated,0.005,0.64,0.14,1
0.02,0.919440107749273,0.005815822249358664,0.4965963898568884,0.0001706337784523273,0.0,0.4966581906378164,gated,0.005,0.35,0.15,-1
0.2,0.0,0.24940363157872383,0.2379999999999998,0.14255015204400875,0.24,0.2380000000000008,gated,0.005,0.35,0.15,-1
0.02,0.9929245650290508,0.0006352850372736418,0.5012674507171844,-6.354066297945182e-05,0.0,0.498660146567096,gated,0.005,0.65,0.15,1
0.2,0.0,0.24946478055402188,0.27699999999999997,0.11835537811828933,0.21199999999999997,0.27700000000000097,gated,0.005,0.65,0.15,1
0.02,0.9957280108779536,0.0017200369129593412,0.19523634082985103,0.01717520936932843,0.0,0.19528975814267663,gated,0.005,0.33999999999999997,0.16,-1
0.2,0.0,0.2502381762125759,0.21,0.16128424940364808,0.206,0.210000000000001,gated,0.005,0.33999999999999997,0.16,-1
0.02,0.6958701277105037,0.005590977005121317,0.26991206766824893,0.012261579081809288,0.0,0.2700289879612246,gated,0.005,0.66,0.16,1
0.2,0.0,0.24771782246413432,0.21599999995897412,0.15715476633290296,0.20599999999999996,0.21599999995897512,gated,0.005,0.66,0.16,1
0.02,0.9913055926802623,0.009510250832180309,0.045203229285650307,0.03386515056999842,0.0,0.04569162015466465,gated,0.005,0.33,0.16999999999999998,-1
0.2,0.0,0.2503624430431187,0.183,0.1807982655128803,0.175,0.183000000000001,gated,0.005,0.33,0.16999999999999998,-1
0.02,0.989117065960878,0.0019732997975104583,0.28792039690684246,0.011189406040111571,0.0,0.288301199014922,gated,0.005,0.6699999999999999,0.16999999999999998,1
0.2,0.0,0.2487085972166122,0.197,0.170477159591515,0.18500000000000005,0.197000000000001,gated,0.005,0.6699999999999999,0.16999999999999998,1
0.02,0.9801761660908332,0.0015972152391615924,0.22091109519042687,0.015382396155661072,0.0,0.22200115973892398,gated,0.005,0.32,0.18,-1
0.2,0.0,0.24668730434314085,0.20299999999999996,0.1661906641119676,0.186,0.20300000000000093,gated,0.005,0.32,0.18,-1
0.02,0.9877398290980027,0.00324385655520823,0.5708539830099331,-0.0035709751342358977,0.0,0.42914955699972146,gated,0.005,0.6799999999999999,0.18,1
0.2,0.0,0.2447825018117361,0.18199999927894742,0.1815539065194018,0.18700000000000006,0.18199999927894842,gated,0.005,0.6799999999999999,0.18,1
0.02,1.0,0.0027285206653902064,0.3604257651248064,0.00714641947461234,0.0,0.36078285471308813,gated,0.005,0.31,0.19,-1
0.0632455532033676,0.9909984776279929,0.0022149388513984444,0.3930949178256859,0.017156090174374222,0.0,0.39318188465884624,gated,0.005,0.31,0.19,-1
0.2,0.0,0.24559104927340714,0.16899999999995066,0.19162489308441974,0.173,0.16899999999995166,gated,0.005,0.31,0.19,-1
0.02,0.9954304346931309,0.004995166824197456,0.3532969160664873,0.007528691870593311,0.0,0.35338653062027847,gated,0.005,0.69,0.19,1
0.2,0.0,0.24438963770046665,0.161,0.19807125884271493,0.17100000000000004,0.161000000000001,gated,0.005,0.69,0.19,1
0.02,0.994258178443035,0.006629038607854451,0.3045915726572038,0.010224796214382886,0.0,0.30456243523388016,gated,0.005,0.3,0.2,-1
0.0632455532033676,0.9955779158529262,0.009448942394780571,0.49821363133282887,0.00028319949446601456,0.0,0.4981998810904558,gated,0.005,0.3,0.2,-1
0.2,0.0,0.24491002704913173,0.15599999999999892,0.2022068656283642,0.152,0.15599999999999992,gated,0.005,0.3,0.2,-1
0.02,0.9968498297087819,0.006032678356786919,0.49958149565811055,2.098070017683867e-05,0.0,0.4995342575818737,gated,0.005,0.7,0.2,1
0.0632455532033676,0.9965495814155164,0.002703288269245624,0.3735173911171019,0.02039996033191509,0.0,0.3735996712249154,gated,0.005,0.7,0.2,1
0.2,0.0,0.24535084257373407,0.15999999999999948,0.1988915766419511,0.17400000000000004,0.16000000000000053,gated,0.005,0.7,0.2,1
0.02,0.46404865656884065,0.0052251731499363685,0.49665715356622236,0.00016758742891268157,0.0,0.4966808855254807,gated,0.005,0.29,0.21000000000000002,-1
0.0632455532033676,0.9829236956382216,0.01003054982139965,0.40285461695693286,0.015556200037616222,0.0,0.40292403330690885,gated,0.005,0.29,0.21000000000000002,-1
0.2,0.0,0.24340234882250236,0.16499999999993217,0.1948227754119165,0.15,0.1649999999999332,gated,0.005,0.29,0.21000000000000002,-1
0.02,0.9845836199177924,0.00506672542858097,0.48687201746633607,0.0006582582689745047,0.0,0.48691077631251617,gated,0.005,0.71,0.21000000000000002,1
0.2,0.0,0.24491500097885766,0.12299999999497757,0.23202397660443885,0.15300000000000002,0.12299999999497857,gated,0.005,0.71,0.21000000000000002,1
0.02,0.8682515536052967,0.0013365159187588294,0.46568419985135345,0.0017224660506318416,0.0,0.4659082261111363,gated,0.005,0.28,0.22,-1
0.0632455532033676,0.9436062565493595,0.0051583200425779005,0.4070681535364242,0.014868606769525233,0.0,0.40711421467755504,gated,0.005,0.28,0.22,-1
0.2,0.0,0.2439887959720311,0.15499999877744977,0.20304440766951826,0.112,0.15499999877745077,gated,0.005,0.28,0.22,-1
0.02,0.9833647483624341,0.006129753765249241,0.4014520655428722,0.004991807800351134,0.0,0.40157106613927296,gated,0.005,0.72,0.22,1
0.2,0.0,0.24177774321730128,0.14799999999989336,0.2090099399317701,0.11699999999999999,0.14799999999989435,gated,0.005,0.72,0.22,1
0.02,0.9918269587190172,0.0033147636676950296,0.5663193136977364,-0.003340220537235762,0.0,0.43399738909846675,gated,0.005,0.27,0.22999999999999998,-1
0.0632455532033676,0.9953653441875194,0.011376443957672233,0.5028348252487767,-0.00044941739381498965,0.001,0.4972261058322852,gated,0.005,0.27,0.22999999999999998,-1
0.2,0.0,0.24240240994209997,0.1129999999999998,0.2421454265583196,0.124,0.11300000000000081,gated,0.005,0.27,0.22999999999999998,-1
0.02,0.9625617679136078,0.007494573480742783,0.3648997808275659,0.006907843431815071,0.0,0.36524321133397775,gated,0.005,0.73,0.22999999999999998,1
0.0632455532033676,0.7735581000797124,0.001961459695006801,0.3636630691948159,0.022052747772015796,0.0,0.3637018561938225,gated,0.005,0.73,0.22999999999999998,1
0.2,0.0,0.24374340630682326,0.1229999999976141,0.23202397660184826,0.11099999999999999,0.1229999999976151,gated,0.005,0.73,0.22999999999999998,1
0.02,0.9199217339400174,0.00747551320171707,0.13428701716921154,0.022127047322000735,0.0,0.13425743360977993,gated,0.005,0.26,0.24,-1
0.0632455532033676,0.9866922582231638,0.010946927495747397,0.4169875541837006,0.013256654553617455,0.0,0.4169890600798629,gated,0.005,0.26,0.24,-1
0.2,0.0,0.24502368911133982,0.12799999999963882,0.22717924423380753,0.118,0.12799999999963982,gated,0.005,0.26,0.24,-1
0.02,0.9937128207577594,0.0036307393445930425,0.35760032246601,0.007297609090883334,0.0,0.35759372136154666,gated,0.005,0.74,0.24,1
0.0632455532033676,0.9359770023263941,0.009798902987771835,0.5224078625887402,-0.003554257688253107,0.0,0.4776572919423005,gated,0.005,0.74,0.24,1
0.2,0.0,0.2431857044782297,0.1079999995935423,0.2474469202706251,0.09199999999999997,0.1079999995935433,gated,0.005,0.74,0.24,1
0.02,0.9408775165064635,0.0009195589452438702,0.4196557835898548,0.00405548290582074,0.0,0.4195286229790368,gated,0.005,0.25,0.25,-1
0.0632455532033676,0.9987961393972197,0.012744840117533709,0.61947479192618,-0.019233079879522313,0.0,0.3805988977920321,gated,0.005,0.25,0.25,-1
0.2,0.0,0.24181199122877578,0.11299999999212682,0.2421454265665339,0.09,0.11299999999212781,gated,0.005,0.25,0.25,-1
0.02,0.861756021293083,0.0029321981201692326,0.19789894082000387,0.016982998188744262,0.0,0.19813011936069552,gated,0.005,0.75,0.25,1
0.0632455532033676,0.9950028557395759,0.003633008250077202,0.3172078772643554,0.030074581096807006,0.0,0.31750358683897084,gated,0.005,0.75,0.25,1
0.2,0.0,0.24118776653164536,0.09899998521737682,0.2574541295922456,0.127,0.09899998521737788,gated,0.005,0.75,0.25,1
0.02,0.5955050301162866,0.0012422027528317323,0.5132165488871733,-0.0006627007492876763,0.0,0.4867874935678599,gated,0.005,0.24,0.26,-1
0.0632455532033676,0.9937483750330389,0.010311595409585664,0.5040765582111234,-0.0006462806247615246,0.0,0.495918808236865,gated,0.005,0.24,0.26,-1
0.2,0.0,0.23951405389640157,0.09599999999076991,0.2609370770565961,0.106,0.09599999999077091,gated,0.005,0.24,0.26,-1
0.02,0.6661566198185652,0.005779899709765418,0.49490244269656836,0.0002555605797674591,0.0,0.4951094376540233,gated,0.005,0.76,0.26,1
0.0632455532033676,0.9911206923509724,0.0015699774243753961,0.355660960004954,0.02340599611949489,0.0,0.35564171646511417,gated,0.005,0.76,0.26,1
0.2,0.0,0.24094950535756612,0.10399999993020702,0.25181679616271324,0.09699999999999998,0.10399999993020803,gated,0.005,0.76,0.26,1
0.02,0.988920355706111,0.004925110607356065,0.49860645895328604,6.986192986343606e-05,0.0,0.49861240533605633,gated,0.005,0.22999999999999998,0.27,-1
0.0632455532033676,0.9072743164442552,0.011327064248310956,0.5068505096546706,-0.0010860858546406984,0.0,0.4931698860696553,gated,0.005,0.22999999999999998,0.27,-1
0.2,9.919708794603466e-06,0.24159636491530415,0.07499999999999882,0.28790629418769287,0.081,0.07499999999999983,gated,0.005,0.22999999999999998,0.27,-1
0.02,0.996560081170876,0.005915764066666357,0.4995667837340658,2.171824709279261e-05,0.0,0.4995192092443942,gated,0.005,0.77,0.27,1
0.0632455532033676,0.9953465075733573,0.011451208864576845,0.3594466891506536,0.022764488136251232,0.0,0.35958347611316466,gated,0.005,0.77,0.27,1
0.2,5.004309274192487e-06,0.23599120733552206,0.0729999979292123,0.29076127477492575,0.08399999999999996,0.07299999792921333,gated,0.005,0.77,0.27,1
0.02,0.9909108717114142,0.0033295184557143864,0.5434367315206711,-0.002181915222418701,0.0,0.4566494336746165,gated,0.005,0.21999999999999997,0.28,-1
0.0632455532033676,0.9947157215906938,0.0034722058295447097,0.5581503436685582,-0.009251642930124447,0.0,0.4422526426474232,gated,0.005,0.21999999999999997,0.28,-1
0.2,3.541413904595281e-05,0.23968569304976578,0.07799999998001664,0.28373074126195175,0.08,0.07799999998001766,gated,0.005,0.21999999999999997,0.28,-1
0.02,0.9837656328443869,0.000550401805488071,0.35573145485237506,0.007397841415566537,0.0,0.35650603886225163,gated,0.005,0.78,0.28,1
0.0632455532033676,0.8361536590225895,0.010765022893823528,0.36330954052810155,0.022112316304750308,0.0,0.36331655376218613,gated,0.005,0.78,0.28,1
0.2,0.0,0.24019381270130125,0.08399999999996273,0.2757317457247037,0.09199999999999997,0.08399999999996371,gated,0.005,0.78,0.28,1
0.02,0.9352327764629484,0.000925145712810261,0.3256943353157466,0.009036677316442941,0.0,0.32603863113378084,gated,0.005,0.21000000000000002,0.29,-1
0.0632455532033676,0.994291557038778,0.009782480854829172,0.5898253218047196,-0.014362790835794137,0.0,0.41032747752590765,gated,0.005,0.21000000000000002,0.29,-1
0.2,4.449732062927758e-05,0.23808841032994194,0.055999999999919364,0.31785351141042145,0.075,0.05599999999992037,gated,0.005,0.21000000000000002,0.29,-1
0.02,0.7496593523560138,0.0022815077625425173,0.4100855704848409,0.004546497267425299,0.0,0.41031038986220425,gated,0.005,0.79,0.29,1
0.0632455532033676,0.7365508628409234,0.004220861800536879,0.3348193898873736,0.02698332406453132,0.0,0.33486190750376144,gated,0.005,0.79,0.29,1
0.2,2.9454408976725688e-05,0.24090103681398514,0.07299999944099923,0.29076127259439244,0.07499999999999996,0.07299999944100023,gated,0.005,0.79,0.29,1
0.02,0.9539404050878632,0.0008335522334881607,0.5508122461189412,-0.0025542750130698832,0.0,0.44916443547265916,gated,0.005,0.2,0.3,-1
0.0632455532033676,0.9908058588178981,0.005799515314526174,0.4831266280278754,0.0026757858724790434,0.0,0.4832305497698692,gated,0.005,0.2,0.3,-1
0.2,0.00046248592917497167,0.23952668121415532,0.06699999999975857,0.2997026135763671,0.063,0.06699999999975957,gated,0.005,0.2,0.3,-1
0.02,0.9351016659663467,0.0013310456161932938,0.24447320273738554,0.013839710939052874,0.0,0.24487156723381934,gated,0.005,0.8,0.3,1
0.0632455532033676,0.9921133183934033,0.0080543856685171,0.42443840487318507,0.01205154967853905,0.0,0.42455333229498177,gated,0.005,0.8,0.3,1
0.2,0.000811382964350793,0.23655303344245215,0.07399999999593897,0.2893264134375925,0.06599999999999995,0.07399999999593997,gated,0.005,0.8,0.3,1
0.02,0.9964462993298479,0.0011844745303620403,0.49955089904419336,2.2514587835104627e-05,0.0,0.4994332386252427,gated,0.005,0.19,0.31,-1
0.0632455532033676,0.864050762471554,0.010885009570536775,0.49836962599461937,0.00025846895150349723,0.0,0.4985334500999512,gated,0.005,0.19,0.31,-1
0.2,0.005395781279844525,0.23836913880709737,0.05699999999999647,0.3160933636798786,0.058,0.05699999999999747,gated,0.005,0.19,0.31,-1
0.02,0.9953687176015479,0.005692164980228204,0.35566056015300956,0.007401647330692961,0.0,0.35574832245564814,gated,0.005,0.81,0.31,1
0.0632455532033676,0.9936610032311037,0.006557285743850921,0.5404406050085843,-0.006422193794685386,0.0,0.4595200155776584,gated,0.005,0.81,0.31,1
0.2,6.987590439300195e-05,0.2354181851334446,0.06199999999977826,0.3076397717171757,0.07299999999999995,0.06199999999977929,gated,0.005,0.81,0.31,1
0.02,0.934879913378132,0.00472844281991994,0.5589928145191139,-0.002968322604659914,0.0,0.44101680590608133,gated,0.005,0.18,0.32,-1
0.0632455532033676,0.9902529481077041,0.005043056980778046,0.4836381590042503,0.002594620855958629,0.0,0.4836702931411758,gated,0.005,0.18,0.32,-1
0.2,0.13621144344901903,0.2366140148053365,0.05899999999983617,0.31264472937353394,0.044,0.05899999999983716,gated,0.005,0.18,0.32,-1
0.02,0.9900155632720326,0.006155520272382198,0.5062327141827077,-0.00031247466406095095,0.0,0.49382516434011775,gated,0.005,0.8200000000000001,0.32,1
0.0632455532033676,0.9940236645736564,0.013544675103221049,0.4568601987351784,0.0068524694566975105,0.0,0.4570942631218827,gated,0.005,0.8200000000000001,0.32,1
0.2,0.0003704236924901849,0.23745941278129734,0.05699999999999825,0.31609336367987534,0.06699999999999995,0.05699999999999926,gated,0.005,0.8200000000000001,0.32,1
0.02,0.9878729327333964,0.005662679237066013,0.49863721403391303,6.832008956921925e-05,0.0,0.4985984708130741,gated,0.005,0.16999999999999998,0.33,-1
0.0632455532033676,0.9598216993353935,0.00763605286882597,0.47158854352719504,0.0045079702183877775,0.0,0.4716930899753783,gated,0.005,0.16999999999999998,0.33,-1
0.2,0.029730924643281198,0.23462820148287802,0.049999999999881584,0.32897072539052424,0.048,0.04999999999988259,gated,0.005,0.16999999999999998,0.33,-1
0.02,0.9699420787463017,0.006130558055495977,0.3035320425469828,0.010285375625824534,0.0,0.3037030744396284,gated,0.005,0.8300000000000001,0.33,1
0.0632455532033676,0.9954760563731969,0.0033188268039460456,0.12789931716489386,0.07187081969414894,0.0,0.12804355949158433,gated,0.005,0.8300000000000001,0.33,1
0.2,0.03715474886418646,0.2348629235218183,0.04899999999977862,0.33092558047065185,0.04700000000000004,0.048999999999779616,gated,0.005,0.8300000000000001,0.33,1
0.02,0.9954406100765744,0.0025889064122533376,0.27458523828305553,0.011980072220444287,0.0,0.2747556922071119,gated,0.005,0.15999999999999998,0.34,-1
0.0632455532033676,0.9513394075459125,0.012443585946405133,0.2838886251171524,0.03613396239741886,0.0,0.28427720265456313,gated,0.005,0.15999999999999998,0.34,-1
0.2,0.016069791260604704,0.2321087732642033,0.04199999952049291,0.3455868655473884,0.049,0.04199999952049391,gated,0.005,0.15999999999999998,0.34,-1
0.02,0.7591810118315033,0.007451216005029931,0.5030346273053312,-0.00015213511927652417,0.0,0.497076559831346,gated,0.005,0.8400000000000001,0.34,1
0.0632455532033676,0.9141567867807961,0.01313105209658988,0.26638297041745296,0.03945190193649418,0.0,0.26665387061302886,gated,0.005,0.8400000000000001,0.34,1
0.2,0.5386223390489393,0.23121127115638823,0.0509999999993347,0.327046803079,0.03300000000000003,0.050999999999335716,gated,0.005,0.8400000000000001,0.34,1
0.02,0.9898028033280107,0.0039025844188642217,0.5014268139547331,-7.152999652536408e-05,0.0,0.4985577372214232,gated,0.005,0.15000000000000002,0.35,-1
0.0632455532033676,0.9910664885086728,0.0033478512908857484,0.4656298945238818,0.005455557142075227,0.0,0.46563890010413184,gated,0.005,0.15000000000000002,0.35,-1
0.2,0.040589014866298956,0.23376065137156987,0.03299999994809932,0.36768473399055157,0.048,0.03299999994810032,gated,0.005,0.15000000000000002,0.35,-1
0.02,0.9954484773710971,0.004258859152600714,0.2905650779495651,0.011034693307459875,0.0,0.29059817764126955,gated,0.005,0.85,0.35,1
0.0632455532033676,0.9826123558740544,0.00880886292842864,0.4906330278674447,0.001485111521708119,0.0,0.4907275906007197,gated,0.005,0.85,0.35,1
0.2,0.05301679406729254,0.23655186066178246,0.030999994238242994,0.3732591651736905,0.04600000000000004,0.03099999423824595,gated,0.005,0.85,0.35,1
0.02,0.0,0.29359534689808436,0.423,0.0038844925519776682,0.406,0.42300000000000104,gated,0.02,0.495,0.005,-1
0.0632455532033676,0.0,0.2841749585439827,0.487,0.0020612950663495932,0.457,0.48700000000000104,gated,0.02,0.495,0.005,-1
0.2,0.0,0.25266021889686685,0.4969735352222026,0.0015172589902303513,0.441,0.4969735342790629,gated,0.02,0.495,0.005,-1
0.02,0.0,0.2955103770206879,0.393,0.005430169040356773,0.402,0.393000000000001,gated,0.02,0.505,0.005,1
0.0632455532033676,0.0,0.2857253733506244,0.465,0.005555795368784555,0.44599999999999995,0.465000000000001,gated,0.02,0.505,0.005,1
0.2,0.0,0.25331822216154604,0.4820000000830338,0.009026925654614866,0.485,0.48200000008303484,gated,0.02,0.505,0.005,1
0.02,0.0,0.2969719047605378,0.404,0.004860139348199645,0.326,0.404000000000001,gated,0.02,0.49256410256410255,0.0074358974358974365,-1
0.0632455532033676,0.0,0.2851180614655214,0.466,0.0053966668367182915,0.468,0.466000000000001,gated,0.02,0.49256410256410255,0.0074358974358974365,-1
0.2,0.0,0.2523160115767526,0.48900013476036946,0.005515213563355458,0.486,0.4890001347603827,gated,0.02,0.49256410256410255,0.0074358974358974365,-1
0.02,0.0,0.2946308364228691,0.369,0.006690060728464247,0.389,0.36900000000000105,gated,0.02,0.5074358974358975,0.0074358974358974365,1
0.0632455532033676,0.0,0.2852701241194976,0.456,0.00698965843221731,0.46199999999999997,0.456000000000001,gated,0.02,0.5074358974358975,0.0074358974358974365,1
0.2,0.0,0.25245655539737205,0.47798443388364753,0.01104257601641061,0.498,0.4779844338030986,gated,0.02,0.5074358974358975,0.0074358974358974365,1
0.02,0.0,0.2941791652937187,0.322,0.009242268035527548,0.303,0.322000000000001,gated,0.02,0.49012820512820515,0.009871794871794872,-1
0.0632455532033676,0.0,0.28290759746084015,0.459,0.006511341211544465,0.443,0.459000000000001,gated,0.02,0.49012820512820515,0.009871794871794872,-1
0.2,0.0,0.25352997260933513,0.4700001571483998,0.015053893413953032,0.474,0.4700001571484332,gated,0.02,0.49012820512820515,0.009871794871794872,-1
0.02,0.0,0.29460693976398267,0.306,0.010144413211738916,0.28800000000000003,0.30600000000000105,gated,0.02,0.5098717948717949,0.009871794871794872,1
0.0632455532033676,0.0,0.28306265484693494,0.391,0.017500907034331256,0.41600000000000004,0.391000000000001,gated,0.02,0.5098717948717949,0.009871794871794872,1
0.2,0.0,0.251272445952694,0.47400114580787006,0.013043132296140134,0.44799999999999995,0.4740011458077087,gated,0.02,0.5098717948717949,0.009871794871794872,1
0.02,0.0,0.2954241528800463,0.274,0.012015195484986375,0.317,0.274000000000001,gated,0.02,0.4876923076923077,0.012307692307692308,-1
0.0632455532033676,0.0,0.2855435540722736,0.455,0.007149185036366873,0.423,0.455000000000001,gated,0.02,0.4876923076923077,0.012307692307692308,-1
0.2,0.0,0.25239471436477623,0.46199998717669966,0.019079280269346355,0.495,0.46199998717670165,gated,0.02,0.4876923076923077,0.012307692307692308,-1
0.02,0.0,0.29688380546040893,0.259,0.01292862832648815,0.272,0.259000000000001,gated,0.02,0.5123076923076924,0.012307692307692308,1
0.0632455532033676,0.0,0.2848828732160629,0.412,0.014066015121225265,0.43100000000000005,0.41200000000000103,gated,0.02,0.5123076923076924,0.012307692307692308,1
0.2,0.0,0.24948565950960344,0.4889999983142139,0.005515281993327552,0.498,0.48899999831421503,gated,0.02,0.5123076923076924,0.012307692307692308,1
0.02,0.0,0.2965036712133957,0.225,0.015108300527209387,0.241,0.225000000000001,gated,0.02,0.48525641025641025,0.014743589743589743,-1
0.0632455532033676,0.0,0.28793474691640186,0.399,0.0161868348859705,0.403,0.399000000000001,gated,0.02,0.48525641025641025,0.014743589743589743,-1
0.2,0.0,0.2531162298252257,0.47099987321736375,0.014551335363044614,0.472,0.47099987321736736,gated,0.02,0.48525641025641025,0.014743589743589743,-1
0.02,0.0,0.29320523166349854,0.233,0.01458005435610437,0.22699999999999998,0.23300000000000098,gated,0.02,0.5147435897435897,0.014743589743589743,1
0.0632455532033676,0.0,0.2818900504153237,0.398,0.016350700672030434,0.401,0.398000000000001,gated,0.02,0.5147435897435897,0.014743589743589743,1
0.2,0.0,0.2517759662286957,0.4650003094872099,0.017568811825505952,0.474,0.4650003094872155,gated,0.02,0.5147435897435897,0.014743589743589743,1
0.02,0.0,0.2924738587254249,0.229,0.014842883087908187,0.199,0.229000000000001,gated,0.02,0.4828205128205128,0.01717948717948718,-1
0.0632455532033676,0.0,0.28370098673196975,0.412,0.014066015121225265,0.383,0.41200000000000103,gated,0.02,0.4828205128205128,0.01717948717948718,-1
0.2,0.0,0.252102797519417,0.48671930559335497,0.006659183031695591,0.464,0.4867194168523677,gated,0.02,0.4828205128205128,0.01717948717948718,-1
0.02,0.0,0.29457558777983395,0.202,0.016689974696514804,0.18999999999999995,0.20200000000000098,gated,0.02,0.5171794871794871,0.01717948717948718,1
0.0632455532033676,0.0,0.28653257821725764,0.385,0.018491412054641426,0.382,0.385000000000001,gated,0.02,0.5171794871794871,0.01717948717948718,1
0.2,0.0,0.25048601829235806,0.4860001565041208,0.00701992184666508,0.481,0.4860001565040234,gated,0.02,0.5171794871794871,0.01717948717948718,1
0.02,0.0,0.29619371458786536,0.169,0.01916248930843805,0.159,0.16900000000000098,gated,0.02,0.4803846153846154,0.019615384615384618,-1
0.0632455532033676,0.0,0.28398137203566454,0.356,0.023348447048348868,0.369,0.35600000000000104,gated,0.02,0.4803846153846154,0.019615384615384618,-1
0.2,0.0,0.25459478441199834,0.4859999561206426,0.007020022365944342,0.444,0.4859999561206436,gated,0.02,0.4803846153846154,0.019615384615384618,-1
0.02,0.0,0.2959948158764889,0.148,0.020900993993167784,0.17500000000000004,0.148000000000001,gated,0.02,0.5196153846153846,0.019615384615384618,1
0.0632455532033676,0.0,0.2845219650456343,0.366,0.02165947068968989,0.35,0.36600000000000105,gated,0.02,0.5196153846153846,0.019615384615384618,1
0.2,0.0,0.25102011002353214,0.43900001469943817,0.030701004619069234,0.46299999999999997,0.43900001469943956,gated,0.02,0.5196153846153846,0.019615384615384618,1
0.02,0.0,0.293521924387616,0.126,0.022910101227853936,0.162,0.126000000000001,gated,0.02,0.47794871794871796,0.022051282051282053,-1
0.0632455532033676,0.0,0.2861087842444217,0.364,0.021995994131654404,0.355,0.36400000000000104,gated,0.02,0.47794871794871796,0.022051282051282053,-1
0.2,0.0,0.2511026712810853,0.4499877618105632,0.02513845333381022,0.436,0.44998776357784376,gated,0.02,0.47794871794871796,0.022051282051282053,-1
0.02,0.0,0.2933140413425144,0.141,0.021516747220808624,0.126,0.14100000000000099,gated,0.02,0.522051282051282,0.022051282051282053,1
0.0632455532033676,0.0,0.2839471456385645,0.346,0.02505424358413899,0.32499999999999996,0.34600000000000103,gated,0.02,0.522051282051282,0.022051282051282053,1
0.2,0.0,0.2523838565356491,0.44799984798571685,0.02614327048649965,0.43100000000000005,0.4479998479857236,gated,0.02,0.522051282051282,0.022051282051282053,1
0.02,0.0,0.29453123672446724,0.115,0.02400717716061718,0.113,0.11500000000000099,gated,0.02,0.4755128205128205,0.02448717948717949,-1
0.0632455532033676,0.0,0.28362785997812,0.357,0.023178818135148806,0.333,0.35700000000000104,gated,0.02,0.4755128205128205,0.02448717948717949,-1
0.2,0.0,0.25124438372432967,0.43200007538168983,0.03425687883708035,0.431,0.43200007538169094,gated,0.02,0.4755128205128205,0.02448717948717949,-1
0.02,0.0,0.29442227938784943,0.129,0.022622618016772674,0.11199999999999999,0.129000000000001,gated,0.02,0.5244871794871795,0.02448717948717949,1
0.0632455532033676,0.0,0.2846712830508765,0.345,0.02522580927451509,0.353,0.34500000000000103,gated,0.02,0.5244871794871795,0.02448717948717949,1
0.2,0.0,0.2529196827703137,0.4309990010771324,0.03476627090953282,0.44599999999999995,0.43099900107729144,gated,0.02,0.5244871794871795,0.02448717948717949,1
0.02,0.0,0.2953385555493307,0.094,0.026330374368365207,0.107,0.094000000000001,gated,0.02,0.47307692307692306,0.026923076923076925,-1
0.0632455532033676,0.0,0.28488034001132534,0.342,0.025741628029133528,0.341,0.342000000000001,gated,0.02,0.47307692307692306,0.026923076923076925,-1
0.2,0.0,0.25363100327053795,0.480000077285246,0.010030677899110349,0.45,0.4800000772852508,gated,0.02,0.47307692307692306,0.026923076923076925,-1
0.02,0.0,0.29112738172633484,0.098,0.025860639522884844,0.09399999999999997,0.09800000000000099,gated,0.02,0.5269230769230769,0.026923076923076925,1
0.0632455532033676,0.0,0.2868001221906329,0.348,0.0247116630597242,0.33199999999999996,0.34800000000000103,gated,0.02,0.5269230769230769,0.026923076923076925,1
0.2,0.0,0.25509428928749345,0.43099995852686834,0.034765783608385885,0.42800000000000005,0.43099995852687084,gated,0.02,0.5269230769230769,0.026923076923076925,1
0.02,0.00013799398065050816,0.29412022700824186,0.074,0.02893264134317957,0.075,0.074000000000001,gated,0.02,0.4706410256410256,0.02935897435897436,-1
0.0632455532033676,0.0,0.2855349343796533,0.326,0.028522827398297302,0.322,0.326000000000001,gated,0.02,0.4706410256410256,0.02935897435897436,-1
0.2,0.0,0.2521144699826465,0.43299971021621936,0.03374844088322534,0.441,0.4329997102162699,gated,0.02,0.4706410256410256,0.02935897435897436,-1
0.02,9.217289665919282e-05,0.29558060596986646,0.065,0.030282037752385672,0.07499999999999996,0.065000000000001,gated,0.02,0.5293589743589744,0.02935897435897436,1
0.0632455532033676,0.0,0.28435390522238174,0.36300000000000004,0.022164489076193332,0.32499999999999996,0.36300000000000116,gated,0.02,0.5293589743589744,0.02935897435897436,1
0.2,0.0,0.2513364973161393,0.4220000039739093,0.039355922012523206,0.43300000000000005,0.42200000397391196,gated,0.02,0.5293589743589744,0.02935897435897436,1
0.02,0.025598324366741032,0.29457629734035895,0.058,0.031435736330197195,0.052,0.058000000000001,gated,0.02,0.4682051282051282,0.031794871794871796,-1
0.0632455532033676,0.0,0.28230457360086403,0.333,0.027299578706885128,0.308,0.333000000000001,gated,0.02,0.4682051282051282,0.031794871794871796,-1
0.2,0.0,0.25085957335334436,0.434998644762865,0.032732385821926585,0.419,0.43499864476442296,gated,0.02,0.4682051282051282,0.031794871794871796,-1
0.02,0.016745905953942763,0.2941482115591787,0.063,0.030601351762756576,0.05300000000000005,0.063000000000001,gated,0.02,0.5317948717948718,0.031794871794871796,1
0.0632455532033676,0.0,0.28566960820961645,0.296,0.0338958234691481,0.29000000000000004,0.29600000000000104,gated,0.02,0.5317948717948718,0.031794871794871796,1
0.2,0.0,0.25193650974180387,0.43798315715950525,0.031216925755779657,0.43999999999999995,0.4379831572429057,gated,0.02,0.5317948717948718,0.031794871794871796,1
0.02,0.03205590392725044,0.2957480652896275,0.039,0.03524820595724779,0.054,0.039000000000001,gated,0.02,0.46576923076923077,0.03423076923076923,-1
0.0632455532033676,0.0,0.28439999704473556,0.278,0.03723855240969376,0.272,0.278000000000001,gated,0.02,0.46576923076923077,0.03423076923076923,-1
0.2,0.0,0.2521398726701242,0.45199888639971325,0.024122549175708025,0.454,0.451998886399594,gated,0.02,0.46576923076923077,0.03423076923076923,-1
0.02,0.0638628886931929,0.2932512298007115,0.04,0.0350137214250434,0.04700000000000004,0.040000000000001,gated,0.02,0.5342307692307693,0.03423076923076923,1
0.0632455532033676,0.0,0.2825294695300388,0.277,0.03742725681842477,0.29900000000000004,0.277000000000001,gated,0.02,0.5342307692307693,0.03423076923076923,1
0.2,0.0,0.2526729959364569,0.4252543922748783,0.03769385866111831,0.43100000000000005,0.4252545367064839,gated,0.02,0.5342307692307693,0.03423076923076923,1
0.02,0.3818501837944164,0.2934724635089398,0.031,0.037325914869162154,0.033,0.031000000000001,gated,0.02,0.4633333333333333,0.03666666666666667,-1
0.0632455532033676,0.0,0.2831901724552387,0.282,0.03648701596320631,0.277,0.282000000000001,gated,0.02,0.4633333333333333,0.03666666666666667,-1
0.2,0.0,0.253935916940647,0.415000130186324,0.042940246812867934,0.432,0.41500013018633014,gated,0.02,0.4633333333333333,0.03666666666666667,-1
0.02,0.5471147397716054,0.29336445706534475,0.037,0.0357322673098694,0.03300000000000003,0.037000000000001004,gated,0.02,0.5366666666666666,0.03666666666666667,1
0.0632455532033676,0.0,0.2836108905023169,0.299,0.033348038856994805,0.29900000000000004,0.29900000000000104,gated,0.02,0.5366666666666666,0.03666666666666667,1
0.2,0.0,0.2511337925275915,0.43613591845302374,0.03215469002571253,0.42300000000000004,0.43613604768458164,gated,0.02,0.5366666666666666,0.03666666666666667,1
0.02,0.9957339575062026,0.292419444888981,0.033,0.036768473384955536,0.015,0.033000000000001,gated,0.02,0.4608974358974359,0.0391025641025641,-1
0.0632455532033676,0.0,0.28605401355441057,0.271,0.03856659434779747,0.258,0.271000000000001,gated,0.02,0.4608974358974359,0.0391025641025641,-1
0.2,0.0,0.25114428912593034,0.4229998905406072,0.03884498143942949,0.425,0.42299989054061304,gated,0.02,0.4608974358974359,0.0391025641025641,-1
0.02,0.6018219215064229,0.2856385323096361,0.028,0.03822071295098236,0.031000000000000028,0.028000000000001,gated,0.02,0.5391025641025641,0.0391025641025641,1
0.0632455532033676,0.0,0.2839718285925529,0.274,0.03799538426472839,0.273,0.274000000000001,gated,0.02,0.5391025641025641,0.0391025641025641,1
0.2,0.0,0.25313949698375,0.4049999981723379,0.048085207171583794,0.43000000000000005,0.40499999817233934,gated,0.02,0.5391025641025641,0.0391025641025641,1
0.02,0.992528426363747,0.2890466561841246,0.024,0.03954736856363894,0.018,0.024000000000001,gated,0.02,0.4584615384615385,0.04153846153846154,-1
0.0632455532033676,0.0,0.283417584271565,0.271,0.03856659434779747,0.238,0.271000000000001,gated,0.02,0.4584615384615385,0.04153846153846154,-1
0.2,0.0,0.2537098228045571,0.41599999991060677,0.04242743970933979,0.405,0.4159999999106078,gated,0.02,0.4584615384615385,0.04153846153846154,-1
0.02,0.991825238978676,0.29351225840650896,0.025,0.039199279690801093,0.020000000000000018,0.025000000000000997,gated,0.02,0.5415384615384615,0.04153846153846154,1
0.0632455532033676,0.0,0.28388250708605445,0.266,0.03952568184423192,0.264,0.266000000000001,gated,0.02,0.5415384615384615,0.04153846153846154,1
0.2,0.0,0.2509182620696243,0.42399857351982284,0.03833490883858601,0.42400000000000004,0.42399857352174236,gated,0.02,0.5415384615384615,0.04153846153846154,1
0.0632455532033676,0.0,0.28283049584501735,0.233,0.046106180174349524,0.246,0.23300000000000098,gated,0.02,0.456025641025641,0.043974358974358974,-1
0.2,0.0,0.2527484210638056,0.4249999803886385,0.037823695263637505,0.439,0.42499998038863945,gated,0.02,0.456025641025641,0.043974358974358974,-1
0.0632455532033676,0.0,0.283174090352871,0.223,0.048199470311818725,0.242,0.223000000000001,gated,0.02,0.543974358974359,0.043974358974358974,1
0.2,0.0,0.2514138415391081,0.40999931178832594,0.04550934939504436,0.403,0.40999931179118393,gated,0.02,0.543974358974359,0.043974358974358974,1
0.0632455532033676,0.0,0.28077228887149674,0.22,0.0488377870112499,0.231,0.220000000000001,gated,0.02,0.4535897435897436,0.04641025641025641,-1
0.2,0.0,0.2503559481197529,0.39199994140319877,0.0548220537077079,0.414,0.39199994140319977,gated,0.02,0.4535897435897436,0.04641025641025641,-1
0.0632455532033676,0.0,0.2861817504358439,0.232,0.04631321366537489,0.242,0.23200000000000098,gated,0.02,0.5464102564102564,0.04641025641025641,1
0.2,0.0,0.252387368485531,0.4119992399525257,0.044481035957832565,0.40700000000000003,0.4119992399530256,gated,0.02,0.5464102564102564,0.04641025641025641,1
0.0632455532033676,0.0,0.28542108583799003,0.212,0.05056487943504408,0.217,0.212000000000001,gated,0.02,0.4511538461538461,0.048846153846153845,-1
0.2,0.0,0.24985852019037763,0.41599999997726,0.04242743967516441,0.399,0.41599999997726117,gated,0.02,0.4511538461538461,0.048846153846153845,-1
0.0632455532033676,0.0,0.28500700293419196,0.23600000000000002,0.04548801893642874,0.22499999999999998,0.23600000000000101,gated,0.02,0.5488461538461539,0.048846153846153845,1
0.2,0.0,0.2510900581414927,0.4019993679056266,0.04963507048737421,0.396,0.40199936790563867,gated,0.02,0.5488461538461539,0.048846153846153845,1
0.0632455532033676,0.0,0.28333846760625603,0.226,0.047566025979859455,0.197,0.226000000000001,gated,0.02,0.44871794871794873,0.05128205128205128,-1
0.2,0.0,0.25315569263790216,0.37199024681644366,0.06531734281555651,0.421,0.3719902470444118,gated,0.02,0.44871794871794873,0.05128205128205128,-1
0.0632455532033676,0.0,0.2836201795290455,0.2,0.05322880050501961,0.20399999999999996,0.20000000000000098,gated,0.02,0.5512820512820513,0.05128205128205128,1
0.2,0.0,0.24918964982075698,0.40256622854928614,0.049342054206847376,0.376,0.40256746799366955,gated,0.02,0.5512820512820513,0.05128205128205128,1
0.0632455532033676,0.0,0.2828526301087017,0.211,0.05078341465225033,0.199,0.211000000000001,gated,0.02,0.4462820512820513,0.053717948717948716,-1
0.2,0.0,0.25029049130830616,0.39799999154193194,0.05170545984760408,0.395,0.3979999915419329,gated,0.02,0.4462820512820513,0.053717948717948716,-1
0.0632455532033676,0.0,0.2823012062517745,0.211,0.05078341465225033,0.21899999999999997,0.211000000000001,gated,0.02,0.5537179487179487,0.053717948717948716,1
0.2,0.0,0.25283702184138,0.4009999769453332,0.050151926303634346,0.383,0.400999976945334,gated,0.02,0.5537179487179487,0.053717948717948716,1
0.0632455532033676,0.0,0.28233848763939434,0.185,0.05669795383838512,0.2,0.185000000000001,gated,0.02,0.44384615384615383,0.05615384615384615,-1
0.2,0.0,0.25408493802830456,0.4230000007448028,0.03884492513927837,0.41,0.42300000074480393,gated,0.02,0.44384615384615383,0.05615384615384615,-1
0.0632455532033676,0.0,0.2836981670257989,0.193,0.05482720113769385,0.18999999999999995,0.193000000000001,gated,0.02,0.5561538461538461,0.05615384615384615,1
0.2,0.0,0.251982398064442,0.375000066781155,0.06372783757030595,0.385,0.3750000667812591,gated,0.02,0.5561538461538461,0.05615384615384615,1
0.0632455532033676,0.0,0.28479916678442213,0.157,0.0636796883133223,0.21,0.157000000000001,gated,0.02,0.44141025641025644,0.05858974358974359,-1
0.2,0.0,0.2536957196470395,0.3830000206971654,0.05952220960083481,0.4,0.3830000206971663,gated,0.02,0.44141025641025644,0.05858974358974359,-1
0.0632455532033676,0.0,0.28477969750458837,0.176,0.05886370830920534,0.17600000000000005,0.176000000000001,gated,0.02,0.5585897435897436,0.05858974358974359,1
0.2,0.0,0.24942889818706326,0.3880003812705385,0.056906909497488,0.406,0.38800038127054504,gated,0.02,0.5585897435897436,0.05858974358974359,1
0.0632455532033676,0.0,0.27913886772235313,0.168,0.06084846792750729,0.177,0.16800000000000098,gated,0.02,0.438974358974359,0.06102564102564102,-1
0.2,0.0,0.25123598226763816,0.3650001747969708,0.06902501328646843,0.385,0.36500017479697394,gated,0.02,0.438974358974359,0.06102564102564102,-1
0.0632455532033676,0.0,0.28241389801763034,0.17,0.06034670928266234,0.17900000000000005,0.17000000000000098,gated,0.02,0.561025641025641,0.06102564102564102,1
0.2,0.0,0.25304071945906204,0.38199997546650205,0.0600464647424224,0.358,0.38199997546650327,gated,0.02,0.561025641025641,0.06102564102564102,1
0.0632455532033676,0.0,0.28042526247169475,0.141,0.06804192905585318,0.184,0.14100000000000099,gated,0.02,0.43653846153846154,0.06346153846153847,-1
0.2,0.0,0.24821815031023514,0.3629953616646356,0.07009274124523389,0.391,0.3629953616958682,gated,0.02,0.43653846153846154,0.06346153846153847,-1
0.0632455532033676,0.0,0.2828601764590275,0.164,0.06186365597070238,0.17200000000000004,0.164000000000001,gated,0.02,0.5634615384615385,0.06346153846153847,1
0.2,0.0,0.2516209717540404,0.36399987758895525,0.0695575060494522,0.365,0.3639998775889896,gated,0.02,0.5634615384615385,0.06346153846153847,1
0.0632455532033676,0.0,0.28189299391784495,0.136,0.06947324292082395,0.145,0.13600000000000098,gated,0.02,0.4341025641025641,0.06589743589743591,-1
0.2,0.0,0.2526815244389081,0.3559992202359775,0.07383469098354481,0.357,0.35599922023608316,gated,0.02,0.4341025641025641,0.06589743589743591,-1
0.0632455532033676,0.0,0.2833807012607125,0.137,0.06918414321310365,0.16300000000000003,0.13700000000000098,gated,0.02,0.5658974358974359,0.06589743589743591,1
0.2,0.0,0.2522298749178936,0.3579987061316914,0.07276266483487791,0.368,0.3579987061321597,gated,0.02,0.5658974358974359,0.06589743589743591,1
0.0632455532033676,0.0,0.28375322976032913,0.128,0.07184038488934145,0.151,0.128000000000001,gated,0.02,0.43166666666666664,0.06833333333333334,-1
0.2,0.0,0.2517226456532094,0.3800424955743623,0.06107383628884805,0.374,0.3800425012101434,gated,0.02,0.43166666666666664,0.06833333333333334,-1
0.0632455532033676,0.0,0.2837674346403372,0.136,0.06947324292082395,0.15900000000000003,0.13600000000000098,gated,0.02,0.5683333333333334,0.06833333333333334,1
0.2,0.0,0.24978045375555116,0.39094783991052123,0.05536989758774385,0.362,0.39094784147770656,gated,0.02,0.5683333333333334,0.06833333333333334,1
0.0632455532033676,0.0,0.27519551825820654,0.149,0.06582166389602419,0.122,0.149000000000001,gated,0.02,0.4292307692307692,0.07076923076923078,-1
0.2,0.0,0.25101584322495524,0.3669999877339695,0.0679619047173881,0.356,0.36699998773397186,gated,0.02,0.4292307692307692,0.07076923076923078,-1
0.0632455532033676,0.0,0.2787479956121624,0.152,0.06500968328931694,0.12,0.152000000000001,gated,0.02,0.5707692307692308,0.07076923076923078,1
0.2,0.0,0.25109624092782734,0.3689999866417064,0.06690061436683968,0.354,0.36899998664170724,gated,0.02,0.5707692307692308,0.07076923076923078,1
0.0632455532033676,0.0,0.2795040491910948,0.1,0.08105243772151006,0.109,0.10000000000000099,gated,0.02,0.4267948717948718,0.07320512820512821,-1
0.2,0.0,0.25231713588168087,0.36299940444422246,0.07009058613126228,0.367,0.3629994044442761,gated,0.02,0.4267948717948718,0.07320512820512821,-1
0.0632455532033676,0.0,0.2843361696508101,0.126,0.07244810130503866,0.14400000000000002,0.126000000000001,gated,0.02,0.5732051282051283,0.07320512820512821,1
0.2,0.0,0.2488988768968202,0.347994044850939,0.07814836233260149,0.368,0.3479940448537432,gated,0.02,0.5732051282051283,0.07320512820512821,1
0.02,0.9979277341216479,0.02080102958646468,0.5171605173818636,-0.0008605662349655569,0.0,0.4830405425388695,gated,0.02,0.42435897435897435,0.07564102564102565,-1
0.0632455532033676,0.0,0.2829546439066281,0.118,0.07494877143993176,0.117,0.11800000000000099,gated,0.02,0.42435897435897435,0.07564102564102565,-1
0.2,0.0,0.25493432447918535,0.3530005903574731,0.07544640556542115,0.379,0.3530005903574839,gated,0.02,0.42435897435897435,0.07564102564102565,-1
0.0632455532033676,0.0,0.2827147213133739,0.103,0.07998292822862008,0.11199999999999999,0.103000000000001,gated,0.02,0.5756410256410256,0.07564102564102565,1
0.2,0.0,0.2494542406319406,0.365999992261658,0.06849326440680606,0.32899999999999996,0.3659999922616593,gated,0.02,0.5756410256410256,0.07564102564102565,1
0.02,0.8926509937191333,0.010771495826964017,0.2667348032736104,0.012454367469944548,0.0,0.26680914198954625,gated,0.02,0.4219230769230769,0.07807692307692309,-1
0.0632455532033676,0.0,0.28127500542154493,0.098,0.08177852264088621,0.113,0.09800000000000099,gated,0.02,0.4219230769230769,0.07807692307692309,-1
0.2,0.0,0.2525276622959354,0.34499994499692355,0.07977104298585948,0.32,0.3449999449969248,gated,0.02,0.4219230769230769,0.07807692307692309,-1
0.0632455532033676,0.0,0.2796271083582627,0.102,0.08033688112798505,0.10299999999999998,0.10200000000000099,gated,0.02,0.578076923076923,0.07807692307692309,1
0.2,0.0,0.24940719843426545,0.34799998346052224,0.07814514898875198,0.36,0.34799998346052313,gated,0.02,0.578076923076923,0.07807692307692309,1
0.0632455532033676,0.0,0.281219899457211,0.109,0.07790990173009611,0.1,0.109000000000001,gated,0.02,0.4194871794871795,0.08051282051282052,-1
0.2,0.0,0.24922300899537503,0.36999982019921734,0.06637076452864668,0.348,0.36999982019921884,gated,0.02,0.4194871794871795,0.08051282051282052,-1
0.0632455532033676,0.0,0.2821178965108254,0.119,0.0746297869545648,0.09499999999999997,0.119000000000001,gated,0.02,0.5805128205128205,0.08051282051282052,1
0.2,0.0,0.2529572115987189,0.3580000185857633,0.07276196185093563,0.368,0.35800001858576447,gated,0.02,0.5805128205128205,0.08051282051282052,1
0.0632455532033676,0.0,0.2802316161156167,0.077,0.09015932124091512,0.091,0.077000000000001,gated,0.02,0.41705128205128206,0.08294871794871796,-1
0.2,0.0,0.2517660352690795,0.3469998990014166,0.07868657352974567,0.352,0.3469998990014722,gated,0.02,0.41705128205128206,0.08294871794871796,-1
0.0632455532033676,1.8651786110046586e-06,0.28058506354957413,0.087,0.08597997339334662,0.09299999999999997,0.087000000000001,gated,0.02,0.5829487179487179,0.08294871794871796,1
0.2,0.0,0.2505311779889078,0.335000041702522,0.08522957867452126,0.33999999999999997,0.335000041702523,gated,0.02,0.5829487179487179,0.08294871794871796,1
0.0632455532033676,4.160093978078372e-06,0.2844335090702196,0.091,0.08440892483989718,0.096,0.091000000000001,gated,0.02,0.4146153846153846,0.08538461538461539,-1
0.2,0.0,0.24965939838037923,0.31999753905413725,0.09354113615090619,0.332,0.31999753905442074,gated,0.02,0.4146153846153846,0.08538461538461539,-1
0.02,0.9840982959717633,0.008455247531446664,0.5465235074056948,-0.0023376545650222623,0.0,0.4537453169845191,gated,0.02,0.5853846153846154,0.08538461538461539,1
0.0632455532033676,0.0,0.2830273341008695,0.083,0.08760594464305708,0.10199999999999998,0.08300000000000099,gated,0.02,0.5853846153846154,0.08538461538461539,1
0.2,0.0,0.2505504485410886,0.31800007506625183,0.09465972299365219,0.351,0.318000075066253,gated,0.02,0.5853846153846154,0.08538461538461539,1
0.0632455532033676,0.00010909853611851261,0.28150130629538683,0.089,0.08518787853932856,0.081,0.089000000000001,gated,0.02,0.41217948717948716,0.08782051282051283,-1
0.2,0.0,0.24942063058665342,0.33800031333921005,0.08358536291357625,0.304,0.3380003133392141,gated,0.02,0.41217948717948716,0.08782051282051283,-1
0.0632455532033676,6.891123117325204e-05,0.27973577470239824,0.085,0.08678578900789259,0.07899999999999996,0.08500000000000099,gated,0.02,0.5878205128205128,0.08782051282051283,1
0.2,0.0,0.25170332123277,0.3170000988014185,0.09522082522189436,0.32799999999999996,0.31700009880142244,gated,0.02,0.5878205128205128,0.08782051282051283,1
0.0632455532033676,3.03989656288417e-05,0.28074160967422845,0.081,0.0884411029689934,0.082,0.08100000000000099,gated,0.02,0.4097435897435897,0.09025641025641026,-1
0.2,0.0,0.2518587633369864,0.3209999314304205,0.09298089580068399,0.331,0.3209999314304221,gated,0.02,0.4097435897435897,0.09025641025641026,-1
0.0632455532033676,1.2120447738239726e-05,0.27935715788834176,0.089,0.08518787853932856,0.08599999999999997,0.089000000000001,gated,0.02,0.5902564102564103,0.09025641025641026,1
0.2,0.0,0.2475055688192997,0.3359999832541131,0.08468095366124087,0.34099999999999997,0.3359999832541159,gated,0.02,0.5902564102564103,0.09025641025641026,1
0.0632455532033676,0.0007321598062397516,0.28001669689111314,0.082,0.08802160524526616,0.069,0.08200000000000099,gated,0.02,0.4073076923076923,0.0926923076923077,-1
0.2,0.0,0.2538290325840406,0.31599999568632486,0.09578274924778711,0.336,0.3159999956863261,gated,0.02,0.4073076923076923,0.0926923076923077,-1
0.0632455532033676,0.00033764406273273373,0.28131639719267876,0.074,0.09149304536920082,0.07399999999999995,0.074000000000001,gated,0.02,0.5926923076923077,0.0926923076923077,1
0.2,0.0,0.25114756435633445,0.310000000360143,0.0991700692653242,0.30700000000000005,0.31000000036014413,gated,0.02,0.5926923076923077,0.0926923076923077,1
0.0632455532033676,0.0184701749778603,0.2827449576515371,0.065,0.09576021148874471,0.055,0.065000000000001,gated,0.02,0.40487179487179487,0.09512820512820513,-1
0.2,0.0,0.24997003519492034,0.2899999881421045,0.11067695083941667,0.32,0.2899999881421054,gated,0.02,0.40487179487179487,0.09512820512820513,-1
0.0632455532033676,0.0005075114859048879,0.2802885186948615,0.066,0.09526435595779037,0.06899999999999995,0.06600000000000099,gated,0.02,0.5951282051282052,0.09512820512820513,1
0.2,0.0,0.250752280812329,0.30100000128604804,0.10430531362713596,0.34199999999999997,0.30100000128604903,gated,0.02,0.5951282051282052,0.09512820512820513,1
0.0632455532033676,0.00019061074869308747,0.2766201768797848,0.077,0.09015932124091512,0.075,0.077000000000001,gated,0.02,0.4024358974358974,0.09756410256410257,-1
0.2,0.0,0.24957779519796344,0.31499999265291556,0.09634537405338213,0.327,0.3149999926529167,gated,0.02,0.4024358974358974,0.09756410256410257,-1
0.0632455532033676,0.01760930787541115,0.2778205152062041,0.063,0.09676997105031938,0.061000000000000054,0.063000000000001,gated,0.02,0.5975641025641025,0.09756410256410257,1
0.2,0.0,0.25080774364852876,0.3050879738743522,0.10196446383095702,0.33499999999999996,0.30508799026638583,gated,0.02,0.5975641025641025,0.09756410256410257,1
0.0632455532033676,0.13536176502088626,0.27910545463684716,0.053,0.10223241250921357,0.046,0.053000000000001005,gated,0.02,0.4,0.1,-1
0.2,0.0,0.252196981890555,0.3279999939750294,0.08908850459384444,0.319,0.3279999939750306,gated,0.02,0.4,0.1,-1
0.0632455532033676,0.0016209936290892957,0.27812477424005794,0.058,0.09940852672792612,0.061000000000000054,0.058000000000001,gated,0.02,0.6,0.1,1
0.2,0.0,0.24725573036827794,0.2840020468079693,0.11419868682251971,0.30600000000000005,0.2840020468094235,gated,0.02,0.6,0.1,1
0.0632455532033676,0.3037887908403186,0.2778704066766751,0.04,0.11072310906177371,0.043,0.040000000000001,gated,0.02,0.39,0.11,-1
0.2,0.0,0.2508007183062432,0.2869988457166923,0.1124347361851305,0.292,0.2869988457167342,gated,0.02,0.39,0.11,-1
0.0632455532033676,0.06801790591229506,0.2795305480791207,0.039,0.1114646142596187,0.04700000000000004,0.039000000000001,gated,0.02,0.61,0.11,1
0.2,0.0,0.2502345029159889,0.313000505799719,0.09747262754788118,0.28,0.3130005058006449,gated,0.02,0.61,0.11,1
0.0632455532033676,0.8710832558577293,0.2838810748756033,0.027,0.1218638450085572,0.026,0.027000000000001,gated,0.02,0.38,0.12,-1
0.2,0.0,0.24982705839354896,0.2619999968493786,0.1274383368358942,0.287,0.2619999968493795,gated,0.02,0.38,0.12,-1
0.0632455532033676,0.9585894306466145,0.28625265558938906,0.033,0.11627212198374055,0.026000000000000023,0.033000000000001,gated,0.02,0.62,0.12,1
0.2,0.0,0.2494104622701663,0.2530024679373116,0.13301424574568504,0.28600000000000003,0.25300246896796125,gated,0.02,0.62,0.12,1
0.0632455532033676,0.9274366068546493,0.27861200505208217,0.024,0.12505976012724068,0.026,0.024000000000001,gated,0.02,0.37,0.13,-1
0.2,0.0,0.25002264603311575,0.2599999977673633,0.12866908245520245,0.251,0.2599999977673643,gated,0.02,0.37,0.13,-1
0.0632455532033676,0.9924046194478056,0.27523163864418043,0.026,0.12289456903677473,0.019000000000000017,0.026000000000000998,gated,0.02,0.63,0.13,1
0.2,0.0,0.24956230877531177,0.23600000097779997,0.14384574545309545,0.275,0.23600000097780174,gated,0.02,0.63,0.13,1
0.2,0.0,0.24700474068099315,0.24599998379917426,0.13742626764359023,0.258,0.2459999837991754,gated,0.02,0.36,0.14,-1
0.2,0.0,0.24796178975836466,0.25199998691906006,0.1336418681432959,0.256,0.2519999869190612,gated,0.02,0.64,0.14,1
0.02,0.9832701966421221,0.019423572937731254,0.4913903812540399,0.00043165578539247087,0.0,0.4914626908847815,gated,0.02,0.35,0.15,-1
0.2,0.0,0.24643871682837018,0.22899965239291198,0.14842906039280054,0.215,0.22899965239294612,gated,0.02,0.35,0.15,-1
0.2,0.0,0.24700316640890352,0.22600000304993642,0.15041697931031306,0.21999999999999997,0.22600000304993756,gated,0.02,0.65,0.15,1
0.2,0.0,0.24830321158222685,0.21399834798389095,0.15852487739327714,0.216,0.21399834798513498,gated,0.02,0.33999999999999997,0.16,-1
0.2,0.0,0.25015061698458585,0.23296450672912034,0.14582375414851934,0.20399999999999996,0.23296450751922362,gated,0.02,0.66,0.16,1
0.02,0.9018648319226614,0.0203254404887696,0.5043235417042665,-0.0002167544807696504,0.0,0.4956590796133212,gated,0.02,0.33,0.16999999999999998,-1
0.2,0.0,0.2500510252902917,0.20800407367064794,0.16267323471856732,0.18,0.20800407367726936,gated,0.02,0.33,0.16999999999999998,-1
0.2,0.0,0.24884445323877097,0.1809998774201534,0.1823122401191653,0.18600000000000005,0.18099987742015455,gated,0.02,0.6699999999999999,0.16999999999999998,1
0.2,0.0,0.24755226278920867,0.17099997493726998,0.1900442080421919,0.187,0.1709999749372711,gated,0.02,0.32,0.18,-1
0.2,0.0,0.24409556100175334,0.19202144528479984,0.1740942622858519,0.20099999999999996,0.19202144580678562,gated,0.02,0.6799999999999999,0.18,1
0.2,0.0,0.2469460080578439,0.1879999370543202,0.17705813646117818,0.156,0.18799993705432866,gated,0.02,0.31,0.19,-1
0.2,0.0,0.2473971939038062,0.18499999699795838,0.1792946750496977,0.16600000000000004,0.18499999699795946,gated,0.02,0.69,0.19,1
0.2,0.0,0.24848747569158774,0.15599998685859726,0.20220687661152792,0.152,0.15599998685860542,gated,0.02,0.3,0.2,-1
0.2,0.0,0.2452069379188812,0.15700000057588773,0.2013728552804168,0.17100000000000004,0.15700000057588878,gated,0.02,0.7,0.2,1
0.0632455532033676,0.8906208357874692,0.02434469054665559,0.5036110477173771,-0.000572478377019827,0.002,0.49638936198012173,gated,0.02,0.29,0.21000000000000002,-1
0.2,0.0,0.2440070974021507,0.13199999282936803,0.22339735228347798,0.156,0.13199999282936903,gated,0.02,0.29,0.21000000000000002,-1
0.0632455532033676,0.7548575262565295,0.01973779813925211,0.4956830785369364,0.0006843882634279665,0.0,0.49568425847293235,gated,0.02,0.71,0.21000000000000002,1
0.2,0.0,0.24360384865645837,0.15308732863495522,0.20465634693324974,0.14700000000000002,0.153087365449329,gated,0.02,0.71,0.21000000000000002,1
0.0632455532033676,0.9918409858530071,0.004745196235182783,0.40067466416247827,0.01591265729881496,0.004,0.40067806648080445,gated,0.02,0.28,0.22,-1
0.2,0.0,0.24468550805715922,0.14900103523221203,0.20814548531613225,0.16,0.14900103523285724,gated,0.02,0.28,0.22,-1
0.2,0.0,0.2440890841933234,0.13999999131389723,0.21606387596803334,0.134,0.13999999131389818,gated,0.02,0.72,0.22,1
0.0632455532033676,0.9961383913052404,0.032598171418961035,0.023134051556857202,0.1260445434009281,0.0,0.023172899002451473,gated,0.02,0.27,0.22999999999999998,-1
0.2,0.0,0.24147346690749058,0.12700000424226152,0.22813749119125976,0.124,0.1270000042422641,gated,0.02,0.27,0.22999999999999998,-1
0.0632455532033676,0.9910242824552865,0.02435372951524345,0.4581232364748023,0.006651091844650607,0.0010000000000000009,0.4583288092636064,gated,0.02,0.73,0.22999999999999998,1
0.2,0.0,0.24214796777982703,0.12600000010848172,0.22910101217372675,0.129,0.1260000001084832,gated,0.02,0.73,0.22999999999999998,1
0.0632455532033676,0.9984409092415999,0.020287411464271408,0.5135055008133218,-0.002141477925580255,0.0,0.48657100343801357,gated,0.02,0.26,0.24,-1
0.2,0.0,0.24726268183558744,0.111999888852485,0.24319220064526711,0.126,0.1119998888524865,gated,0.02,0.26,0.24,-1
0.0632455532033676,0.9715585338775404,0.026120979291690938,0.6013624384131749,-0.016246213529841503,0.0,0.3987031375705887,gated,0.02,0.74,0.24,1
0.2,0.0002579043494650435,0.24349889612547665,0.12199923019679286,0.23301014521121202,0.09999999999999998,0.12199923019689561,gated,0.02,0.74,0.24,1
0.0632455532033676,0.9950961575425848,0.009798109988605145,0.39610781304630743,0.01666106693447334,0.0,0.39624974425964127,gated,0.02,0.25,0.25,-1
0.2,5.254610834559692e-06,0.24204767376095138,0.12399999839800137,0.2310441708876006,0.116,0.12399999839800244,gated,0.02,0.25,0.25,-1
0.0632455532033676,0.9966776135008094,0.01923226120981178,0.3112012452630425,0.031145162577464837,0.0,0.31121258825288456,gated,0.02,0.75,0.25,1
0.2,1.983032764618642e-05,0.24167822798791222,0.1159999779110158,0.23904457890802827,0.10499999999999998,0.11599997791101761,gated,0.02,0.75,0.25,1
0.0632455532033676,0.8027208379143975,0.0037261431684213198,0.48030768542752184,0.0031231523634470595,0.0,0.48036915099373845,gated,0.02,0.24,0.26,-1
0.2,3.555206603111927e-05,0.24450524153129563,0.10399971662459206,0.2518171099370549,0.094,0.10399971662459623,gated,0.02,0.24,0.26,-1
0.0632455532033676,0.8720047312975754,0.01254555860222406,0.10810726021747843,0.07821304390118676,0.0,0.108205931702596,gated,0.02,0.76,0.26,1
0.2,0.0009931262639042426,0.23998777463352267,0.10800112201730878,0.2474457105831602,0.08799999999999997,0.10800112201966071,gated,0.02,0.76,0.26,1
0.0632455532033676,0.8458475936215614,0.021904127026699194,0.43629512766795187,0.01014263837570356,0.0,0.43656099218690425,gated,0.02,0.22999999999999998,0.27,-1
0.2,0.0004923361690114536,0.24294592194418066,0.09100011830338517,0.2669243128282844,0.082,0.09100011830341263,gated,0.02,0.22999999999999998,0.27,-1
0.0632455532033676,0.7015684314388166,0.0067337071180816055,0.2720123843185427,0.038373483407380074,0.0,0.2721509998357232,gated,0.02,0.77,0.27,1
0.2,2.0798214699579987e-05,0.24572868366965056,0.09814712868458188,0.25843632280430384,0.09099999999999997,0.09814748173666869,gated,0.02,0.77,0.27,1
0.0632455532033676,0.7054037189293403,0.02199132946216741,0.31317983348795225,0.030791540852875447,0.0,0.3132489662341462,gated,0.02,0.21999999999999997,0.28,-1
0.2,0.004126550018705211,0.24280107692678668,0.07599999593871402,0.286500549845623,0.073,0.07599999593871505,gated,0.02,0.21999999999999997,0.28,-1
0.0632455532033676,0.9265485787421541,0.010195000036162971,0.45436361161061906,0.007250729539356626,0.0,0.4544439215186409,gated,0.02,0.78,0.28,1
0.2,0.005445679102727308,0.2420794782491456,0.08700000018211952,0.2718925488536162,0.07499999999999996,0.08700000018212052,gated,0.02,0.78,0.28,1
0.0632455532033676,0.9807898191013199,0.01785514138818574,0.4456855594102715,0.008637410955623709,0.0,0.4456996687586707,gated,0.02,0.21000000000000002,0.29,-1
0.2,0.005632835494818078,0.2395811612459509,0.07499938243038494,0.28790716673858896,0.08,0.07499938243077055,gated,0.02,0.21000000000000002,0.29,-1
0.0632455532033676,0.989186885074267,0.0010027526595556835,0.29048470642085067,0.034909601345203475,0.0,0.29070542030346924,gated,0.02,0.79,0.29,1
0.2,0.05111513633595577,0.23352805934647416,0.0819974631865153,0.2783521056650852,0.062000000000000055,0.08199746318963873,gated,0.02,0.79,0.29,1
0.0632455532033676,0.9902824587682928,0.002441908952428469,0.45908598536031137,0.00649763740455494,0.0,0.45911236572900344,gated,0.02,0.2,0.3,-1
0.2,0.002646578958636181,0.23963160078049772,0.05399999862316093,0.32144958089162823,0.08,0.05399999862316195,gated,0.02,0.2,0.3,-1
0.0632455532033676,0.8738443853305156,0.009519873705778253,0.3620757717452966,0.022320356849136205,0.0,0.3620861556697382,gated,0.02,0.8,0.3,1
0.2,0.21035568749464462,0.23990846581966635,0.07099999818276567,0.2936767623266543,0.05700000000000005,0.07099999818276667,gated,0.02,0.8,0.3,1
0.0632455532033676,0.18851793767894398,0.009880875011604867,0.33207287983849404,0.027460997388710648,0.0,0.3320935463401382,gated,0.02,0.19,0.31,-1
0.2,0.031588949473539185,0.24049501658165054,0.065001255020045,0.3028183979196383,0.067,0.0650012550224753,gated,0.02,0.19,0.31,-1
0.0632455532033676,0.9947534498894927,0.022948681150218586,0.4892826788975643,0.001699254468293029,0.0,0.48941155810384934,gated,0.02,0.81,0.31,1
0.2,0.08985131309497896,0.24117163113450074,0.06400009263151657,0.3044071004633973,0.05900000000000005,0.06400009263152216,gated,0.02,0.81,0.31,1
0.0632455532033676,0.9286685882667142,0.009647733113748558,0.4655765985312739,0.00546403786241026,0.0,0.46559858672154836,gated,0.02,0.18,0.32,-1
0.2,0.1496622876254533,0.23826349303350605,0.04499997052680919,0.33907960424283723,0.055,0.044999970526810235,gated,0.02,0.18,0.32,-1
0.0632455532033676,0.8859714510663985,0.029912693678654262,0.2549749319486355,0.041673491860162636,0.0,0.25601927129858587,gated,0.02,0.8200000000000001,0.32,1
0.2,0.30710436330663526,0.23577413002596254,0.04898215584559936,0.3309607513628561,0.050000000000000044,0.048982156082582086,gated,0.02,0.8200000000000001,0.32,1
0.0632455532033676,0.9488911859803767,0.029793610958738594,0.3577694551162368,0.023048409776875417,0.0,0.35842794776381254,gated,0.02,0.16999999999999998,0.33,-1
0.2,0.02091934409735785,0.2326960530327914,0.05398820316920003,0.3214710996319687,0.068,0.053988203912561365,gated,0.02,0.16999999999999998,0.33,-1
0.0632455532033676,0.9958908662386505,0.018101201146867474,0.5158618505102384,-0.0025152911084910293,0.0,0.4841628172968605,gated,0.02,0.8300000000000001,0.33,1
0.2,0.36313519737784694,0.23029997922455264,0.052003449012795966,0.3251461946858886,0.04700000000000004,0.05200344903171783,gated,0.02,0.8300000000000001,0.33,1
0.0632455532033676,0.991254302291165,0.009469257408543479,0.4326534890179283,0.01072787274751964,0.0,0.43266454653536707,gated,0.02,0.15999999999999998,0.34,-1
0.2,0.12476662784815507,0.24037646523913675,0.04599988041424515,0.3369884014799977,0.054,0.04599988041424659,gated,0.02,0.15999999999999998,0.34,-1
0.0632455532033676,0.8496862057209145,0.022485157956631252,0.3946537211752578,0.01689984712761613,0.0,0.39470705473304385,gated,0.02,0.8400000000000001,0.34,1
0.2,0.8117664006482731,0.2356415981696906,0.037951389518259264,0.3549940748261605,0.03500000000000003,0.03795139430828935,gated,0.02,0.8400000000000001,0.34,1
0.02,0.6398253838973809,0.01872907668340757,0.4781645849247024,0.0010952125039101366,0.0,0.4782364742899161,gated,0.02,0.15000000000000002,0.35,-1
0.0632455532033676,0.9905948981251378,0.005924870171056123,0.27722467567756676,0.03738483055763275,0.0,0.2777381653077557,gated,0.02,0.15000000000000002,0.35,-1
0.2,0.9852083813675241,0.23351838410146894,0.04600192713560087,0.33698415862366127,0.035,0.04600192714749025,gated,0.02,0.15000000000000002,0.35,-1
0.0632455532033676,0.9979485919852166,0.023165901946769873,0.5718451536561763,-0.011452109148433061,0.0,0.4282940053305998,gated,0.02,0.85,0.35,1
0.2,0.2158434625537874,0.23940425928764852,0.03699999529549596,0.3573226847336579,0.05300000000000005,0.03699999529549922,gated,0.02,0.85,0.35,1
0.02,0.0,0.3020236492413153,0.37588220322082283,0.006326274186204183,0.397,0.37588243010112304,gated,0.05,0.495,0.005,-1
0.0632455532033676,0.0,0.27885952507205036,0.46486816173261686,0.005576777201320551,0.495,0.4648686932459599,gated,0.05,0.495,0.005,-1
0.2,0.0,0.25055616392790797,0.45536712094741055,0.022422491033063145,0.496,0.45537291512944716,gated,0.05,0.495,0.005,-1
0.02,0.0,0.2914269058869333,0.42197328402689055,0.003936957937584349,0.41600000000000004,0.4219753680027576,gated,0.05,0.505,0.005,1
0.0632455532033676,0.0,0.28248044254765503,0.48397641627377036,0.002540951668129593,0.45599999999999996,0.48397732055360443,gated,0.05,0.505,0.005,1
0.2,0.0,0.2543043357125229,0.49611631591212196,0.0019470212223883796,0.484,0.49611312364648197,gated,0.05,0.505,0.005,1
0.02,0.0,0.29450960577415464,0.36486350417763364,0.006909773884169911,0.349,0.3648638996984771,gated,0.05,0.49256410256410255,0.0074358974358974365,-1
0.0632455532033676,0.0,0.28902160181953146,0.44903191369099565,0.008102235575774202,0.473,0.44903247068369834,gated,0.05,0.49256410256410255,0.0074358974358974365,-1
0.2,0.0,0.2470503542343278,0.4867730062522779,0.006632246647029981,0.493,0.48677616012301556,gated,0.05,0.49256410256410255,0.0074358974358974365,-1
0.02,0.0,0.2959863023962316,0.3556161359734621,0.007404032337505885,0.33499999999999996,0.35561653821982875,gated,0.05,0.5074358974358975,0.0074358974358974365,1
0.0632455532033676,0.0,0.2856977291615901,0.44870966317477984,0.008153746575668927,0.45299999999999996,0.4487098956582207,gated,0.05,0.5074358974358975,0.0074358974358974365,1
0.2,0.0,0.25210026808588093,0.47394904853209174,0.013069305708268197,0.491,0.4739551373761643,gated,0.05,0.5074358974358975,0.0074358974358974365,1
0.02,0.0,0.30010404833978066,0.30942346131783777,0.009949704409962613,0.305,0.30942376934585486,gated,0.05,0.49012820512820515,0.009871794871794872,-1
0.0632455532033676,0.0,0.28378845990877855,0.4212150218208961,0.012572338961895354,0.435,0.4212170154435585,gated,0.05,0.49012820512820515,0.009871794871794872,-1
0.2,0.0,0.24851244227497862,0.4911864416957377,0.004418822370652322,0.465,0.49117950133459337,gated,0.05,0.49012820512820515,0.009871794871794872,-1
0.02,0.0,0.29898392394126666,0.3301841202025293,0.008788096240390727,0.31399999999999995,0.33018488856377115,gated,0.05,0.5098717948717949,0.009871794871794872,1
0.0632455532033676,0.0,0.279478343941979,0.4307902937697891,0.011027652445785801,0.42600000000000005,0.43079223818435725,gated,0.05,0.5098717948717949,0.009871794871794872,1
0.2,0.0,0.2520450638764853,0.45875833128474597,0.020712471191489692,0.491,0.4587661656113107,gated,0.05,0.5098717948717949,0.009871794871794872,1
0.02,0.0,0.2917364563862311,0.27623635326931245,0.01188117837101858,0.263,0.27623739045370793,gated,0.05,0.4876923076923077,0.012307692307692308,-1
0.0632455532033676,0.0,0.2819123779148861,0.40476185970816153,0.015244740408723527,0.404,0.40476252804921004,gated,0.05,0.4876923076923077,0.012307692307692308,-1
0.2,0.0,0.24998813171554388,0.4718804678439214,0.014108735955479146,0.456,0.4718888678834734,gated,0.05,0.4876923076923077,0.012307692307692308,-1
0.02,0.0,0.2977960394679867,0.2804525813650712,0.01162995118555544,0.28500000000000003,0.2804528987389239,gated,0.05,0.5123076923076924,0.012307692307692308,1
0.0632455532033676,0.0,0.28456580009096555,0.44329078383252607,0.009020780155190488,0.39,0.44329233428154086,gated,0.05,0.5123076923076924,0.012307692307692308,1
0.2,0.0,0.24631352283538246,0.4810539562078647,0.009501710928878578,0.488,0.48104571016746,gated,0.05,0.5123076923076924,0.012307692307692308,1
0.02,0.0,0.29026982420406805,0.20924362687799047,0.016180969850744277,0.253,0.2092450407124874,gated,0.05,0.48525641025641025,0.014743589743589743,-1
0.0632455532033676,0.0,0.2803918903568804,0.44085913603968163,0.009410391585675026,0.418,0.44086056224001907,gated,0.05,0.48525641025641025,0.014743589743589743,-1
0.2,0.0,0.24719200442210174,0.4673672529688346,0.01637791967878364,0.441,0.46736321317334933,gated,0.05,0.48525641025641025,0.014743589743589743,-1
0.02,0.0,0.2910160680207938,0.2038653427493299,0.01655787462227651,0.259,0.20386598733913713,gated,0.05,0.5147435897435897,0.014743589743589743,1
0.0632455532033676,0.0,0.28884019123318283,0.42532878270400404,0.011907840262044294,0.42200000000000004,0.42532952296989834,gated,0.05,0.5147435897435897,0.014743589743589743,1
0.2,0.0,0.2479299793114591,0.45937492874275887,0.02040171783243507,0.46399999999999997,0.45936747962115254,gated,0.05,0.5147435897435897,0.014743589743589743,1
0.02,9.84854690766479e-06,0.2932096242518601,0.21562670956729965,0.01574097191741782,0.19,0.21562780594023487,gated,0.05,0.4828205128205128,0.01717948717948718,-1
0.0632455532033676,0.0,0.2894277578445161,0.392975497509007,0.017175732584000004,0.38,0.39297649990664707,gated,0.05,0.4828205128205128,0.01717948717948718,-1
0.2,0.0,0.2534602846025572,0.4621603476866931,0.01899852234491888,0.479,0.4621649823573618,gated,0.05,0.4828205128205128,0.01717948717948718,-1
0.02,0.0,0.3027556280049769,0.19622813361864422,0.01710342798441316,0.19399999999999995,0.19622817825064356,gated,0.05,0.5171794871794871,0.01717948717948718,1
0.0632455532033676,0.0,0.2799058141084768,0.41379589065790123,0.013774326555242298,0.41500000000000004,0.41379647876582687,gated,0.05,0.5171794871794871,0.01717948717948718,1
0.2,0.0,0.24911313235022026,0.4618188538393247,0.01917050317997275,0.473,0.4618246229263424,gated,0.05,0.5171794871794871,0.01717948717948718,1
0.02,0.000403657404491109,0.2970495802674092,0.16505531652938385,0.019477821201637716,0.15,0.16505613587645418,gated,0.05,0.4803846153846154,0.019615384615384618,-1
0.0632455532033676,0.0,0.28727980922488466,0.3921499539623659,0.01731156449772558,0.403,0.3921508581064354,gated,0.05,0.4803846153846154,0.019615384615384618,-1
0.2,0.0,0.247875290425482,0.4389705975889215,0.030715927038469645,0.442,0.43897763861339867,gated,0.05,0.4803846153846154,0.019615384615384618,-1
0.02,5.256359355376716e-05,0.2910415853329351,0.14568393783466005,0.021102512419010917,0.16800000000000004,0.14568427566632058,gated,0.05,0.5196153846153846,0.019615384615384618,1
0.0632455532033676,0.0,0.2858266019791179,0.37522275716932857,0.020115372900181384,0.361,0.37522346587639926,gated,0.05,0.5196153846153846,0.019615384615384618,1
0.2,0.0,0.25346640962275163,0.4477832324962201,0.026252801056735633,0.44199999999999995,0.4477873031831197,gated,0.05,0.5196153846153846,0.019615384615384618,1
0.02,0.018174598842613632,0.2987955165010262,0.13733616049464098,0.021847317277110295,0.136,0.13733675310208907,gated,0.05,0.47794871794871796,0.022051282051282053,-1
0.0632455532033676,0.0,0.28877656883319547,0.36043895056754194,0.02259673454336635,0.347,0.36043852452162467,gated,0.05,0.47794871794871796,0.022051282051282053,-1
0.2,0.0,0.25417464587487015,0.4557156890789317,0.02224665186199215,0.458,0.45572179955094694,gated,0.05,0.47794871794871796,0.022051282051282053,-1
0.02,0.000428189112534616,0.29360618723706294,0.155569577641997,0.02025669265588351,0.14400000000000002,0.15557087063561334,gated,0.05,0.522051282051282,0.022051282051282053,1
0.0632455532033676,0.0,0.28878714437929337,0.3810767095438201,0.019141531117900956,0.362,0.3810774085044052,gated,0.05,0.522051282051282,0.022051282051282053,1
0.2,0.0,0.24668422643321303,0.47592714453633633,0.01207567309319512,0.478,0.4759347939994632,gated,0.05,0.522051282051282,0.022051282051282053,1
0.02,0.08021686499553793,0.29072718566312433,0.1309956201033452,0.022433942460981945,0.11,0.1309956520350335,gated,0.05,0.4755128205128205,0.02448717948717949,-1
0.0632455532033676,0.0,0.2802888248581232,0.37529492123345265,0.020103339350611812,0.32,0.37529502551026267,gated,0.05,0.4755128205128205,0.02448717948717949,-1
0.2,0.0,0.25592604340620306,0.4532217121148613,0.023505153952061396,0.428,0.453217225220923,gated,0.05,0.4755128205128205,0.02448717948717949,-1
0.02,0.042152858900655565,0.29839241038525477,0.11267271167518393,0.024248725438660537,0.10799999999999998,0.1126733267321296,gated,0.05,0.5244871794871795,0.02448717948717949,1
0.0632455532033676,0.0,0.2840521428918412,0.34073593526266577,0.02595948258755263,0.346,0.34073709061478646,gated,0.05,0.5244871794871795,0.02448717948717949,1
0.2,0.0,0.24842954272824913,0.42122219314528175,0.03975355973345824,0.46199999999999997,0.42122797724384137,gated,0.05,0.5244871794871795,0.02448717948717949,1
0.02,0.15252210605289507,0.3007440910112431,0.09418316981203946,0.02630854575560553,0.084,0.09418431553831744,gated,0.05,0.47307692307692306,0.026923076923076925,-1
0.0632455532033676,0.0,0.28149605818299556,0.35992323714252816,0.022683902115134547,0.331,0.3599244059916325,gated,0.05,0.47307692307692306,0.026923076923076925,-1
0.2,0.0,0.2533709607119929,0.4441277752802297,0.028102380092545745,0.462,0.4441230607429232,gated,0.05,0.47307692307692306,0.026923076923076925,-1
0.02,0.08608393931920433,0.2945779770388664,0.09677234589737875,0.026003284346529053,0.09299999999999997,0.09677269471554421,gated,0.05,0.5269230769230769,0.026923076923076925,1
0.0632455532033676,0.0,0.28718774618593124,0.31253606630047537,0.030906491519993504,0.35,0.3125361335367243,gated,0.05,0.5269230769230769,0.026923076923076925,1
0.2,0.0,0.2533106316734552,0.4472256639301758,0.026534769196502522,0.4,0.4472307056684988,gated,0.05,0.5269230769230769,0.026923076923076925,1
0.02,0.6831844001996252,0.28653508065604394,0.06696630821748172,0.02997545343930197,0.073,0.06696630833998457,gated,0.05,0.4706410256410256,0.02935897435897436,-1
0.0632455532033676,0.0,0.2808036439006724,0.2917180320182447,0.03468213051224526,0.313,0.29171862890063555,gated,0.05,0.4706410256410256,0.02935897435897436,-1
0.2,0.0,0.25549439272522617,0.45142187502855335,0.024413957229905425,0.434,0.4514279323844281,gated,0.05,0.4706410256410256,0.02935897435897436,-1
0.02,0.7501496698844468,0.28654255739043444,0.07255493175896674,0.029140472167418042,0.07499999999999996,0.0725550487824441,gated,0.05,0.5293589743589744,0.02935897435897436,1
0.0632455532033676,0.0,0.2844386368881624,0.29874868173317265,0.03339383182933432,0.30800000000000005,0.2987496818032576,gated,0.05,0.5293589743589744,0.02935897435897436,1
0.2,0.0,0.2548120897611123,0.44519623345067644,0.027561522743113742,0.43100000000000005,0.44520120225841886,gated,0.05,0.5293589743589744,0.02935897435897436,1
0.02,0.967337710401188,0.3044186444892467,0.04584768516939988,0.03373043282743487,0.061,0.04584992056528885,gated,0.05,0.4682051282051282,0.031794871794871796,-1
0.0632455532033676,0.0,0.27978205810535106,0.30779606344075056,0.03175604663481316,0.3,0.30779767388662993,gated,0.05,0.4682051282051282,0.031794871794871796,-1
0.2,0.0,0.2503302767019113,0.4627474258344291,0.01870289475564461,0.456,0.4627402517186955,gated,0.05,0.4682051282051282,0.031794871794871796,-1
0.02,0.8250498003640667,0.29293291550860157,0.0601580985889172,0.031068955469592607,0.05600000000000005,0.06015828240738655,gated,0.05,0.5317948717948718,0.031794871794871796,1
0.0632455532033676,0.0,0.287044434090834,0.30012628087261045,0.03314303212547805,0.33499999999999996,0.3001273037796568,gated,0.05,0.5317948717948718,0.031794871794871796,1
0.2,0.0,0.25205103641428067,0.4053352765427539,0.04791221259491562,0.43700000000000006,0.40534070131820826,gated,0.05,0.5317948717948718,0.031794871794871796,1
0.02,0.8415779683033182,0.2980897061775641,0.048010712198745455,0.03328911124872775,0.048,0.0480107126368391,gated,0.05,0.46576923076923077,0.03423076923076923,-1
0.0632455532033676,0.0,0.2878418802250149,0.318559322254372,0.029834902458316433,0.308,0.318562032560809,gated,0.05,0.46576923076923077,0.03423076923076923,-1
0.2,0.0,0.24912993710449888,0.4534123668093035,0.023408914204828712,0.431,0.4534186783002861,gated,0.05,0.46576923076923077,0.03423076923076923,-1
0.02,0.9106323614022508,0.29759839083085915,0.03752490605300645,0.03560319601870121,0.04700000000000004,0.03752721408055738,gated,0.05,0.5342307692307693,0.03423076923076923,1
0.0632455532033676,0.0,0.28008930596451626,0.27552095244900293,0.03770697237769965,0.272,0.2755202084952144,gated,0.05,0.5342307692307693,0.03423076923076923,1
0.2,0.0,0.2523118479635893,0.3994300823795447,0.05096450817329479,0.42500000000000004,0.3994213870687293,gated,0.05,0.5342307692307693,0.03423076923076923,1
0.02,0.992597290558718,0.29407996748029214,0.021002904764304657,0.04066925177760417,0.031,0.021002907320536016,gated,0.05,0.4633333333333333,0.03666666666666667,-1
0.0632455532033676,0.0,0.2836078319367752,0.29873899354130196,0.033395597475558716,0.284,0.29873914334633606,gated,0.05,0.4633333333333333,0.03666666666666667,-1
0.2,0.0,0.2525980515188097,0.4276325838700803,0.03648093232216511,0.41,0.4276375220848907,gated,0.05,0.4633333333333333,0.03666666666666667,-1
0.02,0.906726227684879,0.3020125423590617,0.026640928675213556,0.03865258972526016,0.026000000000000023,0.026641217625325658,gated,0.05,0.5366666666666666,0.03666666666666667,1
0.0632455532033676,0.0,0.2911143037468229,0.28338996034719405,0.036227071404576185,0.276,0.2833901965887779,gated,0.05,0.5366666666666666,0.03666666666666667,1
0.2,0.0,0.251631710131639,0.42510576667369177,0.03776970634115878,0.43400000000000005,0.42511179969325225,gated,0.05,0.5366666666666666,0.03666666666666667,1
0.0632455532033676,0.0,0.2802701274430472,0.26651940710139616,0.03942563014583208,0.279,0.2665197651799498,gated,0.05,0.4608974358974359,0.0391025641025641,-1
0.2,0.0,0.2475818221290724,0.4234807101851678,0.03859937374873643,0.417,0.4234887803036137,gated,0.05,0.4608974358974359,0.0391025641025641,-1
0.02,0.9682109580970927,0.3010812822275319,0.028211738600270746,0.03815500908637635,0.02200000000000002,0.02821242929231932,gated,0.05,0.5391025641025641,0.0391025641025641,1
0.0632455532033676,0.0,0.2775375357897837,0.27028766523175135,0.03870268695761622,0.278,0.27028814949726154,gated,0.05,0.5391025641025641,0.0391025641025641,1
0.2,0.0,0.2476686073278726,0.42563288602302357,0.03750072747687347,0.44099999999999995,0.4256414158542682,gated,0.05,0.5391025641025641,0.0391025641025641,1
0.0632455532033676,0.0,0.2865081599157426,0.25002636938001493,0.04265322935627575,0.249,0.25002741292612,gated,0.05,0.4584615384615385,0.04153846153846154,-1
0.2,0.0,0.25566110104671813,0.4409995111029054,0.029687116022581297,0.423,0.44100289558214006,gated,0.05,0.4584615384615385,0.04153846153846154,-1
0.02,0.9956661920311066,0.2969890786621371,0.020004707610478335,0.04107303384181376,0.016000000000000014,0.020004708569588664,gated,0.05,0.5415384615384615,0.04153846153846154,1
0.0632455532033676,0.0,0.28099390569097227,0.26368953244935833,0.039971945770600925,0.246,0.26369010398813,gated,0.05,0.5415384615384615,0.04153846153846154,1
0.2,0.0,0.24600598932206325,0.37617195487751415,0.0631100485597725,0.40800000000000003,0.37617790144312874,gated,0.05,0.5415384615384615,0.04153846153846154,1
0.0632455532033676,0.0,0.2829868761025581,0.23391121615350127,0.04591795721843047,0.225,0.23391184964521397,gated,0.05,0.456025641025641,0.043974358974358974,-1
0.2,0.0,0.25342687658413565,0.4071759266811068,0.04696312150066347,0.396,0.40718514827332164,gated,0.05,0.456025641025641,0.043974358974358974,-1
0.0632455532033676,0.0,0.27791534501372783,0.24212673577783936,0.04423886147699323,0.247,0.2421285362651148,gated,0.05,0.543974358974359,0.043974358974358974,1
0.2,0.0,0.2531878743490897,0.3779456025545013,0.062176169476787516,0.42200000000000004,0.37795176237971206,gated,0.05,0.543974358974359,0.043974358974358974,1
0.0632455532033676,0.0,0.2877526282179671,0.21569970209793168,0.049761552575631265,0.249,0.2157002227384845,gated,0.05,0.4535897435897436,0.04641025641025641,-1
0.2,0.0,0.2586907131673464,0.4247219571969695,0.03796559989593197,0.408,0.42472651076309376,gated,0.05,0.4535897435897436,0.04641025641025641,-1
0.0632455532033676,0.0,0.28205536988728636,0.22281833155329098,0.04823798432266207,0.243,0.2228189780702933,gated,0.05,0.5464102564102564,0.04641025641025641,1
0.2,0.0,0.25176184074362473,0.41351982028096407,0.043699978886456096,0.41200000000000003,0.4135252097823838,gated,0.05,0.5464102564102564,0.04641025641025641,1
0.0632455532033676,0.0,0.27935586067435725,0.2056028463476241,0.05197353359642673,0.223,0.20560437182580246,gated,0.05,0.4511538461538461,0.048846153846153845,-1
0.2,0.0,0.25880668441743604,0.38612739772659893,0.057885358242860785,0.396,0.3861324133560225,gated,0.05,0.4511538461538461,0.048846153846153845,-1
0.0632455532033676,0.0,0.2876076467708777,0.22131280852178242,0.048557849298403254,0.22599999999999998,0.2213151704084119,gated,0.05,0.5488461538461539,0.048846153846153845,1
0.2,0.0,0.2507169802781968,0.3679942195518952,0.06743408277110684,0.382,0.36799940990784874,gated,0.05,0.5488461538461539,0.048846153846153845,1
0.0632455532033676,0.0,0.2856771666415103,0.22635645811382768,0.04749107792690601,0.205,0.22635775283361534,gated,0.05,0.44871794871794873,0.05128205128205128,-1
0.2,0.0,0.24925130069785162,0.39768754309801396,0.05186743826107795,0.416,0.3976818276281334,gated,0.05,0.44871794871794873,0.05128205128205128,-1
0.0632455532033676,0.0,0.281559379158134,0.19890018901348347,0.05347766855300441,0.21999999999999997,0.19890101790717596,gated,0.05,0.5512820512820513,0.05128205128205128,1
0.2,0.0,0.2522451256879533,0.39399348678821644,0.053785110356586036,0.4,0.39399781998098077,gated,0.05,0.5512820512820513,0.05128205128205128,1
0.0632455532033676,8.20877828544564e-06,0.2881955794534824,0.1788738161757251,0.05816474778138078,0.18,0.1788746606142375,gated,0.05,0.4462820512820513,0.053717948717948716,-1
0.2,0.0,0.2518030839099924,0.39826635952561196,0.05156739708286996,0.388,0.3982756178711229,gated,0.05,0.4462820512820513,0.053717948717948716,-1
0.0632455532033676,5.602315411579184e-07,0.2839255317367871,0.1961187411911406,0.05411079077844375,0.19799999999999995,0.19611950618979682,gated,0.05,0.5537179487179487,0.053717948717948716,1
0.2,0.0,0.252282282115354,0.40243555693469907,0.049409590335243364,0.396,0.4024406019343245,gated,0.05,0.5537179487179487,0.053717948717948716,1
0.02,0.9574782998485356,0.048742492273497605,0.5672777685560961,-0.003388955115177134,0.003,0.43285848440316727,gated,0.05,0.44384615384615383,0.05615384615384615,-1
0.0632455532033676,1.2816681925764684e-05,0.28452389490170943,0.17894905603141797,0.058146543641170514,0.167,0.17895069166720978,gated,0.05,0.44384615384615383,0.05615384615384615,-1
0.2,0.0,0.2534540874738912,0.3918542618507088,0.054897886452887526,0.414,0.39185645666117086,gated,0.05,0.44384615384615383,0.05615384615384615,-1
0.0632455532033676,0.0,0.2796140940778743,0.17575870357741358,0.05892272295116586,0.19699999999999995,0.17576273159334338,gated,0.05,0.5561538461538461,0.05615384615384615,1
0.2,0.0,0.25175149669527336,0.4272090193280048,0.03669685943562594,0.40800000000000003,0.4272148486345281,gated,0.05,0.5561538461538461,0.05615384615384615,1
0.0632455532033676,0.00015807496472264315,0.2848233504697988,0.18156805902083287,0.057515854128886046,0.174,0.1815693794067763,gated,0.05,0.44141025641025644,0.05858974358974359,-1
0.2,0.0,0.2622957346220766,0.3691871817115589,0.06680137695758906,0.371,0.3691931249173642,gated,0.05,0.44141025641025644,0.05858974358974359,-1
0.0632455532033676,0.0,0.28007787760382447,0.18203745230864132,0.05740342193359703,0.18600000000000005,0.1820385331079862,gated,0.05,0.5585897435897436,0.05858974358974359,1
0.2,0.0,0.258478480407921,0.36818242870027673,0.06733421847127184,0.38,0.3681884268131662,gated,0.05,0.5585897435897436,0.05858974358974359,1
0.0632455532033676,0.0004354448031330671,0.27647393815209625,0.169309476836444,0.06051951669706609,0.168,0.16930963759507883,gated,0.05,0.438974358974359,0.06102564102564102,-1
0.2,0.0,0.24613537595393048,0.38735289820406493,0.057245000189473344,0.388,0.3873612756404873,gated,0.05,0.438974358974359,0.06102564102564102,-1
0.02,0.998237189965803,0.049837893487166496,0.2690757694416044,0.01231221244615089,0.0020000000000000018,0.26914031868089217,gated,0.05,0.561025641025641,0.06102564102564102,1
0.0632455532033676,0.000581975333242446,0.2871239804564389,0.16127218417298916,0.06256520738112903,0.17500000000000004,0.16127449944801578,gated,0.05,0.561025641025641,0.06102564102564102,1
0.2,0.0,0.24828094793257532,0.3732639725831242,0.0646441822749655,0.394,0.3732681256648501,gated,0.05,0.561025641025641,0.06102564102564102,1
0.0632455532033676,0.0003101812043527774,0.29050185080119634,0.16087828129155793,0.06266715006078877,0.154,0.16087979066095676,gated,0.05,0.43653846153846154,0.06346153846153847,-1
0.2,0.0,0.25754579151578205,0.360779969982786,0.07127494902331274,0.379,0.36078248143947983,gated,0.05,0.43653846153846154,0.06346153846153847,-1
0.0632455532033676,0.001738762399234206,0.2825345456372796,0.1670554643838575,0.061086768508037334,0.15100000000000002,0.16705619570316158,gated,0.05,0.5634615384615385,0.06346153846153847,1
0.2,0.0,0.24490150949365416,0.3548346186581327,0.07446007019996899,0.367,0.35484281019904007,gated,0.05,0.5634615384615385,0.06346153846153847,1
0.0632455532033676,0.03808787126478608,0.27594846909111037,0.1485652126693196,0.06594024564690473,0.142,0.1485657312125485,gated,0.05,0.4341025641025641,0.06589743589743591,-1
0.2,0.0,0.2473098362370887,0.37432078405621605,0.06408621600814224,0.37,0.37432858923298323,gated,0.05,0.4341025641025641,0.06589743589743591,-1
0.0632455532033676,0.0012490197780072876,0.28650929793373686,0.12810062518479798,0.07180998412396657,0.14700000000000002,0.1281006969178442,gated,0.05,0.5658974358974359,0.06589743589743591,1
0.2,0.0,0.24334391611873593,0.37997364448001836,0.061110001568163846,0.388,0.37998560337505655,gated,0.05,0.5658974358974359,0.06589743589743591,1
0.02,0.904265051026777,0.028797944325661795,0.5111067821067464,-0.0005568834314360584,0.0,0.48897143054148223,gated,0.05,0.43166666666666664,0.06833333333333334,-1
0.0632455532033676,1.4191899889048898e-05,0.28492037112014634,0.12959087312380826,0.07136168007072742,0.17,0.12959205781307753,gated,0.05,0.43166666666666664,0.06833333333333334,-1
0.2,0.0,0.25167982071422784,0.34565779781639927,0.07941406677436477,0.369,0.3456700444209046,gated,0.05,0.43166666666666664,0.06833333333333334,-1
0.0632455532033676,0.002062324637880142,0.28457367597378874,0.13289475919546992,0.07038036080683308,0.129,0.13289511133309836,gated,0.05,0.5683333333333334,0.06833333333333334,1
0.2,0.0,0.24992040308931812,0.37405463045736326,0.06422669034997526,0.369,0.3740636584173137,gated,0.05,0.5683333333333334,0.06833333333333334,1
0.0632455532033676,0.007687416087517107,0.2781001739358362,0.13513569137933445,0.06972428896574932,0.134,0.1351361377106152,gated,0.05,0.4292307692307692,0.07076923076923078,-1
0.2,0.0,0.2462880847663391,0.3570424468984227,0.07327510136760348,0.361,0.3570543589403398,gated,0.05,0.4292307692307692,0.07076923076923078,-1
0.0632455532033676,0.04709847212357399,0.2847175940033766,0.13733131545433555,0.06908867823846107,0.128,0.13733177256725376,gated,0.05,0.5707692307692308,0.07076923076923078,1
0.2,0.0,0.25272315787596056,0.3634587982535268,0.06984574665570939,0.348,0.36346462979703525,gated,0.05,0.5707692307692308,0.07076923076923078,1
0.0632455532033676,0.08147513438139786,0.2781814097887523,0.1278966632138171,0.07187162216610203,0.121,0.12789767412576974,gated,0.05,0.4267948717948718,0.07320512820512821,-1
0.2,0.0,0.2476811792197569,0.3722131975488614,0.06519946074915338,0.373,0.37221861868591904,gated,0.05,0.4267948717948718,0.07320512820512821,-1
0.0632455532033676,0.24799077412122472,0.2843523178556304,0.12051282213711746,0.07415079741711696,0.10899999999999999,0.12051432554238097,gated,0.05,0.5732051282051283,0.07320512820512821,1
0.2,0.0,0.25902424038841354,0.34293755785216273,0.08089182882699986,0.34099999999999997,0.3429413656631334,gated,0.05,0.5732051282051283,0.07320512820512821,1
0.0632455532033676,0.01597638677855784,0.27951386581339144,0.12877990616147747,0.07160519309586923,0.119,0.12878135870145654,gated,0.05,0.42435897435897435,0.07564102564102565,-1
0.2,0.0,0.246036749394684,0.33222370216120956,0.08675622087457284,0.36,0.33221391488730184,gated,0.05,0.42435897435897435,0.07564102564102565,-1
0.0632455532033676,0.009496976920580269,0.27565659718807556,0.1242443745230807,0.07298713011685293,0.125,0.1242451536733253,gated,0.05,0.5756410256410256,0.07564102564102565,1
0.2,0.0,0.2528432215716526,0.35423338381308644,0.07478321198706835,0.31999999999999995,0.35424022667247806,gated,0.05,0.5756410256410256,0.07564102564102565,1
0.0632455532033676,0.023667990396499805,0.28839539406550146,0.10641259517876003,0.07879348707016548,0.124,0.10641278651382471,gated,0.05,0.4219230769230769,0.07807692307692309,-1
0.2,0.0,0.2548467688396918,0.3429996700976338,0.08085803753230103,0.344,0.343006696263061,gated,0.05,0.4219230769230769,0.07807692307692309,-1
0.0632455532033676,0.034434788765892566,0.28291627624605065,0.09987656944821782,0.0810969393091077,0.11099999999999999,0.09987711167324385,gated,0.05,0.578076923076923,0.07807692307692309,1
0.2,0.0,0.24346263302276944,0.39116588061393737,0.055256326763303824,0.32399999999999995,0.39117748768298644,gated,0.05,0.578076923076923,0.07807692307692309,1
0.0632455532033676,0.42465219451936753,0.2862903177920856,0.12628213458959972,0.0723619673759255,0.099,0.12628288659057268,gated,0.05,0.4194871794871795,0.08051282051282052,-1
0.2,0.0,0.2502298991099907,0.34488861258201686,0.07983148135155649,0.318,0.3448978195465111,gated,0.05,0.4194871794871795,0.08051282051282052,-1
0.0632455532033676,0.1726757502565569,0.27349238423295125,0.10007293521540844,0.08102616054741651,0.10899999999999999,0.10007357156780979,gated,0.05,0.5805128205128205,0.08051282051282052,1
0.2,0.0,0.2534913756670564,0.32710562924888453,0.08958391001632933,0.353,0.3271119965436269,gated,0.05,0.5805128205128205,0.08051282051282052,1
0.0632455532033676,0.4569296642738695,0.2820374034727023,0.09502666384091378,0.08287832456997886,0.09,0.09502950329449152,gated,0.05,0.41705128205128206,0.08294871794871796,-1
0.2,0.0,0.25286063277234194,0.33517799982021035,0.0851318938880114,0.342,0.3351817102492061,gated,0.05,0.41705128205128206,0.08294871794871796,-1
0.0632455532033676,0.11940291957629323,0.2757927354616592,0.08339824315380455,0.08744145947914912,0.09599999999999997,0.08339896261990956,gated,0.05,0.5829487179487179,0.08294871794871796,1
0.2,0.0,0.2511119501983583,0.35733828747985286,0.07311651621225672,0.35,0.3573452748370843,gated,0.05,0.5829487179487179,0.08294871794871796,1
0.0632455532033676,0.5160441796156341,0.2743671123241506,0.07709912066730226,0.0901159348845283,0.074,0.07710023669556718,gated,0.05,0.4146153846153846,0.08538461538461539,-1
0.2,0.0,0.25319026301069886,0.3373383787068799,0.08394762859328617,0.321,0.33734756346353795,gated,0.05,0.4146153846153846,0.08538461538461539,-1
0.0632455532033676,0.08850137628844534,0.2852215506358813,0.08040787551967782,0.08869134318355217,0.10099999999999998,0.08040803543570021,gated,0.05,0.5853846153846154,0.08538461538461539,1
0.2,0.0,0.2498429572911655,0.3034924099361875,0.10287643477899183,0.33199999999999996,0.30350269043664463,gated,0.05,0.5853846153846154,0.08538461538461539,1
0.0632455532033676,0.11137531567607917,0.29033781089219834,0.0820812039088365,0.08798771002809024,0.098,0.08208128288298704,gated,0.05,0.41217948717948716,0.08782051282051283,-1
0.2,0.0,0.2509844843520245,0.31585982659729456,0.0958615658507243,0.332,0.3158627059328268,gated,0.05,0.41217948717948716,0.08782051282051283,-1
0.0632455532033676,0.5675926717004759,0.28388327000221547,0.07054597894529521,0.09308080998503317,0.07599999999999996,0.07054745638454851,gated,0.05,0.5878205128205128,0.08782051282051283,1
0.2,0.0,0.24773737458465658,0.345853324431236,0.0793080153275655,0.31799999999999995,0.34586022554929563,gated,0.05,0.5878205128205128,0.08782051282051283,1
0.0632455532033676,0.38870116299118695,0.2801228589483207,0.09853218153103818,0.0815842672479711,0.086,0.09853284916999407,gated,0.05,0.4097435897435897,0.09025641025641026,-1
0.2,0.0,0.2461679223115949,0.3296643520832755,0.08816803564623615,0.346,0.32967221285725723,gated,0.05,0.4097435897435897,0.09025641025641026,-1
0.0632455532033676,0.3442835896127172,0.2844897244128207,0.083525386012567,0.0873890704111896,0.09499999999999997,0.08352573072355506,gated,0.05,0.5902564102564103,0.09025641025641026,1
0.2,0.0,0.25049639793518935,0.3126236426072571,0.09768543839714221,0.32299999999999995,0.31263100855008796,gated,0.05,0.5902564102564103,0.09025641025641026,1
0.0632455532033676,0.7245392785940217,0.2790771740766219,0.06615699552517242,0.09518703871628224,0.066,0.06615972353559066,gated,0.05,0.4073076923076923,0.0926923076923077,-1
0.2,0.0,0.2508459817417003,0.31327991824690155,0.09731491737929113,0.332,0.31328890746192484,gated,0.05,0.4073076923076923,0.0926923076923077,-1
0.02,0.9964474171800968,0.0050828532664873305,0.4843818630690603,0.0007831773827893384,0.0,0.48433996833966775,gated,0.05,0.5926923076923077,0.0926923076923077,1
0.0632455532033676,0.9717506229440791,0.2775513011431122,0.06967462202641113,0.09349076089076441,0.061000000000000054,0.06967591594721531,gated,0.05,0.5926923076923077,0.0926923076923077,1
0.2,0.0,0.25340916492561494,0.331336395204919,0.08724519317578638,0.31599999999999995,0.3313393162251393,gated,0.05,0.5926923076923077,0.0926923076923077,1
0.0632455532033676,0.8419804555999242,0.2833656572788449,0.06561370419177992,0.09545520771924638,0.084,0.06561433117363563,gated,0.05,0.40487179487179487,0.09512820512820513,-1
0.2,0.0,0.25446288390262983,0.31299462616487694,0.09747594687051914,0.298,0.3130023302984678,gated,0.05,0.40487179487179487,0.09512820512820513,-1
0.0632455532033676,0.42190182174540525,0.2840785778574662,0.0795920994466961,0.08903839265636031,0.08599999999999997,0.07959333981814572,gated,0.05,0.5951282051282052,0.09512820512820513,1
0.2,0.0,0.24869885775906203,0.33460109766836366,0.08544864101506058,0.32299999999999995,0.3346065620654211,gated,0.05,0.5951282051282052,0.09512820512820513,1
0.0632455532033676,0.9339634728466519,0.27368279516641403,0.06047778235161594,0.0980796357088899,0.056,0.06047917271905157,gated,0.05,0.4024358974358974,0.09756410256410257,-1
0.2,0.0,0.2504952693649492,0.3024170485599568,0.10349228304251357,0.286,0.30242796331681393,gated,0.05,0.4024358974358974,0.09756410256410257,-1
0.0632455532033676,0.9344880230052252,0.27431315589627125,0.06426179749235618,0.09613006540489037,0.062000000000000055,0.06426368240219203,gated,0.05,0.5975641025641025,0.09756410256410257,1
0.2,0.0,0.252814871768986,0.2855193862589836,0.11330446160802479,0.30200000000000005,0.285524590710165,gated,0.05,0.5975641025641025,0.09756410256410257,1
0.02,0.9264826696764363,0.03823351609159411,0.4548890875951657,0.0022663668626857606,0.0,0.4549099188549483,gated,0.05,0.4,0.1,-1
0.0632455532033676,0.9755543708403119,0.2821574307710329,0.07310408791045304,0.09189933749131053,0.067,0.07310580214145271,gated,0.05,0.4,0.1,-1
0.2,0.0,0.24883154296938234,0.3046759413533656,0.10219976409525625,0.32,0.304683286963147,gated,0.05,0.4,0.1,-1
0.0632455532033676,0.9170731769193788,0.2839725553395379,0.054738733720453084,0.10122742955419013,0.05400000000000005,0.054741156228059966,gated,0.05,0.6,0.1,1
0.2,0.0,0.2513706003125376,0.32449106906672925,0.09103533541942255,0.28500000000000003,0.32449457897958933,gated,0.05,0.6,0.1,1
0.0632455532033676,0.9935299629518478,0.2827802830576864,0.04519029379849914,0.10709960993147945,0.037,0.04519489020857946,gated,0.05,0.39,0.11,-1
0.2,0.0,0.24849184653078188,0.2925063675449143,0.10921547972029287,0.301,0.29251074274491373,gated,0.05,0.39,0.11,-1
0.0632455532033676,0.9644101112151287,0.2606408096092987,0.026878710615296852,0.1219871443692706,0.028000000000000025,0.02688017778366566,gated,0.05,0.61,0.11,1
0.2,0.0,0.25504486575930785,0.2872390493727204,0.11229372922170873,0.30600000000000005,0.2872492289540046,gated,0.05,0.61,0.11,1
0.0632455532033676,0.8068244633065885,0.2689825986750463,0.020014716674711892,0.12987126852813266,0.031,0.020015501123339656,gated,0.05,0.38,0.12,-1
0.2,2.2345932851552952e-05,0.24874733559592707,0.2922206176641314,0.10938180492586923,0.271,0.2922292798942695,gated,0.05,0.38,0.12,-1
0.0632455532033676,0.8070486552280012,0.28674752100968415,0.022175519446706118,0.12717149339489112,0.03600000000000003,0.02217635019844117,gated,0.05,0.62,0.12,1
0.2,4.194862356476925e-06,0.2604300749684388,0.25699434898295587,0.13052790505195094,0.266,0.256997312541486,gated,0.05,0.62,0.12,1
0.0632455532033676,0.9963524965959255,0.30784617548077464,0.026044399400023666,0.12284810843389461,0.021,0.026045075078245862,gated,0.05,0.37,0.13,-1
0.2,2.424297701097977e-05,0.2534287787365769,0.26308833516458763,0.12677062773840245,0.273,0.26309701277823705,gated,0.05,0.37,0.13,-1
0.2,1.196894144372962e-05,0.24225936307652726,0.2508334497546974,0.13437386207792393,0.255,0.2508413130335302,gated,0.05,0.63,0.13,1
0.0632455532033676,0.9974959262283442,0.13181239731488453,0.0379200772621569,0.11228297748296728,0.013,0.03795624389836839,gated,0.05,0.36,0.14,-1
0.2,0.0007738159999428618,0.25081302521762716,0.2590910494557761,0.12923003645364917,0.243,0.2590967649037313,gated,0.05,0.36,0.14,-1
0.0632455532033676,0.9841042046100937,0.1254921573524548,0.034017286516359796,0.11540907901624929,0.01200000000000001,0.03405441404172663,gated,0.05,0.64,0.14,1
0.2,0.00010500166661675525,0.24405177878997603,0.2452895800239011,0.13787759138385808,0.236,0.24530513261601855,gated,0.05,0.64,0.14,1
0.2,0.0004051845781334329,0.24291933736011656,0.22452559436477018,0.15139955725028417,0.214,0.2245310099215155,gated,0.05,0.35,0.15,-1
0.2,7.3530777803254566e-06,0.2449717993514925,0.25050481446822814,0.1345804033938641,0.242,0.250513841013314,gated,0.05,0.65,0.15,1
0.2,0.008365726632379888,0.2415485424347697,0.21056324430302953,0.16089368814096944,0.194,0.21057358898910175,gated,0.05,0.33999999999999997,0.16,-1
0.2,0.001524447029174425,0.25243198272645606,0.20303695684230896,0.16616449868950592,0.21299999999999997,0.20304457445956708,gated,0.05,0.66,0.16,1
0.2,0.028946655842133295,0.24805046864597524,0.18248464525008354,0.181187365418825,0.203,0.18249331910790004,gated,0.05,0.33,0.16999999999999998,-1
0.2,0.01635833021184352,0.2452218494217082,0.2072753979915725,0.16318228543322402,0.19699999999999995,0.20729086801102126,gated,0.05,0.6699999999999999,0.16999999999999998,1
0.2,0.24584027709602196,0.24164437896748897,0.19227797852612472,0.1739064936535098,0.167,0.19229119475659645,gated,0.05,0.32,0.18,-1
0.0632455532033676,0.4586582027739061,0.026661858626566226,0.4477137815752578,0.008312970291691589,0.0030000000000000027,0.4477761301546347,gated,0.05,0.6799999999999999,0.18,1
0.2,0.0003046762448969398,0.24493818922496022,0.2022433311628793,0.16672701211668575,0.18999999999999995,0.20225278068376995,gated,0.05,0.6799999999999999,0.18,1
0.2,0.06977815372866059,0.24260405411947272,0.17516947062128044,0.18678641147966138,0.167,0.1751763980048385,gated,0.05,0.31,0.19,-1
0.0632455532033676,0.4744908650181393,0.008051555998292909,0.1898720670421096,0.05555285961174183,0.0030000000000000027,0.19094424799328594,gated,0.05,0.69,0.19,1
0.2,0.0608506243887994,0.24462133966370325,0.1781968937851924,0.18445168762828762,0.18000000000000005,0.17820367366454576,gated,0.05,0.69,0.19,1
0.0632455532033676,0.9902795455590524,0.006934252778371022,0.14342117435045798,0.0673612076443869,0.001,0.14482775729451314,gated,0.05,0.3,0.2,-1
0.2,0.06123696508848431,0.25493953647771195,0.15399942958411716,0.20388600446250577,0.183,0.1540072333627646,gated,0.05,0.3,0.2,-1
0.2,0.012969589116416214,0.24007750248285198,0.16644969102326823,0.19365807031325144,0.18400000000000005,0.16646278683183913,gated,0.05,0.7,0.2,1
0.0632455532033676,0.9963190905028583,0.05898263346902244,0.5073408136784378,-0.0011638275694566705,0.0,0.4928052192656662,gated,0.05,0.29,0.21000000000000002,-1
0.2,0.49096644061171213,0.25298052346462174,0.15357613547616786,0.20424313351118914,0.14,0.15358362366023312,gated,0.05,0.29,0.21000000000000002,-1
0.0632455532033676,0.9948229120237526,0.038688445262203164,0.055597529491041686,0.10074033733081476,0.0,0.056012290125616,gated,0.05,0.71,0.21000000000000002,1
0.2,0.06953065222563126,0.24603065650583722,0.16298453866831347,0.19645309551946022,0.15400000000000003,0.16299589601788636,gated,0.05,0.71,0.21000000000000002,1
0.2,0.20334360492571335,0.25115621160636836,0.15429427586629565,0.2036376292052829,0.159,0.15430033250133043,gated,0.05,0.28,0.22,-1
0.2,0.2543891645887226,0.2369991317422119,0.13916245970631277,0.21681798954550746,0.14700000000000002,0.13917610487785056,gated,0.05,0.72,0.22,1
0.0632455532033676,0.990309475125742,0.005449855197857671,0.5276917358987112,-0.0043935877939907005,0.0,0.4725074753855891,gated,0.05,0.27,0.22999999999999998,-1
0.2,0.5196977366848735,0.24694726543427828,0.13206062118421658,0.2233406431847227,0.12,0.13206536770194485,gated,0.05,0.27,0.22999999999999998,-1
0.2,0.4704218817045097,0.2385666463104703,0.13319537407644622,0.22228254004138553,0.15000000000000002,0.13320792062318532,gated,0.05,0.73,0.22999999999999998,1
0.0632455532033676,0.99189659595377,0.008418383373023149,0.2582648763886523,0.041027639985819146,0.001,0.2587610164142931,gated,0.05,0.26,0.24,-1
0.2,0.9840941101188084,0.23984601193029315,0.10074403672892689,0.25546469257024434,0.121,0.10075176533354613,gated,0.05,0.26,0.24,-1
0.2,0.6571168279005121,0.25498566701894537,0.11508717044122115,0.2399819767971237,0.11699999999999999,0.11509151884107044,gated,0.05,0.74,0.24,1
0.2,0.989693331679414,0.24561360239523397,0.10223117553717796,0.25378806358882194,0.105,0.1022354172755346,gated,0.05,0.25,0.25,-1
0.2,0.9622483274081836,0.23782595167494425,0.08462134310691097,0.2749282546574183,0.09899999999999998,0.0846314414751526,gated,0.05,0.75,0.25,1
0.0632455532033676,0.9559951418794096,0.05989143443116104,0.48891665445913857,0.001757303125756092,0.0,0.4890262469688208,gated,0.05,0.24,0.26,-1
0.2,0.9275249995318946,0.2480516881322329,0.092335356510059,0.26530206766660247,0.097,0.09233901174176021,gated,0.05,0.24,0.26,-1
0.2,0.8952430169241854,0.24865532284149772,0.11577494828790072,0.23927518263180347,0.12,0.11578513529532533,gated,0.05,0.76,0.26,1
0.2,0.855337776895964,0.2500211377843621,0.07129588022789467,0.29324150406595945,0.102,0.07129996575436434,gated,0.05,0.22999999999999998,0.27,-1
0.2,0.92470061665997,0.24412062638512036,0.08732107455251273,0.2714875570548158,0.09499999999999997,0.087331150274425,gated,0.05,0.77,0.27,1
0.2,0.9471811398805521,0.23507643731470867,0.07654378030682286,0.2857420290743037,0.077,0.07656037530914012,gated,0.05,0.21999999999999997,0.28,-1
0.0632455532033676,0.980460460680676,0.05209201360114252,0.5107509801250498,-0.0017045924695893782,0.0,0.4893946010405687,gated,0.05,0.78,0.28,1
0.2,0.9932941943213686,0.24367057020281407,0.07650129248320915,0.2858011470866599,0.06999999999999995,0.07651076047086144,gated,0.05,0.78,0.28,1
0.2,0.9697901734735555,0.23464615162272523,0.07394986344106437,0.28939799818828277,0.069,0.07397080136310098,gated,0.05,0.21000000000000002,0.29,-1
0.2,0.9955416508665708,0.23271230434946605,0.08108348451211782,0.2795641051240006,0.06699999999999995,0.08109025410716993,gated,0.05,0.79,0.29,1
0.0632455532033676,0.8682278181331282,0.02205101591519458,0.45377856565812613,0.007344098138433098,0.0,0.45378948220271215,gated,0.05,0.2,0.3,-1
0.2,0.9956714470799768,0.23212433267108135,0.08058257943145429,0.2802327183858611,0.067,0.08059357285528682,gated,0.05,0.2,0.3,-1
0.2,0.9333005182510241,0.2329713374825227,0.06362279192820544,0.3050108364858784,0.06499999999999995,0.06363749912955617,gated,0.05,0.8,0.3,1
0.2,0.9823125939457941,0.24330798208226145,0.06648956108382084,0.30049140226388565,0.051,0.06649372391954594,gated,0.05,0.19,0.31,-1
0.2,0.9904730786939497,0.24121934726031657,0.06849566673914159,0.2974177794841469,0.06399999999999995,0.06850380515444728,gated,0.05,0.81,0.31,1
0.2,0.9928191257452532,0.23561881066427226,0.04410864772037003,0.34097547649690507,0.058,0.044114225474931476,gated,0.05,0.18,0.32,-1
0.2,0.9202818716979071,0.22593776189558268,0.06573134834843578,0.3016717794756041,0.05400000000000005,0.06575418480404739,gated,0.05,0.8200000000000001,0.32,1
0.2,0.9909743319164735,0.20143853067819062,0.06358072557569991,0.3050783212088739,0.052,0.06361403048739979,gated,0.05,0.16999999999999998,0.33,-1
0.2,0.9914757586096951,0.24725451173426136,0.04739982609693991,0.3341210729049685,0.03600000000000003,0.04741064946241808,gated,0.05,0.8300000000000001,0.33,1
0.2,0.9924618087501265,0.23514224845330853,0.03661800464574071,0.3582714190694484,0.037,0.03662386322243943,gated,0.05,0.15999999999999998,0.34,-1
0.2,0.9835246715487911,0.24983170471917826,0.04461949424441508,0.33988515544767717,0.03700000000000003,0.04462295655829693,gated,0.05,0.8400000000000001,0.34,1
0.0632455532033676,0.9796714673571173,0.006114606071264864,0.3049868492928008,0.03226225244552294,0.0,0.30586934359874296,gated,0.05,0.15000000000000002,0.35,-1
0.2,0.9855708677861681,0.2274762950862607,0.04517579225363247,0.3387092023449816,0.04,0.045202714359573314,gated,0.05,0.15000000000000002,0.35,-1
0.0632455532033676,0.7749737939268946,0.012569300120831822,0.44496172748892154,0.008753251951158645,0.0,0.4453165171877778,gated,0.05,0.85,0.35,1
0.2,0.9207610472397091,0.2368932174805612,0.04653713753831008,0.3358798338712388,0.04800000000000004,0.0465484087474702,gated,0.05,0.85,0.35,1
0.02,0.9281257014056252,0.005283362584927065,0.2433313214354356,0.013912533930915632,0.394,0.24340945999662378,honest,0.005,0.495,0.005,-1
0.0632455532033676,0.9916067537390043,0.01006347678846467,0.25398226163990345,0.04186921725899486,0.483,0.2540392914898068,honest,0.005,0.495,0.005,-1
0.2,0.9900084969090798,0.01582671471969238,0.4477104617167171,0.026289599013308525,0.493,0.4477416493301305,honest,0.005,0.495,0.005,-1
0.02,0.9915056938317813,0.0011113556569038313,0.5011160953551546,-5.5952796476660533e-05,0.404,0.49873960466112255,honest,0.005,0.505,0.005,1
0.0632455532033676,0.9925008707523333,0.013458284757969202,0.3669686840134022,0.021496699006949442,0.44799999999999995,0.3672563653716147,honest,0.005,0.505,0.005,1
0.2,0.9973754477097588,0.0026167487681783563,0.30294944656423867,0.10318726196309863,0.477,0.3035520653906231,honest,0.005,0.505,0.005,1
0.02,0.9230587891070283,0.0062018245814200595,0.3198072258145659,0.00936475856599122,0.364,0.3199649224158951,honest,0.005,0.49256410256410255,0.0074358974358974365,-1
0.0632455532033676,0.9516054397124386,0.008952512192346648,0.3098379228299029,0.0313893885280735,0.457,0.3098683192307277,honest,0.005,0.49256410256410255,0.0074358974358974365,-1
0.2,0.9799414105740831,0.024355997568590845,0.45363123753381557,0.023298438092764707,0.48,0.4537008340853375,honest,0.005,0.49256410256410255,0.0074358974358974365,-1
0.02,0.9931381101383131,0.0035559261910327045,0.5054159427905062,-0.0002715234472776474,0.357,0.49453793626788667,honest,0.005,0.5074358974358975,0.0074358974358974365,1
0.0632455532033676,0.9402937715977091,0.006428188748156247,0.20384907760700452,0.05236422965978028,0.475,0.2038859234074433,honest,0.005,0.5074358974358975,0.0074358974358974365,1
0.2,0.9969839610845653,0.01594679198451769,0.4032747354445609,0.04897596825459378,0.499,0.40328914132086363,honest,0.005,0.5074358974358975,0.0074358974358974365,1
0.02,0.9964279598712219,0.003114849304559769,0.3732840793815524,0.00646335617769777,0.288,0.3733921924991742,honest,0.005,0.49012820512820515,0.009871794871794872,-1
0.0632455532033676,0.943911170899602,0.011521795613877603,0.5899212028783116,-0.014378388651952788,0.425,0.4100900898623714,honest,0.005,0.49012820512820515,0.009871794871794872,-1
0.2,0.9915407725816116,0.024644487195717588,0.5044366998706287,-0.0022242773192155158,0.469,0.4955904472317812,honest,0.005,0.49012820512820515,0.009871794871794872,-1
0.02,0.9914736130732856,0.0044282935254353895,0.45827321287626216,0.002095699673147151,0.273,0.4582791031776299,honest,0.005,0.5098717948717949,0.009871794871794872,1
0.0632455532033676,0.9916977975732847,0.009916618373651029,0.4864796826264262,0.002143828189047914,0.44799999999999995,0.48656898905662993,honest,0.005,0.5098717948717949,0.009871794871794872,1
0.2,0.9641739907358722,0.021033033603329226,0.19804930563123288,0.16972190278134577,0.46199999999999997,0.1981225994916035,honest,0.005,0.5098717948717949,0.009871794871794872,1
0.02,0.9645938928320015,0.004749724559707277,0.49721631914044945,0.0001395541954395648,0.281,0.49725282939786086,honest,0.005,0.4876923076923077,0.012307692307692308,-1
0.0632455532033676,0.993826918037993,0.005000753723147192,0.3831618037100881,0.018795767722754538,0.42,0.3831543767282205,honest,0.005,0.4876923076923077,0.012307692307692308,-1
0.2,0.9991903529575178,0.038499231116597275,0.4498903114200358,0.025187695919441366,0.485,0.45015550564422074,honest,0.005,0.4876923076923077,0.012307692307692308,-1
0.02,0.9926723095578713,0.0050907861506393065,0.5125480149785357,-0.0006291679413007866,0.30300000000000005,0.48753269551523365,honest,0.005,0.5123076923076924,0.012307692307692308,1
0.0632455532033676,0.9945419370184191,0.004231484023445836,0.3606678562362141,0.022558057917610275,0.44099999999999995,0.3607251892588637,honest,0.005,0.5123076923076924,0.012307692307692308,1
0.2,0.9915652757289956,0.023415160569130344,0.21825225999913236,0.15562188054835746,0.482,0.21829640054831911,honest,0.005,0.5123076923076924,0.012307692307692308,1
0.02,0.9920547205535089,0.004116404476860389,0.06391246984037054,0.030454706238468236,0.236,0.06396165246702291,honest,0.005,0.48525641025641025,0.014743589743589743,-1
0.0632455532033676,0.9909710652436858,0.01264977001647663,0.6879713219170686,-0.03099716242420588,0.42,0.3120557286355272,honest,0.005,0.48525641025641025,0.014743589743589743,-1
0.2,0.9922573449028629,0.033028887701059655,0.5185451045923283,-0.009300487633125626,0.477,0.4814755972439524,honest,0.005,0.48525641025641025,0.014743589743589743,-1
0.02,0.8952247911340948,0.006459332533933174,0.7318683536238676,-0.012369469033608214,0.23299999999999998,0.26845246632446906,honest,0.005,0.5147435897435897,0.014743589743589743,1
0.0632455532033676,0.9962875308956167,0.010004834314971192,0.4684453021590987,0.005007691301651382,0.42400000000000004,0.46850585321144045,honest,0.005,0.5147435897435897,0.014743589743589743,1
0.2,0.9957828748755345,0.03651216381793346,0.38416749491298624,0.05891069964455762,0.471,0.3841191029496525,honest,0.005,0.5147435897435897,0.014743589743589743,1
0.02,0.8173157254479815,0.004848127859360923,0.46708759861519983,0.001651859250949819,0.203,0.4670794452327979,honest,0.005,0.4828205128205128,0.01717948717948718,-1
0.0632455532033676,0.9916982992763919,0.01284256840446639,0.16959446156176308,0.060448142931634676,0.404,0.1698240411909659,honest,0.005,0.4828205128205128,0.01717948717948718,-1
0.2,0.9947475370639067,0.02885207730141584,0.5015722398552003,-0.0007882062154717538,0.474,0.49842566245057857,honest,0.005,0.4828205128205128,0.01717948717948718,-1
0.02,0.9953705971064144,0.006766749696258609,0.5045413962333742,-0.00022767676150770952,0.19699999999999995,0.49550165309281585,honest,0.005,0.5171794871794871,0.01717948717948718,1
0.0632455532033676,0.9964970458525995,0.012411660935188765,0.5806997602844108,-0.012882104572625192,0.384,0.419736787701817,honest,0.005,0.5171794871794871,0.01717948717948718,1
0.2,0.9952403739100308,0.004690239109624905,0.47076242210307645,0.014670693786144743,0.46099999999999997,0.4707873201372242,honest,0.005,0.5171794871794871,0.01717948717948718,1
0.02,0.9902051628079493,0.005225807286397446,0.4994989676319256,2.5118044609486785e-05,0.173,0.4994889352661047,honest,0.005,0.4803846153846154,0.019615384615384618,-1
0.0632455532033676,0.9820064797289885,0.005310615076562622,0.48494008012310347,0.0023880629886111776,0.389,0.48503365915810787,honest,0.005,0.4803846153846154,0.019615384615384618,-1
0.2,0.9858458583825861,0.020030547679017865,0.23964304493277086,0.14149025252441103,0.478,0.23969273545407263,honest,0.005,0.4803846153846154,0.019615384615384618,-1
0.02,0.994444318981737,0.0045113416774573145,0.2296047808629486,0.014802980909215427,0.17200000000000004,0.23020654987530717,honest,0.005,0.5196153846153846,0.019615384615384618,1
0.0632455532033676,0.9915600043457057,0.009276244000613929,0.4853887721144755,0.002316881232092312,0.363,0.48546417426397653,honest,0.005,0.5196153846153846,0.019615384615384618,1
0.2,0.7028941338404182,0.008416633897765716,0.5016244124165916,-0.0008143618689157065,0.43400000000000005,0.4983734908420387,honest,0.005,0.5196153846153846,0.019615384615384618,1
0.02,0.9931488911560145,0.005764977319223846,0.3126465913029338,0.009767247633937772,0.122,0.31263740988495464,honest,0.005,0.47794871794871796,0.022051282051282053,-1
0.0632455532033676,0.9949263271539402,0.013952916248787028,0.4166610470976542,0.013309571037207328,0.373,0.4168896982405937,honest,0.005,0.47794871794871796,0.022051282051282053,-1
0.2,0.9612966254457939,0.006987392397804146,0.510528607049247,-0.00527887369276676,0.477,0.4895225893060159,honest,0.005,0.47794871794871796,0.022051282051282053,-1
0.02,0.9606274165998908,0.0025104568667357607,0.4310241438461558,0.003475347437913528,0.14100000000000001,0.4310431068796518,honest,0.005,0.522051282051282,0.022051282051282053,1
0.0632455532033676,0.9954141524710381,0.009436405466726153,0.49571834872527665,0.0006787964467034611,0.37,0.4957668525457617,honest,0.005,0.522051282051282,0.022051282051282053,1
0.2,0.992253652469547,0.037313907495281906,0.5063328346807185,-0.0031749458402536993,0.45699999999999996,0.49376966340688544,honest,0.005,0.522051282051282,0.022051282051282053,1
0.02,0.871166485327368,0.0033030310263263,0.052387394913619253,0.03244266783259382,0.103,0.052689914870817936,honest,0.005,0.4755128205128205,0.02448717948717949,-1
0.0632455532033676,0.9993471980939883,0.009468325635855743,0.2951820623511711,0.03404561515556593,0.322,0.2952504240454288,honest,0.005,0.4755128205128205,0.02448717948717949,-1
0.2,0.9917004109345949,0.01608349023466739,0.4967152792950478,0.00164673336471038,0.48,0.4967457143693742,honest,0.005,0.4755128205128205,0.02448717948717949,-1
0.02,0.9900869695654461,0.007380893971200703,0.34192945335795183,0.008144059773384272,0.09899999999999998,0.3421483430728317,honest,0.005,0.5244871794871795,0.02448717948717949,1
0.0632455532033676,0.9962525127513957,0.003993933905197172,0.4834951266790903,0.002617315469744388,0.33299999999999996,0.48359079213072287,honest,0.005,0.5244871794871795,0.02448717948717949,1
0.2,0.9941018164325456,0.014830223249131483,0.22144142690668683,0.15346683517786974,0.42300000000000004,0.22194969998614622,honest,0.005,0.5244871794871795,0.02448717948717949,1
0.02,0.7383378683976004,0.005896754201353105,0.5005338188485237,-2.6761716370829915e-05,0.103,0.49954692872898804,honest,0.005,0.47307692307692306,0.026923076923076925,-1
0.0632455532033676,0.9928316230536688,0.010990421889531449,0.11376559042761232,0.07632112085525909,0.304,0.11381774666102133,honest,0.005,0.47307692307692306,0.026923076923076925,-1
0.2,0.9987287879343311,0.02938601080184669,0.4987158088777405,0.0006437990672490235,0.461,0.4987371141117239,honest,0.005,0.47307692307692306,0.026923076923076925,-1
0.02,0.9918651897033537,0.00020112758807498687,0.3056711784593732,0.010163165298199984,0.07799999999999996,0.30560844048495284,honest,0.005,0.5269230769230769,0.026923076923076925,1
0.0632455532033676,0.7415948091194615,0.013841068507976798,0.3600916447726029,0.022655432575845156,0.33799999999999997,0.36084669150816884,honest,0.005,0.5269230769230769,0.026923076923076925,1
0.2,0.9614247510936741,0.013225894780347011,0.43253490045255993,0.03398482680941573,0.45199999999999996,0.43258713524758247,honest,0.005,0.5269230769230769,0.026923076923076925,1
0.02,0.9919518757423911,0.005487211945374534,0.18396706141517902,0.018006996147571886,0.097,0.18416460877065066,honest,0.005,0.4706410256410256,0.02935897435897436,-1
0.0632455532033676,0.9600381237105573,0.0018658984419662877,0.4849922419398369,0.002379787737971995,0.321,0.484991826578761,honest,0.005,0.4706410256410256,0.02935897435897436,-1
0.2,0.9980223339347262,0.0032458028486555546,0.4854103694516098,0.007315787205598132,0.447,0.4852713977213199,honest,0.005,0.4706410256410256,0.02935897435897436,-1
0.02,0.9927978286595097,0.006257621908023356,0.2290136297099724,0.014841983177645448,0.06599999999999995,0.22906959584623635,honest,0.005,0.5293589743589744,0.02935897435897436,1
0.0632455532033676,0.9272726593701293,0.0025120724897159524,0.4781458614115438,0.0034663387884034808,0.32699999999999996,0.47810865375746864,honest,0.005,0.5293589743589744,0.02935897435897436,1
0.2,0.9969884207322133,0.017897204294145846,0.49947604844086196,0.00026267043404756607,0.44499999999999995,0.49951148870775725,honest,0.005,0.5293589743589744,0.02935897435897436,1
0.02,0.9506759591048958,0.0007082721715597623,0.51692633922903,-0.0008488155583248153,0.06,0.48311054911168416,honest,0.005,0.4682051282051282,0.031794871794871796,-1
0.0632455532033676,0.99253503067569,0.010001077734190345,0.5034252498031484,-0.0005430221135374104,0.309,0.49664971004867237,honest,0.005,0.4682051282051282,0.031794871794871796,-1
0.2,0.8882635897804252,0.02764910283654986,0.4331603299113159,0.03366676632179763,0.452,0.43319245323849664,honest,0.005,0.4682051282051282,0.031794871794871796,-1
0.02,0.9948500226368473,0.007086607121965405,0.0743695235037367,0.02887999490445849,0.05400000000000005,0.07445592410947285,honest,0.005,0.5317948717948718,0.031794871794871796,1
0.0632455532033676,0.9205492825534689,0.010896148894942281,0.49782551350032284,0.00034472977505732577,0.31399999999999995,0.4977133561240028,honest,0.005,0.5317948717948718,0.031794871794871796,1
0.2,0.9560866737477802,0.01896992155148,0.19782231301210412,0.1698850794467225,0.482,0.19814132471202486,honest,0.005,0.5317948717948718,0.031794871794871796,1
0.02,0.9890711571677041,0.0013755394255718228,0.5251474413664068,-0.001261541805706873,0.044,0.4746684497768349,honest,0.005,0.46576923076923077,0.03423076923076923,-1
0.0632455532033676,0.9538884013211029,0.009766801578134504,0.5121610066658614,-0.001928220662086045,0.291,0.4878914747280277,honest,0.005,0.46576923076923077,0.03423076923076923,-1
0.2,0.9891864200594446,0.034851030593246166,0.32615791462194704,0.09010946752712135,0.437,0.3262789817399935,honest,0.005,0.46576923076923077,0.03423076923076923,-1
0.02,0.9919070950576192,0.0023315749363891497,0.4831272448393174,0.0008461268387672397,0.04300000000000004,0.48317303901158404,honest,0.005,0.5342307692307693,0.03423076923076923,1
0.0632455532033676,0.9932249435442558,0.014106841340063625,0.05685701521435015,0.10003661088231389,0.28900000000000003,0.05690137964262953,honest,0.005,0.5342307692307693,0.03423076923076923,1
0.2,0.9904392390674356,0.016839426228263663,0.4277295961070304,0.03643148287213307,0.44099999999999995,0.427776687858959,honest,0.005,0.5342307692307693,0.03423076923076923,1
0.02,0.5627847992936132,0.005602699004802009,0.5620509280489143,-0.003123422308478441,0.036,0.43805439722927275,honest,0.005,0.4633333333333333,0.03666666666666667,-1
0.0632455532033676,0.9905252014952339,0.00402872186800389,0.41674071163381404,0.013296659074738303,0.291,0.4168148165522691,honest,0.005,0.4633333333333333,0.03666666666666667,-1
0.2,0.9928891502297666,0.03672266689723233,0.18135595808371455,0.18204194508398197,0.427,0.18161493186784217,honest,0.005,0.4633333333333333,0.03666666666666667,-1
0.02,0.9903878757153991,0.0065625092321708045,0.33189954030477925,0.008693479796318957,0.03200000000000003,0.3321256682484785,honest,0.005,0.5366666666666666,0.03666666666666667,1
0.0632455532033676,0.9907188937913154,0.010635019466173318,0.5058322218341957,-0.00092463309697817,0.276,0.49419582282056657,honest,0.005,0.5366666666666666,0.03666666666666667,1
0.2,0.9960574263728237,0.014838462759665882,0.5491186029101908,-0.02468696181230297,0.43000000000000005,0.45094450807960623,honest,0.005,0.5366666666666666,0.03666666666666667,1
0.02,0.9885424534787914,0.006868844773532584,0.38314423964820593,0.005944663931028994,0.023,0.3833815076091839,honest,0.005,0.4608974358974359,0.0391025641025641,-1
0.0632455532033676,0.9938593235910368,0.009081582902459986,0.44172898624973383,0.009270979338976488,0.287,0.4417502445684906,honest,0.005,0.4608974358974359,0.0391025641025641,-1
0.2,0.5744564229657422,0.030288305418492742,0.49480121028558927,0.002606360428626722,0.402,0.49490363549710237,honest,0.005,0.4608974358974359,0.0391025641025641,-1
0.02,0.9952554951290691,0.0066344501286265956,0.5985146569748085,-0.004990086752307275,0.026000000000000023,0.40205047652832593,honest,0.005,0.5391025641025641,0.0391025641025641,1
0.0632455532033676,0.9918147608594847,0.00354833486672311,0.5342692214585595,-0.005439504249730048,0.253,0.4657322936038789,honest,0.005,0.5391025641025641,0.0391025641025641,1
0.2,0.9269190314947641,0.009364089431561043,0.3062508481901187,0.10130113796862317,0.41400000000000003,0.30695538227594,honest,0.005,0.5391025641025641,0.0391025641025641,1
0.02,0.9165177613923354,0.0038099254601173665,0.7233909524217306,-0.011858895988911152,0.017,0.27665502934002617,honest,0.005,0.4584615384615385,0.04153846153846154,-1
0.0632455532033676,0.9954493591059654,0.013110311285371837,0.4252866445974799,0.011914640076014045,0.268,0.4254996141494526,honest,0.005,0.4584615384615385,0.04153846153846154,-1
0.2,0.99196968884475,0.0008125188175698711,0.21051460800507352,0.16092738899781206,0.412,0.2102192687903754,honest,0.005,0.4584615384615385,0.04153846153846154,-1
0.02,0.9922666510329963,0.006431941238844913,0.23132354984684417,0.014689900219877204,0.017000000000000015,0.23146615719765323,honest,0.005,0.5415384615384615,0.04153846153846154,1
0.0632455532033676,0.9208324947527752,0.014234634538582855,0.5618207916264627,-0.00984019839404301,0.23199999999999998,0.43845507963082525,honest,0.005,0.5415384615384615,0.04153846153846154,1
0.2,0.9946748305244526,0.00968227790997861,0.4879694325266282,0.006032146536530401,0.43300000000000005,0.4879819226464905,honest,0.005,0.5415384615384615,0.04153846153846154,1
0.02,0.9940095907749887,0.00123272519648987,0.47072605601969236,0.0014688974212791702,0.017,0.4706696258824686,honest,0.005,0.456025641025641,0.043974358974358974,-1
0.0632455532033676,0.988885914309573,0.0060514475399557205,0.4661773672596478,0.005368446240659743,0.258,0.4662596843006151,honest,0.005,0.456025641025641,0.043974358974358974,-1
0.2,0.9811780029625581,0.03415068144417998,0.3196745340246738,0.09372182097566109,0.413,0.3198017446652221,honest,0.005,0.456025641025641,0.043974358974358974,-1
0.02,0.9994697486737912,0.0028967340094380734,0.33118775121440536,0.008732715804273716,0.010000000000000009,0.3312244029752127,honest,0.005,0.543974358974359,0.043974358974358974,1
0.0632455532033676,0.9886369679466472,0.0098565175376132,0.49664077951828955,0.0005325539026017197,0.21799999999999997,0.4967084230719838,honest,0.005,0.543974358974359,0.043974358974358974,1
0.2,0.9817362783906891,0.009406432096063094,0.34277408392451436,0.08098077556169714,0.42900000000000005,0.3429234128375027,honest,0.005,0.543974358974359,0.043974358974358974,1
0.02,0.9901328306542025,0.0011697709374457604,0.49925643923138846,3.727663051249835e-05,0.01,0.49920374719586463,honest,0.005,0.4535897435897436,0.04641025641025641,-1
0.0632455532033676,0.9511431243781419,0.010912882617205591,0.5045793516707295,-0.0007259947226637874,0.266,0.4953955930542027,honest,0.005,0.4535897435897436,0.04641025641025641,-1
0.2,0.9539327187331101,0.03468557589646525,0.4949898498382802,0.002511782838586985,0.396,0.4950545926741422,honest,0.005,0.4535897435897436,0.04641025641025641,-1
0.02,0.9933106861765719,0.002163340978152392,0.205666884731116,0.016430974941507987,0.01200000000000001,0.20573175045584716,honest,0.005,0.5464102564102564,0.04641025641025641,1
0.0632455532033676,0.9776123258699281,0.005624276452924057,0.11147737588167128,0.07707790974741373,0.22799999999999998,0.1116115751476806,honest,0.005,0.5464102564102564,0.04641025641025641,1
0.2,0.7210495053039794,0.01004920200807935,0.21759372296185217,0.15606913122641936,0.41800000000000004,0.2177144196757051,honest,0.005,0.5464102564102564,0.04641025641025641,1
0.02,0.9959629153580725,0.004630586762543701,0.49784481103047284,0.00010804567770775438,0.006,0.49785950739163776,honest,0.005,0.4511538461538461,0.048846153846153845,-1
0.0632455532033676,0.5063596221213043,0.0038694339740572015,0.3939658114020197,0.017012894357753446,0.206,0.39416872018785054,honest,0.005,0.4511538461538461,0.048846153846153845,-1
0.2,0.6715917098705857,0.026473157227641632,0.4855463443985603,0.007247574280346671,0.385,0.4856458793180376,honest,0.005,0.4511538461538461,0.048846153846153845,-1
0.02,0.9812998162868656,0.001486739627180017,0.3867415167536318,0.005756439022112083,0.01100000000000001,0.3868322253039622,honest,0.005,0.5488461538461539,0.048846153846153845,1
0.0632455532033676,0.9727042270962765,0.012501462483964318,0.394547949204072,0.016917225578158335,0.20499999999999996,0.394590179526345,honest,0.005,0.5488461538461539,0.048846153846153845,1
0.2,0.9683159018136317,0.0009528369345873366,0.49860437264031215,0.0006996652272429769,0.377,0.4986170743648311,honest,0.005,0.5488461538461539,0.048846153846153845,1
0.02,0.9928290499478472,0.005837705565918963,0.5017731523619555,-8.889296959188417e-05,0.004,0.49832868399998426,honest,0.005,0.44871794871794873,0.05128205128205128,-1
0.0632455532033676,0.9979156855855874,0.013009644202717413,0.08230245785195353,0.08789548471246608,0.22,0.08218278135402055,honest,0.005,0.44871794871794873,0.05128205128205128,-1
0.2,0.9905346063931929,0.03563111689121131,0.4037434026077028,0.0487338978583911,0.39,0.4042361419672928,honest,0.005,0.44871794871794873,0.05128205128205128,-1
0.02,0.9132136048609562,0.0032431729129853842,0.32421276129338134,0.009119011427316455,0.0040000000000000036,0.3242335085618648,honest,0.005,0.5512820512820513,0.05128205128205128,1
0.0632455532033676,0.7901707056571312,0.0010972955241256854,0.4806703032383712,0.0030655965917761917,0.17200000000000004,0.4805517766456621,honest,0.005,0.5512820512820513,0.05128205128205128,1
0.2,0.9907005571449122,0.0006082363518028489,0.557035255138952,-0.028691344088864746,0.378,0.4430136085059035,honest,0.005,0.5512820512820513,0.05128205128205128,1
0.02,0.9960204817618419,0.0019961633057466593,0.3446779309005808,0.007994587282197511,0.004,0.3447740969082178,honest,0.005,0.4462820512820513,0.053717948717948716,-1
0.0632455532033676,0.9532634494261304,0.010265299444515576,0.49112522364124184,0.0014070617997115188,0.189,0.4911813769088112,honest,0.005,0.4462820512820513,0.053717948717948716,-1
0.2,0.9786280148866727,0.00918698790505279,0.3965380037604928,0.052463672194218464,0.39,0.3966155262046109,honest,0.005,0.4462820512820513,0.053717948717948716,-1
0.02,0.9645098461444418,0.0026095124472314685,0.3642931130457116,0.006940135576153675,0.0010000000000000009,0.3645686076865067,honest,0.005,0.5537179487179487,0.053717948717948716,1
0.0632455532033676,0.9949577893939167,0.010581770335280336,0.49908902132215893,0.0001444203919657235,0.19999999999999996,0.49912938391917006,honest,0.005,0.5537179487179487,0.053717948717948716,1
0.2,0.9902248364672727,0.02851895186119406,0.42456700712054146,0.038044695594626074,0.385,0.4246577573108962,honest,0.005,0.5537179487179487,0.053717948717948716,1
0.02,0.9067441647733501,0.004257715303613047,0.05294603517427247,0.03233872242441154,0.0,0.05325171971250372,honest,0.005,0.44384615384615383,0.05615384615384615,-1
0.0632455532033676,0.992277398726089,0.012660163476110209,0.41065599286473625,0.014284504329908904,0.192,0.411114081577817,honest,0.005,0.44384615384615383,0.05615384615384615,-1
0.2,0.9939346193515962,0.033942036494230464,0.3940917771549224,0.053734022195769615,0.391,0.39409537997855976,honest,0.005,0.44384615384615383,0.05615384615384615,-1
0.02,0.8233525018494995,0.004657769245380042,0.4929623072608401,0.0003528358936660135,0.0030000000000000027,0.49302227062167714,honest,0.005,0.5561538461538461,0.05615384615384615,1
0.0632455532033676,0.9548524934237057,0.002915468595739143,0.48911503952570706,0.0017258406011872993,0.19499999999999995,0.48919613472683476,honest,0.005,0.5561538461538461,0.05615384615384615,1
0.2,0.9247414586891272,0.025027304334479042,0.49900095438025005,0.0005008477231087647,0.378,0.49894857790118086,honest,0.005,0.5561538461538461,0.05615384615384615,1
0.02,0.9861982744991562,0.0022756108213450726,0.29352163580472623,0.010862513629355863,0.002,0.29368765512001677,honest,0.005,0.44141025641025644,0.05858974358974359,-1
0.0632455532033676,0.9006654528062066,0.0028732562778355925,0.47674312595316554,0.0036890749848895485,0.186,0.4767690873860692,honest,0.005,0.44141025641025644,0.05858974358974359,-1
0.2,0.8455818620789661,0.02362077575045385,0.4217213945608995,0.03949833664078572,0.393,0.4217665436326697,honest,0.005,0.44141025641025644,0.05858974358974359,-1
0.02,0.9942112018569076,0.0013447326240275947,0.48119292033287514,0.0009431966559259042,0.0010000000000000009,0.4811418564617748,honest,0.005,0.5585897435897436,0.05858974358974359,1
0.0632455532033676,0.9275866533412291,0.009008492633962764,0.4620242940406852,0.006029527171753849,0.17500000000000004,0.46207560314874135,honest,0.005,0.5585897435897436,0.05858974358974359,1
0.2,0.8915797821728715,0.02859944476067937,0.49263136927385687,0.0036942936931218828,0.384,0.4926523526263154,honest,0.005,0.5585897435897436,0.05858974358974359,1
0.02,0.7517747452212888,0.00340630557664888,0.2569659008092947,0.013054555234766006,0.0,0.25699916589381916,honest,0.005,0.438974358974359,0.06102564102564102,-1
0.0632455532033676,0.993084217419442,0.001693020757997682,0.5297548999919366,-0.004721518279281945,0.18,0.47066608260091647,honest,0.005,0.438974358974359,0.06102564102564102,-1
0.2,0.9940833271762136,0.011531380943888024,0.43789192955518247,0.03126322184219467,0.375,0.4378913066878194,honest,0.005,0.438974358974359,0.06102564102564102,-1
0.02,0.8365017907358802,0.00476229607769206,0.5007890467338074,-3.955696284969345e-05,0.0020000000000000018,0.49921455089438416,honest,0.005,0.561025641025641,0.06102564102564102,1
0.0632455532033676,0.990496538443938,0.010658389798851323,0.32923384971146763,0.027956414202128257,0.14500000000000002,0.3292726879446572,honest,0.005,0.561025641025641,0.06102564102564102,1
0.2,0.9923641697400339,0.0016771104028235617,0.47472429447619213,0.012679848872878891,0.379,0.4747441185386819,honest,0.005,0.561025641025641,0.06102564102564102,1
0.02,0.5820783752117173,0.007397056883566289,0.14406087501032727,0.021245020117137605,0.002,0.14425693911864873,honest,0.005,0.43653846153846154,0.06346153846153847,-1
0.0632455532033676,0.9911304563340697,0.00935127842576286,0.4295570876894165,0.011226205664304385,0.15,0.4296588410683486,honest,0.005,0.43653846153846154,0.06346153846153847,-1
0.2,0.7202811311568067,0.02495729393342369,0.48860912373135507,0.0057113146524105166,0.394,0.4886556443914866,honest,0.005,0.43653846153846154,0.06346153846153847,-1
0.02,0.9942962319210102,0.007182521262476219,0.5787311486135787,-0.003972970237602669,0.0030000000000000027,0.42133664485910355,honest,0.005,0.5634615384615385,0.06346153846153847,1
0.0632455532033676,0.9878101153194556,0.007271060039037727,0.5510173871251487,-0.00811011584816835,0.15900000000000003,0.44905930535079414,honest,0.005,0.5634615384615385,0.06346153846153847,1
0.2,0.9929864039035796,0.03711452495565106,0.3069705105575124,0.10089118667999662,0.396,0.3074627893990581,honest,0.005,0.5634615384615385,0.06346153846153847,1
0.02,0.9983787291399623,0.0037886107498445593,0.45876787473671937,0.002070766109464293,0.0,0.4587437763390862,honest,0.005,0.4341025641025641,0.06589743589743591,-1
0.0632455532033676,0.9940843415572613,0.009354424721301338,0.3814651414690269,0.019077075832855887,0.164,0.38160290976142,honest,0.005,0.4341025641025641,0.06589743589743591,-1
0.2,0.9941672302253698,0.026064983184758493,0.4982369965983047,0.0008838417118005936,0.374,0.49824689639291486,honest,0.005,0.4341025641025641,0.06589743589743591,-1
0.02,0.9976117435233617,0.003054934364029399,0.40553906548504254,0.004780708053058307,0.0,0.4055526589419793,honest,0.005,0.5658974358974359,0.06589743589743591,1
0.0632455532033676,0.9461878886520149,0.00932559186461232,0.4245326245729095,0.012036339430132117,0.16200000000000003,0.42457040110055194,honest,0.005,0.5658974358974359,0.06589743589743591,1
0.2,0.9964144152333895,0.025166507884284053,0.5051555154829852,-0.002584664119267437,0.367,0.49485725413543935,honest,0.005,0.5658974358974359,0.06589743589743591,1
0.02,0.815468963929644,0.002718218058602534,0.4383804184309132,0.0031015343500353375,0.0,0.4384252295681271,honest,0.005,0.43166666666666664,0.06833333333333334,-1
0.0632455532033676,0.9522281670704088,0.005473941504457888,0.29357318079856604,0.03434081431260467,0.158,0.29362474808597067,honest,0.005,0.43166666666666664,0.06833333333333334,-1
0.2,0.9287690254762312,0.007987841032742249,0.28214188472429774,0.1152980762715558,0.377,0.2823024779782382,honest,0.005,0.43166666666666664,0.06833333333333334,-1
0.02,0.9568288370226701,0.006689231044259225,0.5668190195807767,-0.0033656266017296306,0.0,0.43342520216432573,honest,0.005,0.5683333333333334,0.06833333333333334,1
0.0632455532033676,0.992135782445633,0.0030176914318361947,0.5151668386967888,-0.002405025333133755,0.134,0.48476160216518616,honest,0.005,0.5683333333333334,0.06833333333333334,1
0.2,0.994738875531339,0.015447719562386789,0.18146197105454792,0.18196153657564115,0.365,0.18214228626196263,honest,0.005,0.5683333333333334,0.06833333333333334,1
0.02,0.8223133004251469,0.0066802237779026025,0.23421544315108025,0.014500689323461314,0.0,0.2342448373410433,honest,0.005,0.4292307692307692,0.07076923076923078,-1
0.0632455532033676,1.0,0.006274028058955439,0.48323569956721096,0.002658479041671275,0.138,0.48329767001646085,honest,0.005,0.4292307692307692,0.07076923076923078,-1
0.2,0.9960359959094518,0.03265648758683696,0.16195011439496942,0.19729493820997057,0.355,0.16197696290890998,honest,0.005,0.4292307692307692,0.07076923076923078,-1
0.02,0.9961586298522856,0.004950439505986309,0.32166915615139496,0.009260726994265604,0.0,0.32170686941957005,honest,0.005,0.5707692307692308,0.07076923076923078,1
0.0632455532033676,0.9928787732177474,0.007518478758959182,0.49656640703019705,0.0005443448304155682,0.119,0.4965950184059575,honest,0.005,0.5707692307692308,0.07076923076923078,1
0.2,0.9803636305537304,0.01865362297200067,0.2830104100747619,0.11478433048741706,0.357,0.2830121373626709,honest,0.005,0.5707692307692308,0.07076923076923078,1
0.02,0.9309163925342872,0.0027878508807466854,0.16377779561590003,0.019580987198131814,0.0,0.16383812476029894,honest,0.005,0.4267948717948718,0.07320512820512821,-1
0.0632455532033676,0.9618168234224265,0.009383410657356324,0.4935772503067816,0.0010182623570867866,0.133,0.4936286127842117,honest,0.005,0.4267948717948718,0.07320512820512821,-1
0.2,0.9936422478424062,0.01845249806097346,0.43183647634324135,0.034340110181154446,0.35,0.43181890023307,honest,0.005,0.4267948717948718,0.07320512820512821,-1
0.02,0.9955333280317641,0.007031404780930839,0.28032568227063065,0.011637485644512868,0.0,0.28033712903324165,honest,0.005,0.5732051282051283,0.07320512820512821,1
0.0632455532033676,0.9179045715918208,0.011715164159550706,0.38511177571069066,0.018472918890407624,0.135,0.38517753084338163,honest,0.005,0.5732051282051283,0.07320512820512821,1
0.2,0.8536906108446192,0.012369551194875192,0.31616314319998196,0.09569103068281797,0.369,0.3165882145199772,honest,0.005,0.5732051282051283,0.07320512820512821,1
0.02,0.9896490113741303,0.008392571829265366,0.13905790055839484,0.02169123512025953,0.0,0.13921900521472538,honest,0.005,0.42435897435897435,0.07564102564102565,-1
0.0632455532033676,0.9707539054022566,0.010595003693338337,0.4971242439080433,0.0004559064531426093,0.127,0.49721503452721283,honest,0.005,0.42435897435897435,0.07564102564102565,-1
0.2,0.9950809617658121,0.0279965693627263,0.43936391740000125,0.03051642178133329,0.358,0.4394066236055509,honest,0.005,0.42435897435897435,0.07564102564102565,-1
0.02,0.9688701918349969,0.006360859153742418,0.5026952106596917,-0.00013511885277261345,0.0,0.49726277938260965,honest,0.005,0.5756410256410256,0.07564102564102565,1
0.0632455532033676,0.9905332957830572,0.010724789086406214,0.503119220547677,-0.000494504716194453,0.10299999999999998,0.49702481323831027,honest,0.005,0.5756410256410256,0.07564102564102565,1
0.2,0.5394513667768088,0.0320100459309879,0.4680657422178803,0.016026598111381973,0.34299999999999997,0.4680977148600634,honest,0.005,0.5756410256410256,0.07564102564102565,1
0.02,0.9966039053916725,0.006783106845629459,0.5885930360357934,-0.004478544581648432,0.0,0.4116365611053654,honest,0.005,0.4219230769230769,0.07807692307692309,-1
0.0632455532033676,0.9633858742494337,0.010406815708517578,0.46794307168881494,0.005087565436219632,0.108,0.4680846419123786,honest,0.005,0.4219230769230769,0.07807692307692309,-1
0.2,0.9284290987030559,0.012156780377198674,0.5719280216771363,-0.03625698027161227,0.358,0.42821782093892014,honest,0.005,0.4219230769230769,0.07807692307692309,-1
0.02,0.9748978187732656,0.006823666536101405,0.49289914774832333,0.0003560027392744413,0.0,0.49307450992076746,honest,0.005,0.578076923076923,0.07807692307692309,1
0.0632455532033676,0.9976120325239162,0.00495622722636796,0.5223086352684672,-0.0035385021244456415,0.11299999999999999,0.47779094587966403,honest,0.005,0.578076923076923,0.07807692307692309,1
0.2,0.992071142818364,0.028707842839113207,0.4192451027310084,0.0407650128702381,0.345,0.4192375618167015,honest,0.005,0.578076923076923,0.07807692307692309,1
0.02,1.0,0.004231028380917809,0.3147020451120129,0.009651315355274387,0.0,0.3147798279164917,honest,0.005,0.4194871794871795,0.08051282051282052,-1
0.0632455532033676,0.9843031817556029,0.010720280731131668,0.20932458872660906,0.05115091674580896,0.109,0.20961531808414796,honest,0.005,0.4194871794871795,0.08051282051282052,-1
0.2,0.8662300060766691,0.03134586126965278,0.5049835251727406,-0.0024984340014439516,0.327,0.49511823803755384,honest,0.005,0.4194871794871795,0.08051282051282052,-1
0.02,0.9938032308060999,0.0012004322298774794,0.4779993771390043,0.0011035073159512427,0.0,0.47816982890579923,honest,0.005,0.5805128205128205,0.08051282051282052,1
0.0632455532033676,0.9178692792194092,0.006365703877679457,0.35543952087295533,0.02344359393563605,0.10799999999999998,0.35546350400899124,honest,0.005,0.5805128205128205,0.08051282051282052,1
0.2,0.9911473811105803,0.01150573068138458,0.4458707173796032,0.0272202005667905,0.33499999999999996,0.4459077558214171,honest,0.005,0.5805128205128205,0.08051282051282052,1
0.02,0.8871561928051799,0.005580474516576499,0.405045401828065,0.004806177800914818,0.0,0.40504600500452437,honest,0.005,0.41705128205128206,0.08294871794871796,-1
0.0632455532033676,0.9884167126128796,0.004559210550300466,0.2613242139629148,0.04043087523043689,0.095,0.26140656169142,honest,0.005,0.41705128205128206,0.08294871794871796,-1
0.2,0.9945373818337626,0.028880731416273252,0.4925986147806824,0.003710717174903646,0.328,0.4927550309473324,honest,0.005,0.41705128205128206,0.08294871794871796,-1
0.02,0.9357998198816111,0.005704283540139354,0.501925137579406,-9.651246035568235e-05,0.0,0.49797876916085454,honest,0.005,0.5829487179487179,0.08294871794871796,1
0.0632455532033676,0.9941055139260276,0.0042014975917675085,0.3831082397353418,0.018804642966234186,0.09699999999999998,0.3832268478281221,honest,0.005,0.5829487179487179,0.08294871794871796,1
0.2,0.8401431449110084,0.024635860625877054,0.4663837862687232,0.016872663282774897,0.33299999999999996,0.4664180057466703,honest,0.005,0.5829487179487179,0.08294871794871796,1
0.02,0.8887715177396964,0.004908168000328027,0.49926317478408444,3.69389593946231e-05,0.0,0.4992659090040253,honest,0.005,0.4146153846153846,0.08538461538461539,-1
0.0632455532033676,0.9971185476750002,0.009162578651787656,0.23174536949440103,0.04636600998781055,0.074,0.23177473213452907,honest,0.005,0.4146153846153846,0.08538461538461539,-1
0.2,0.8408866030161274,0.0014445984588872807,0.4782065530849414,0.01093105381459544,0.365,0.4782715884228265,honest,0.005,0.4146153846153846,0.08538461538461539,-1
0.02,0.9867391322290687,0.003869534942123859,0.5484925243503386,-0.0024370723088649334,0.0,0.4514676247023966,honest,0.005,0.5853846153846154,0.08538461538461539,1
0.0632455532033676,0.9127932601581655,0.011021504465168183,0.4969484112677943,0.0004837825146924243,0.08899999999999997,0.4971185734091874,honest,0.005,0.5853846153846154,0.08538461538461539,1
0.2,0.9181926967521986,0.03462550194229981,0.2720958916765521,0.12129728821670471,0.31699999999999995,0.27225456148105426,honest,0.005,0.5853846153846154,0.08538461538461539,1
0.02,0.9952665787609598,0.0019867136061101354,0.48752837297535706,0.0006253365333446933,0.0,0.48755937793928716,honest,0.005,0.41217948717948716,0.08782051282051283,-1
0.0632455532033676,0.999319779751109,0.006884206675049874,0.5051540369595205,-0.0008171081458749049,0.077,0.49488259337272267,honest,0.005,0.41217948717948716,0.08782051282051283,-1
0.2,1.0,0.03804005835749231,0.20316670903437892,0.166072656725887,0.339,0.20342922591280924,honest,0.005,0.41217948717948716,0.08782051282051283,-1
0.02,0.9961771733639238,0.002239150940764406,0.5241901766410222,-0.001213459704043539,0.0,0.4758585593194,honest,0.005,0.5878205128205128,0.08782051282051283,1
0.0632455532033676,0.8997094541709488,0.016759551212032986,0.10200980684080266,0.08033339774102125,0.08099999999999996,0.10274160112926148,honest,0.005,0.5878205128205128,0.08782051282051283,1
0.2,0.993518973495737,0.013164383299886923,0.4574462915489891,0.021373881586941892,0.32899999999999996,0.45753844573200136,honest,0.005,0.5878205128205128,0.08782051282051283,1
0.02,0.9496061672739521,0.0050198025431680005,0.5100018055836705,-0.0005014687121686372,0.0,0.49005174421753755,honest,0.005,0.4097435897435897,0.09025641025641026,-1
0.0632455532033676,0.9688866137876184,0.011110565523559594,0.5031526874790582,-0.0004998104962277263,0.079,0.4968377104281821,honest,0.005,0.4097435897435897,0.09025641025641026,-1
0.2,0.9930604810370216,0.035527372651384524,0.4614759025267763,0.01934323228142644,0.357,0.46167852298837997,honest,0.005,0.4097435897435897,0.09025641025641026,-1
0.02,0.9906166352221265,0.0018261707644368769,0.37919710989414135,0.006151802906492254,0.0,0.3791871789596651,honest,0.005,0.5902564102564103,0.09025641025641026,1
0.0632455532033676,0.7462350474045181,0.00681843639077459,0.3233934495815847,0.028981037106602256,0.07499999999999996,0.32340051979323603,honest,0.005,0.5902564102564103,0.09025641025641026,1
0.2,0.9511562027514304,0.024264275172700245,0.49886406645228965,0.0005694733992584179,0.32699999999999996,0.4989182853839387,honest,0.005,0.5902564102564103,0.09025641025641026,1
0.02,0.9906052247783546,0.0005211486756350678,0.45398080464655904,0.002312200704224959,0.0,0.4540053786505569,honest,0.005,0.4073076923076923,0.0926923076923077,-1
0.0632455532033676,0.9798350796085461,0.002494590321960928,0.5133990642188903,-0.0021245946037937715,0.073,0.4865226488492744,honest,0.005,0.4073076923076923,0.0926923076923077,-1
0.2,0.9976243034263603,0.02822697951051434,0.36563820567729216,0.06868562304639865,0.293,0.3656741046123074,honest,0.005,0.4073076923076923,0.0926923076923077,-1
0.02,0.8451055278802168,0.002502461258154967,0.48443546391607806,0.0007804881808381572,0.0,0.4846135443546973,honest,0.005,0.5926923076923077,0.0926923076923077,1
0.0632455532033676,0.8622293173825205,0.010616594200841656,0.5086997699413534,-0.0013793107588661955,0.07699999999999996,0.4914885303143178,honest,0.005,0.5926923076923077,0.0926923076923077,1
0.2,0.9903430186058719,0.029968501550925328,0.4520210894354535,0.02411133700361391,0.31200000000000006,0.45207324927607245,honest,0.005,0.5926923076923077,0.0926923076923077,1
0.02,0.6118240367472011,0.005270533140730227,0.49483041261634064,0.0002591719314825783,0.0,0.49492719121347883,honest,0.005,0.40487179487179487,0.09512820512820513,-1
0.0632455532033676,0.4250093472353196,0.011099237064115357,0.5071693006604994,-0.001136632583113317,0.063,0.492832217617072,honest,0.005,0.40487179487179487,0.09512820512820513,-1
0.2,0.984147377140662,0.028588383643038263,0.4934150101149492,0.003301374285330553,0.324,0.49337765359717717,honest,0.005,0.40487179487179487,0.09512820512820513,-1
0.02,0.9936706094501214,0.0028724101168110527,0.4269076782731838,0.003685050480283522,0.0,0.426910011215729,honest,0.005,0.5951282051282052,0.09512820512820513,1
0.0632455532033676,0.9901875416083115,0.005259486765298971,0.48065703599958287,0.003067702362130305,0.062000000000000055,0.4804992371656303,honest,0.005,0.5951282051282052,0.09512820512820513,1
0.2,0.288231084665883,0.005058161103794048,0.5607483740162548,-0.030573376721564068,0.32299999999999995,0.4394551120205615,honest,0.005,0.5951282051282052,0.09512820512820513,1
0.02,0.9605100718478983,0.0056172476474707425,0.4270117394041473,0.0036797444491746926,0.0,0.4271933439573559,honest,0.005,0.4024358974358974,0.09756410256410257,-1
0.0632455532033676,1.0,0.011440213487130008,0.26616926723453876,0.03949306559382275,0.071,0.26614901094379,honest,0.005,0.4024358974358974,0.09756410256410257,-1
0.2,0.9914274021347039,0.03115622808780611,0.500463010500869,-0.00023211909469591084,0.321,0.4996066498858486,honest,0.005,0.4024358974358974,0.09756410256410257,-1
0.02,0.9914150557136976,0.006019941349857769,0.5756032456447783,-0.003813160955412592,0.0,0.4248283565408112,honest,0.005,0.5975641025641025,0.09756410256410257,1
0.0632455532033676,0.9934502862658208,0.010426326800833871,0.40637939410155444,0.014980880931461053,0.06699999999999995,0.40660390617583814,honest,0.005,0.5975641025641025,0.09756410256410257,1
0.2,0.9925285310676362,0.0066903947062617874,0.5145418487159109,-0.007291816968639621,0.28600000000000003,0.4856958264323084,honest,0.005,0.5975641025641025,0.09756410256410257,1
0.02,0.9357145947125225,0.0036059268160913496,0.32786567175747355,0.008916287324538887,0.0,0.32822758333608737,honest,0.005,0.4,0.1,-1
0.0632455532033676,0.9925956919541068,0.009674158147428627,0.2850478101129587,0.03591782507064588,0.044,0.28506305537273746,honest,0.005,0.4,0.1,-1
0.2,0.7363344703975415,0.026933917745903632,0.505311412357881,-0.002662825948245946,0.308,0.49470131486189717,honest,0.005,0.4,0.1,-1
0.02,0.9908704110189315,0.005941808002787388,0.5026667764639614,-0.00013369334140316986,0.0,0.4972971364308805,honest,0.005,0.6,0.1,1
0.0632455532033676,0.7875579651591506,0.002974070804608278,0.25040053057170153,0.04257879553922833,0.06799999999999995,0.25062700347555666,honest,0.005,0.6,0.1,1
0.2,0.9219290908844708,0.024775286547703085,0.5022488797221059,-0.0011274270706036079,0.31000000000000005,0.49781188013589905,honest,0.005,0.6,0.1,1
0.02,0.9948202453633678,0.0022708180665481845,0.1900611447848084,0.01755341989055689,0.0,0.19064918618500562,honest,0.005,0.39,0.11,-1
0.0632455532033676,0.390996802262469,0.011385218337676799,0.3522051184986823,0.023993711520807398,0.034,0.3522020227740633,honest,0.005,0.39,0.11,-1
0.2,0.9967538821070338,0.0328053716248299,0.28715806344083367,0.11234126422411517,0.304,0.28750260910184355,honest,0.005,0.39,0.11,-1
0.02,0.8292569971152506,0.006881763289631068,0.32893861506637273,0.008856917187644824,0.0,0.3290543546776288,honest,0.005,0.61,0.11,1
0.0632455532033676,0.9904996840564426,0.011285261286642007,0.36264283258943775,0.022224708065654217,0.040000000000000036,0.3626648548146656,honest,0.005,0.61,0.11,1
0.2,0.7397859438467669,0.0306565744542963,0.33571728260262007,0.08483599459909877,0.28400000000000003,0.3357260288769469,honest,0.005,0.61,0.11,1
0.02,0.9932544819494322,0.0064569666303944465,0.4322782449878915,0.0034115373094051565,0.0,0.4323827927631942,honest,0.005,0.38,0.12,-1
0.0632455532033676,0.9784339189525121,0.00810104855593731,0.38428010058081563,0.01861055656074948,0.026,0.3843528955141146,honest,0.005,0.38,0.12,-1
0.2,0.9819524785408076,0.029608352520643644,0.2104274942327911,0.16098776292722727,0.261,0.21049071119775586,honest,0.005,0.38,0.12,-1
0.02,0.9904639237337571,0.005426505862108119,0.5063257186130116,-0.0003171377923913287,0.0,0.49377297641114865,honest,0.005,0.62,0.12,1
0.0632455532033676,0.9913304642094656,0.0011062523972164007,0.4750497638619674,0.003958020146657882,0.03500000000000003,0.47502665310433295,honest,0.005,0.62,0.12,1
0.2,0.9841083849094882,0.021647032195781443,0.37168296842107706,0.06547984915480458,0.279,0.371681661504029,honest,0.005,0.62,0.12,1
0.02,0.9925432856087087,0.006735214411631454,0.3160435986781704,0.009575823446711342,0.0,0.316230146034487,honest,0.005,0.37,0.13,-1
0.0632455532033676,0.981478572501608,0.0066474835623444445,0.5694155245835264,-0.01106078276753385,0.022,0.4306057433466955,honest,0.005,0.37,0.13,-1
0.2,0.9837731322173124,0.011012971272694377,0.4834386311885989,0.008305025224436385,0.265,0.48354279606753603,honest,0.005,0.37,0.13,-1
0.02,0.9589422381633884,0.005765383697825588,0.5094135224047142,-0.00047196783004024265,0.0,0.49062750803952354,honest,0.005,0.63,0.13,1
0.0632455532033676,0.8256444010099823,0.010440822493715696,0.4925136291132604,0.0011869071890501651,0.029000000000000026,0.49253167721857927,honest,0.005,0.63,0.13,1
0.2,0.9916498955481843,0.015569830709240451,0.47757400823580815,0.011248652681565234,0.244,0.4776192910518077,honest,0.005,0.63,0.13,1
0.02,0.9964894196144555,0.006445710549256675,0.3907759536678801,0.005545944053124223,0.0,0.39090757512727475,honest,0.005,0.36,0.14,-1
0.0632455532033676,0.9928533415352329,0.007472831754155626,0.2766762890805692,0.03748841387001113,0.014,0.27665039589592855,honest,0.005,0.36,0.14,-1
0.2,0.9482967927000577,0.004449878819012161,0.5025756875158549,-0.0012912672016378874,0.249,0.4976623721901789,honest,0.005,0.36,0.14,-1
0.02,0.8052016960149881,0.007877628874223663,0.5018529734353311,-9.289464611277244e-05,0.0,0.4981523969354535,honest,0.005,0.64,0.14,1
0.0632455532033676,0.7209695877441484,0.010534162141357162,0.504396676072594,-0.0006970327623252933,0.016000000000000014,0.4957293671878694,honest,0.005,0.64,0.14,1
0.2,0.8217232311240992,0.025131015579871463,0.49486407392973764,0.002574842627096506,0.27,0.49493153250337885,honest,0.005,0.64,0.14,1
0.02,0.9922842606490757,0.001939696563515593,0.4383881191928123,0.003101143621530391,0.0,0.43847007964808155,honest,0.005,0.35,0.15,-1
0.0632455532033676,0.9923898401420498,0.008203300318878483,0.22203809442743255,0.04840359975732994,0.006,0.22200934093791494,honest,0.005,0.35,0.15,-1
0.2,0.9879392555285044,0.010883708993214843,0.4526217318253213,0.02380805099467741,0.226,0.45258864213810834,honest,0.005,0.35,0.15,-1
0.02,0.9724350870311828,0.004084297846478652,0.5023354397261547,-0.00011708225376928316,0.0,0.49767591307799874,honest,0.005,0.65,0.15,1
0.0632455532033676,0.6036228297757498,0.0018810308452149455,0.5555358305485738,-0.008832897417696866,0.0040000000000000036,0.44457066166630443,honest,0.005,0.65,0.15,1
0.2,0.802377047236384,0.0017733894763467817,0.491971843874156,0.004024992307557192,0.246,0.4920923592215232,honest,0.005,0.65,0.15,1
0.02,0.994699075981999,0.005091357094324907,0.501446942346539,-7.253909099112703e-05,0.0,0.4985407521520956,honest,0.005,0.33999999999999997,0.16,-1
0.0632455532033676,0.9643917286944914,0.0008997140387584993,0.2731560948663038,0.03815575158594638,0.01,0.27314872756835934,honest,0.005,0.33999999999999997,0.16,-1
0.2,0.9938085193728416,0.03676927807487477,0.032975526711552336,0.36775123966122897,0.244,0.03308122688433228,honest,0.005,0.33999999999999997,0.16,-1
0.02,0.988353930707527,0.006455266213724428,0.2962533954505061,0.010704138133933156,0.0,0.29638400241934676,honest,0.005,0.66,0.16,1
0.0632455532033676,0.9982353569140914,0.011464275619899267,0.15723158294272027,0.063618769063969,0.0050000000000000044,0.1574124250127496,honest,0.005,0.66,0.16,1
0.2,0.9887334083775807,0.025524537890186452,0.5376224054593477,-0.018889121263955633,0.23399999999999999,0.4624627895787151,honest,0.005,0.66,0.16,1
0.02,0.9911950777530474,0.007647955456678575,0.3186507430193151,0.009429502308076656,0.0,0.3188514378574646,honest,0.005,0.33,0.16999999999999998,-1
0.0632455532033676,0.9870921920871581,0.012347399092759115,0.5036856837756104,-0.0005843111569240335,0.007,0.49626642781934616,honest,0.005,0.33,0.16999999999999998,-1
0.2,0.9665743265162866,0.03739216154225758,0.3365479725018098,0.08438056580898676,0.195,0.3365309830008157,honest,0.005,0.33,0.16999999999999998,-1
0.02,0.9955171156265884,0.0027771788553033194,0.442789272869403,0.002878022539882892,0.0,0.4428140837271632,honest,0.005,0.6699999999999999,0.16999999999999998,1
0.0632455532033676,0.6628309831078131,0.011492745069650909,0.31132147147906836,0.031123647540660587,0.0020000000000000018,0.31135968823063814,honest,0.005,0.6699999999999999,0.16999999999999998,1
0.2,0.9816617667110318,0.03395179553735764,0.4456809072756479,0.02731624579422653,0.18400000000000005,0.4457521357421883,honest,0.005,0.6699999999999999,0.16999999999999998,1
0.02,0.9969564893469123,0.005783464717756329,0.32670821539004335,0.008980422134629183,0.0,0.32673667271706414,honest,0.005,0.32,0.18,-1
0.0632455532033676,0.9802533371170121,0.010161816702721704,0.5033217148186445,-0.0005266078054211831,0.004,0.4966325835409681,honest,0.005,0.32,0.18,-1
0.2,0.9616413478078597,0.02645985836461691,0.35675492103678186,0.0734292735807055,0.178,0.3568381433204991,honest,0.005,0.32,0.18,-1
0.02,0.9997410113271424,0.005962576318509258,0.5103535638601335,-0.0005191089984345412,0.0,0.4898134651779984,honest,0.005,0.6799999999999999,0.18,1
0.0632455532033676,0.9955963270538624,0.008086729353265168,0.5008236041225028,-0.00013056860079348868,0.0030000000000000027,0.4991771063129314,honest,0.005,0.6799999999999999,0.18,1
0.2,0.6728284385633978,0.003994914211038078,0.2526056581287573,0.13326251915896584,0.18200000000000005,0.2525689528271058,honest,0.005,0.6799999999999999,0.18,1
0.02,0.9913897941675996,0.005994376982408296,0.5052726069912866,-0.00026433701106377155,0.0,0.49491323955085587,honest,0.005,0.31,0.19,-1
0.0632455532033676,0.8832550957352246,0.0073397359124985975,0.4088283000708497,0.014581898458812947,0.0,0.40884728139695076,honest,0.005,0.31,0.19,-1
0.2,0.9933527835408295,0.0017618588287702033,0.10867355877181552,0.24672261552475813,0.171,0.10905994388507102,honest,0.005,0.31,0.19,-1
0.02,0.6320860351144535,0.004959127433119978,0.4690179555219901,0.0015547739508982139,0.0,0.4691302152585476,honest,0.005,0.69,0.19,1
0.0632455532033676,0.9950951098353459,0.008165036222359118,0.5009354846918058,-0.00014830541653357423,0.0,0.4990630890775815,honest,0.005,0.69,0.19,1
0.2,0.9882532101853401,0.030950270754397574,0.4945496129624099,0.0027325038590550682,0.18600000000000005,0.49459841607358745,honest,0.005,0.69,0.19,1
0.02,0.9189572852858537,0.00737929831814961,0.42058864601174456,0.004007756208531691,0.0,0.420754715113988,honest,0.005,0.3,0.2,-1
0.0632455532033676,0.9927789752310535,0.0013090248840663607,0.4804964001821471,0.0030931986795606865,0.001,0.4803705759762648,honest,0.005,0.3,0.2,-1
0.2,0.959960536425382,0.02868053970509646,0.22676932349355783,0.14990572674591732,0.131,0.22683799569920027,honest,0.005,0.3,0.2,-1
0.02,0.9406741630996037,0.0011656558831283498,0.468950566444326,0.0015581625843316075,0.0,0.4691002295994891,honest,0.005,0.7,0.2,1
0.0632455532033676,0.9933601894298998,0.0005828748251389126,0.47767850363063313,0.003540544230028489,0.0,0.4778829251935258,honest,0.005,0.7,0.2,1
0.2,0.9951328309759582,0.01181606122187076,0.5005586873618991,-0.00028008439915244514,0.16900000000000004,0.4994485189840852,honest,0.005,0.7,0.2,1
0.02,0.9924681176855799,0.00477874338406107,0.42034829470322765,0.0040200507632425385,0.0,0.4203551908511097,honest,0.005,0.29,0.21000000000000002,-1
0.0632455532033676,0.9921382116550448,0.0028982281396071827,0.28959256817273316,0.035074426378523364,0.0,0.2895749116910563,honest,0.005,0.29,0.21000000000000002,-1
0.2,0.9629758124393943,0.02704247514345931,0.3872781488341438,0.05728404194478762,0.141,0.3874211321092522,honest,0.005,0.29,0.21000000000000002,-1
0.02,0.9143831117276119,0.004696424037262892,0.3278464553829431,0.008917351356434455,0.0,0.3278593932001256,honest,0.005,0.71,0.21000000000000002,1
0.0632455532033676,0.8564634444760427,0.011966694713093765,0.2522595015238401,0.04220985073660936,0.0010000000000000009,0.2522396809517614,honest,0.005,0.71,0.21000000000000002,1
0.2,0.9375185619229458,0.030723184975141163,0.2903882411284887,0.11045017510385031,0.15900000000000003,0.2904081317115599,honest,0.005,0.71,0.21000000000000002,1
0.02,0.7766583599782088,0.0014329672600450205,0.2989381373740144,0.010549139852607447,0.0,0.29926369297024313,honest,0.005,0.28,0.22,-1
0.0632455532033676,0.9949175506202531,0.01007038110505952,0.510329150297601,-0.0016376951305414143,0.001,0.4897611440218261,honest,0.005,0.28,0.22,-1
0.2,0.9627275764767881,0.033713658883432446,0.4246706078177103,0.037991811002747095,0.141,0.4247976085114601,honest,0.005,0.28,0.22,-1
0.02,0.9928003914415172,0.004982678440623348,0.5103478191383806,-0.0005188209038226304,0.0,0.4896801010939004,honest,0.005,0.72,0.22,1
0.0632455532033676,0.9900073950957118,0.010411182281811593,0.4123815275420021,0.01400402259247732,0.0,0.4125243600848071,honest,0.005,0.72,0.22,1
0.2,1.0,0.01944646371895703,0.48176247165386576,0.009146127712152244,0.132,0.4819019249162981,honest,0.005,0.72,0.22,1
0.02,0.9967543525158309,0.00489050000279783,0.3297112124034893,0.00881421467699578,0.0,0.3297974880121886,honest,0.005,0.27,0.22999999999999998,-1
0.0632455532033676,0.8508583110693468,0.0014696567800857319,0.4652884419526365,0.005509892459280411,0.0,0.4652876320546728,honest,0.005,0.27,0.22999999999999998,-1
0.2,0.9967087835857763,0.03492418893206085,0.4693299569842404,0.015390856594337601,0.117,0.46951549448804064,honest,0.005,0.27,0.22999999999999998,-1
0.02,0.9974385310259355,0.0032764339803930675,0.47463874170150216,0.0012722825250435232,0.0,0.4747231213361455,honest,0.005,0.73,0.22999999999999998,1
0.0632455532033676,0.9900113132899854,0.005432826689370382,0.1924862194300601,0.0549458977833292,0.0,0.19261470419058943,honest,0.005,0.73,0.22999999999999998,1
0.2,0.817583943695525,0.00906180506429001,0.3240619529877099,0.09127400803600516,0.13,0.32412063960231624,honest,0.005,0.73,0.22999999999999998,1
0.02,0.9836585681416721,0.0051797178918595935,0.4917584838103885,0.00041319774251552695,0.0,0.49184562672949533,honest,0.005,0.26,0.24,-1
0.0632455532033676,0.961803239264255,0.0017368805305820953,0.4881966964271937,0.0018714872916358162,0.0,0.4882839913527258,honest,0.005,0.26,0.24,-1
0.2,0.9935529839982922,0.010670711567257532,0.48488059331136824,0.007581561855544434,0.119,0.48472143925380345,honest,0.005,0.26,0.24,-1
0.02,0.7584420072942921,0.004911724644756435,0.23439798703713474,0.014488789447367971,0.0,0.23442848912000394,honest,0.005,0.74,0.24,1
0.0632455532033676,0.9860814196826425,0.0032533594422668732,0.3879415646035062,0.018005254656040696,0.0,0.38795612109692146,honest,0.005,0.74,0.24,1
0.2,0.994186249490982,0.02184600235293435,0.36727603258961256,0.06781530955344925,0.127,0.36729895720404115,honest,0.005,0.74,0.24,1
0.02,0.9943064086299161,0.007455483773051587,0.22793700472586145,0.014913160898707967,0.0,0.22817985060603435,honest,0.005,0.25,0.25,-1
0.0632455532033676,0.9930321950295434,0.011654182455295887,0.16292494153512502,0.062139231241429636,0.0,0.1634967882471641,honest,0.005,0.25,0.25,-1
0.2,0.9934222371585538,0.00786357853930146,0.4602836816922284,0.019943813231597697,0.106,0.46028388616632476,honest,0.005,0.25,0.25,-1
0.02,0.9623870534203206,0.0067125231014031755,0.35090919717633995,0.007657339628842172,0.0,0.3510028383095142,honest,0.005,0.75,0.25,1
0.0632455532033676,0.9908334020034237,0.002500539083566511,0.4452027530406016,0.00871467533453201,0.0,0.4452378766557707,honest,0.005,0.75,0.25,1
0.2,0.7887425952557852,0.011059947164054729,0.3720545538089634,0.06528333907016472,0.10499999999999998,0.3720632678030824,honest,0.005,0.75,0.25,1
0.02,0.8026331307728924,0.005263115863370277,0.5164087986638776,-0.0008228472528449376,0.0,0.4837499261215894,honest,0.005,0.24,0.26,-1
0.0632455532033676,0.96029737032563,0.013783626097618313,0.4240618697233586,0.012112342164236813,0.0,0.42405604130085717,honest,0.005,0.24,0.26,-1
0.2,0.9937436159662394,0.030105883249854092,0.31909274962785494,0.09404745681558274,0.109,0.31922201124731153,honest,0.005,0.24,0.26,-1
0.02,0.9623707892756912,0.0058826513719722195,0.49227404824496845,0.0003873459960731045,0.0,0.49230291315699504,honest,0.005,0.76,0.26,1
0.0632455532033676,0.9806506520816068,0.001037348335655719,0.38364997271301826,0.018714897950289723,0.0,0.3837591551227682,honest,0.005,0.76,0.26,1
0.2,0.9967574804406154,0.016854166981681698,0.48270849560290835,0.008671390784159407,0.09899999999999998,0.48271332686499085,honest,0.005,0.76,0.26,1
0.02,0.9914507276728373,0.005478806811544043,0.4460549896309023,0.0027126963536374215,0.0,0.4461768835687228,honest,0.005,0.22999999999999998,0.27,-1
0.0632455532033676,0.9916296839019634,0.009562040930223316,0.23880330554257198,0.044914289828703165,0.0,0.2388990104155205,honest,0.005,0.22999999999999998,0.27,-1
0.2,0.9506729393766864,0.03793902415169294,0.24914404897961684,0.1354371531226549,0.086,0.24961014290915615,honest,0.005,0.22999999999999998,0.27,-1
0.02,0.9947179108122152,0.0004375105982230426,0.16732068571033468,0.01929614470059974,0.0,0.16753591214425506,honest,0.005,0.77,0.27,1
0.0632455532033676,0.994000952660601,0.004973842500997139,0.48597770078228997,0.0022234563753085364,0.0,0.48597415553144946,honest,0.005,0.77,0.27,1
0.2,0.9919436390455454,0.030039613815007166,0.388857733242351,0.056459483274866364,0.09099999999999997,0.3890575129136906,honest,0.005,0.77,0.27,1
0.02,0.9673920779900903,0.00645221721279789,0.422902137673647,0.003889492177805362,0.0,0.4231337796134479,honest,0.005,0.21999999999999997,0.28,-1
0.0632455532033676,0.9936292006442824,0.011361485846374478,0.4637648901131913,0.0057523852599430806,0.0,0.4638454158285894,honest,0.005,0.21999999999999997,0.28,-1
0.2,0.9936499691729319,0.00630635342327867,0.4706886146394031,0.014707795295651138,0.087,0.47083114549169036,honest,0.005,0.21999999999999997,0.28,-1
0.02,0.9953931734298489,0.005711529122219894,0.49031823544688863,0.0004854193497927516,0.0,0.4904356740002949,honest,0.005,0.78,0.28,1
0.0632455532033676,0.9152410667627338,0.011566664657158707,0.2623864518508902,0.0402245132363493,0.0,0.26252704287686307,honest,0.005,0.78,0.28,1
0.2,0.9501336607365468,0.016665381601518064,0.28965226936461386,0.1108801716883493,0.08599999999999997,0.2901911587226731,honest,0.005,0.78,0.28,1
0.02,0.994450167566034,0.001389554509011924,0.23281732429070756,0.014592002408852903,0.0,0.2331423492973568,honest,0.005,0.21000000000000002,0.29,-1
0.0632455532033676,0.9919447379068281,0.012189371480021416,0.2925613699396968,0.03452684587391864,0.0,0.2925076415812869,honest,0.005,0.21000000000000002,0.29,-1
0.2,0.9195385010090207,0.034823905612191626,0.3876231840981552,0.05710384748145837,0.079,0.38804821231130876,honest,0.005,0.21000000000000002,0.29,-1
0.02,0.967078261060434,0.0032752058929419736,0.48808407349198296,0.0005974648181559431,0.0,0.4881183522148577,honest,0.005,0.79,0.29,1
0.0632455532033676,0.9566050384434469,0.004665761145825287,0.4741138982876699,0.004106687701453915,0.0,0.4741057704120104,honest,0.005,0.79,0.29,1
0.2,0.646355307416968,0.033449495383109304,0.26941162644576955,0.12291868644199554,0.07199999999999995,0.2695326647574721,honest,0.005,0.79,0.29,1
0.02,0.9966719441136455,0.005301178742281015,0.2730808937402893,0.012070430890850055,0.0,0.2730891055249114,honest,0.005,0.2,0.3,-1
0.0632455532033676,0.9914604964509616,0.0023508970596873915,0.4730721518647223,0.004272201758141581,0.0,0.4730713032311012,honest,0.005,0.2,0.3,-1
0.2,0.9936919503818252,0.010531746310215476,0.3273077327471738,0.08947191312084225,0.059,0.32737929607050104,honest,0.005,0.2,0.3,-1
0.02,0.8625031341231651,0.007909622916353554,0.44695526024894955,0.0026671534069235624,0.0,0.4471335962147611,honest,0.005,0.8,0.3,1
0.0632455532033676,0.99578068636267,0.010006532847028932,0.20073407123794365,0.05306315067927402,0.0,0.20086539344514617,honest,0.005,0.8,0.3,1
0.2,0.9996138226015684,0.024091106250926406,0.3818254202162656,0.06013801429703445,0.06999999999999995,0.3818514680217795,honest,0.005,0.8,0.3,1
0.02,0.9759506939422086,0.002373190843873711,0.5590871281558387,-0.0029731032365788485,0.0,0.4409217125274762,honest,0.005,0.19,0.31,-1
0.0632455532033676,0.9936704212887351,0.00407062717949179,0.4471467503599579,0.008403651956505836,0.0,0.4471279981928624,honest,0.005,0.19,0.31,-1
0.2,0.9905369603559606,0.008580402413465534,0.22968845483636605,0.14797464915859784,0.052,0.22971355141065494,honest,0.005,0.19,0.31,-1
0.02,0.9951147767321163,0.005068322008087642,0.5033814247121977,-0.00016952152566779264,0.0,0.49663547463710367,honest,0.005,0.81,0.31,1
0.0632455532033676,0.9923826975425061,0.010839226382351033,0.49827647054335283,0.0002732373037279795,0.0,0.4983073631379051,honest,0.005,0.81,0.31,1
0.2,0.9917224166704697,0.016716573062732873,0.4911208924436024,0.004451691973884856,0.07399999999999995,0.49118569808405155,honest,0.005,0.81,0.31,1
0.02,0.9578811798443913,0.00468187376222964,0.6684942209212249,-0.008715180983702482,0.0,0.331528061444101,honest,0.005,0.18,0.32,-1
0.0632455532033676,0.9515260404792398,0.011772292989063883,0.49945767939688906,8.597578849449775e-05,0.0,0.4994413027111825,honest,0.005,0.18,0.32,-1
0.2,0.8737092721302375,0.0021207652470837182,0.4263149236216527,0.037152797369518716,0.05,0.4263791291523394,honest,0.005,0.18,0.32,-1
0.02,1.0,0.003197926833695547,0.49626474043331054,0.00018726088091027937,0.0,0.49630602769236076,honest,0.005,0.8200000000000001,0.32,1
0.0632455532033676,0.9532422596456368,0.005026993135552868,0.4562247179283604,0.0069538160988339695,0.0,0.45627801105062193,honest,0.005,0.8200000000000001,0.32,1
0.2,0.9952765834558372,0.03230757837247064,0.488332065520591,0.005850269076007334,0.06399999999999995,0.48851100765629196,honest,0.005,0.8200000000000001,0.32,1
0.02,0.8832289091683236,0.0025634610727128873,0.3736621244055546,0.006443391064636234,0.0,0.3736580729005167,honest,0.005,0.16999999999999998,0.33,-1
0.0632455532033676,0.9697906183185295,0.003496861970771717,0.4765839472895565,0.003714353331365278,0.0,0.4765750553747594,honest,0.005,0.16999999999999998,0.33,-1
0.2,0.9928014974258255,0.032609579335094285,0.444730948142897,0.027797026823112983,0.042,0.44496829371712654,honest,0.005,0.16999999999999998,0.33,-1
0.02,0.7350441446553836,0.0025865551822162602,0.3447366576047817,0.007991398401435184,0.0,0.3447326276274746,honest,0.005,0.8300000000000001,0.33,1
0.0632455532033676,0.9945510829413189,0.009232652972879216,0.41910701029403186,0.012913381486565869,0.0,0.41911873519254583,honest,0.005,0.8300000000000001,0.33,1
0.2,0.9808514739601066,0.019220697200222264,0.5203526240114136,-0.010207722581682017,0.039000000000000035,0.4796352937763172,honest,0.005,0.8300000000000001,0.33,1
0.02,0.991301512379887,0.004899376832655494,0.5167059262956082,-0.0008377558656222573,0.0,0.48339680388733675,honest,0.005,0.15999999999999998,0.34,-1
0.0632455532033676,0.9186510087220489,0.013063530566080069,0.1429160597294478,0.06750257698948081,0.0,0.14308002587694696,honest,0.005,0.15999999999999998,0.34,-1
0.2,0.9814132797434386,0.020999820387361284,0.2551162508429632,0.13169514151959147,0.035,0.2551598358128596,honest,0.005,0.15999999999999998,0.34,-1
0.02,0.7063436852178312,0.004977608369569578,0.6777269333128632,-0.009227038599821614,0.0,0.32226505320726095,honest,0.005,0.8400000000000001,0.34,1
0.0632455532033676,0.9801930929137043,0.007770958976092507,0.3067277450221476,0.031948310676066086,0.0,0.3067619939416786,honest,0.005,0.8400000000000001,0.34,1
0.2,0.809494147165074,0.013314059915492504,0.44385051393667085,0.028242764208870924,0.051000000000000045,0.44381132384556976,honest,0.005,0.8400000000000001,0.34,1
0.02,0.9445997972681418,0.0044708108627283805,0.5047744461135699,-0.0002393609464673165,0.0,0.49522732669236724,honest,0.005,0.15000000000000002,0.35,-1
0.0632455532033676,0.781847529180636,0.00858273576792122,0.4911887306829217,0.001396991357923261,0.0,0.4912472888012208,honest,0.005,0.15000000000000002,0.35,-1
0.2,0.9950008773191557,0.028612938604749897,0.502486264655927,-0.0012464363255215464,0.044,0.4975263111752687,honest,0.005,0.15000000000000002,0.35,-1
0.02,0.9665026873873988,0.006498978567458222,0.5613439230298173,-0.00308754846367457,0.0,0.438977679171459,honest,0.005,0.85,0.35,1
0.0632455532033676,0.8081635786487052,0.007316216532431058,0.48948662839701995,0.0016669102722839785,0.0,0.48951229338391655,honest,0.005,0.85,0.35,1
0.2,0.9950179761908441,0.008297617691771453,0.4961408326370646,0.0019347297804386378,0.04600000000000004,0.4959797504128614,honest,0.005,0.85,0.35,1
0.0632455532033676,0.9002032820653533,0.013640085826599452,0.16257501478496106,0.062229184608179125,0.458,0.16301141938972805,honest,0.02,0.495,0.005,-1
0.2,0.9941761487535609,0.010649071355900777,0.4704779068708241,0.014813716591020194,0.493,0.47066963440379667,honest,0.02,0.495,0.005,-1
0.0632455532033676,0.9932121465301742,0.031590788233429604,0.1848867065220775,0.056724802399465375,0.49,0.18519317005171637,honest,0.02,0.505,0.005,1
0.2,0.9929792436934538,0.01787652227260307,0.07475461197112414,0.28825343007936793,0.479,0.0748795462384753,honest,0.02,0.505,0.005,1
0.0632455532033676,0.7693799794177113,0.00886977542018054,0.4007644771116755,0.015897961530242193,0.442,0.4007934121163961,honest,0.02,0.49256410256410255,0.0074358974358974365,-1
0.2,0.9832048169267691,0.004612417490823986,0.4706734017890899,0.01471544254869029,0.47,0.47067106608936804,honest,0.02,0.49256410256410255,0.0074358974358974365,-1
0.0632455532033676,0.9696870907311121,0.018390698702074187,0.5082724159669616,-0.001311545677113815,0.45299999999999996,0.4917998713040355,honest,0.02,0.5074358974358975,0.0074358974358974365,1
0.2,0.99284751508438,0.00514829972108323,0.49005290422717446,0.004987251114176444,0.5,0.4899915357794231,honest,0.02,0.5074358974358975,0.0074358974358974365,1
0.0632455532033676,0.8876233665977438,0.018869389465648617,0.4932807945301864,0.0010652667851942168,0.439,0.4933524208730838,honest,0.02,0.49012820512820515,0.009871794871794872,-1
0.2,0.9971266619981333,0.05197692945469974,0.24484738922308782,0.13815887262683577,0.484,0.24527284076488934,honest,0.02,0.49012820512820515,0.009871794871794872,-1
0.0632455532033676,0.9746669503360926,0.018748237409237686,0.5000497729242075,-7.890655588199573e-06,0.45799999999999996,0.49993186721838223,honest,0.02,0.5098717948717949,0.009871794871794872,1
0.2,0.9628899270619504,0.034560145000193006,0.5931619176394819,-0.047137243699701334,0.498,0.4068509321756866,honest,0.02,0.5098717948717949,0.009871794871794872,1
0.02,0.9975425631500416,0.0039400614104060094,0.4806669883328113,0.0009695931418176177,0.261,0.4808229453614167,honest,0.02,0.4876923076923077,0.012307692307692308,-1
0.0632455532033676,0.9250042856564078,0.0008257931892987069,0.4450027939898962,0.00874667894662283,0.42,0.44510658137697007,honest,0.02,0.4876923076923077,0.012307692307692308,-1
0.2,0.8779823705333948,0.0020910849236328993,0.36260894826262563,0.07029876706391373,0.468,0.36315580545243187,honest,0.02,0.4876923076923077,0.012307692307692308,-1
0.0632455532033676,0.3695756039898198,0.03510393089583509,0.100347839272122,0.08092724331708315,0.405,0.1009387655526121,honest,0.02,0.5123076923076924,0.012307692307692308,1
0.2,0.9925476056524302,0.04096843240413561,0.500856398457046,-0.00042933484710035044,0.478,0.49908933351373985,honest,0.02,0.5123076923076924,0.012307692307692308,1
0.02,0.9344472533496888,0.0005436150051184307,0.527606166537016,-0.0013850743097375293,0.206,0.4724169407945019,honest,0.02,0.48525641025641025,0.014743589743589743,-1
0.0632455532033676,0.9950039146390377,0.025622462744113686,0.12693229605080314,0.07216398640649511,0.423,0.12709193659660867,honest,0.02,0.48525641025641025,0.014743589743589743,-1
0.2,0.9409987214252983,0.03842341478745491,0.37581787646539977,0.06329664576926837,0.497,0.37582627608544344,honest,0.02,0.48525641025641025,0.014743589743589743,-1
0.02,0.9965960039115778,0.02179798919633462,0.4976145652847607,0.0001195886747077746,0.22799999999999998,0.49775724829683987,honest,0.02,0.5147435897435897,0.014743589743589743,1
0.0632455532033676,0.9821405678146564,0.025577624846437635,0.4857714790586838,0.0022561698511712413,0.397,0.48587010893219534,honest,0.02,0.5147435897435897,0.014743589743589743,1
0.2,0.990487462499713,0.034705758777834446,0.22974259914659295,0.14793896190015263,0.488,0.22978958443743347,honest,0.02,0.5147435897435897,0.014743589743589743,1
0.0632455532033676,0.9021791406903849,0.018860484418088706,0.3663901286349303,0.02159389868690426,0.406,0.3664152877906153,honest,0.02,0.4828205128205128,0.01717948717948718,-1
0.2,0.9737872765020363,0.033180204079477575,0.4967532686271103,0.0016276876997985417,0.454,0.4966799277975617,honest,0.02,0.4828205128205128,0.01717948717948718,-1
0.0632455532033676,0.9911194657915687,0.0030533532599870544,0.4840424580865027,0.002530473437067456,0.375,0.48400772197232395,honest,0.02,0.5171794871794871,0.01717948717948718,1
0.2,0.9981769604528453,0.0134176807213513,0.46174754852364425,0.019206415268355117,0.478,0.4618516926608755,honest,0.02,0.5171794871794871,0.01717948717948718,1
0.0632455532033676,0.9908693362338697,0.025098723710245623,0.5110732356816942,-0.0017556997602853693,0.383,0.48906361661983555,honest,0.02,0.4803846153846154,0.019615384615384618,-1
0.2,0.9782302488772131,0.032650052325701735,0.2594113845562543,0.12903222706245948,0.44,0.25948847992764157,honest,0.02,0.4803846153846154,0.019615384615384618,-1
0.0632455532033676,0.22519141099510653,0.007271281599996404,0.4736767955100387,0.004176131681851414,0.373,0.4738252528955146,honest,0.02,0.5196153846153846,0.019615384615384618,1
0.2,0.94170105096225,0.04393754174117325,0.362057748194645,0.07059278216556805,0.45799999999999996,0.3622170403209992,honest,0.02,0.5196153846153846,0.019615384615384618,1
0.0632455532033676,0.15703962979674402,0.006958657969214771,0.5223402119720743,-0.003543515929098982,0.343,0.47765580698843524,honest,0.02,0.47794871794871796,0.022051282051282053,-1
0.2,0.9917078748055929,0.04581542922068676,0.4598711024151579,0.020151691559010275,0.451,0.4600839411217147,honest,0.02,0.47794871794871796,0.022051282051282053,-1
0.02,0.9965186278726866,0.005258194816693054,0.5183166741984008,-0.0009185847249667717,0.133,0.4815725725878977,honest,0.02,0.522051282051282,0.022051282051282053,1
0.0632455532033676,0.9954881683299919,0.0038349911493192335,0.5221651409094775,-0.003515718116883397,0.366,0.4776872950490933,honest,0.02,0.522051282051282,0.022051282051282053,1
0.2,0.9318653450488821,0.006204897850617785,0.5112715678627148,-0.005651478149585125,0.43899999999999995,0.4889609546322389,honest,0.02,0.522051282051282,0.022051282051282053,1
0.02,0.9952781433408716,0.00699360705640778,0.47905559415225557,0.0010504796030617548,0.105,0.4790879019373549,honest,0.02,0.4755128205128205,0.02448717948717949,-1
0.0632455532033676,0.9544202660297574,0.021770196242911273,0.4944577995839048,0.0008786504313269467,0.363,0.49445663634944503,honest,0.02,0.4755128205128205,0.02448717948717949,-1
0.2,0.9850585801783994,0.041516368221971786,0.4635449977527364,0.01830133678778754,0.445,0.463742965446299,honest,0.02,0.4755128205128205,0.02448717948717949,-1
0.02,0.9579869323035537,0.020734018056869835,0.49959281079351303,2.041344310645309e-05,0.09499999999999997,0.4996342535640299,honest,0.02,0.5244871794871795,0.02448717948717949,1
0.0632455532033676,0.9926309164473639,0.017564297934442377,0.41138412919402617,0.014166113480301178,0.357,0.4114376084262124,honest,0.02,0.5244871794871795,0.02448717948717949,1
0.2,0.997523280413887,0.003163239525282399,0.27306887582547845,0.12071153739076437,0.45199999999999996,0.273255740078126,honest,0.02,0.5244871794871795,0.02448717948717949,1
0.0632455532033676,1.0,0.01971314032746528,0.32795321970810015,0.028180447685951564,0.294,0.3279861797274533,honest,0.02,0.47307692307692306,0.026923076923076925,-1
0.2,0.8945475438313519,0.03250234813052014,0.18576517090688788,0.17872209425543528,0.451,0.1858028147367157,honest,0.02,0.47307692307692306,0.026923076923076925,-1
0.0632455532033676,0.9925601710102968,0.04499165789932878,0.027774806730926093,0.121086924205361,0.35,0.0281845222986585,honest,0.02,0.5269230769230769,0.026923076923076925,1
0.2,0.9936018615780502,0.017552050736913558,0.48850522934711066,0.005763421008437133,0.44999999999999996,0.48849841869739224,honest,0.02,0.5269230769230769,0.026923076923076925,1
0.0632455532033676,0.9727092930149887,0.013738241127496033,0.3440876588242911,0.02538249778557319,0.319,0.3441889600066236,honest,0.02,0.4706410256410256,0.02935897435897436,-1
0.2,0.9915738228475721,0.011381085863695004,0.49989625129343085,5.201188885479446e-05,0.441,0.4998373297552137,honest,0.02,0.4706410256410256,0.02935897435897436,-1
0.0632455532033676,0.6334817367942227,0.021989147294454114,0.38428265647480014,0.01861013343960592,0.32199999999999995,0.38431793677528175,honest,0.02,0.5293589743589744,0.02935897435897436,1
0.2,0.9436674103332506,0.0454419071773573,0.30211998353953834,0.10366258196120835,0.43300000000000005,0.3024500732519851,honest,0.02,0.5293589743589744,0.02935897435897436,1
0.0632455532033676,0.6858175573623775,0.010248590336414162,0.3711309376660619,0.020798902018776485,0.338,0.3711824496881819,honest,0.02,0.4682051282051282,0.031794871794871796,-1
0.2,0.8572428244761794,0.030703788940781483,0.3285750251450675,0.0887702726800829,0.457,0.32862903502736074,honest,0.02,0.4682051282051282,0.031794871794871796,-1
0.0632455532033676,0.9878904725550184,0.022798766599003054,0.5028584819099029,-0.00045316785292647053,0.33299999999999996,0.4971934151682386,honest,0.02,0.5317948717948718,0.031794871794871796,1
0.2,0.9908881802868927,0.015634019527618156,0.3008470038475418,0.10439319882534859,0.44299999999999995,0.3008844330519312,honest,0.02,0.5317948717948718,0.031794871794871796,1
0.0632455532033676,0.9366783593033632,0.025244960744193114,0.49771649148250563,0.000362013642462148,0.279,0.497712048967204,honest,0.02,0.46576923076923077,0.03423076923076923,-1
0.2,0.9544425270892262,0.03596607109833742,0.39462983604591356,0.05345441857249052,0.428,0.3947318255140918,honest,0.02,0.46576923076923077,0.03423076923076923,-1
0.0632455532033676,1.0,0.022600253627660438,0.5014954491531693,-0.00023707873325819933,0.28400000000000003,0.49850198814005986,honest,0.02,0.5342307692307693,0.03423076923076923,1
0.2,0.9980963681368437,0.003595470268752829,0.5384582689424235,-0.019310076305832747,0.40900000000000003,0.4618998093568246,honest,0.02,0.5342307692307693,0.03423076923076923,1
0.0632455532033676,0.9963830923348054,0.02471891950030289,0.4515217783548044,0.007704414974944036,0.263,0.4518050761623368,honest,0.02,0.4633333333333333,0.03666666666666667,-1
0.2,0.9903099231373027,0.021588565773386505,0.504372045372102,-0.00219186238490542,0.432,0.4956244884552262,honest,0.02,0.4633333333333333,0.03666666666666667,-1
0.02,0.9645618803231956,0.0033445162052349042,0.47905168022421785,0.0010506760892091222,0.03300000000000003,0.47897452486514314,honest,0.02,0.5366666666666666,0.03666666666666667,1
0.0632455532033676,0.9912582716921128,0.015627441693960145,0.5929881971068103,-0.014877790681322287,0.259,0.40705961719163,honest,0.02,0.5366666666666666,0.03666666666666667,1
0.2,0.9949116265800866,0.030212007844990188,0.28715150120996397,0.11234511622853907,0.401,0.28721074718563416,honest,0.02,0.5366666666666666,0.03666666666666667,1
0.0632455532033676,0.9549185450349507,0.004789742183368903,0.3417833403917372,0.025778946359338917,0.274,0.341835394078433,honest,0.02,0.4608974358974359,0.0391025641025641,-1
0.2,1.0,0.0342546024833356,0.46935615677324166,0.015377683052323036,0.416,0.46947674260655536,honest,0.02,0.4608974358974359,0.0391025641025641,-1
0.0632455532033676,0.9927236713749641,0.011762117527633092,0.16404024602894207,0.06185336230415721,0.279,0.16408000231086672,honest,0.02,0.5391025641025641,0.0391025641025641,1
0.2,0.7231187041207399,0.0032541981224107064,0.41123161137419584,0.04487559100426333,0.41600000000000004,0.4116290304145677,honest,0.02,0.5391025641025641,0.0391025641025641,1
0.0632455532033676,0.8962974372545423,0.01826116346761849,0.5033702192667038,-0.0005342976360137581,0.247,0.4966330018329432,honest,0.02,0.4584615384615385,0.04153846153846154,-1
0.2,0.9909326233948625,0.010493505828790342,0.5099644520504267,-0.00499595497181797,0.44,0.4900446879324656,honest,0.02,0.4584615384615385,0.04153846153846154,-1
0.0632455532033676,0.5755781032976535,0.006923679213173398,0.4774959185841309,0.0035695357665811657,0.245,0.47738305582103624,honest,0.02,0.5415384615384615,0.04153846153846154,1
0.2,0.9968551501223394,0.0379702279504531,0.4920867417825246,0.003967379538753079,0.406,0.49211506390383664,honest,0.02,0.5415384615384615,0.04153846153846154,1
0.0632455532033676,0.9443333543044807,0.021624220330835185,0.5030036330598568,-0.0004761797347363499,0.258,0.4971170225121255,honest,0.02,0.456025641025641,0.043974358974358974,-1
0.2,0.8223395550395929,0.009663644086403508,0.5208006645426209,-0.010432636040188169,0.419,0.4791973551075339,honest,0.02,0.456025641025641,0.043974358974358974,-1
0.0632455532033676,0.99037005358757,0.021359915966485857,0.38630005718833543,0.018276416342102707,0.244,0.38643069822615717,honest,0.02,0.543974358974359,0.043974358974358974,1
0.2,0.9924532013632871,0.0072727437144849555,0.500772232757465,-0.00038714033465678244,0.404,0.4993319400108603,honest,0.02,0.543974358974359,0.043974358974358974,1
0.0632455532033676,0.821155448199274,0.0009072583434809739,0.4863525564508075,0.002163993585672303,0.239,0.48623680020759974,honest,0.02,0.4535897435897436,0.04641025641025641,-1
0.2,0.8615388360374032,0.03480159914017089,0.35042533078686483,0.07683448315517177,0.423,0.35047937607984336,honest,0.02,0.4535897435897436,0.04641025641025641,-1
0.0632455532033676,0.9595761977288505,0.024214154082782963,0.385262107295879,0.018448049190623112,0.248,0.3852514636661029,honest,0.02,0.5464102564102564,0.04641025641025641,1
0.2,0.9968913351140078,0.03625734088672511,0.4969126947257772,0.0015477607874146535,0.41100000000000003,0.4969460375312871,honest,0.02,0.5464102564102564,0.04641025641025641,1
0.0632455532033676,0.9971814318773589,0.0241472704092221,0.45021307567599844,0.007913475244097943,0.214,0.45049647333338977,honest,0.02,0.4511538461538461,0.048846153846153845,-1
0.2,0.9979291491020044,0.006929074989424661,0.4347858065473928,0.032840530490645545,0.381,0.4352365756593732,honest,0.02,0.4511538461538461,0.048846153846153845,-1
0.0632455532033676,0.9960004557263867,0.023490471145831388,0.5036823055550577,-0.0005837755743388103,0.235,0.49631639419381696,honest,0.02,0.5488461538461539,0.048846153846153845,1
0.2,0.818790933701298,0.01119460909477804,0.3977627193128538,0.051828462570406256,0.42300000000000004,0.39787436824921707,honest,0.02,0.5488461538461539,0.048846153846153845,1
0.0632455532033676,0.9337736150663807,0.0018426990586947606,0.48062140847602997,0.003073357163964588,0.204,0.4807924122186434,honest,0.02,0.44871794871794873,0.05128205128205128,-1
0.2,0.9892086251352907,0.03544876359534969,0.19474487210953367,0.172108616973613,0.41,0.19486309501259086,honest,0.02,0.44871794871794873,0.05128205128205128,-1
0.0632455532033676,0.9696189630665996,0.023796861770192496,0.4986280955024797,0.000217492690458132,0.20399999999999996,0.49863587969778944,honest,0.02,0.5512820512820513,0.05128205128205128,1
0.2,0.9959587788605796,0.008409288545976668,0.461266360985565,0.01944877599371393,0.377,0.460846470107043,honest,0.02,0.5512820512820513,0.05128205128205128,1
0.0632455532033676,0.9045027924906959,0.017662676358560572,0.4985902727971818,0.00022348887731429214,0.201,0.49860908246292823,honest,0.02,0.4462820512820513,0.053717948717948716,-1
0.2,1.0,0.04065769814837439,0.5891544444454778,-0.0450740865838625,0.386,0.41094035233526544,honest,0.02,0.4462820512820513,0.053717948717948716,-1
0.0632455532033676,0.9975435305154251,0.026545391850520114,0.630928013719921,-0.02114376109765304,0.19999999999999996,0.3690656045224032,honest,0.02,0.5537179487179487,0.053717948717948716,1
0.2,0.9758833179479289,0.05055578757949063,0.26669557507942027,0.12456754947785936,0.39,0.26781532164123073,honest,0.02,0.5537179487179487,0.053717948717948716,1
0.0632455532033676,0.9714097644765258,0.018083945870360017,0.48403631654225737,0.0025314478549895896,0.162,0.48411561128673253,honest,0.02,0.44384615384615383,0.05615384615384615,-1
0.2,0.5925517090475714,0.02182975484882279,0.3081300324048916,0.10023156178479396,0.405,0.308198010395244,honest,0.02,0.44384615384615383,0.05615384615384615,-1
0.0632455532033676,0.838377981639286,0.00593519951843767,0.4467413530017408,0.008468495137313178,0.18899999999999995,0.4467461260385479,honest,0.02,0.5561538461538461,0.05615384615384615,1
0.2,0.984168119768257,0.030183357586376698,0.2956278350383064,0.10740345827435896,0.385,0.2956779706582648,honest,0.02,0.5561538461538461,0.05615384615384615,1
0.0632455532033676,0.9946916895816962,0.0006052889478666418,0.48244832648341573,0.0027834193233295494,0.182,0.48252010000269047,honest,0.02,0.44141025641025644,0.05858974358974359,-1
0.2,0.922463122225474,0.044794955116265356,0.478429942813658,0.01081889713081765,0.38,0.47856004336713753,honest,0.02,0.44141025641025644,0.05858974358974359,-1
0.0632455532033676,0.9936678332295996,0.022936467645075884,0.5076959546499266,-0.0012201391678109293,0.17100000000000004,0.4923708990457654,honest,0.02,0.5585897435897436,0.05858974358974359,1
0.2,0.99538734147269,0.038827055683058775,0.14645108385593636,0.21035527189911407,0.41700000000000004,0.1465648944330761,honest,0.02,0.5585897435897436,0.05858974358974359,1
0.0632455532033676,0.8480824352603198,0.012452732688707606,0.20992275115113312,0.051019511916621005,0.164,0.20980201831234407,honest,0.02,0.438974358974359,0.06102564102564102,-1
0.2,0.9298603505877144,0.012908825741479661,0.5098183956899537,-0.004922710656267093,0.37,0.4901449161600762,honest,0.02,0.438974358974359,0.06102564102564102,-1
0.0632455532033676,0.9964066048097727,0.008351794456499348,0.31037435699467164,0.03129323590810164,0.16500000000000004,0.31056144612589154,honest,0.02,0.561025641025641,0.06102564102564102,1
0.2,0.9970032978701644,0.03998792771101631,0.6253694334815098,-0.0639227544018467,0.39,0.3748642779301599,honest,0.02,0.561025641025641,0.06102564102564102,1
0.0632455532033676,0.9720333981393257,0.015445050026291145,0.45201225773135933,0.007626084567236327,0.166,0.45200768699985916,honest,0.02,0.43653846153846154,0.06346153846153847,-1
0.2,1.0,0.03299140611034335,0.48729528784099374,0.00637027509796336,0.377,0.4873881827598836,honest,0.02,0.43653846153846154,0.06346153846153847,-1
0.0632455532033676,0.9929940692738939,0.018270680587341034,0.43753224010345526,0.009944026548516756,0.16200000000000003,0.437549926279858,honest,0.02,0.5634615384615385,0.06346153846153847,1
0.2,0.8365304284679252,0.039374460147823705,0.6391084861766133,-0.07121536623575848,0.375,0.3608878710693368,honest,0.02,0.5634615384615385,0.06346153846153847,1
0.0632455532033676,0.9938593582075095,0.01614798616391372,0.5964566299834345,-0.015443681046132219,0.133,0.4036191013653025,honest,0.02,0.4341025641025641,0.06589743589743591,-1
0.2,0.8073818683017429,0.0338098067843441,0.5088957701688055,-0.004460047442405657,0.391,0.49114391213829506,honest,0.02,0.4341025641025641,0.06589743589743591,-1
0.0632455532033676,0.9911352620623686,0.0003709583003143474,0.35251226081198045,0.02394139434380624,0.16900000000000004,0.3527063831973964,honest,0.02,0.5658974358974359,0.06589743589743591,1
0.2,0.9656465067557193,0.04348024698533717,0.565524700972989,-0.032998318887316296,0.374,0.4347263994060408,honest,0.02,0.5658974358974359,0.06589743589743591,1
0.0632455532033676,0.9759685805977898,0.01789725769570793,0.13452529054371642,0.06990224925282854,0.153,0.13473425432713507,honest,0.02,0.43166666666666664,0.06833333333333334,-1
0.2,0.47344972135744423,0.03891494171196986,0.35099248753880136,0.07652846726295781,0.354,0.35105391760420823,honest,0.02,0.43166666666666664,0.06833333333333334,-1
0.0632455532033676,0.7814012089175794,0.026413085750912335,0.40341049439379306,0.015465384619657617,0.135,0.40345711345219737,honest,0.02,0.5683333333333334,0.06833333333333334,1
0.2,0.9733299366286142,0.04459408139573373,0.1878718866081057,0.17715314863490733,0.348,0.18818471437178938,honest,0.02,0.5683333333333334,0.06833333333333334,1
0.0632455532033676,0.9937095929978088,0.02113508582823915,0.495862381054808,0.0006559612847479733,0.143,0.49578496494478774,honest,0.02,0.4292307692307692,0.07076923076923078,-1
0.2,0.9953137953357784,0.00776744703219568,0.45041857933721235,0.024920775462001752,0.342,0.4506313049251902,honest,0.02,0.4292307692307692,0.07076923076923078,-1
0.0632455532033676,0.9900459972954169,0.011100226772466512,0.32775167663168914,0.02821573779670995,0.132,0.3284971944997582,honest,0.02,0.5707692307692308,0.07076923076923078,1
0.2,0.873894978028422,0.03579381137248307,0.5074489709209763,-0.0037345772407993937,0.366,0.49263631690376297,honest,0.02,0.5707692307692308,0.07076923076923078,1
0.0632455532033676,0.935668834405655,0.03967124176804601,0.027404964214105258,0.12145549019929777,0.128,0.027464401900307505,honest,0.02,0.4267948717948718,0.07320512820512821,-1
0.2,0.9414322407548064,0.005518204246519769,0.3543788255645794,0.07470502448306271,0.357,0.35497071012601666,honest,0.02,0.4267948717948718,0.07320512820512821,-1
0.0632455532033676,0.8600357715654622,0.003040386842140988,0.40861905949559935,0.014615965618306435,0.11499999999999999,0.4086501475048305,honest,0.02,0.5732051282051283,0.07320512820512821,1
0.2,0.9563044396041642,0.03424583293735814,0.4250039744257543,0.03782165682307801,0.346,0.425057070200953,honest,0.02,0.5732051282051283,0.07320512820512821,1
0.0632455532033676,0.8397677530687452,0.01919569169085627,0.1717877857661285,0.059901384426189995,0.122,0.17183894812003941,honest,0.02,0.42435897435897435,0.07564102564102565,-1
0.2,0.9963852272740413,0.036216350697488325,0.49813079087109474,0.0009370859194114928,0.345,0.4982623090588437,honest,0.02,0.42435897435897435,0.07564102564102565,-1
0.02,0.9966593069426872,0.015005328448681118,0.4965800256381928,0.00017145418871977825,0.0,0.4966293453982116,honest,0.02,0.5756410256410256,0.07564102564102565,1
0.0632455532033676,0.957960276174817,0.017809142144171203,0.39333131425593104,0.017117212258439308,0.122,0.39413861665301186,honest,0.02,0.5756410256410256,0.07564102564102565,1
0.2,0.9954206679559011,0.002975585461134328,0.47347432843795473,0.01330781309008167,0.376,0.473633429661475,honest,0.02,0.5756410256410256,0.07564102564102565,1
0.0632455532033676,0.9978422155724238,0.021547458082890228,0.4984467990930941,0.0002462343641823883,0.103,0.4983479791715618,honest,0.02,0.4219230769230769,0.07807692307692309,-1
0.2,0.9969990115090945,0.012777341278363621,0.4765665461325141,0.011754555276780989,0.358,0.4765405699676998,honest,0.02,0.4219230769230769,0.07807692307692309,-1
0.0632455532033676,0.9801052127782574,0.00475407055473899,0.5294123643086895,-0.004667065249629838,0.123,0.47105405753996427,honest,0.02,0.578076923076923,0.07807692307692309,1
0.2,0.9959533110738817,0.006278695902027953,0.4429649660139248,0.028691232072529767,0.349,0.44297109084209346,honest,0.02,0.578076923076923,0.07807692307692309,1
0.0632455532033676,0.9935153288154845,0.01041719764542795,0.4528029804800486,0.007499829345616533,0.117,0.4530299940144355,honest,0.02,0.4194871794871795,0.08051282051282052,-1
0.2,0.9994275267145571,0.04511863434615562,0.3729234419562782,0.0648240797428353,0.349,0.3735970867528749,honest,0.02,0.4194871794871795,0.08051282051282052,-1
0.0632455532033676,0.9820896162561907,0.0036001644799485977,0.49097904474144116,0.0014302418235004146,0.09699999999999998,0.49097132120490905,honest,0.02,0.5805128205128205,0.08051282051282052,1
0.2,0.991740426530865,0.0435217576556379,0.19935853067380271,0.16878294422919957,0.373,0.19953879095119761,honest,0.02,0.5805128205128205,0.08051282051282052,1
0.0632455532033676,0.8741405816264629,0.005866188803432641,0.5197411306252814,-0.003130900788249821,0.089,0.4805985009678869,honest,0.02,0.41705128205128206,0.08294871794871796,-1
0.2,0.9527490705310216,0.044952140550369765,0.4189314886757438,0.04092554882988966,0.344,0.41917396634623444,honest,0.02,0.41705128205128206,0.08294871794871796,-1
0.0632455532033676,0.9918651056313186,0.025862999539834314,0.5010697808937575,-0.00016959587599914728,0.10699999999999998,0.4988957478805202,honest,0.02,0.5829487179487179,0.08294871794871796,1
0.2,0.9906562621805463,0.004686258779593194,0.47083002459096146,0.014636711834661371,0.31499999999999995,0.4708243430066813,honest,0.02,0.5829487179487179,0.08294871794871796,1
0.0632455532033676,0.989320885661347,0.019573387553379715,0.4984492684935889,0.0002458428795244913,0.093,0.4984491443020357,honest,0.02,0.4146153846153846,0.08538461538461539,-1
0.2,0.9955667793511174,0.02065276220713689,0.37243187979122344,0.06508385758721667,0.343,0.37244007124611134,honest,0.02,0.4146153846153846,0.08538461538461539,-1
0.0632455532033676,0.9370607272614203,0.023437416861034177,0.32459937758165486,0.02876885743102626,0.08199999999999996,0.32462697346642094,honest,0.02,0.5853846153846154,0.08538461538461539,1
0.2,0.9972506006319412,0.030205141903981422,0.329149428151939,0.08845261262402293,0.32399999999999995,0.32912657121172456,honest,0.02,0.5853846153846154,0.08538461538461539,1
0.02,0.9917352050389683,0.023974598185902293,0.33959778739818375,0.008271221782099738,0.0,0.3397848663630419,honest,0.02,0.41217948717948716,0.08782051282051283,-1
0.0632455532033676,0.8011869086750975,0.01900971199699915,0.6836458783229689,-0.03022621726724428,0.091,0.31647180401273434,honest,0.02,0.41217948717948716,0.08782051282051283,-1
0.2,0.9900388245734102,0.037111493140210804,0.24385371477156764,0.13879195686039247,0.326,0.24395511060710742,honest,0.02,0.41217948717948716,0.08782051282051283,-1
0.0632455532033676,0.9588276870446516,0.021474413544521967,0.5197288272054182,-0.0031289478991046093,0.07999999999999996,0.4804813425125361,honest,0.02,0.5878205128205128,0.08782051282051283,1
0.2,0.91495008382262,0.019232035787599328,0.5055479598886313,-0.002781424280367796,0.33399999999999996,0.4944898277388109,honest,0.02,0.5878205128205128,0.08782051282051283,1
0.0632455532033676,0.9970011263721399,0.022614894114041197,0.3344102423033564,0.027054384900979906,0.082,0.33457803259981644,honest,0.02,0.4097435897435897,0.09025641025641026,-1
0.2,0.9784057663912339,0.04043787394890381,0.5055843649985928,-0.0027996768725828264,0.35,0.4944473128550126,honest,0.02,0.4097435897435897,0.09025641025641026,-1
0.0632455532033676,0.6268725075446038,0.021096273115733644,0.36868773773629226,0.021208189234538412,0.07799999999999996,0.36868657059092597,honest,0.02,0.5902564102564103,0.09025641025641026,1
0.2,0.9648457679098162,0.0438779954096256,0.29860652380998326,0.10568250457991557,0.31899999999999995,0.29896962838500973,honest,0.02,0.5902564102564103,0.09025641025641026,1
0.0632455532033676,0.9965296157703861,0.022979614920862382,0.5573971343108005,-0.009130966666359467,0.074,0.44290259850457503,honest,0.02,0.4073076923076923,0.0926923076923077,-1
0.2,0.9908284329628017,0.020759470940837473,0.495232454244485,0.00239014989075427,0.344,0.495300477224799,honest,0.02,0.4073076923076923,0.0926923076923077,-1
0.0632455532033676,0.8283044904891095,0.005117685328362209,0.48436310890403966,0.0024795997804704715,0.06899999999999995,0.48429307119602766,honest,0.02,0.5926923076923077,0.0926923076923077,1
0.2,0.966135974653674,0.005312713572815084,0.36013198662688395,0.07162120422699521,0.31899999999999995,0.3601011876248099,honest,0.02,0.5926923076923077,0.0926923076923077,1
0.0632455532033676,0.7590504884303221,0.005670154648465146,0.4696127173335373,0.00482205762319116,0.057,0.46960945602597537,honest,0.02,0.40487179487179487,0.09512820512820513,-1
0.2,0.7276705888824163,0.01404150040180989,0.30725832871878067,0.10072735150416068,0.317,0.30847593361764614,honest,0.02,0.40487179487179487,0.09512820512820513,-1
0.0632455532033676,0.9932475319619626,0.009951228022248237,0.2922770290296304,0.03457917854340905,0.06000000000000005,0.29230171143251654,honest,0.02,0.5951282051282052,0.09512820512820513,1
0.2,0.9935720655511244,0.0026693001091812746,0.5277763018126084,-0.013936242325830987,0.31000000000000005,0.4722928933601192,honest,0.02,0.5951282051282052,0.09512820512820513,1
0.0632455532033676,0.9003074381633526,0.013244606587537289,0.4980500236590107,0.0003091370094265666,0.063,0.49806195004955683,honest,0.02,0.4024358974358974,0.09756410256410257,-1
0.2,0.8232897394879997,0.013448091787064673,0.4437019077223256,0.028318012848988147,0.309,0.44370099580401984,honest,0.02,0.4024358974358974,0.09756410256410257,-1
0.0632455532033676,0.9940330281694898,0.02539690319117012,0.3531926375721765,0.023825560421678355,0.06399999999999995,0.3535162921724013,honest,0.02,0.5975641025641025,0.09756410256410257,1
0.2,0.9936088260392634,0.004510056740203411,0.2647549434079204,0.12575087105626223,0.31599999999999995,0.26511875582331856,honest,0.02,0.5975641025641025,0.09756410256410257,1
0.0632455532033676,0.5621258378877743,0.00673093452477002,0.28726869884259876,0.035504892360503186,0.046,0.287778647567036,honest,0.02,0.4,0.1,-1
0.2,0.9932367214611573,0.014681389746713645,0.48475099446032366,0.0076465801848602764,0.306,0.48491354380654206,honest,0.02,0.4,0.1,-1
0.0632455532033676,0.9472807395065761,0.005245203510734556,0.4481462140497065,0.008243825634362977,0.06000000000000005,0.44840454147940084,honest,0.02,0.6,0.1,1
0.2,0.9105953123621513,0.015220865139377218,0.46451732284983144,0.017811894479806523,0.28,0.464785126081684,honest,0.02,0.6,0.1,1
0.0632455532033676,0.997180447426402,0.01846326152503186,0.32098269411707636,0.02940618554374845,0.035,0.32104756882632235,honest,0.02,0.39,0.11,-1
0.2,0.8924560410178681,0.029437413618568498,0.44068699601052247,0.02984553271191699,0.256,0.44073481331483055,honest,0.02,0.39,0.11,-1
0.0632455532033676,0.9900613652805574,0.0193443412187308,0.2340532898778014,0.045888646791271116,0.041000000000000036,0.23416428854748256,honest,0.02,0.61,0.11,1
0.2,0.9944097549452876,0.036464591257080806,0.49567297242965125,0.00216929246450954,0.28400000000000003,0.4956661352653906,honest,0.02,0.61,0.11,1
0.02,0.9875111217603324,0.02180038739476832,0.3022239530724636,0.01036029706446545,0.0,0.30218483781020794,honest,0.02,0.38,0.12,-1
0.0632455532033676,0.9961020187770071,0.004445603376997093,0.47217644841382733,0.004414535668556605,0.023,0.47218223438425355,honest,0.02,0.38,0.12,-1
0.2,0.9936073926489729,0.024456892780757307,0.2109371516931397,0.16063475419939915,0.266,0.21096769682023608,honest,0.02,0.38,0.12,-1
0.0632455532033676,0.994361074022219,0.025026769774929736,0.3557557940396074,0.02338989692202047,0.030000000000000027,0.3561314910841732,honest,0.02,0.62,0.12,1
0.2,0.9841117655388781,0.01580394486853834,0.49463320634392516,0.002690592500507365,0.266,0.49466500405582536,honest,0.02,0.62,0.12,1
0.0632455532033676,0.9640610395904721,0.021949092493552848,0.4978680867222806,0.00033798041223829394,0.02,0.4979418650937601,honest,0.02,0.37,0.13,-1
0.2,0.79216083275086,0.020683220755079813,0.2990976023266593,0.10539953453523898,0.253,0.2990934143196766,honest,0.02,0.37,0.13,-1
0.0632455532033676,0.9900161280424875,0.030465800524550973,0.15874373606412984,0.0632224302464754,0.016000000000000014,0.15890378847712838,honest,0.02,0.63,0.13,1
0.2,0.9936958545502522,0.03201147821337595,0.5697300805916831,-0.03513740257767606,0.253,0.430388607555524,honest,0.02,0.63,0.13,1
0.0632455532033676,0.6353006914116728,0.017266745344813005,0.4907094305759291,0.0014729958515069324,0.008,0.49072769974625596,honest,0.02,0.36,0.14,-1
0.2,0.9777186193289394,0.005311735607141821,0.5373435228118153,-0.018748689935141127,0.248,0.4630358948433931,honest,0.02,0.36,0.14,-1
0.0632455532033676,0.9938703834335428,0.008063481630742941,0.4689229571100781,0.00493173303998437,0.010000000000000009,0.46899836898186925,honest,0.02,0.64,0.14,1
0.2,0.9924132185191791,0.007365967587596167,0.33769772315918456,0.08375093132619303,0.254,0.337780981159447,honest,0.02,0.64,0.14,1
0.0632455532033676,0.9931593950412382,0.01055415026134484,0.4501831026666086,0.007918264322480852,0.006,0.4502115303838642,honest,0.02,0.35,0.15,-1
0.2,0.9258496622837329,0.03410918793329329,0.47183838359691016,0.014129886508411302,0.241,0.471861767798838,honest,0.02,0.35,0.15,-1
0.0632455532033676,0.8977043965582012,0.010045610660878099,0.2500666795416429,0.042645207409440423,0.013000000000000012,0.25010371849851826,honest,0.02,0.65,0.15,1
0.2,0.9921490540637001,0.0035914264065075724,0.47709746512176016,0.011487942239300476,0.22499999999999998,0.47706977292103075,honest,0.02,0.65,0.15,1
0.0632455532033676,0.9523742398946712,0.019387230698508714,0.5043277470471337,-0.0006861045774789822,0.006,0.4956993492810312,honest,0.02,0.33999999999999997,0.16,-1
0.2,0.9832939280384274,0.008475408808200455,0.19635863233599044,0.17093999489831124,0.232,0.19626340426295202,honest,0.02,0.33999999999999997,0.16,-1
0.02,0.7994868994598058,0.020025514131984237,0.6391822495797792,-0.007125476733726708,0.0,0.3607980335504334,honest,0.02,0.66,0.16,1
0.0632455532033676,0.9367327941813126,0.0003784181413124532,0.20629993029754418,0.05181879063002365,0.0030000000000000027,0.20683741847156725,honest,0.02,0.66,0.16,1
0.2,0.766335856347281,0.0341411224387896,0.35585313018273657,0.07391310014426547,0.21999999999999997,0.35592465751038055,honest,0.02,0.66,0.16,1
0.0632455532033676,0.9754152048635341,0.003363673225005276,0.5012493465253137,-0.00019806309125960472,0.004,0.4987514203009628,honest,0.02,0.33,0.16999999999999998,-1
0.2,0.991133479323593,0.028194337998845707,0.48716485839165374,0.006435696245664271,0.194,0.4871951427580821,honest,0.02,0.33,0.16999999999999998,-1
0.0632455532033676,0.9990923956662782,0.017006116287041906,0.514882807970281,-0.0023599651024232404,0.009000000000000008,0.4851297887062274,honest,0.02,0.6699999999999999,0.16999999999999998,1
0.2,0.9932489216772403,0.02126300770819428,0.5105637317156158,-0.005296488744434627,0.18400000000000005,0.4894068274914501,honest,0.02,0.6699999999999999,0.16999999999999998,1
0.0632455532033676,0.9947270186258537,0.0003686191157142235,0.43795529336906064,0.009876130188691332,0.002,0.43800132400628844,honest,0.02,0.32,0.18,-1
0.2,0.9760367138918995,0.05407711407817125,0.03035184949995875,0.3751295005254806,0.184,0.030405928033987922,honest,0.02,0.32,0.18,-1
0.02,0.9717379275225487,0.005590073245228186,0.10789507922414444,0.02475600377524689,0.0,0.10779322920513414,honest,0.02,0.6799999999999999,0.18,1
0.0632455532033676,0.9901937579213564,0.024482691733409126,0.37661718063560273,0.01988297737281712,0.0,0.3767234901885355,honest,0.02,0.6799999999999999,0.18,1
0.2,0.9837519321627043,0.02033700103314036,0.311262037615199,0.09845524776976786,0.18500000000000005,0.31130941422181774,honest,0.02,0.6799999999999999,0.18,1
0.0632455532033676,0.9954914153006827,0.013492006746305761,0.3874123466977145,0.018092640122162825,0.001,0.38744751933545934,honest,0.02,0.31,0.19,-1
0.2,0.9942948543879926,0.018920143309381285,0.432536157529645,0.033984187440266315,0.172,0.4325462985027058,honest,0.02,0.31,0.19,-1
0.0632455532033676,0.9906093064730043,0.020384137632174615,0.5067626973968439,-0.0010721626793115404,0.0,0.49332083134705323,honest,0.02,0.69,0.19,1
0.2,0.9968781583249529,0.006923232097052756,0.41886605713286695,0.04095904591647656,0.18799999999999994,0.4189248373690767,honest,0.02,0.69,0.19,1
0.0632455532033676,0.9486956334372737,0.006632346098957499,0.48143944387200055,0.002943524659038521,0.0,0.4816100723642057,honest,0.02,0.3,0.2,-1
0.2,0.9971972534485432,0.03453592420928485,0.3148793317901098,0.09641331213122516,0.16,0.3150190805600285,honest,0.02,0.3,0.2,-1
0.0632455532033676,0.6170903994769577,0.018506780293741518,0.5002740771021517,-4.345029384221623e-05,0.0,0.49978674607544515,honest,0.02,0.7,0.2,1
0.2,0.9837255405163997,0.03702992895564845,0.2596540355559856,0.12888247218523274,0.15400000000000003,0.2598059104325892,honest,0.02,0.7,0.2,1
0.02,0.9927804214332578,0.025609323211732832,0.39783057172099084,0.005179328565401482,0.0,0.3979206378634295,honest,0.02,0.29,0.21000000000000002,-1
0.0632455532033676,0.9955517489978968,0.01577713508583792,0.17998939136683179,0.05789532838060497,0.0,0.18002359361587567,honest,0.02,0.29,0.21000000000000002,-1
0.2,0.8815590665490625,0.04085355546294077,0.3026153772498821,0.10337862861532546,0.138,0.30271132630197156,honest,0.02,0.29,0.21000000000000002,-1
0.0632455532033676,0.9931930533432395,0.0034636166823404646,0.4660748881950018,0.005384751375583941,0.0010000000000000009,0.4660755699199655,honest,0.02,0.71,0.21000000000000002,1
0.2,0.9937973613759173,0.042496068854313035,0.49602255071355067,0.0019940304037159165,0.135,0.49600336079556445,honest,0.02,0.71,0.21000000000000002,1
0.0632455532033676,0.9696612124485918,0.014466019756418647,0.4898260645413694,0.0016130803147070137,0.0,0.48980737684716724,honest,0.02,0.28,0.22,-1
0.2,0.9839590744487934,0.015974614545216537,0.3422455200188539,0.08126847878492349,0.133,0.3425163620875258,honest,0.02,0.28,0.22,-1
0.0632455532033676,0.7232599235078987,0.02093944971223856,0.4930664132095142,0.0010992582956004188,0.0,0.4931971641952251,honest,0.02,0.72,0.22,1
0.2,0.9906577048982571,0.017597764393815343,0.49049193781233147,0.0047670868507088,0.134,0.49048630413133953,honest,0.02,0.72,0.22,1
0.0632455532033676,0.8749536892050807,0.022215739679067974,0.6960342277862042,-0.03244675686028541,0.0,0.304142012321605,honest,0.02,0.27,0.22999999999999998,-1
0.2,0.9971877822522466,0.019030993735845336,0.4847312126372557,0.007656504580542888,0.111,0.48486627618654754,honest,0.02,0.27,0.22999999999999998,-1
0.0632455532033676,0.9217270981556469,0.024929741085143453,0.5508788551026182,-0.008087973125318379,0.0,0.4492465265889892,honest,0.02,0.73,0.22999999999999998,1
0.2,0.9902932511999668,0.020937042967425934,0.447962189428316,0.026162311789155436,0.127,0.44796947421768707,honest,0.02,0.73,0.22999999999999998,1
0.02,0.9923363655359486,0.022932753725897356,0.34435051967424024,0.008012369555739527,0.0,0.34437196043957075,honest,0.02,0.26,0.24,-1
0.0632455532033676,0.9908174592608779,0.022010989999955467,0.22072596101555184,0.048682868276814346,0.0,0.22089043192181912,honest,0.02,0.26,0.24,-1
0.2,0.9925322049968051,0.019644883190746323,0.435798713714746,0.03232595020327589,0.113,0.43583106569044067,honest,0.02,0.26,0.24,-1
0.0632455532033676,0.9907538991814807,0.007438582379789477,0.26101293186986035,0.04049142984982884,0.0,0.2610879532417731,honest,0.02,0.74,0.24,1
0.2,0.86592165569255,0.03558808948877294,0.3796280748471498,0.06129154846459725,0.124,0.37983626755321837,honest,0.02,0.74,0.24,1
0.02,0.9947767125310784,0.01698474285828173,0.5097528651580336,-0.0004889848632874863,0.0,0.4903511891148376,honest,0.02,0.25,0.25,-1
0.0632455532033676,0.9710015361478099,0.023531340480056263,0.2168857468095522,0.04950571958701823,0.0,0.21704189494847817,honest,0.02,0.25,0.25,-1
0.2,0.9568356996730233,0.03237461312644247,0.5069964842847031,-0.003507696884925363,0.086,0.4930736860895942,honest,0.02,0.25,0.25,-1
0.0632455532033676,0.9526579233962259,0.02058267381198628,0.4883219483062118,0.0018516221207097205,0.0,0.4884891946278279,honest,0.02,0.75,0.25,1
0.2,0.9974887980269896,0.04022837752240106,0.28898713767838957,0.11126922081572499,0.10999999999999999,0.2893334234481794,honest,0.02,0.75,0.25,1
0.0632455532033676,0.9910299375340546,0.020962769689475302,0.4969942384511854,0.00047651718024290077,0.0,0.49707602024621306,honest,0.02,0.24,0.26,-1
0.2,0.8758756819705599,0.009938468646019695,0.4391572683949777,0.030621237424215783,0.094,0.439142194232694,honest,0.02,0.24,0.26,-1
0.0632455532033676,0.9907826621160064,0.007307936513491417,0.3762296053034488,0.0199475438630744,0.0,0.3762501103068236,honest,0.02,0.76,0.26,1
0.2,0.9921286390700754,0.04128727100809357,0.3075853529697175,0.10054128097371165,0.09799999999999998,0.30755665628996187,honest,0.02,0.76,0.26,1
0.0632455532033676,0.970164105036119,0.02302111313581695,0.5053871419388548,-0.0008540662249158046,0.0,0.49469435195209394,honest,0.02,0.22999999999999998,0.27,-1
0.2,0.9962968173034529,0.03698015455251452,0.49830248775773284,0.0008510090045704146,0.085,0.49837058550335916,honest,0.02,0.22999999999999998,0.27,-1
0.0632455532033676,0.9905059768246576,0.020288143295682584,0.5079043060542175,-0.0012531760754165443,0.0,0.4921545946457782,honest,0.02,0.77,0.27,1
0.2,0.851039180092807,0.04755869538102338,0.20226401358615725,0.1667123359044959,0.10899999999999999,0.2024423159981231,honest,0.02,0.77,0.27,1
0.0632455532033676,0.9327377255029137,0.012465028506358701,0.4956269658197488,0.0006932845136244612,0.0,0.4956344231015521,honest,0.02,0.21999999999999997,0.28,-1
0.2,0.8862389182558774,0.02925970230603587,0.49819986516827564,0.0009024568359037601,0.08,0.4982367728038905,honest,0.02,0.21999999999999997,0.28,-1
0.0632455532033676,0.8407890354216869,0.025774817661738364,0.5742078137211263,-0.011833070023900504,0.0,0.42618914905844246,honest,0.02,0.78,0.28,1
0.2,0.9531371603677676,0.015704890809051963,0.40085977800833794,0.05022445981657038,0.07899999999999996,0.4011898732227572,honest,0.02,0.78,0.28,1
0.0632455532033676,0.9621228959236223,0.008359146078901668,0.38951211023648963,0.01774612471779074,0.0,0.3898944400324369,honest,0.02,0.21000000000000002,0.29,-1
0.2,0.9900959652509801,0.01076163685325443,0.4204456792298611,0.0401506912476224,0.072,0.4206812342480678,honest,0.02,0.21000000000000002,0.29,-1
0.0632455532033676,0.9373208361759877,0.01428168861802133,0.29637911943993345,0.03382645853146543,0.0,0.29637078763475533,honest,0.02,0.79,0.29,1
0.2,0.6388085363784248,0.04561587623464419,0.6977993933331804,-0.1036163555912614,0.05700000000000005,0.30285500154846545,honest,0.02,0.79,0.29,1
0.0632455532033676,0.6959975989425021,0.01167057533419823,0.4726970111458426,0.004331811721157188,0.0,0.4728716495254665,honest,0.02,0.2,0.3,-1
0.2,0.9661597638218533,0.03919189083005827,0.45778145222056904,0.021204902297235872,0.081,0.4578283304461938,honest,0.02,0.2,0.3,-1
0.02,0.9143350216751005,0.008725451480748603,0.49994243861188425,2.885700069571227e-06,0.0,0.4999510916849686,honest,0.02,0.8,0.3,1
0.0632455532033676,0.9647104680571316,0.02180885330176978,0.5008540274928253,-0.00013539172241935348,0.0,0.49920119190966766,honest,0.02,0.8,0.3,1
0.2,0.652003117119815,0.03323337158885288,0.5043808578661968,-0.002196280580133233,0.07199999999999995,0.495600695636708,honest,0.02,0.8,0.3,1
0.0632455532033676,0.9945549299535056,0.01980201293014963,0.4671556303774973,0.005212815548570506,0.0,0.4671886458094034,honest,0.02,0.19,0.31,-1
0.2,0.9940730512199131,0.04043760619998232,0.5023033877603138,-0.0011547537933468425,0.061,0.4977643082993369,honest,0.02,0.19,0.31,-1
0.02,0.9794222632444624,0.007878506835905588,0.36790564669709874,0.006748108559228615,0.0,0.368142044416251,honest,0.02,0.81,0.31,1
0.0632455532033676,0.9723037849430707,0.002514748078684362,0.5122878513513924,-0.0019483391881259002,0.0,0.4878057292808987,honest,0.02,0.81,0.31,1
0.2,0.9916153596562282,0.01226228858911968,0.41446640285084413,0.043214097037189196,0.05600000000000005,0.41460234881728275,honest,0.02,0.81,0.31,1
0.0632455532033676,0.8257076624811139,0.012639176845608707,0.49690977913466067,0.0004899071676612112,0.0,0.49698169816200144,honest,0.02,0.18,0.32,-1
0.2,0.9666887842118753,0.0473024501074268,0.3256981690132299,0.09036464469131392,0.064,0.32648678154052474,honest,0.02,0.18,0.32,-1
0.0632455532033676,0.6586842406963364,0.01033581770099827,0.4132823627102654,0.013857703587675775,0.0,0.41328029509554665,honest,0.02,0.8200000000000001,0.32,1
0.2,0.8336706843009066,0.006127903571884849,0.3684558008973683,0.06718919630781353,0.05300000000000005,0.36911683062683326,honest,0.02,0.8200000000000001,0.32,1
0.0632455532033676,0.9952794386792464,0.020615090970436643,0.34208703727233103,0.025726638899850867,0.0,0.34213262250017884,honest,0.02,0.16999999999999998,0.33,-1
0.2,0.9929881617445979,0.00703935047431839,0.42884876554458284,0.035861175749070016,0.041,0.4289574674495665,honest,0.02,0.16999999999999998,0.33,-1
0.0632455532033676,0.9913300428079646,0.01209950522122781,0.13602738953957702,0.06946530527486293,0.0,0.1362047100416231,honest,0.02,0.8300000000000001,0.33,1
0.2,0.8401904587545489,0.032366393401205534,0.494167615973441,0.0029240279063094004,0.05500000000000005,0.49423310350064487,honest,0.02,0.8300000000000001,0.33,1
0.0632455532033676,0.5345553039440396,0.009861895273835934,0.16223315033463528,0.06231718718546364,0.0,0.16243555710011226,honest,0.02,0.15999999999999998,0.34,-1
0.2,0.9509540823630386,0.030141694849076334,0.5114687751790665,-0.005750383410475755,0.051,0.488588499883914,honest,0.02,0.15999999999999998,0.34,-1
0.0632455532033676,0.9968044978343472,0.02551465778334898,0.22021286162113018,0.048792332406582664,0.0,0.22020032905862727,honest,0.02,0.8400000000000001,0.34,1
0.2,0.9181989313596868,0.023902011056314496,0.29058990547518215,0.11033244046055338,0.04600000000000004,0.2906084168057386,honest,0.02,0.8400000000000001,0.34,1
0.02,0.7076961453131525,0.020243191510370913,0.682084105566076,-0.00947069292838498,0.0,0.31806663434833954,honest,0.02,0.15000000000000002,0.35,-1
0.0632455532033676,0.9917291595161738,0.02188325753329726,0.5033759569199735,-0.0005352072764414269,0.0,0.49677403246610113,honest,0.02,0.15000000000000002,0.35,-1
0.2,0.7099448696035948,0.047697083771857024,0.10827177011364973,0.2471542845804284,0.04,0.10830993319374115,honest,0.02,0.15000000000000002,0.35,-1
0.02,0.9654628290504564,0.016472493149196854,0.44718015279707063,0.0026557786963870506,0.0,0.4472461233995218,honest,0.02,0.85,0.35,1
0.0632455532033676,0.6801817742453997,0.0037124739357640713,0.32381613290325806,0.028906630141225315,0.0,0.3241151995572329,honest,0.02,0.85,0.35,1
0.2,0.9855419753169186,0.021179743642611173,0.3023373606030582,0.10353795851031614,0.04200000000000004,0.3023684446319413,honest,0.02,0.85,0.35,1
0.2,0.9892431332689896,0.04923421083376077,0.3919781121424087,0.05483341631537774,0.477,0.39204217899323174,honest,0.05,0.495,0.005,-1
0.2,0.9925376247208398,0.011183686308769092,0.47246375210757163,0.013815607143708828,0.493,0.4726458820606296,honest,0.05,0.505,0.005,1
0.0632455532033676,0.9959347065274848,0.014503040379483467,0.5270495578287262,-0.004291541043312456,0.465,0.47339676869881203,honest,0.05,0.49256410256410255,0.0074358974358974365,-1
0.2,0.9921636141921122,0.04795231857342951,0.39688113852567314,0.052285649197595575,0.472,0.39689441168699247,honest,0.05,0.49256410256410255,0.0074358974358974365,-1
0.0632455532033676,0.6587529584765919,0.011332895413108918,0.3674717865015507,0.02141221698411831,0.43600000000000005,0.3680946322124899,honest,0.05,0.5074358974358975,0.0074358974358974365,1
0.2,0.9998759263148407,0.04621688479014642,0.33276457404293136,0.08645841451577775,0.483,0.332839612427846,honest,0.05,0.5074358974358975,0.0074358974358974365,1
0.2,0.8926453136845257,0.03904069712563993,0.4520419195798455,0.02410081818822584,0.481,0.4520688808876617,honest,0.05,0.49012820512820515,0.009871794871794872,-1
0.02,0.9917804555257369,0.048445657269795675,0.5008235378651082,-4.128609528061861e-05,0.30300000000000005,0.4992606415503724,honest,0.05,0.5098717948717949,0.009871794871794872,1
0.2,0.990732049592403,0.004978604857355934,0.37259877856856344,0.06499564362542501,0.493,0.37293944814455693,honest,0.05,0.5098717948717949,0.009871794871794872,1
0.2,0.9816189767542883,0.07006498661548309,0.45527286077507517,0.022470044624205182,0.487,0.45549339146578177,honest,0.05,0.4876923076923077,0.012307692307692308,-1
0.2,0.9853978566662573,0.051908369596523125,0.43986402335989155,0.030262794755503305,0.48,0.4399057940439313,honest,0.05,0.5123076923076924,0.012307692307692308,1
0.2,0.9768475375916683,0.030840448679973174,0.33989174971076885,0.08255171640924021,0.483,0.33991954253629403,honest,0.05,0.48525641025641025,0.014743589743589743,-1
0.2,0.995784959591916,0.06451561073840029,0.5014214460263391,-0.0007126088678892591,0.469,0.49851879080576944,honest,0.05,0.5147435897435897,0.014743589743589743,1
0.0632455532033676,0.9112803083222625,0.048573692502521054,0.3614488731045286,0.022426158209576146,0.366,0.3615334161718799,honest,0.05,0.4828205128205128,0.01717948717948718,-1
0.2,0.8209126927085928,0.04117024206697726,0.5287682306932505,-0.014434774260184963,0.444,0.47125245112587605,honest,0.05,0.4828205128205128,0.01717948717948718,-1
0.2,0.9988433236793792,0.07082285998003154,0.6028502547745035,-0.05214632128603939,0.44399999999999995,0.3977192568595995,honest,0.05,0.5171794871794871,0.01717948717948718,1
0.2,0.9949655652156268,0.0593948393537182,0.3358386114032278,0.08476944825459834,0.468,0.33590357768428625,honest,0.05,0.4803846153846154,0.019615384615384618,-1
0.2,0.9072170336408618,0.05954587721098308,0.7486330132588253,-0.13403884855299067,0.474,0.2514485622580459,honest,0.05,0.5196153846153846,0.019615384615384618,1
0.0632455532033676,0.9964213406938071,0.003261997198806252,0.4391692849522683,0.009681358026190594,0.366,0.4392362974930959,honest,0.05,0.47794871794871796,0.022051282051282053,-1
0.2,0.9684930789593984,0.045775201951549875,0.48598912316325893,0.007025456554467677,0.46,0.4860391934961735,honest,0.05,0.47794871794871796,0.022051282051282053,-1
0.2,0.9931082540153078,0.058213129295143384,0.5053918019505729,-0.0027031309399861893,0.45299999999999996,0.4946358918947422,honest,0.05,0.522051282051282,0.022051282051282053,1
0.2,0.9818057688007009,0.014083989126541976,0.23791430105455544,0.1426055446809773,0.453,0.23989457122364694,honest,0.05,0.4755128205128205,0.02448717948717949,-1
0.0632455532033676,0.9589955332205651,0.05409981315758119,0.4959826976699229,0.0006368861233481227,0.33799999999999997,0.4959315763616126,honest,0.05,0.5244871794871795,0.02448717948717949,1
0.2,0.9915336500077617,0.059587922127236695,0.5049518855061835,-0.002482570995030029,0.486,0.4951270202713838,honest,0.05,0.5244871794871795,0.02448717948717949,1
0.2,0.9904974403976224,0.05544916782612066,0.49825883350066774,0.0008728942068418947,0.444,0.4982661124626082,honest,0.05,0.47307692307692306,0.026923076923076925,-1
0.2,0.993817674359131,0.017823877022350512,0.3738731796842515,0.06432247718941944,0.474,0.37393785102997307,honest,0.05,0.5269230769230769,0.026923076923076925,1
0.2,0.9908829288761366,0.034426872919641076,0.3779304421730946,0.062184146105138484,0.438,0.37804301740202984,honest,0.05,0.4706410256410256,0.02935897435897436,-1
0.2,0.9339020815001253,0.009218449919565969,0.4733356709441524,0.013377480509796376,0.43899999999999995,0.4734675046180824,honest,0.05,0.5293589743589744,0.02935897435897436,1
0.2,0.9642887562099824,0.06484800896761364,0.496044833805823,0.0019828587657550116,0.448,0.49610908261906983,honest,0.05,0.4682051282051282,0.031794871794871796,-1
0.2,0.9901998036633326,0.06662272528837024,0.49955523203492386,0.00022297363757212585,0.43400000000000005,0.49956892945629255,honest,0.05,0.5317948717948718,0.031794871794871796,1
0.2,0.9004529052897852,0.0021336194076222725,0.21536719277704247,0.15758711684353738,0.45,0.21522448051470539,honest,0.05,0.46576923076923077,0.03423076923076923,-1
0.2,0.9927522349829336,0.0462831028938731,0.33112402513728784,0.0873623021953096,0.43700000000000006,0.33118409348324596,honest,0.05,0.5342307692307693,0.03423076923076923,1
0.2,0.7852033349756067,0.0055296775626478,0.4861229155966365,0.0069583419748031235,0.433,0.4863004484113835,honest,0.05,0.4633333333333333,0.03666666666666667,-1
0.0632455532033676,0.9914546053941785,0.02599187615562787,0.5281441894565785,-0.0044654927976764,0.29700000000000004,0.471909487989264,honest,0.05,0.5366666666666666,0.03666666666666667,1
0.2,1.0,0.04007782673703768,0.5047798215640132,-0.002396304509108869,0.40900000000000003,0.4952291072577746,honest,0.05,0.5366666666666666,0.03666666666666667,1
0.2,0.8472922277343402,0.06064681252363374,0.49701116736622464,0.0014983924948115668,0.409,0.4969745932999269,honest,0.05,0.4608974358974359,0.0391025641025641,-1
0.2,0.6646452947757194,0.07590600695151971,0.2541555275986483,0.13229396642291083,0.43200000000000005,0.2546732475328144,honest,0.05,0.5391025641025641,0.0391025641025641,1
0.2,0.8128665709765076,0.024704490311897573,0.35074163580688683,0.07666379503590301,0.415,0.3513342681439432,honest,0.05,0.4584615384615385,0.04153846153846154,-1
0.2,1.0,0.0425645730580964,0.4259028096884655,0.037363016908580036,0.404,0.4259387237080974,honest,0.05,0.5415384615384615,0.04153846153846154,1
0.2,0.6164990818701458,0.05960982232110771,0.6637462751566122,-0.08454183800795226,0.432,0.3363732231000362,honest,0.05,0.456025641025641,0.043974358974358974,-1
0.2,0.9852302074413134,0.016943354913358688,0.48083700226134585,0.009610599735345907,0.41600000000000004,0.48078141874830066,honest,0.05,0.543974358974359,0.043974358974358974,1
0.2,0.9629673132322392,0.027807499269668065,0.16448482221632288,0.19523827183098066,0.389,0.1646113979849708,honest,0.05,0.4535897435897436,0.04641025641025641,-1
0.0632455532033676,0.9337383520151861,0.008350556841969281,0.47162311549258606,0.004502475494665724,0.235,0.4715722371599301,honest,0.05,0.5464102564102564,0.04641025641025641,1
0.2,0.9942657358851743,0.06799928395309465,0.6858315581130949,-0.09681380484154817,0.42500000000000004,0.31421631197141336,honest,0.05,0.5464102564102564,0.04641025641025641,1
0.2,0.9917107628111463,0.012324367230923852,0.39133239353308513,0.05516960720681076,0.387,0.3914009993197095,honest,0.05,0.4511538461538461,0.048846153846153845,-1
0.2,0.9986788285711203,0.06554845718671017,0.27186468766156324,0.12143662938438832,0.379,0.2719370980773317,honest,0.05,0.5488461538461539,0.048846153846153845,1
0.2,0.983607334915384,0.0707226972807283,0.2437903028669355,0.13883240467054134,0.384,0.24420629024066806,honest,0.05,0.44871794871794873,0.05128205128205128,-1
0.2,0.8529685297347265,0.06448649364679329,0.6274247188624319,-0.06500806237294858,0.385,0.37289342114624224,honest,0.05,0.5512820512820513,0.05128205128205128,1
0.2,0.9962665637410658,0.05694236314214531,0.6883458071073097,-0.0982333862071377,0.394,0.311674219596121,honest,0.05,0.4462820512820513,0.053717948717948716,-1
0.2,0.9588442414496754,0.02105259768131612,0.43728831885427977,0.031569583885592084,0.406,0.4373039821446603,honest,0.05,0.5537179487179487,0.053717948717948716,1
0.2,0.9514509889088166,0.01939660259596277,0.3528934934695774,0.07550405848715364,0.395,0.35301252749235074,honest,0.05,0.44384615384615383,0.05615384615384615,-1
0.2,0.990095714400731,0.06536106202052357,0.45357046211349134,0.02332911408110867,0.397,0.45381565195686263,honest,0.05,0.5561538461538461,0.05615384615384615,1
0.2,0.8742782480398432,0.011732280567372168,0.48537199692367416,0.007335037246339705,0.395,0.48537272272400306,honest,0.05,0.44141025641025644,0.05858974358974359,-1
0.2,0.9923503880106951,0.01422431911097534,0.5626327769342869,-0.0315295319337192,0.4,0.43782047340691466,honest,0.05,0.5585897435897436,0.05858974358974359,1
0.2,0.9948887197280871,0.03584013883085332,0.35673956854354716,0.07343750685918372,0.382,0.35673484089787844,honest,0.05,0.438974358974359,0.06102564102564102,-1
0.02,0.8775359787511852,0.0005507699207870087,0.4155738907715029,0.00426459456723013,0.0010000000000000009,0.41572169095118444,honest,0.05,0.561025641025641,0.06102564102564102,1
0.0632455532033676,0.9902756589307973,0.021307981601287357,0.450275492594218,0.007903502433360961,0.19099999999999995,0.45032172123624664,honest,0.05,0.561025641025641,0.06102564102564102,1
0.2,0.996657766053223,0.005074069160065767,0.1546415086000395,0.20334552630076919,0.391,0.15453528378313824,honest,0.05,0.561025641025641,0.06102564102564102,1
0.2,0.9911378762664322,0.014922325615378651,0.5462476647562696,-0.023237316464148703,0.364,0.4538931098909187,honest,0.05,0.43653846153846154,0.06346153846153847,-1
0.2,0.9900189983573732,0.022020224684106887,0.4901139635568961,0.0049566310454691315,0.359,0.49018858624314837,honest,0.05,0.5634615384615385,0.06346153846153847,1
0.02,0.994259424037261,0.05043126506668669,0.4412135394358171,0.002957863390149546,0.0,0.44131919003779574,honest,0.05,0.4341025641025641,0.06589743589743591,-1
0.2,0.7963473988198069,0.02386586454379741,0.4152833514409488,0.04279496150553006,0.37,0.41553458297332374,honest,0.05,0.4341025641025641,0.06589743589743591,-1
0.0632455532033676,0.9987698888822536,0.05384968964702693,0.6413183185276644,-0.02289393114513898,0.15400000000000003,0.358720546115712,honest,0.05,0.5658974358974359,0.06589743589743591,1
0.2,0.9951232447860899,0.05699517797938549,0.49320111105479447,0.0034086224618109606,0.351,0.4932647370854738,honest,0.05,0.5658974358974359,0.06589743589743591,1
0.2,0.9943234617186602,0.07690945753300649,0.2285718173682714,0.14871169439604276,0.359,0.22902419517975012,honest,0.05,0.43166666666666664,0.06833333333333334,-1
0.2,0.9896468094762837,0.035179052026550583,0.403936594469416,0.048634133489437695,0.404,0.4039382812318979,honest,0.05,0.5683333333333334,0.06833333333333334,1
0.2,0.99510519315372,0.03980069399019486,0.2555218910912817,0.13144265773449607,0.368,0.25557119669206274,honest,0.05,0.4292307692307692,0.07076923076923078,-1
0.2,0.9900169469660263,0.05253018389403953,0.332485768356423,0.08661190213175389,0.39,0.3325547076522907,honest,0.05,0.5707692307692308,0.07076923076923078,1
0.2,0.9730050530181446,0.01234230970834526,0.3144350773139086,0.09666354552730293,0.338,0.3145946031380942,honest,0.05,0.4267948717948718,0.07320512820512821,-1
0.2,0.750048738283976,0.044977844524716544,0.4846835712148678,0.007680406010488247,0.359,0.48473665610856803,honest,0.05,0.5732051282051283,0.07320512820512821,1
0.2,0.9914491206793246,0.04388087368356483,0.4249800501083413,0.03783386715866428,0.329,0.42500282873987744,honest,0.05,0.42435897435897435,0.07564102564102565,-1
0.2,0.7506110263502921,0.033820041396025124,0.3180704610146712,0.09462025644811431,0.33999999999999997,0.31813547705633605,honest,0.05,0.5756410256410256,0.07564102564102565,1
0.2,0.8424028009835507,0.021814298518192714,0.289113420242476,0.11119532321786274,0.326,0.2892322628953203,honest,0.05,0.4219230769230769,0.07807692307692309,-1
0.2,0.9936484272326489,0.07007197824438885,0.3922352154900858,0.05469959962206786,0.349,0.39262838707372805,honest,0.05,0.578076923076923,0.07807692307692309,1
0.2,0.9826291662198023,0.011511942199019153,0.5104572464292,-0.005243086403812146,0.333,0.4896580867217654,honest,0.05,0.4194871794871795,0.08051282051282052,-1
0.2,0.7689474114613496,0.01685465668688793,0.5187363462860031,-0.009396466794191215,0.32699999999999996,0.48120847959764945,honest,0.05,0.5805128205128205,0.08051282051282052,1
0.2,0.9910526731998656,0.0028846306919836986,0.5284095866044722,-0.014254513717236558,0.347,0.47179381386847197,honest,0.05,0.41705128205128206,0.08294871794871796,-1
0.2,0.9919042289277765,0.04304078326068484,0.5869843002326852,-0.04395884959972646,0.31499999999999995,0.4130376898690706,honest,0.05,0.5829487179487179,0.08294871794871796,1
0.2,0.9955164453223155,0.043217302814551335,0.328418930579494,0.08885663578090991,0.324,0.32846887912959455,honest,0.05,0.4146153846153846,0.08538461538461539,-1
0.0632455532033676,0.9906162517762959,0.010960012282647258,0.44316319589780245,0.009041214330376978,0.08399999999999996,0.44346776237876206,honest,0.05,0.5853846153846154,0.08538461538461539,1
0.2,0.9968174081582408,0.06554057139582065,0.49185941316075216,0.0040813682845836224,0.33699999999999997,0.4919741698975957,honest,0.05,0.5853846153846154,0.08538461538461539,1
0.2,0.9963052966129472,0.05057265150484106,0.21669752238788773,0.1566790499551971,0.321,0.2168831284077496,honest,0.05,0.41217948717948716,0.08782051282051283,-1
0.0632455532033676,0.9993434755682105,0.052217276696351414,0.5088980946894406,-0.0014107594441508514,0.08599999999999997,0.49125606380536335,honest,0.05,0.5878205128205128,0.08782051282051283,1
0.2,0.989636772365792,0.0288645085958453,0.4471493756396625,0.026573353056700007,0.31399999999999995,0.4477324850590577,honest,0.05,0.5878205128205128,0.08782051282051283,1
0.0632455532033676,0.9929461789314882,0.015110043680430028,0.21679374716211344,0.04952553514706269,0.081,0.21815868412832756,honest,0.05,0.4097435897435897,0.09025641025641026,-1
0.2,0.9912430493139776,0.06670036010906236,0.4390010567661071,0.030700476012983008,0.308,0.43931531698232695,honest,0.05,0.4097435897435897,0.09025641025641026,-1
0.2,0.9222654892254294,0.0713873372016919,0.5631977841491828,-0.0318163588338814,0.34099999999999997,0.43697731191736316,honest,0.05,0.5902564102564103,0.09025641025641026,1
0.2,0.9805682124534562,0.035689264188084165,0.431094915024712,0.03471745581903091,0.325,0.43113460118370284,honest,0.05,0.4073076923076923,0.0926923076923077,-1
0.2,0.9933798562262933,0.022576292995946823,0.5194698939995617,-0.009764635305030557,0.33199999999999996,0.4805154031481238,honest,0.05,0.5926923076923077,0.0926923076923077,1
0.2,0.9943557417298843,0.05276860238257448,0.43655727746393413,0.031940722535517094,0.329,0.436592958141197,honest,0.05,0.40487179487179487,0.09512820512820513,-1
0.2,0.9799396917685358,0.028244188936229736,0.5361610685576563,-0.018153367047667884,0.31799999999999995,0.4639818069371146,honest,0.05,0.5951282051282052,0.09512820512820513,1
0.2,0.9956338260058583,0.057692282103116665,0.3210737760541595,0.09293965269408369,0.323,0.3211555064104131,honest,0.05,0.4024358974358974,0.09756410256410257,-1
0.2,0.9914729523728054,0.010343459699888313,0.5075403663769836,-0.0037804042147632773,0.30800000000000005,0.4926474109625416,honest,0.05,0.5975641025641025,0.09756410256410257,1
0.2,0.9184956528231626,0.030068067192629104,0.5030280444434146,-0.0015180509399311494,0.319,0.49696050196889946,honest,0.05,0.4,0.1,-1
0.0632455532033676,0.9922533787488631,0.0005754295792657349,0.25383719222404016,0.04189785424954278,0.05800000000000005,0.2538267298398117,honest,0.05,0.6,0.1,1
0.2,0.9010003274603879,0.040266255440901524,0.5999370880975787,-0.050636853358704506,0.31299999999999994,0.4001039796391917,honest,0.05,0.6,0.1,1
0.2,0.932284109791364,0.014453577369917169,0.46380631434134173,0.01816978639538538,0.274,0.4638118427590917,honest,0.05,0.39,0.11,-1
0.0632455532033676,0.9267012933706882,0.0489378717672852,0.46961215436997955,0.004822147131329793,0.04600000000000004,0.46974789570406716,honest,0.05,0.61,0.11,1
0.2,0.9006378132596141,0.06630494509009449,0.49937197393276644,0.00031484570950807763,0.29500000000000004,0.49936714610073407,honest,0.05,0.61,0.11,1
0.02,0.9927834442158046,0.002663712093445958,0.41190544916970895,0.004452923436856897,0.0,0.41214016037623163,honest,0.05,0.38,0.12,-1
0.2,0.7920761156467473,0.03814845481731132,0.5040900883848287,-0.0020505021604036527,0.273,0.4959004778607737,honest,0.05,0.38,0.12,-1
0.2,0.9918206141828612,0.05830079721276321,0.5024721136495474,-0.0012393419259908388,0.29800000000000004,0.49742614945763647,honest,0.05,0.62,0.12,1
0.0632455532033676,0.8977268729226092,0.014635125589716004,0.45439729368930803,0.007245354635186202,0.015,0.4542719614748907,honest,0.05,0.37,0.13,-1
0.2,0.8601484076601064,0.046774634887980907,0.48016847200520574,0.009946151958158572,0.281,0.48025268375027086,honest,0.05,0.37,0.13,-1
0.2,0.9804733222302091,0.07045469904257512,0.40221814513610793,0.04952196962549436,0.237,0.40275154434554045,honest,0.05,0.63,0.13,1
0.0632455532033676,0.9947553193666747,0.04352047865904428,0.5152678965688083,-0.0024210580151711415,0.023,0.48483096669698345,honest,0.05,0.36,0.14,-1
0.2,0.9901393641868871,0.06974843132599368,0.3513277862725702,0.07634763728801025,0.233,0.35186468945225907,honest,0.05,0.36,0.14,-1
0.2,0.9942706847009681,0.02107143510843311,0.4622132556290467,0.018971878462778733,0.245,0.4622991698964021,honest,0.05,0.64,0.14,1
0.0632455532033676,0.950320668437453,0.05315195448168961,0.5917347292450693,-0.014673576803122687,0.007,0.40858210548718643,honest,0.05,0.35,0.15,-1
0.2,0.8105723733664394,0.027393741082626585,0.46480990636166514,0.017664636817752873,0.225,0.46481585589483426,honest,0.05,0.35,0.15,-1
0.2,0.9892491450128529,0.0417296016233623,0.4048239276954836,0.04817606917954274,0.22099999999999997,0.4048942150722655,honest,0.05,0.65,0.15,1
0.0632455532033676,0.9909944104744269,0.05833336091214744,0.30289706029390057,0.03264016493930692,0.004,0.3033080662860065,honest,0.05,0.33999999999999997,0.16,-1
0.2,0.9964771066649422,0.05106676858276253,0.4937388621778001,0.003138997887503249,0.214,0.49377793360299727,honest,0.05,0.33999999999999997,0.16,-1
0.2,0.9954825512387474,0.03483230308093238,0.21776697539490006,0.15595138986983292,0.20099999999999996,0.21841197174042598,honest,0.05,0.66,0.16,1
0.2,0.992358842201957,0.05874693341810375,0.18647369399556216,0.17819320847449405,0.204,0.18659674599778484,honest,0.05,0.33,0.16999999999999998,-1
0.2,0.9917699411147225,0.046356902808852365,0.49753712716835796,0.0012347091782883967,0.19699999999999995,0.49755420710252474,honest,0.05,0.6699999999999999,0.16999999999999998,1
0.2,0.4222299856431979,0.062073496732713306,0.4514761215423929,0.024386558915093184,0.182,0.451723800293936,honest,0.05,0.32,0.18,-1
0.2,0.9068948512549491,0.043742625710493616,0.48655696315067637,0.006740615143055625,0.18899999999999995,0.48660408322533555,honest,0.05,0.6799999999999999,0.18,1
0.2,0.7804779216987142,0.04574621134412714,0.21540709121978582,0.15755983543620714,0.181,0.21542344171580086,honest,0.05,0.31,0.19,-1
0.2,0.9064990115169942,0.03823931257382959,0.23097834892010605,0.14712573795074313,0.16700000000000004,0.2310296475371866,honest,0.05,0.69,0.19,1
0.2,0.8554853783993548,0.05513413579005346,0.20518985680290083,0.1646451199614499,0.158,0.20528465360587825,honest,0.05,0.3,0.2,-1
0.2,0.8460985269944182,0.031630452474578935,0.4096941124673109,0.045666380497051955,0.136,0.40967726634258805,honest,0.05,0.7,0.2,1
0.2,0.9964719763401718,0.01906027906402573,0.13584588508919307,0.21983498666279197,0.161,0.13587814336841703,honest,0.05,0.29,0.21000000000000002,-1
0.2,0.932513734496817,0.06142314479417729,0.5497486995633238,-0.025005292447324603,0.14400000000000002,0.4505173139030595,honest,0.05,0.71,0.21000000000000002,1
0.2,0.6410993562071987,0.005945016197936082,0.47487872149474175,0.012602275852157424,0.144,0.4748852747418072,honest,0.05,0.28,0.22,-1
0.2,0.9945057005555412,0.0661425721457519,0.16493936207350304,0.194871636878854,0.14400000000000002,0.1650764863312933,honest,0.05,0.72,0.22,1
0.2,0.9901932285078066,0.06509420333581978,0.4628297927351064,0.018661421570559337,0.113,0.4630094634387717,honest,0.05,0.27,0.22999999999999998,-1
0.2,0.9852295557892998,0.06983173826479863,0.4924198394516659,0.0038003576368464092,0.122,0.49254688903221117,honest,0.05,0.73,0.22999999999999998,1
0.2,0.5941858100241889,0.016001998259043984,0.47914700037651287,0.010458908768555404,0.106,0.47909126356760795,honest,0.05,0.26,0.24,-1
0.2,0.9304150642103155,0.04777285129688347,0.504873737057692,-0.002443390201941002,0.11399999999999999,0.4951373505046958,honest,0.05,0.74,0.24,1
0.2,0.9762466452577401,0.07734297317638665,0.25447355035136443,0.13209560973811016,0.113,0.25490357119270896,honest,0.05,0.25,0.25,-1
0.2,0.9916376618899037,0.06790990881223151,0.49707162694655893,0.0014680817225430414,0.10799999999999998,0.49708425211946583,honest,0.05,0.75,0.25,1
0.2,0.9981346219321549,0.04183072985936469,0.4813063164635033,0.009375055298915596,0.111,0.4813744525679809,honest,0.05,0.24,0.26,-1
0.2,0.9130706650270237,0.018488394768817196,0.5060882791587292,-0.0030523290227831737,0.10899999999999999,0.4939150919486581,honest,0.05,0.76,0.26,1
0.0632455532033676,0.9922092702727049,0.022778244124577504,0.47904411879520725,0.0033237299175768328,0.0,0.47906431606894606,honest,0.05,0.22999999999999998,0.27,-1
0.2,0.9941192288413536,0.1286007372144448,0.028132985336338328,0.38179398627562877,0.103,0.028295174649386516,honest,0.05,0.22999999999999998,0.27,-1
0.02,0.779191419708062,0.05623662116893867,0.48967860937302243,0.0005174955300096353,0.0,0.4897289843591254,honest,0.05,0.77,0.27,1
0.2,0.9943495281675401,0.0015466024731909667,0.24624196387070288,0.1372726960279745,0.08099999999999996,0.2465001084490143,honest,0.05,0.77,0.27,1
0.0632455532033676,0.9851195623521992,0.0324249189908204,0.654475544599311,-0.025135807653917364,0.0,0.345517546116426,honest,0.05,0.21999999999999997,0.28,-1
0.2,0.6825868566556492,0.050657570755441764,0.36381421851483425,0.06965639295010755,0.087,0.36383785679619957,honest,0.05,0.21999999999999997,0.28,-1
0.2,1.0,0.04860903268947324,0.42950213696851325,0.035528365350446754,0.07999999999999996,0.4294917093164575,honest,0.05,0.78,0.28,1
0.0632455532033676,0.9962183913621425,0.05243312924865366,0.5096803328879633,-0.0015348037325099927,0.0,0.4904718800339944,honest,0.05,0.21000000000000002,0.29,-1
0.2,0.994594888815767,0.045978710610195095,0.09967392333550733,0.25668235731225647,0.093,0.0997054101836235,honest,0.05,0.21000000000000002,0.29,-1
0.02,0.8768375025505911,0.014627168260600273,0.07286423660274816,0.02909572303111664,0.0,0.07321480344509666,honest,0.05,0.79,0.29,1
0.2,0.9426908324049498,0.017833820669988842,0.3061250128528037,0.10137286299116571,0.07399999999999995,0.3061227994204707,honest,0.05,0.79,0.29,1
0.2,0.9117439762171343,0.01896032037978452,0.2479057971002037,0.13621893249501435,0.058,0.24777798966072012,honest,0.05,0.2,0.3,-1
0.2,0.7814489733548812,0.04625302765732783,0.3394383739823714,0.08279927873007015,0.06999999999999995,0.33944396054705117,honest,0.05,0.8,0.3,1
0.2,0.8546786534133977,0.08961045767236323,0.11183685617845608,0.2433634725814333,0.057,0.11208073221144739,honest,0.05,0.19,0.31,-1
0.02,0.9984104242996865,0.05548122946864273,0.2320852486682236,0.014639936773222395,0.0,0.2322143713997224,honest,0.05,0.81,0.31,1
0.0632455532033676,0.9839661208200512,0.018496390065977586,0.4742122155657984,0.004091068391629937,0.0,0.47425317686094104,honest,0.05,0.81,0.31,1
0.2,0.9017985789720836,0.05267555328367281,0.4952512575245772,0.0023807226535219107,0.05700000000000005,0.49524397144352456,honest,0.05,0.81,0.31,1
0.2,0.9965918790743328,0.06920710574288785,0.16674574857513996,0.19342101963862154,0.059,0.1669620984165131,honest,0.05,0.18,0.32,-1
0.0632455532033676,0.9888407248001317,0.021959468969774035,0.36833149477564014,0.02126794125503025,0.0,0.36835016315538904,honest,0.05,0.8200000000000001,0.32,1
0.2,0.9934446077578717,0.029367053389510483,0.4015406103193153,0.04987228514690331,0.04400000000000004,0.40188444392100214,honest,0.05,0.8200000000000001,0.32,1
0.2,0.9832787396893002,0.06769729089525711,0.15528784489608066,0.2028029602041322,0.04,0.1555144232036581,honest,0.05,0.16999999999999998,0.33,-1
0.2,0.996023634907632,0.06267709533439339,0.5565898268490108,-0.02846574801700605,0.05700000000000005,0.44370702577457116,honest,0.05,0.8300000000000001,0.33,1
0.2,0.9922573321860997,0.042114540633109744,0.5189458706945511,-0.009501624052632435,0.042,0.4811318132720828,honest,0.05,0.15999999999999998,0.34,-1
0.2,0.9933155901826733,0.058389278510041845,0.3128474165889811,0.09755906216052239,0.038000000000000034,0.31313601407171754,honest,0.05,0.8400000000000001,0.34,1
0.2,0.8783608263488687,0.021665290809073052,0.5267502291827466,-0.013420641199239143,0.038,0.4733085962023447,honest,0.05,0.15000000000000002,0.35,-1
0.0632455532033676,0.9945691425690596,0.046012878279700284,0.4697732614051325,0.0047965323838668845,0.0,0.4698160590228142,honest,0.05,0.85,0.35,1
0.2,0.9951599678129058,0.06936983086350584,0.49696450738097625,0.0015217850092731702,0.03600000000000003,0.49703141313638455,honest,0.05,0.85,0.35,1
0.02,0.9978127588436576,0.03164096728259082,0.14204929704835081,0.021423151045120457,0.383,0.14218342277632365,kink,0.02,0.495,0.005,-1
0.0632455532033676,0.9909498683921205,0.09962280068431967,0.34398687228497327,0.02539981674363976,0.481,0.34391266574386953,kink,0.02,0.495,0.005,-1
0.2,0.9913061502440169,0.29136905086584614,0.4859374286647809,0.007051388385909661,0.472,0.4859203114926495,kink,0.02,0.495,0.005,-1
0.02,0.9920176926711818,0.026840087727718828,0.4522408605196095,0.0024000360260302096,0.382,0.45242727868584987,kink,0.02,0.505,0.005,1
0.0632455532033676,0.9969070961203772,0.10258037291252119,0.45181191025245265,0.00765807898731567,0.43600000000000005,0.451733231799261,kink,0.02,0.505,0.005,1
0.2,0.9715263421919944,0.29236989643541,0.4564352267078727,0.021883727121122944,0.476,0.4564139672096999,kink,0.02,0.505,0.005,1
0.02,0.9915662165538432,0.018845615891520187,0.5103279444952082,-0.0005178242023131166,0.353,0.48956502518507244,kink,0.02,0.49256410256410255,0.0074358974358974365,-1
0.0632455532033676,0.9990456377745665,0.0931004901293082,0.37292368763862144,0.02049913287184888,0.447,0.37300662273141716,kink,0.02,0.49256410256410255,0.0074358974358974365,-1
0.2,0.993305035270233,0.27038031647359007,0.46978357374591384,0.015162782478840118,0.467,0.46976289370675334,kink,0.02,0.49256410256410255,0.0074358974358974365,-1
0.02,0.9925773734765295,0.03295699729605153,0.36031042386934664,0.007152583345168289,0.352,0.36048880944261963,kink,0.02,0.5074358974358975,0.0074358974358974365,1
0.0632455532033676,0.9947551636150269,0.09297507778322664,0.5004260976241266,-6.755058664912368e-05,0.43000000000000005,0.4994954629841188,kink,0.02,0.5074358974358975,0.0074358974358974365,1
0.2,0.9830425602109409,0.29103195457224434,0.4820582355064548,0.008997701086962368,0.493,0.4820346732950525,kink,0.02,0.5074358974358975,0.0074358974358974365,1
0.02,0.8771743761618107,0.027253247833629632,0.24633876735721771,0.013721128277367774,0.295,0.24650613618797104,kink,0.02,0.49012820512820515,0.009871794871794872,-1
0.0632455532033676,0.9744781879309303,0.09815056875540075,0.3917642897657744,0.017375047610503416,0.431,0.39172096675574064,kink,0.02,0.49012820512820515,0.009871794871794872,-1
0.2,0.9917972831805416,0.26161754970110973,0.4425026480867209,0.028925420838224986,0.488,0.4424787549736466,kink,0.02,0.49012820512820515,0.009871794871794872,-1
0.02,0.996802464344958,0.03309746456929162,0.6021946095724684,-0.005180634027637032,0.30000000000000004,0.3979757090637247,kink,0.02,0.5098717948717949,0.009871794871794872,1
0.0632455532033676,0.9987778545057783,0.09857231130538706,0.4088927170970352,0.014571411358986952,0.43799999999999994,0.4089390046698387,kink,0.02,0.5098717948717949,0.009871794871794872,1
0.2,0.9921465617322917,0.284986804488831,0.5049681287512762,-0.002490714779943228,0.478,0.4950569518016865,kink,0.02,0.5098717948717949,0.009871794871794872,1
0.02,0.9917784412727674,0.026235954814935153,0.1968922519629287,0.017055485082953986,0.254,0.19697941102361594,kink,0.02,0.4876923076923077,0.012307692307692308,-1
0.0632455532033676,0.9921235658337783,0.08336551267277707,0.37578943719570185,0.020020897051708883,0.421,0.3758745836653457,kink,0.02,0.4876923076923077,0.012307692307692308,-1
0.2,0.9912288961355692,0.2788916527495837,0.4810903616163444,0.009483439394842502,0.488,0.4810690817728358,kink,0.02,0.4876923076923077,0.012307692307692308,-1
0.02,0.869945378431575,0.03647466265739646,0.727096711720477,-0.012081115031703426,0.257,0.27306813179949535,kink,0.02,0.5123076923076924,0.012307692307692308,1
0.0632455532033676,0.9929524393732424,0.10282210490241443,0.5492168420348247,-0.007822396274464162,0.41700000000000004,0.45084725964420386,kink,0.02,0.5123076923076924,0.012307692307692308,1
0.2,0.6520185660454925,0.2950496800855971,0.5062834831855363,-0.003150201576175302,0.477,0.4937351205118488,kink,0.02,0.5123076923076924,0.012307692307692308,1
0.02,0.9017985883834493,0.035709035222439955,0.14354190926742785,0.02129081437706875,0.204,0.14353608307615645,kink,0.02,0.48525641025641025,0.014743589743589743,-1
0.0632455532033676,0.9801456409435807,0.08160835408541396,0.3863013119846864,0.0182762089337449,0.405,0.38622472293809473,kink,0.02,0.48525641025641025,0.014743589743589743,-1
0.2,0.9975996089745175,0.26137880433926397,0.44279190782983313,0.028778890678107363,0.445,0.4427672576902345,kink,0.02,0.48525641025641025,0.014743589743589743,-1
0.02,0.9908019524059836,0.035868659054351965,0.3921400793327032,0.005474911306286399,0.243,0.3924241144999257,kink,0.02,0.5147435897435897,0.014743589743589743,1
0.0632455532033676,0.9814948349579888,0.10601333230848634,0.48269394732431703,0.0027444430901663293,0.42200000000000004,0.48261466741949455,kink,0.02,0.5147435897435897,0.014743589743589743,1
0.2,0.9962558951617124,0.29094795107154614,0.5110388130874558,-0.0055347465704222495,0.46099999999999997,0.48898058022439767,kink,0.02,0.5147435897435897,0.014743589743589743,1
0.02,0.9212595715371076,0.011094190661022546,0.22037508843334563,0.015418540857899506,0.2,0.22051056377004785,kink,0.02,0.4828205128205128,0.01717948717948718,-1
0.0632455532033676,1.0,0.08553005213385917,0.29705224724373275,0.03370340097182757,0.39,0.2971291919214016,kink,0.02,0.4828205128205128,0.01717948717948718,-1
0.2,0.9917053154136517,0.2662400951893342,0.46845375534692096,0.015831459231146792,0.438,0.4684321856043686,kink,0.02,0.4828205128205128,0.01717948717948718,-1
0.02,0.9946533110401137,0.06729783544142746,0.08253333660514592,0.027764622773465062,0.18600000000000005,0.08245854186284302,kink,0.02,0.5171794871794871,0.01717948717948718,1
0.0632455532033676,0.9983914441986352,0.0991567249648954,0.5424894074521289,-0.006748762699150666,0.398,0.4575899594544057,kink,0.02,0.5171794871794871,0.01717948717948718,1
0.2,0.888933491687302,0.29884617390047546,0.530058668692195,-0.015083468140395373,0.45699999999999996,0.46996452466922867,kink,0.02,0.5171794871794871,0.01717948717948718,1
0.02,0.981395663670534,0.009020476250372042,0.20517073473952702,0.01646585732196489,0.147,0.2056279628282899,kink,0.02,0.4803846153846154,0.019615384615384618,-1
0.0632455532033676,0.9916551141814013,0.08962076214763819,0.2676878468849442,0.039200916995502245,0.373,0.2677662411496322,kink,0.02,0.4803846153846154,0.019615384615384618,-1
0.2,0.9760850924304333,0.2686771981738838,0.44209331168193433,0.029132804725893843,0.448,0.4420694178290766,kink,0.02,0.4803846153846154,0.019615384615384618,-1
0.02,0.992908029513165,0.03828868632305821,0.3856190856249193,0.0058151139275799514,0.17900000000000005,0.38573844091553583,kink,0.02,0.5196153846153846,0.019615384615384618,1
0.0632455532033676,0.9946196952022042,0.10720372438225996,0.5179552418023757,-0.0028474616783805027,0.376,0.48212204581075874,kink,0.02,0.5196153846153846,0.019615384615384618,1
0.2,0.9639350055733027,0.31264957578767605,0.486055215637776,0.006992302349104255,0.43000000000000005,0.4860343819176314,kink,0.02,0.5196153846153846,0.019615384615384618,1
0.02,0.9456435005408323,0.0006460030767789782,0.09412138760981847,0.026315904927114636,0.116,0.09400733684677344,kink,0.02,0.47794871794871796,0.022051282051282053,-1
0.0632455532033676,0.9615345370467039,0.08880766486989075,0.29662824851244,0.03378089920734673,0.372,0.296710330740525,kink,0.02,0.47794871794871796,0.022051282051282053,-1
0.2,0.9934521323577854,0.2702706167402289,0.4160533927158933,0.04240006380548357,0.457,0.41603207793704494,kink,0.02,0.47794871794871796,0.022051282051282053,-1
0.02,0.9745152101421489,0.041135440197224774,0.31557477825894825,0.009602189351280651,0.124,0.3156047344994691,kink,0.02,0.522051282051282,0.022051282051282053,1
0.0632455532033676,0.9930112190374549,0.1040189863728064,0.41886947520487294,0.012951834227868565,0.372,0.4189436593351437,kink,0.02,0.522051282051282,0.022051282051282053,1
0.2,0.307002234569144,0.2972945429628606,0.5448920706556378,-0.02255325442372119,0.45499999999999996,0.45512552568087106,kink,0.02,0.522051282051282,0.022051282051282053,1
0.02,0.951047137239505,0.020021840528121462,0.1296832744942511,0.02255779188562638,0.1,0.13015462935075217,kink,0.02,0.4755128205128205,0.02448717948717949,-1
0.0632455532033676,0.9878862667832697,0.07931361138421504,0.31380197395003323,0.030680548409891803,0.364,0.31388306043171316,kink,0.02,0.4755128205128205,0.02448717948717949,-1
0.2,0.9934030497336973,0.27855190691427834,0.4561300526228673,0.02203764380246601,0.465,0.4561110018019998,kink,0.02,0.4755128205128205,0.02448717948717949,-1
0.02,0.5669093747384664,0.04779482422801114,0.6322694838829974,-0.006757403284313572,0.11199999999999999,0.36809522536935524,kink,0.02,0.5244871794871795,0.02448717948717949,1
0.0632455532033676,0.9921119612432114,0.10676288541690689,0.4340439877675579,0.010504305104249576,0.345,0.43411778578814064,kink,0.02,0.5244871794871795,0.02448717948717949,1
0.2,0.9915969862952652,0.2986148467800399,0.56917534994393,-0.03485501159918555,0.46499999999999997,0.4308437984879769,kink,0.02,0.5244871794871795,0.02448717948717949,1
0.02,0.8010310293312699,0.0002976548889821462,0.29893556004925914,0.010549288344468466,0.085,0.29894717688148964,kink,0.02,0.47307692307692306,0.026923076923076925,-1
0.0632455532033676,0.9948454059109224,0.08267548621382748,0.2847047791177268,0.03598174155353413,0.346,0.28461625358121373,kink,0.02,0.47307692307692306,0.026923076923076925,-1
0.2,0.9935219416364199,0.27347422059308535,0.4499318881512284,0.025166686625201346,0.46,0.44990959508244116,kink,0.02,0.47307692307692306,0.026923076923076925,-1
0.02,0.9924754194098018,0.0448033696277213,0.27160182775874864,0.012159512044420912,0.09399999999999997,0.2720858324849121,kink,0.02,0.5269230769230769,0.026923076923076925,1
0.0632455532033676,0.9508163788837258,0.1088195464644186,0.4087009104376716,0.01460263868759875,0.33599999999999997,0.4087674794986165,kink,0.02,0.5269230769230769,0.026923076923076925,1
0.2,0.9981955189347994,0.2962359426940381,0.4568573873097911,0.021670828817210608,0.45599999999999996,0.45687863514149685,kink,0.02,0.5269230769230769,0.026923076923076925,1
0.02,0.9084790608436522,0.012288270229487627,0.5059075908950411,-0.0002961735120806988,0.071,0.494109043484943,kink,0.02,0.4706410256410256,0.02935897435897436,-1
0.0632455532033676,0.9958833252116618,0.07887943736506786,0.3000088624135266,0.03316438845730539,0.317,0.30009129403285806,kink,0.02,0.4706410256410256,0.02935897435897436,-1
0.2,0.9756301511589156,0.27302440852099014,0.40869358706372927,0.04618136868031028,0.434,0.4086729587142645,kink,0.02,0.4706410256410256,0.02935897435897436,-1
0.02,0.9480608010214997,0.053337369541696864,0.19427571361422455,0.01724494668584652,0.06899999999999995,0.19527957068243582,kink,0.02,0.5293589743589744,0.02935897435897436,1
0.0632455532033676,0.9959312599073532,0.10871956934625843,0.4193356375107885,0.012876375280624902,0.32199999999999995,0.4194060716756457,kink,0.02,0.5293589743589744,0.02935897435897436,1
0.2,0.9800643795860122,0.2830689415172026,0.5474807827630349,-0.023859810414470047,0.44299999999999995,0.4525391357644363,kink,0.02,0.5293589743589744,0.02935897435897436,1
0.02,0.695538691742505,0.023776048388175368,0.44958926920244485,0.0025339825000368485,0.048,0.4498497917180109,kink,0.02,0.4682051282051282,0.031794871794871796,-1
0.0632455532033676,0.9984938598611627,0.08230966182917578,0.27081397901789445,0.03860211668154104,0.303,0.27089606147525375,kink,0.02,0.4682051282051282,0.031794871794871796,-1
0.2,0.9970745953997272,0.2739814681732578,0.4300636089931378,0.035242444724757446,0.439,0.43004116118420826,kink,0.02,0.4682051282051282,0.031794871794871796,-1
0.02,0.9908263498923434,0.0450856017878144,0.2942124977623715,0.010822396467570713,0.05700000000000005,0.2945900560902153,kink,0.02,0.5317948717948718,0.031794871794871796,1
0.0632455532033676,0.7997614554642717,0.10604543499606432,0.5360141109386701,-0.0057172052854730145,0.29700000000000004,0.4640699963421375,kink,0.02,0.5317948717948718,0.031794871794871796,1
0.2,0.9833326816684992,0.29256176604447287,0.5549731264497368,-0.02764723978752148,0.43100000000000005,0.44504751941956744,kink,0.02,0.5317948717948718,0.031794871794871796,1
0.0632455532033676,0.9961236958442025,0.07943845844134882,0.24065691973704428,0.0445369489090077,0.281,0.24072873137833203,kink,0.02,0.46576923076923077,0.03423076923076923,-1
0.2,0.9913308956170925,0.2689803438597582,0.4131286603990298,0.043900836845937645,0.408,0.41310570529152624,kink,0.02,0.46576923076923077,0.03423076923076923,-1
0.02,0.9908126764660775,0.045647652609332415,0.24345657441011315,0.01390453698091567,0.04500000000000004,0.24379381105385534,kink,0.02,0.5342307692307693,0.03423076923076923,1
0.0632455532033676,0.9946869884181889,0.11008587349802489,0.3570015118532553,0.023178561807621175,0.281,0.3570630005352225,kink,0.02,0.5342307692307693,0.03423076923076923,1
0.2,0.9467028685962231,0.30568019535835755,0.4326949976557353,0.033903401649572965,0.43500000000000005,0.4327131337576074,kink,0.02,0.5342307692307693,0.03423076923076923,1
0.02,0.9798359081286647,0.007850760334834353,0.5463894294293884,-0.002330886954315953,0.042,0.4538725203773304,kink,0.02,0.4633333333333333,0.03666666666666667,-1
0.0632455532033676,0.9920674925774199,0.07634505988364296,0.22509460945582832,0.047756692374092184,0.292,0.2251763809826484,kink,0.02,0.4633333333333333,0.03666666666666667,-1
0.2,0.9911127752199057,0.2624410267053605,0.4325756066362816,0.03396412318146583,0.427,0.4325552507493023,kink,0.02,0.4633333333333333,0.03666666666666667,-1
0.02,0.9227129970623756,0.047776216446082764,0.40252315507762493,0.004936431561566227,0.030000000000000027,0.40274411909074725,kink,0.02,0.5366666666666666,0.03666666666666667,1
0.0632455532033676,0.9968728695507639,0.10964875607753058,0.3352481763651502,0.026908888877241566,0.28200000000000003,0.33531661754540965,kink,0.02,0.5366666666666666,0.03666666666666667,1
0.2,0.9940106685601635,0.29986281167075074,0.4182499495175307,0.04127451312386368,0.42900000000000005,0.4182668982408533,kink,0.02,0.5366666666666666,0.03666666666666667,1
0.02,0.49629560754164903,0.002612561564840035,0.5435093012116984,-0.0021855750784592533,0.019,0.45672105587269685,kink,0.02,0.4608974358974359,0.0391025641025641,-1
0.0632455532033676,0.9918312413564032,0.08743050601406745,0.19386510652222497,0.05462777417591281,0.271,0.1939419018678569,kink,0.02,0.4608974358974359,0.0391025641025641,-1
0.2,0.9911957928542883,0.2660246194126391,0.3698240571307258,0.06646387421944351,0.409,0.3697988723983848,kink,0.02,0.4608974358974359,0.0391025641025641,-1
0.02,0.9936703268638808,0.03666621313428227,0.5021599433508067,-0.00010828403052440608,0.018000000000000016,0.49786718442324523,kink,0.02,0.5391025641025641,0.0391025641025641,1
0.0632455532033676,0.9968575220051497,0.1105512644262181,0.34191923209731634,0.02575553877203086,0.277,0.3419864347151171,kink,0.02,0.5391025641025641,0.0391025641025641,1
0.2,0.9950029791782222,0.31809554441000687,0.5636645348677548,-0.03205335499384194,0.42300000000000004,0.43634827098768214,kink,0.02,0.5391025641025641,0.0391025641025641,1
0.0632455532033676,0.9884895700074424,0.06378342174242384,0.22578895057446885,0.04761043223660314,0.273,0.22588233184343168,kink,0.02,0.4584615384615385,0.04153846153846154,-1
0.2,0.9939730978305696,0.27083594584709614,0.40039084934379027,0.05046711345294213,0.412,0.4003738818845507,kink,0.02,0.4584615384615385,0.04153846153846154,-1
0.02,0.9302712219451645,0.02439239562412171,0.511428458684772,-0.0005730163390968314,0.015000000000000013,0.48861401643577645,kink,0.02,0.5415384615384615,0.04153846153846154,1
0.0632455532033676,0.9920482380148342,0.12138611384170521,0.35752783916608344,0.023089348615846838,0.247,0.35760015769143844,kink,0.02,0.5415384615384615,0.04153846153846154,1
0.2,0.8150168379130663,0.2974657096494633,0.4113192029910899,0.04483056080322666,0.42000000000000004,0.41133315712033003,kink,0.02,0.5415384615384615,0.04153846153846154,1
0.0632455532033676,0.9956548012790256,0.07782545778371684,0.19079858101348826,0.055337155865258586,0.253,0.190873293627667,kink,0.02,0.456025641025641,0.043974358974358974,-1
0.2,0.9916922799404795,0.25850652499308585,0.37200028908809885,0.06531203261780798,0.428,0.371971526782921,kink,0.02,0.456025641025641,0.043974358974358974,-1
0.02,0.9911220156520638,0.03582248565814941,0.44804914239903953,0.00261183461021536,0.018000000000000016,0.44805138422800506,kink,0.02,0.543974358974359,0.043974358974358974,1
0.0632455532033676,0.9877856374550139,0.12662890173917968,0.31738088101846,0.030043874852716868,0.245,0.31743863658899735,kink,0.02,0.543974358974359,0.043974358974358974,1
0.2,0.8210745763267024,0.294871609219129,0.4534220986161889,0.023404001874289676,0.403,0.4534440095024739,kink,0.02,0.543974358974359,0.043974358974358974,1
0.02,0.9909467454681279,0.015563485875509153,0.23598690675491077,0.014385424771319212,0.013,0.2360221196175054,kink,0.02,0.4535897435897436,0.04641025641025641,-1
0.0632455532033676,0.9964440318768063,0.07228625781064707,0.20855224692863616,0.05132091280297153,0.235,0.20863376052253665,kink,0.02,0.4535897435897436,0.04641025641025641,-1
0.2,0.9970679561874538,0.25020571300046734,0.39393124891460757,0.05381746140944275,0.392,0.39390494122649133,kink,0.02,0.4535897435897436,0.04641025641025641,-1
0.02,0.7272356081744427,0.03404787120002946,0.14726827419352134,0.020964430810687516,0.01200000000000001,0.14725299866014688,kink,0.02,0.5464102564102564,0.04641025641025641,1
0.0632455532033676,0.8318976713037378,0.11821913085956025,0.3222748356198556,0.02917814610915646,0.24,0.3223424203059711,kink,0.02,0.5464102564102564,0.04641025641025641,1
0.2,0.9910921763201227,0.30229813478725875,0.42515260396352883,0.03774580341466078,0.41200000000000003,0.42516731728627993,kink,0.02,0.5464102564102564,0.04641025641025641,1
0.0632455532033676,0.9516913576381612,0.07642892122850775,0.1750335362711226,0.059100389057225894,0.221,0.17510353443348287,kink,0.02,0.4511538461538461,0.048846153846153845,-1
0.2,0.9718525393846389,0.2682875953805918,0.38253093911289604,0.05976806576483269,0.414,0.3825107950415462,kink,0.02,0.4511538461538461,0.048846153846153845,-1
0.02,0.8024166715565353,0.021628785782160848,0.2759467136419748,0.011898505327343274,0.008000000000000007,0.27612071425882523,kink,0.02,0.5488461538461539,0.048846153846153845,1
0.0632455532033676,0.09448333819971855,0.11841530361193739,0.30415177508337127,0.032413126379446704,0.20599999999999996,0.3042194671171674,kink,0.02,0.5488461538461539,0.048846153846153845,1
0.2,0.9871889242628211,0.30855032432631635,0.40583611460826285,0.047653860401486864,0.396,0.4058553671493386,kink,0.02,0.5488461538461539,0.048846153846153845,1
0.0632455532033676,0.9486283702561957,0.07214164263871892,0.19342613810559944,0.05472889849336398,0.204,0.19351141545669356,kink,0.02,0.44871794871794873,0.05128205128205128,-1
0.2,0.9964204846161976,0.2669252580833221,0.35531071891084504,0.07420432156478392,0.377,0.3552894481261381,kink,0.02,0.44871794871794873,0.05128205128205128,-1
0.02,0.9399929471809436,0.041517402039629364,0.3414907823753223,0.008167958276919515,0.0040000000000000036,0.3416782664249411,kink,0.02,0.5512820512820513,0.05128205128205128,1
0.0632455532033676,0.933614457818352,0.12088846585238289,0.2620051740933624,0.040298535064964155,0.21999999999999997,0.2620681458580678,kink,0.02,0.5512820512820513,0.05128205128205128,1
0.2,0.992903210836718,0.322556670482439,0.4157665576628966,0.04254714106900618,0.40700000000000003,0.41578413462890057,kink,0.02,0.5512820512820513,0.05128205128205128,1
0.0632455532033676,0.9933447520889077,0.08192476098924581,0.14334001246572814,0.06738390018897487,0.189,0.14341854146331254,kink,0.02,0.4462820512820513,0.053717948717948716,-1
0.2,0.9993877272374148,0.25818931532928946,0.37952773407303325,0.06134427249487795,0.407,0.3795020983114041,kink,0.02,0.4462820512820513,0.053717948717948716,-1
0.02,0.9614287319057904,0.006945043585955241,0.46499669545714534,0.0017570630636196257,0.0040000000000000036,0.46502915795030225,kink,0.02,0.5537179487179487,0.053717948717948716,1
0.0632455532033676,0.9230648434891601,0.1214874245876607,0.3240281873357443,0.028869316258108423,0.22799999999999998,0.32410244805118,kink,0.02,0.5537179487179487,0.053717948717948716,1
0.2,0.947961416487213,0.31284947488505577,0.4075243373443281,0.046783590769556425,0.373,0.40754607225514977,kink,0.02,0.5537179487179487,0.053717948717948716,1
0.0632455532033676,0.9455549511150705,0.0804561457313665,0.12342618300815088,0.07324015932150402,0.2,0.12349916522004052,kink,0.02,0.44384615384615383,0.05615384615384615,-1
0.2,0.9937931908022705,0.24158116254645537,0.39173109550448065,0.05496200622106831,0.358,0.391700934485368,kink,0.02,0.44384615384615383,0.05615384615384615,-1
0.02,0.9924977696046714,0.017889275157410206,0.4667292511701791,0.0016698861803322064,0.0030000000000000027,0.46688601233205435,kink,0.02,0.5561538461538461,0.05615384615384615,1
0.0632455532033676,0.30228695897107793,0.12942812551697064,0.27002218268889155,0.03875345363113593,0.18100000000000005,0.2700866076337089,kink,0.02,0.5561538461538461,0.05615384615384615,1
0.2,0.9929532996577699,0.3071817483256768,0.37223644152310387,0.06518717212887715,0.382,0.3722519823075515,kink,0.02,0.5561538461538461,0.05615384615384615,1
0.0632455532033676,0.95409212342842,0.07170335375889524,0.15393539744318605,0.06449148617531728,0.196,0.15402037129003104,kink,0.02,0.44141025641025644,0.05858974358974359,-1
0.2,0.9982684810367556,0.24388999652005547,0.3756259918718632,0.0633977908189612,0.392,0.3756025914110588,kink,0.02,0.44141025641025644,0.05858974358974359,-1
0.02,0.8532753690385793,0.03503475044803986,0.5063904446254038,-0.00032038308560961834,0.0010000000000000009,0.49373757137593555,kink,0.02,0.5585897435897436,0.05858974358974359,1
0.0632455532033676,0.47941545721475665,0.12595801371122273,0.26678598665363934,0.03937431809966384,0.17100000000000004,0.26685310357039854,kink,0.02,0.5585897435897436,0.05858974358974359,1
0.2,0.8134578508068391,0.32408298303176897,0.3966863795869597,0.05238668769881269,0.363,0.3967035545102731,kink,0.02,0.5585897435897436,0.05858974358974359,1
0.0632455532033676,0.9950600085588747,0.07954100991009773,0.10242907471600807,0.08018470123628195,0.175,0.10249136916734719,kink,0.02,0.438974358974359,0.06102564102564102,-1
0.2,0.9978897708959203,0.24656014086961767,0.35766514576767067,0.0729413574676043,0.37,0.3576412625269502,kink,0.02,0.438974358974359,0.06102564102564102,-1
0.02,0.9987010493113606,0.03586812087553495,0.51123124433865,-0.0005631254888995855,0.0020000000000000018,0.4888854709412143,kink,0.02,0.561025641025641,0.06102564102564102,1
0.0632455532033676,0.7069234137038604,0.13526752735573566,0.2212807794699467,0.048564667705722535,0.16000000000000003,0.22132965036661698,kink,0.02,0.561025641025641,0.06102564102564102,1
0.2,0.9937461393018684,0.31180978035042733,0.39231986124342677,0.05465554871135669,0.388,0.3923351423557071,kink,0.02,0.561025641025641,0.06102564102564102,1
0.0632455532033676,0.9678214195612074,0.0600721144298252,0.1563813042564498,0.06384273036766897,0.153,0.15647013283942376,kink,0.02,0.43653846153846154,0.06346153846153847,-1
0.2,0.9932132090663347,0.22250337681311266,0.3586624190762675,0.0724072777041841,0.354,0.35863847318267206,kink,0.02,0.43653846153846154,0.06346153846153847,-1
0.02,0.9905432108522501,0.05003147301802163,0.5747916541810296,-0.0037717356837795534,0.0010000000000000009,0.42560010576762514,kink,0.02,0.5634615384615385,0.06346153846153847,1
0.0632455532033676,0.31156663877683677,0.1348567981414463,0.19921537832725955,0.053406262188669604,0.16200000000000003,0.19926952757226213,kink,0.02,0.5634615384615385,0.06346153846153847,1
0.2,0.9918608509258899,0.33733889756067403,0.35738564636262515,0.07309113378391874,0.363,0.35740375620207165,kink,0.02,0.5634615384615385,0.06346153846153847,1
0.0632455532033676,0.9764795889542246,0.07583924018322322,0.10807906525541748,0.07822264718693753,0.144,0.10814462933501165,kink,0.02,0.4341025641025641,0.06589743589743591,-1
0.2,0.9991204210023544,0.2451556134640205,0.33819189787551623,0.08348056312723377,0.362,0.33816335052117225,kink,0.02,0.4341025641025641,0.06589743589743591,-1
0.02,0.9692696151932917,0.0025070645986395024,0.48769755954613664,0.0006168506855805806,0.0020000000000000018,0.48747906462971957,kink,0.02,0.5658974358974359,0.06589743589743591,1
0.0632455532033676,0.2791516100445539,0.13663078059909145,0.1955276980453033,0.05424602518680796,0.139,0.19557963021789032,kink,0.02,0.5658974358974359,0.06589743589743591,1
0.2,0.9503431377944987,0.3071968914209847,0.3818735905874139,0.06011274896916418,0.369,0.3818926329406573,kink,0.02,0.5658974358974359,0.06589743589743591,1
0.0632455532033676,0.9860704436966864,0.06980166080572713,0.08538775250416822,0.08662845975131354,0.14,0.08545451770535742,kink,0.02,0.43166666666666664,0.06833333333333334,-1
0.2,0.8839338956760241,0.24261731304301978,0.369545966138214,0.06661122110577065,0.372,0.36951776999279623,kink,0.02,0.43166666666666664,0.06833333333333334,-1
0.02,0.9704070179404104,0.04687597283677164,0.2862511305269308,0.011287402650772162,0.0,0.2863555172032489,kink,0.02,0.5683333333333334,0.06833333333333334,1
0.0632455532033676,0.08683589917602874,0.1349263010842762,0.21003797237170932,0.05099422531702816,0.14600000000000002,0.2100999109214292,kink,0.02,0.5683333333333334,0.06833333333333334,1
0.2,0.5873257129858948,0.31175947448261476,0.3702777725788469,0.06622354985937078,0.346,0.3702989323437549,kink,0.02,0.5683333333333334,0.06833333333333334,1
0.0632455532033676,0.9869732534449706,0.06309526056749792,0.13045829518535143,0.07110238055647737,0.134,0.13053853800764248,kink,0.02,0.4292307692307692,0.07076923076923078,-1
0.2,0.9933191209811666,0.252196399312292,0.3485875538893736,0.07782731792824715,0.347,0.3485657032794086,kink,0.02,0.4292307692307692,0.07076923076923078,-1
0.02,0.9908567863049269,0.04538235538018043,0.5627830917391639,-0.0031605833151838636,0.0,0.43754599497117047,kink,0.02,0.5707692307692308,0.07076923076923078,1
0.0632455532033676,0.5577860466661351,0.13182101835026527,0.19239864284379046,0.05496614955591264,0.128,0.19245348786079713,kink,0.02,0.5707692307692308,0.07076923076923078,1
0.2,0.9980503843324505,0.3095350969846139,0.35024438347831466,0.07693215316624012,0.358,0.35026280219894246,kink,0.02,0.5707692307692308,0.07076923076923078,1
0.0632455532033676,0.9956932724923734,0.06385526892443671,0.12292771646125689,0.07339488858196348,0.136,0.1230053510922337,kink,0.02,0.4267948717948718,0.07320512820512821,-1
0.2,0.9979191942860156,0.24718491424394262,0.3718993370857043,0.06536541656920378,0.357,0.37187610283213757,kink,0.02,0.4267948717948718,0.07320512820512821,-1
0.02,0.8177922052888174,0.0018324096202957663,0.33542248461055113,0.008499772437703041,0.0,0.335612595922251,kink,0.02,0.5732051282051283,0.07320512820512821,1
0.0632455532033676,0.11533111048447875,0.13922304369572422,0.14939107836455617,0.06571520043267984,0.14300000000000002,0.14943191578761084,kink,0.02,0.5732051282051283,0.07320512820512821,1
0.2,0.38214646442778133,0.32247371741192965,0.3612298160830158,0.07103469571755852,0.344,0.36124290250548735,kink,0.02,0.5732051282051283,0.07320512820512821,1
0.0632455532033676,0.9965705393571732,0.07830669899530832,0.08305624667440703,0.08758267730909049,0.097,0.08311438823020882,kink,0.02,0.42435897435897435,0.07564102564102565,-1
0.2,0.9786536433567993,0.25036149576305433,0.35768753059337655,0.07292936380358746,0.367,0.35766884482544836,kink,0.02,0.42435897435897435,0.07564102564102565,-1
0.02,0.8068719736069087,0.02362716968091022,0.4975907596647641,0.00012078213306001216,0.0,0.4974284211870944,kink,0.02,0.5756410256410256,0.07564102564102565,1
0.0632455532033676,0.8850476008984287,0.1396867921258821,0.23713863273571545,0.04525453555179592,0.121,0.23720441212935317,kink,0.02,0.5756410256410256,0.07564102564102565,1
0.2,0.9905200623073617,0.3308230473032117,0.4014582469612665,0.049914881063626904,0.374,0.40147320241144924,kink,0.02,0.5756410256410256,0.07564102564102565,1
0.0632455532033676,0.9986353198373501,0.07689597163659954,0.06464506468688186,0.09593763155472652,0.111,0.06470194502764258,kink,0.02,0.4219230769230769,0.07807692307692309,-1
0.2,0.9945266528278286,0.24613043552395375,0.3368688731581984,0.08420474806886127,0.317,0.33684486606409475,kink,0.02,0.4219230769230769,0.07807692307692309,-1
0.02,0.980301384227211,0.04691943116023048,0.4700971805213972,0.0015005115574189577,0.0,0.47026335468607994,kink,0.02,0.578076923076923,0.07807692307692309,1
0.0632455532033676,0.9908942286464679,0.13910396480357234,0.1975772953253703,0.053778117849378124,0.10699999999999998,0.1976409953336987,kink,0.02,0.578076923076923,0.07807692307692309,1
0.2,0.9932331472950467,0.3208173227072643,0.3605157143181492,0.07141613034384763,0.33999999999999997,0.36053152156136314,kink,0.02,0.578076923076923,0.07807692307692309,1
0.0632455532033676,0.996034023961734,0.06208366071287919,0.08851841225989872,0.08537738765814262,0.096,0.08859565314786366,kink,0.02,0.4194871794871795,0.08051282051282052,-1
0.2,0.9901009885861143,0.2530285394689386,0.35507865158784035,0.07432896689302086,0.347,0.3550513302193885,kink,0.02,0.4194871794871795,0.08051282051282052,-1
0.02,0.9864134946413314,0.034842088676067334,0.4983042211207112,8.501400173814386e-05,0.0,0.49832933907546567,kink,0.02,0.5805128205128205,0.08051282051282052,1
0.0632455532033676,0.7970369813706466,0.13032992992083214,0.28189430702315893,0.036506807404645465,0.08899999999999997,0.2819837897551,kink,0.02,0.5805128205128205,0.08051282051282052,1
0.2,0.953005975967698,0.33322388125666297,0.33429648901527204,0.08561597231618132,0.347,0.3343101011878036,kink,0.02,0.5805128205128205,0.08051282051282052,1
0.02,0.9960291457999941,0.02829801567655233,0.12913942473473117,0.022609370707691354,0.0,0.12959150716338677,kink,0.02,0.41705128205128206,0.08294871794871796,-1
0.0632455532033676,0.9971571785166901,0.06730228536056942,0.05877749205352744,0.09898682378470773,0.08,0.05883545056221186,kink,0.02,0.41705128205128206,0.08294871794871796,-1
0.2,0.9221868154100954,0.2562666020322762,0.31483153138615305,0.09644022921684325,0.319,0.31481225815170977,kink,0.02,0.41705128205128206,0.08294871794871796,-1
0.02,0.9915298811551789,0.031643083540697586,0.4460520428551778,0.0027128454482833824,0.0,0.4460354991865995,kink,0.02,0.5829487179487179,0.08294871794871796,1
0.0632455532033676,0.9611317083735879,0.1285432345442249,0.2699848961424732,0.0387605857186612,0.09699999999999998,0.2701293483900031,kink,0.02,0.5829487179487179,0.08294871794871796,1
0.2,0.9958575220890654,0.3404425765170238,0.35087330436365266,0.07659275901272589,0.31599999999999995,0.35088632564981315,kink,0.02,0.5829487179487179,0.08294871794871796,1
0.0632455532033676,0.9832927195324916,0.04788447576551608,0.07712769970819855,0.0901034333539574,0.073,0.0771848732009756,kink,0.02,0.4146153846153846,0.08538461538461539,-1
0.2,0.999680036359162,0.22809305306927247,0.33622200604319735,0.08455922583032663,0.348,0.3361964600704996,kink,0.02,0.4146153846153846,0.08538461538461539,-1
0.02,0.9916365373265639,0.00692517651613106,0.39092782061565945,0.005538032592889007,0.0,0.3909806554572549,kink,0.02,0.5853846153846154,0.08538461538461539,1
0.0632455532033676,0.9903962215376269,0.15558354463571672,0.13775119138454361,0.06896792120018139,0.07999999999999996,0.13779324515683425,kink,0.02,0.5853846153846154,0.08538461538461539,1
0.2,0.9925134277145495,0.3362417033801162,0.3496796415356396,0.07723710233086961,0.348,0.3496924858129916,kink,0.02,0.5853846153846154,0.08538461538461539,1
0.0632455532033676,0.9274344567379709,0.060798071796505135,0.06556834852496293,0.0954776730518689,0.09,0.06563602729489619,kink,0.02,0.41217948717948716,0.08782051282051283,-1
0.2,0.9979783726429894,0.23784743921369356,0.3087219246320877,0.09989526842731572,0.312,0.30869743038374003,kink,0.02,0.41217948717948716,0.08782051282051283,-1
0.02,0.9313459249616086,0.046364843854645205,0.5651743822451413,-0.003282030139308746,0.0,0.435161697300483,kink,0.02,0.5878205128205128,0.08782051282051283,1
0.0632455532033676,0.9910732821399368,0.14973160310338046,0.16305558058744038,0.06210568092775301,0.07599999999999996,0.16311545504082725,kink,0.02,0.5878205128205128,0.08782051282051283,1
0.2,0.9913370144075866,0.3460457939852767,0.3343276928425116,0.08559882829980159,0.33299999999999996,0.33433889530967004,kink,0.02,0.5878205128205128,0.08782051282051283,1
0.0632455532033676,0.9575201727174895,0.05065205512640588,0.06328795025997037,0.09662306803022998,0.059,0.06321244224581614,kink,0.02,0.4097435897435897,0.09025641025641026,-1
0.2,0.5461574239031732,0.2446816694233518,0.3275218072946832,0.08935331298500944,0.326,0.3274969319893641,kink,0.02,0.4097435897435897,0.09025641025641026,-1
0.02,0.7006012178634304,0.0515425152266184,0.40472820396146064,0.0048225472039870425,0.0,0.4047311949734491,kink,0.02,0.5902564102564103,0.09025641025641026,1
0.0632455532033676,0.9394657188005027,0.15063527007404043,0.14638006336855117,0.06653975667251578,0.06699999999999995,0.14643257897803205,kink,0.02,0.5902564102564103,0.09025641025641026,1
0.2,0.934484821354427,0.34423304417635775,0.35538288946442864,0.07416556402501928,0.33999999999999997,0.35539358172617325,kink,0.02,0.5902564102564103,0.09025641025641026,1
0.0632455532033676,0.99361323361824,0.0673345976760924,0.038564188799159155,0.111792620737643,0.061,0.03861511130791514,kink,0.02,0.4073076923076923,0.0926923076923077,-1
0.2,0.994139400978976,0.2092238799381008,0.27474932380765504,0.11970231207563364,0.301,0.27478119787406774,kink,0.02,0.4073076923076923,0.0926923076923077,-1
0.02,0.9942549255075867,0.012160005963581522,0.5055435822631457,-0.0002779229452333184,0.0,0.49444239727896533,kink,0.02,0.5926923076923077,0.0926923076923077,1
0.0632455532033676,0.8297052561644398,0.16047534159390997,0.14076380697510898,0.06810875818100585,0.07999999999999996,0.14364090404186253,kink,0.02,0.5926923076923077,0.0926923076923077,1
0.2,0.2695770411085061,0.3468284759879158,0.37701806110884867,0.06266437767746767,0.33799999999999997,0.37703374658103367,kink,0.02,0.5926923076923077,0.0926923076923077,1
0.0632455532033676,0.9954919008673353,0.0979487230416779,0.04826057380813252,0.10511146837432897,0.084,0.04830044147388825,kink,0.02,0.40487179487179487,0.09512820512820513,-1
0.2,0.9936501020576275,0.25028094894902686,0.30573280543984926,0.10159650145183548,0.299,0.30570870720172266,kink,0.02,0.40487179487179487,0.09512820512820513,-1
0.02,0.9920666931460015,0.034155638836164515,0.32329563504354986,0.009170055477924485,0.0,0.32330485697563915,kink,0.02,0.5951282051282052,0.09512820512820513,1
0.0632455532033676,0.8353457183295013,0.13021657947554888,0.2735417685016989,0.03808243163450083,0.07999999999999996,0.27475046328508257,kink,0.02,0.5951282051282052,0.09512820512820513,1
0.2,0.7765905128915644,0.33145092521483,0.2815107941771651,0.11567185342808953,0.32999999999999996,0.28152011443763547,kink,0.02,0.5951282051282052,0.09512820512820513,1
0.0632455532033676,0.9901947660265581,0.04536234480176968,0.059460583113349536,0.09861992077843258,0.06,0.05954018822893263,kink,0.02,0.4024358974358974,0.09756410256410257,-1
0.2,0.9995804979153377,0.24768638112709238,0.3020395118829614,0.10370872700627864,0.33,0.3020127511912737,kink,0.02,0.4024358974358974,0.09756410256410257,-1
0.02,0.9952360457602816,0.039017411545274244,0.6268867207249446,-0.006472378493798973,0.0,0.3731191799071112,kink,0.02,0.5975641025641025,0.09756410256410257,1
0.0632455532033676,0.8781075195545308,0.1618119929077157,0.12779173328457694,0.07190335897815446,0.05800000000000005,0.12784238890397712,kink,0.02,0.5975641025641025,0.09756410256410257,1
0.2,0.5784744016469197,0.339110091459806,0.30068496942907347,0.10448629705434953,0.32499999999999996,0.3006935889973162,kink,0.02,0.5975641025641025,0.09756410256410257,1
0.0632455532033676,0.992991734693223,0.07012751630691767,0.036755392713416386,0.1131871721935721,0.061,0.03680025989117246,kink,0.02,0.4,0.1,-1
0.2,0.9915395193825584,0.2204528083287046,0.30609867687359327,0.10138787591467453,0.299,0.3060890190825625,kink,0.02,0.4,0.1,-1
0.02,0.967160327167889,0.038032300909627226,0.521044539519454,-0.0010555065233801755,0.0,0.4790930465240599,kink,0.02,0.6,0.1,1
0.0632455532033676,0.9935291713105954,0.14905356827024663,0.1865423622409232,0.056333451896200565,0.06000000000000005,0.18693176233210468,kink,0.02,0.6,0.1,1
0.2,0.9129911943209794,0.33558803091360434,0.29387691230060464,0.10841877887827994,0.31699999999999995,0.29388801958077326,kink,0.02,0.6,0.1,1
0.0632455532033676,0.825534679838372,0.058536854570701416,0.042442029984409005,0.10897364980097356,0.039,0.04249803274920698,kink,0.02,0.39,0.11,-1
0.2,0.9973589854223741,0.24365636756009557,0.27092339536948695,0.12200453389652283,0.283,0.2709550730062037,kink,0.02,0.39,0.11,-1
0.02,0.906087803194281,0.03244777500662435,0.5011741478825706,-5.8863130601294274e-05,0.0,0.4988280791925635,kink,0.02,0.61,0.11,1
0.0632455532033676,0.8617959293502412,0.14443702971157982,0.19512568994641435,0.0543381490649616,0.03700000000000003,0.19663135888196787,kink,0.02,0.61,0.11,1
0.2,0.9983240493495721,0.3668145714116732,0.315664832318728,0.09597123524093505,0.30300000000000005,0.3156764237902092,kink,0.02,0.61,0.11,1
0.0632455532033676,0.9000217764115281,0.042452385726612585,0.04541645933887603,0.10694951664794082,0.028,0.045486698543214535,kink,0.02,0.38,0.12,-1
0.2,0.9888298998084599,0.2441441024728104,0.2546200230658987,0.13200429568820415,0.276,0.25464413322974805,kink,0.02,0.38,0.12,-1
0.02,0.9926470195493737,0.04395754720358119,0.5704863555586842,-0.003552250462752952,0.0,0.4298153333885421,kink,0.02,0.62,0.12,1
0.0632455532033676,0.9937429638355307,0.16257306656720794,0.11206258160054633,0.07688331422628798,0.028000000000000025,0.1136939724854203,kink,0.02,0.62,0.12,1
0.2,0.9197065017035723,0.3665351637847057,0.27654353257893594,0.11862811886071233,0.265,0.2765535451410247,kink,0.02,0.62,0.12,1
0.0632455532033676,0.9643271886478303,0.0372834670052642,0.034500947057122255,0.11500617950345497,0.021,0.03455856733722287,kink,0.02,0.37,0.13,-1
0.2,0.38038948558246966,0.22853344161889677,0.24374101758667618,0.13886384561811155,0.258,0.24376955667956315,kink,0.02,0.37,0.13,-1
0.02,0.9935906250619588,0.040396079290457465,0.5242559801101363,-0.0012167646949109065,0.0,0.4758333929541262,kink,0.02,0.63,0.13,1
0.0632455532033676,0.9904738375851205,0.09914510568580495,0.5370506131080777,-0.005882217576466506,0.02300000000000002,0.4629542698596673,kink,0.02,0.63,0.13,1
0.2,0.9945393654348319,0.36618024276870276,0.2878517274652004,0.1119343206555117,0.273,0.2878620870401604,kink,0.02,0.63,0.13,1
0.0632455532033676,0.9911082621520303,0.010542301696309146,0.1100169412078362,0.07756675162965111,0.018,0.1111752319943123,kink,0.02,0.36,0.14,-1
0.2,0.9392925955094226,0.24325623888647646,0.23790638385244192,0.1426106626203207,0.233,0.237924751941254,kink,0.02,0.36,0.14,-1
0.02,0.9926724949929893,0.01060981596480759,0.4328718092996478,0.003381348208333297,0.0,0.43306484717966454,kink,0.02,0.64,0.14,1
0.0632455532033676,0.9971349440305801,0.0990593601434343,0.4585175910207503,0.00658823021403416,0.008000000000000007,0.45855634482015994,kink,0.02,0.64,0.14,1
0.2,0.023524443381481852,0.37702015249740967,0.2241287027899457,0.1516646788450897,0.22899999999999998,0.2241341273386637,kink,0.02,0.64,0.14,1
0.0632455532033676,0.986789261759075,0.03249359497717158,0.048781435288455036,0.10478430892345088,0.013,0.04930432544304271,kink,0.02,0.35,0.15,-1
0.2,1.0,0.22708810111679045,0.2333881767929323,0.14554682596537824,0.256,0.23341104749807143,kink,0.02,0.35,0.15,-1
0.02,0.9791534366211337,0.006916615411123761,0.4485446473092536,0.002586782993544919,0.0,0.4485443402728937,kink,0.02,0.65,0.15,1
0.0632455532033676,0.999130119016524,0.06337927725088871,0.19659415373030759,0.054002192660723876,0.0030000000000000027,0.1966614140979667,kink,0.02,0.65,0.15,1
0.2,0.674100029535601,0.39052436333869145,0.21899757087426142,0.1551166336511065,0.23399999999999999,0.21900215607402773,kink,0.02,0.65,0.15,1
0.0632455532033676,0.7122321728854736,0.015337480944283215,0.023829031231597395,0.1252517963388068,0.006,0.025450623702978167,kink,0.02,0.33999999999999997,0.16,-1
0.2,0.9921221725075805,0.21896107364732167,0.23705481851000598,0.14316168903710325,0.206,0.23708708478363905,kink,0.02,0.33999999999999997,0.16,-1
0.02,0.9888892882842681,0.04037474052137663,0.40860094277248293,0.004622906978162859,0.0,0.408615003862855,kink,0.02,0.66,0.16,1
0.0632455532033676,0.7824849910799614,0.1032774544099781,0.33646141927247136,0.02669847734857114,0.0030000000000000027,0.3365958156185773,kink,0.02,0.66,0.16,1
0.2,0.08088657032546942,0.3848164751565997,0.2244513948572831,0.1514491019223838,0.20799999999999996,0.22445793834097263,kink,0.02,0.66,0.16,1
0.0632455532033676,0.9925480758862468,0.013263716926396996,0.3445308716440006,0.025306359541159066,0.002,0.3446081201406456,kink,0.02,0.33,0.16999999999999998,-1
0.2,0.9376014829172064,0.21702328776444618,0.20209246738140443,0.16683409197027935,0.199,0.20211371837433242,kink,0.02,0.33,0.16999999999999998,-1
0.02,0.996622383193499,0.046826790802168006,0.33867082695544265,0.00832186814725949,0.0,0.33892776800051616,kink,0.02,0.6699999999999999,0.16999999999999998,1
0.0632455532033676,0.9783601580500753,0.16683501656177027,0.12331473221197876,0.07327471675925784,0.0050000000000000044,0.12393653993144489,kink,0.02,0.6699999999999999,0.16999999999999998,1
0.2,0.46189695799096064,0.39737557950476066,0.19427728461215812,0.17244832467193388,0.18999999999999995,0.19428277638155325,kink,0.02,0.6699999999999999,0.16999999999999998,1
0.0632455532033676,0.9902267200433565,0.0036819695918974965,0.04764326194233796,0.10550288785176355,0.001,0.04816983341554301,kink,0.02,0.32,0.18,-1
0.2,0.994128527693184,0.2178203346958765,0.1715033731181323,0.18964821291688572,0.183,0.1715350031483239,kink,0.02,0.32,0.18,-1
0.02,0.9968495914436399,0.014829718659641,0.3807944144216313,0.0060679007034370545,0.0,0.3809435397898477,kink,0.02,0.6799999999999999,0.18,1
0.0632455532033676,0.9915413648814682,0.10558027833226824,0.3706236337173534,0.020883813876004676,0.0030000000000000027,0.37063631008707565,kink,0.02,0.6799999999999999,0.18,1
0.2,0.29212001652783726,0.4177202869954524,0.14741094812556604,0.20952045179417242,0.17800000000000005,0.14741368548006076,kink,0.02,0.6799999999999999,0.18,1
0.0632455532033676,0.9914541763065766,0.0018002450577612739,0.5069344540937512,-0.0010993958126411392,0.004,0.4929096779436172,kink,0.02,0.31,0.19,-1
0.2,0.9937726900571592,0.211785392840871,0.17482548685812854,0.18705330052015978,0.17,0.1748503714033929,kink,0.02,0.31,0.19,-1
0.02,0.9932027845264692,0.006920988307967002,0.33945039927907694,0.008279271077310526,0.0,0.3397344128798978,kink,0.02,0.69,0.19,1
0.0632455532033676,0.9933064216505658,0.0842200540965945,0.399479741649259,0.01610826026379052,0.0030000000000000027,0.3994792974866121,kink,0.02,0.69,0.19,1
0.2,0.7984880929019098,0.44694355912103334,0.1537158286247514,0.20412520382989108,0.15800000000000003,0.1537222143540725,kink,0.02,0.69,0.19,1
0.02,0.45782069916745816,0.00022280339242258806,0.2489672103339774,0.01355486746295681,0.0,0.24972308397100404,kink,0.02,0.3,0.2,-1
0.0632455532033676,0.9503287985824109,0.02238332102447039,0.5044531841617844,-0.0007059917155221513,0.0,0.49556065125333765,kink,0.02,0.3,0.2,-1
0.2,0.9962433745520205,0.22663124705690682,0.16609839475455962,0.19393970355713078,0.15,0.16612479391651888,kink,0.02,0.3,0.2,-1
0.02,0.9346180216065164,0.020042326478603434,0.4886643846021398,0.0005683599716743709,0.0,0.4886899140335344,kink,0.02,0.7,0.2,1
0.0632455532033676,0.9930148222788604,0.10897986568835771,0.49967875703088843,5.092764664938925e-05,0.0010000000000000009,0.49965717295087897,kink,0.02,0.7,0.2,1
0.2,0.006098983594642449,0.431756390537119,0.1537975572210056,0.20405624102058015,0.15400000000000003,0.15388136982929002,kink,0.02,0.7,0.2,1
0.0632455532033676,0.4476507082171375,0.01789396839791014,0.5101419760724931,-0.001608012051377237,0.001,0.48991736820079185,kink,0.02,0.29,0.21000000000000002,-1
0.2,0.9867448813741784,0.15210099300762356,0.1383673593192367,0.2175367614442254,0.148,0.13840559746731476,kink,0.02,0.29,0.21000000000000002,-1
0.02,0.9960923355851401,0.011264168515000506,0.4958148207428572,0.00020981762184866222,0.0,0.4958438587396592,kink,0.02,0.71,0.21000000000000002,1
0.0632455532033676,0.7217099467124963,0.049977578917185184,0.42609477688195624,0.011784255913905113,0.0,0.42629764410107174,kink,0.02,0.71,0.21000000000000002,1
0.2,0.006103566538338323,0.4303857888955699,0.13063511405643902,0.2246787853077538,0.17700000000000005,0.13063997963813778,kink,0.02,0.71,0.21000000000000002,1
0.0632455532033676,0.9914223891841802,0.020790163931301637,0.5550286807071758,-0.008751716701831886,0.0,0.4449715375609007,kink,0.02,0.28,0.22,-1
0.2,0.991166673965767,0.18790121847052338,0.1038891830182342,0.25193957845121634,0.131,0.10391758168950271,kink,0.02,0.28,0.22,-1
0.02,0.9952576732398346,0.03887725033193501,0.4934204071931014,0.0003298668223248833,0.0,0.49354975712328325,kink,0.02,0.72,0.22,1
0.0632455532033676,0.9957969139361389,0.10029225718010315,0.30288034610084197,0.03264319217900615,0.0,0.3028779153274744,kink,0.02,0.72,0.22,1
0.2,0.004923980454590304,0.44598836317282964,0.14042452868298982,0.21568279310659222,0.131,0.1404300610915332,kink,0.02,0.72,0.22,1
0.0632455532033676,0.5865585017939439,0.028324019199881815,0.3434684924106535,0.025488924239887627,0.001,0.34398230875315283,kink,0.02,0.27,0.22999999999999998,-1
0.2,0.6435733694597595,0.2020082551261675,0.12050186527140777,0.23449633229115335,0.102,0.12052380167569478,kink,0.02,0.27,0.22999999999999998,-1
0.02,0.9937408215250404,0.019273510622583867,0.3612576296467812,0.00710198444481804,0.0,0.36124728433893705,kink,0.02,0.73,0.22999999999999998,1
0.0632455532033676,0.04918545262562224,0.11557504151222442,0.5021094722506926,-0.0003344227165716571,0.0,0.49780654888939935,kink,0.02,0.73,0.22999999999999998,1
0.2,0.00011012628751005948,0.46558807715774836,0.12414645196545801,0.23090113956585376,0.131,0.12415186042115432,kink,0.02,0.73,0.22999999999999998,1
0.0632455532033676,0.9930622133207934,0.023680177954851202,0.39925151462190983,0.016145637384264985,0.0,0.3992912260789484,kink,0.02,0.26,0.24,-1
0.2,0.9961242201221693,0.1852309458830434,0.1031433886141841,0.2527683808781231,0.101,0.10316738647600182,kink,0.02,0.26,0.24,-1
0.02,0.9915260561189688,0.04107949373016839,0.33650882728291026,0.008440201747988822,0.0,0.3364924746193991,kink,0.02,0.74,0.24,1
0.0632455532033676,0.8423814201497074,0.11096441351437003,0.4444624118361336,0.008833178788706203,0.0,0.4447245548582764,kink,0.02,0.74,0.24,1
0.2,0.000407008114166052,0.467134645939258,0.11586674173509318,0.239181077012909,0.11699999999999999,0.11587214013381147,kink,0.02,0.74,0.24,1
0.0632455532033676,1.0,0.022675026267389976,0.438686042469323,0.009758878089559412,0.0,0.4388805297713118,kink,0.02,0.25,0.25,-1
0.2,0.9778124842241369,0.20024077840968174,0.10780669449188522,0.24765538920881727,0.087,0.10782869270365546,kink,0.02,0.25,0.25,-1
0.02,0.9206834700398826,0.014120995413147985,0.43434147601961004,0.003306632910081405,0.0,0.4347273166985745,kink,0.02,0.75,0.25,1
0.0632455532033676,0.9973859452241964,0.10430038617489823,0.4680875191200703,0.005064591863448402,0.0,0.46821937754255266,kink,0.02,0.75,0.25,1
0.2,7.875686096603385e-05,0.4877773430960606,0.09655146507208494,0.2602908994015456,0.12,0.09655857736123413,kink,0.02,0.75,0.25,1
0.02,0.6312294216463121,0.01195913141129654,0.07506798003541078,0.028781028013199716,0.0,0.07502204227432016,kink,0.02,0.24,0.26,-1
0.0632455532033676,0.9902212149356223,0.02363583617604417,0.49622169937914684,0.0005989946342813858,0.0,0.49636797653196096,kink,0.02,0.24,0.26,-1
0.2,0.9956521263002351,0.19714277889487208,0.08711439392363345,0.27174812885947297,0.106,0.08713942896623172,kink,0.02,0.24,0.26,-1
0.02,0.812055844682348,0.03999847810266177,0.3121288916304245,0.009796498734254635,0.0,0.31220612398975006,kink,0.02,0.76,0.26,1
0.0632455532033676,0.9966754485959142,0.08562415961708991,0.27711952484640384,0.03740468444588514,0.0,0.27717809151619094,kink,0.02,0.76,0.26,1
0.2,0.12049555929294609,0.4936765052844521,0.0977280909076803,0.2589211998287606,0.08999999999999997,0.09773393458341906,kink,0.02,0.76,0.26,1
0.0632455532033676,0.7640585800333677,0.028486732706222432,0.6615557795535124,-0.026355235873277604,0.0,0.3385686826958438,kink,0.02,0.22999999999999998,0.27,-1
0.2,0.998898274388326,0.1899326203037727,0.07634983607671779,0.2860120885851182,0.09,0.07637700513561209,kink,0.02,0.22999999999999998,0.27,-1
0.02,0.8799180400065867,0.03500698495890836,0.34492123631713945,0.007981377034367087,0.0,0.3449423665891576,kink,0.02,0.77,0.27,1
0.0632455532033676,0.990870943203963,0.02125973045414642,0.4837443254157755,0.0025777758890380715,0.0,0.4837638556679301,kink,0.02,0.77,0.27,1
0.2,0.0025387921960943194,0.39605940489716196,0.3101581010626139,0.09908045132472407,0.09199999999999997,0.3102158081538024,kink,0.02,0.77,0.27,1
0.0632455532033676,0.9467750676923679,0.004058063143872078,0.34957855387273146,0.024441783692426125,0.0,0.3499698875062388,kink,0.02,0.21999999999999997,0.28,-1
0.2,0.9584899721234641,0.18301526409111055,0.08070589021288226,0.28006783134364643,0.068,0.08073521631626036,kink,0.02,0.21999999999999997,0.28,-1
0.02,0.9919626906429795,0.053121575802797194,0.1427636222389646,0.021359701490655473,0.0,0.1429586136421344,kink,0.02,0.78,0.28,1
0.0632455532033676,0.9440081033657804,0.11176230150317912,0.4264172209726561,0.011732246750633895,0.0,0.42658060717161655,kink,0.02,0.78,0.28,1
0.2,0.004572305636529661,0.5159595638285653,0.07872165042449705,0.2827445650261546,0.09099999999999997,0.07872912637837835,kink,0.02,0.78,0.28,1
0.0632455532033676,0.910860018268588,0.018213375621126734,0.565156707416799,-0.010375850571103391,0.0,0.4348597616513616,kink,0.02,0.21000000000000002,0.29,-1
0.2,0.9947408736975092,0.20460510800205564,0.0724124485807678,0.29161135300889746,0.071,0.07243866720110693,kink,0.02,0.21000000000000002,0.29,-1
0.02,0.9966278125404031,0.03888734862537413,0.46299248023777934,0.0018579507903801135,0.0,0.4631155839898635,kink,0.02,0.79,0.29,1
0.0632455532033676,0.993349694197444,0.09170374004928172,0.3255337931231734,0.02860467210099524,0.0,0.32558731120126383,kink,0.02,0.79,0.29,1
0.2,0.04083902636785364,0.5075602975144073,0.07906269855006252,0.2822808862601808,0.07499999999999996,0.07955880765524743,kink,0.02,0.79,0.29,1
0.0632455532033676,0.8415151819418127,0.00980212434523002,0.31392562464673385,0.030658499874656586,0.0,0.31438310769786715,kink,0.02,0.2,0.3,-1
0.2,0.8490704971440727,0.20414499432638164,0.05476000175045685,0.3200708633106713,0.068,0.054778861724173664,kink,0.02,0.2,0.3,-1
0.02,0.9513770120967933,0.04762037755844806,0.21318709285572063,0.01590822954828532,0.0,0.21321545146887813,kink,0.02,0.8,0.3,1
0.0632455532033676,0.9961297315725032,0.1185391623504497,0.4078387821608317,0.014743042672391236,0.0,0.408034335895367,kink,0.02,0.8,0.3,1
0.2,0.5694840431909152,0.5048793315468451,0.08984739363605496,0.2683390749895937,0.06399999999999995,0.09141150732646317,kink,0.02,0.8,0.3,1
0.0632455532033676,0.6417345597315236,0.025585796310700525,0.4193224666158643,0.012878507036726404,0.0,0.41975634325197825,kink,0.02,0.19,0.31,-1
0.2,0.957485292701145,0.18938733459121349,0.0753398335881476,0.28742697938476597,0.045,0.07535990022737875,kink,0.02,0.19,0.31,-1
0.02,0.9327120915002163,0.0550993102154107,0.18336271637453877,0.018052481949194347,0.0,0.1832363792327247,kink,0.02,0.81,0.31,1
0.0632455532033676,0.901536441758983,0.057843681989866336,0.4527935743620949,0.007501331050025847,0.0,0.4527617680172118,kink,0.02,0.81,0.31,1
0.2,0.6835263715478601,0.5435405227032244,0.05704689851958908,0.3160114143909917,0.06699999999999995,0.057054183363919965,kink,0.02,0.81,0.31,1
0.0632455532033676,0.9918122503237783,0.0216787578064509,0.5425609781934649,-0.0067601739214199754,0.0,0.45748014910402823,kink,0.02,0.18,0.32,-1
0.2,0.9925318853334936,0.19064508905660804,0.044142974865381476,0.34090189255042175,0.061,0.04416463288982111,kink,0.02,0.18,0.32,-1
0.02,0.8871590812878088,0.03465767747630366,0.49068517479571083,0.00046701852266954407,0.0,0.4907206723401917,kink,0.02,0.8200000000000001,0.32,1
0.0632455532033676,0.8348081286374165,0.021804582029025688,0.44234423907039655,0.009172399044235858,0.0,0.442389846913581,kink,0.02,0.8200000000000001,0.32,1
0.2,0.2700241099802404,0.42408751098196057,0.23279074749070253,0.14593741119908016,0.05700000000000005,0.23396555498921492,kink,0.02,0.8200000000000001,0.32,1
0.0632455532033676,0.9380791361810333,0.026793683319546954,0.3121322424328251,0.030978650176953212,0.0,0.3124879583469506,kink,0.02,0.16999999999999998,0.33,-1
0.2,0.9944374483240892,0.15596386793043485,0.03686363208786001,0.35766044117568346,0.051,0.0368907410914432,kink,0.02,0.16999999999999998,0.33,-1
0.02,0.9665555443121208,0.051633261842245814,0.2444210731450351,0.013843031480159133,0.0,0.24427830183893515,kink,0.02,0.8300000000000001,0.33,1
0.0632455532033676,0.9184068531017053,0.10960664049187108,0.47297678480696975,0.004287355247890666,0.0,0.47314380228171427,kink,0.02,0.8300000000000001,0.33,1
0.2,0.9500365155890249,0.5924110300790801,0.04639774569768678,0.33616646148966023,0.04500000000000004,0.04640380157442039,kink,0.02,0.8300000000000001,0.33,1
0.0632455532033676,0.9509427481251368,0.0013141376525563318,0.5189621709036196,-0.0030072643906087176,0.0,0.48134805833849953,kink,0.02,0.15999999999999998,0.34,-1
0.2,0.9695625392139241,0.18414392623520398,0.04414793784854235,0.34089125767684875,0.041,0.04418013427913543,kink,0.02,0.15999999999999998,0.34,-1
0.02,0.9665168092823131,0.01905323304215656,0.3332039003472494,0.008621666062529171,0.0,0.3332556515905336,kink,0.02,0.8400000000000001,0.34,1
0.0632455532033676,0.998362235255404,0.10819710436941143,0.38387510731068064,0.018677612608501877,0.0,0.38388442935401845,kink,0.02,0.8400000000000001,0.34,1
0.2,0.8441116867551032,0.36000412236071266,0.37229556368341715,0.06515591654431513,0.039000000000000035,0.3730121726935145,kink,0.02,0.8400000000000001,0.34,1
0.0632455532033676,0.999636482592449,0.012166974283693673,0.4941042112572071,0.0009347116443420821,0.0,0.494141787258349,kink,0.02,0.15000000000000002,0.35,-1
0.2,0.9964359801460119,0.17410522663758887,0.04713529137762527,0.3346576313932511,0.02,0.04716610259041925,kink,0.02,0.15000000000000002,0.35,-1
0.02,0.8760209332518705,0.019626655861997078,0.5001130992572692,-5.6699559981654244e-06,0.0,0.49998773684059056,kink,0.02,0.85,0.35,1
0.0632455532033676,0.9943573173123258,0.08816686094023585,0.49010760410225407,0.0015684328563482174,0.0,0.49014242793153434,kink,0.02,0.85,0.35,1
0.2,0.5820791072115649,0.5130721402926439,0.11686924618334338,0.23815674869400805,0.030000000000000027,0.11705882242685597,kink,0.02,0.85,0.35,1
0.02,0.999279565276532,0.003050432498164418,0.2893179192914163,0.011107568734790676,0.382,0.2901199274310646,gp_A.10_l.30_ok,0.02,0.495,0.005,-1
0.0632455532033676,0.980219358976243,0.051356991207479635,0.3642066465555655,0.021961194726796272,0.481,0.364414512637529,gp_A.10_l.30_ok,0.02,0.495,0.005,-1
0.2,0.9972634438285877,0.17058369755292083,0.5422976387231532,-0.02124477652409186,0.475,0.4577712540558925,gp_A.10_l.30_ok,0.02,0.495,0.005,-1
0.02,0.8608757553188574,0.021284064722185414,0.5073318816329547,-0.0003675867302332225,0.372,0.49272048493030657,gp_A.10_l.30_ok,0.02,0.505,0.005,1
0.0632455532033676,0.9927543196698103,0.05345461862288267,0.5833500771676374,-0.013311374093100735,0.46199999999999997,0.41650079514458077,gp_A.10_l.30_ok,0.02,0.505,0.005,1
0.2,0.9944054948402367,0.17182680808892098,0.4761533886466519,0.011962046128091756,0.481,0.4762190383989433,gp_A.10_l.30_ok,0.02,0.505,0.005,1
0.02,0.9909530871860791,0.02793498007651679,0.5000665705420382,-3.3373520740962615e-06,0.367,0.499934616544956,gp_A.10_l.30_ok,0.02,0.49256410256410255,0.0074358974358974365,-1
0.0632455532033676,0.9965691344736667,0.05577243248434008,0.4920991523006717,0.0012526277041319763,0.455,0.4922333981136316,gp_A.10_l.30_ok,0.02,0.49256410256410255,0.0074358974358974365,-1
0.2,0.9219215752521475,0.17568022817242346,0.5182860247708804,-0.009170465717387529,0.481,0.4817714019898007,gp_A.10_l.30_ok,0.02,0.49256410256410255,0.0074358974358974365,-1
0.02,0.9257928017705808,0.02132946752866874,0.34307474576555197,0.00808171967504628,0.362,0.3431458686900503,gp_A.10_l.30_ok,0.02,0.5074358974358975,0.0074358974358974365,1
0.0632455532033676,0.9785415608016096,0.053678239789149956,0.6219350724491107,-0.019641978600914677,0.46299999999999997,0.3781047778728199,gp_A.10_l.30_ok,0.02,0.5074358974358975,0.0074358974358974365,1
0.2,0.9921904256970292,0.16153643671611284,0.5748339373425184,-0.03773893500912108,0.49,0.4252268259514214,gp_A.10_l.30_ok,0.02,0.5074358974358975,0.0074358974358974365,1
0.02,0.9958236903582308,0.02447735149699856,0.7388722483978584,-0.012797449705944847,0.33,0.2611165221180708,gp_A.10_l.30_ok,0.02,0.49012820512820515,0.009871794871794872,-1
0.0632455532033676,0.9866674050968499,0.05519908070517032,0.21758905597827732,0.0493543959139171,0.444,0.21786056619495245,gp_A.10_l.30_ok,0.02,0.49012820512820515,0.009871794871794872,-1
0.2,1.0,0.17107843633702205,0.4017065458007752,0.04978647504272514,0.48,0.4017552171550748,gp_A.10_l.30_ok,0.02,0.49012820512820515,0.009871794871794872,-1
0.02,0.9982302793246784,0.0056520806348854535,0.5019379012468621,-9.71523432501714e-05,0.31299999999999994,0.49811768227533315,gp_A.10_l.30_ok,0.02,0.5098717948717949,0.009871794871794872,1
0.0632455532033676,0.9901786803760737,0.05113646744900391,0.5034593496553501,-0.0005484282697932931,0.44199999999999995,0.49639028710649025,gp_A.10_l.30_ok,0.02,0.5098717948717949,0.009871794871794872,1
0.2,0.99840855259126,0.16546941887274771,0.533938194472134,-0.017034661481147875,0.496,0.46612447396974466,gp_A.10_l.30_ok,0.02,0.5098717948717949,0.009871794871794872,1
0.02,0.7953706834334359,0.013403197026460784,0.36658177640358286,0.0068184067793504045,0.25,0.36656322726357343,gp_A.10_l.30_ok,0.02,0.4876923076923077,0.012307692307692308,-1
0.0632455532033676,0.9005740670107155,0.053205370602562474,0.5572028772312357,-0.009099848964439461,0.428,0.44274322665353993,gp_A.10_l.30_ok,0.02,0.4876923076923077,0.012307692307692308,-1
0.2,0.9031880411626734,0.18444520533267358,0.5221604826017155,-0.011115337921087846,0.476,0.4777771267655888,gp_A.10_l.30_ok,0.02,0.4876923076923077,0.012307692307692308,-1
0.02,0.9950271731445576,0.02381611303676376,0.6879973265305583,-0.009803633496997219,0.28800000000000003,0.31203718726021157,gp_A.10_l.30_ok,0.02,0.5123076923076924,0.012307692307692308,1
0.0632455532033676,0.9577664812946995,0.047330820997644935,0.44306980734094215,0.009056171814017027,0.41900000000000004,0.4432341637974911,gp_A.10_l.30_ok,0.02,0.5123076923076924,0.012307692307692308,1
0.2,0.9937831605486189,0.1626169384266598,0.3519675777455771,0.07600276426787747,0.45399999999999996,0.3520116258529198,gp_A.10_l.30_ok,0.02,0.5123076923076924,0.012307692307692308,1
0.02,0.9975245646877484,0.03188527483248732,0.39983849312607117,0.0050753033182227274,0.237,0.4003459488185144,gp_A.10_l.30_ok,0.02,0.48525641025641025,0.014743589743589743,-1
0.0632455532033676,0.9973144977817339,0.04566454028640432,0.48886419210432736,0.001765623371411349,0.414,0.48889090228123094,gp_A.10_l.30_ok,0.02,0.48525641025641025,0.014743589743589743,-1
0.2,0.9841431569808575,0.1835407085590855,0.4678530702666302,0.016133561176401138,0.496,0.467787039475923,gp_A.10_l.30_ok,0.02,0.48525641025641025,0.014743589743589743,-1
0.02,0.9936285772808012,0.024411951501267987,0.15723600850777023,0.020117653256458624,0.237,0.15727975532536748,gp_A.10_l.30_ok,0.02,0.5147435897435897,0.014743589743589743,1
0.0632455532033676,0.9842058164861368,0.05319456985833626,0.3376194218486656,0.026497921384936327,0.41800000000000004,0.33777169949937197,gp_A.10_l.30_ok,0.02,0.5147435897435897,0.014743589743589743,1
0.2,0.9900437876968987,0.15468923498047848,0.5773843480698099,-0.03904129663363585,0.44599999999999995,0.4226803241728059,gp_A.10_l.30_ok,0.02,0.5147435897435897,0.014743589743589743,1
0.02,0.9613735877238239,0.027713696256590092,0.5058848261698748,-0.00029503213334347236,0.198,0.49427889264358377,gp_A.10_l.30_ok,0.02,0.4828205128205128,0.01717948717948718,-1
0.0632455532033676,0.9136741927558912,0.05912640003423042,0.38733415957843087,0.01810555345276582,0.389,0.38720711887839787,gp_A.10_l.30_ok,0.02,0.4828205128205128,0.01717948717948718,-1
0.2,0.9557724652829199,0.18141666973938447,0.43425947277658583,0.03310800587193937,0.464,0.43431300557819386,gp_A.10_l.30_ok,0.02,0.4828205128205128,0.01717948717948718,-1
0.02,0.7760874598333273,0.010560281035989771,0.5521086388584875,-0.0026198125350212955,0.20499999999999996,0.44805212746967904,gp_A.10_l.30_ok,0.02,0.5171794871794871,0.01717948717948718,1
0.0632455532033676,0.9751140432913905,0.04920179544744396,0.19579683050386787,0.05418441525937588,0.388,0.19602722858280894,gp_A.10_l.30_ok,0.02,0.5171794871794871,0.01717948717948718,1
0.2,0.9930145007277718,0.1621516823086096,0.4213755286310501,0.03967515814061097,0.491,0.4214354488764044,gp_A.10_l.30_ok,0.02,0.5171794871794871,0.01717948717948718,1
0.02,0.981341393486092,0.02689573026208336,0.5203953365644833,-0.001022916344685052,0.149,0.479647878824375,gp_A.10_l.30_ok,0.02,0.4803846153846154,0.019615384615384618,-1
0.0632455532033676,0.9675661336155423,0.05284723729063867,0.4503211094866076,0.007896214010791101,0.418,0.4504914998669428,gp_A.10_l.30_ok,0.02,0.4803846153846154,0.019615384615384618,-1
0.2,0.9900074318626153,0.1789050840152105,0.4803208520275763,0.009869666146281353,0.475,0.48038737130243087,gp_A.10_l.30_ok,0.02,0.4803846153846154,0.019615384615384618,-1
0.02,0.828291226299439,0.007534668119034776,0.4921964779870506,0.0003912355288550222,0.16800000000000004,0.49226611025165523,gp_A.10_l.30_ok,0.02,0.5196153846153846,0.019615384615384618,1
0.0632455532033676,0.9888903655771852,0.03950720795634058,0.45100500607316024,0.0077869571947148195,0.38,0.4511845809816308,gp_A.10_l.30_ok,0.02,0.5196153846153846,0.019615384615384618,1
0.2,0.9359723507778076,0.17640017421608847,0.46212811478725757,0.0190147546586038,0.45699999999999996,0.46206473536341996,gp_A.10_l.30_ok,0.02,0.5196153846153846,0.019615384615384618,1
0.02,0.8579753841700658,0.016652460416129583,0.1412086133427702,0.021498101630792892,0.148,0.1416159442486132,gp_A.10_l.30_ok,0.02,0.47794871794871796,0.022051282051282053,-1
0.0632455532033676,1.0,0.052056545216036226,0.3177261098450221,0.02998262172265208,0.364,0.3178820616173983,gp_A.10_l.30_ok,0.02,0.47794871794871796,0.022051282051282053,-1
0.2,0.9940674511791746,0.1822755237841592,0.5281521642423854,-0.014125136060957916,0.459,0.4719070610072693,gp_A.10_l.30_ok,0.02,0.47794871794871796,0.022051282051282053,-1
0.02,0.9825784122249491,0.01675792677214724,0.43980515057513275,0.003029264935165116,0.14400000000000002,0.4397976197120251,gp_A.10_l.30_ok,0.02,0.522051282051282,0.022051282051282053,1
0.0632455532033676,0.9959641929149844,0.053047391430108864,0.34057824506768825,0.025986681188069738,0.385,0.3407302787879414,gp_A.10_l.30_ok,0.02,0.522051282051282,0.022051282051282053,1
0.2,0.994267226173062,0.15416632807993208,0.5265879862751656,-0.013339122450892422,0.44399999999999995,0.4734756803620113,gp_A.10_l.30_ok,0.02,0.522051282051282,0.022051282051282053,1
0.02,0.9706826344306245,0.019601385328567256,0.18917813087359037,0.017618579566869522,0.128,0.18920020274655508,gp_A.10_l.30_ok,0.02,0.4755128205128205,0.02448717948717949,-1
0.0632455532033676,0.9928012221688307,0.053797572171011776,0.5426745773944875,-0.006778286603502392,0.346,0.4572167704665265,gp_A.10_l.30_ok,0.02,0.4755128205128205,0.02448717948717949,-1
0.2,0.9960595319334355,0.17502292424236626,0.4046997590777521,0.048240152964155576,0.44,0.4047609688591436,gp_A.10_l.30_ok,0.02,0.4755128205128205,0.02448717948717949,-1
0.02,0.8487343694298493,0.019940784833786196,0.500947126575227,-4.748192966633395e-05,0.10699999999999998,0.49905944674713776,gp_A.10_l.30_ok,0.02,0.5244871794871795,0.02448717948717949,1
0.0632455532033676,0.9946165210246917,0.04771580885592985,0.3904950974470377,0.017584089867423935,0.34199999999999997,0.39065630057472595,gp_A.10_l.30_ok,0.02,0.5244871794871795,0.02448717948717949,1
0.2,0.9972705600862471,0.16620020442067157,0.46202077161734145,0.019068813001686953,0.46399999999999997,0.4620762012989404,gp_A.10_l.30_ok,0.02,0.5244871794871795,0.02448717948717949,1
0.02,0.997642140088015,0.02774184985573583,0.49650565189911905,0.00017518287507656863,0.094,0.49664756809814964,gp_A.10_l.30_ok,0.02,0.47307692307692306,0.026923076923076925,-1
0.0632455532033676,0.43892120812678614,0.04678354563503176,0.49736693655111375,0.0004174307204054184,0.328,0.49745697726559523,gp_A.10_l.30_ok,0.02,0.47307692307692306,0.026923076923076925,-1
0.2,0.9727107370513024,0.17954076315097844,0.6310748226089608,-0.06694027747529484,0.439,0.36898184948349977,gp_A.10_l.30_ok,0.02,0.47307692307692306,0.026923076923076925,-1
0.02,0.9869600440981086,0.024209484994643926,0.5046211956147774,-0.00023167757303166125,0.08999999999999997,0.4954460243668968,gp_A.10_l.30_ok,0.02,0.5269230769230769,0.026923076923076925,1
0.0632455532033676,0.8319600586984204,0.041062439158483455,0.4406861023430782,0.009438129397256642,0.346,0.4408599600667364,gp_A.10_l.30_ok,0.02,0.5269230769230769,0.026923076923076925,1
0.2,0.5286416330364846,0.16969866433411837,0.49416536021973917,0.0029251588944251127,0.45199999999999996,0.49410913866543554,gp_A.10_l.30_ok,0.02,0.5269230769230769,0.026923076923076925,1
0.02,0.997616396751373,0.027889064111139922,0.3975148514600455,0.005195697904078742,0.064,0.39757543293016256,gp_A.10_l.30_ok,0.02,0.4706410256410256,0.02935897435897436,-1
0.0632455532033676,0.9911058727265284,0.04598834255726428,0.4995211661442998,7.59110298790814e-05,0.336,0.49947405340153106,gp_A.10_l.30_ok,0.02,0.4706410256410256,0.02935897435897436,-1
0.2,0.9968081548825721,0.1776355224056334,0.4218124718426384,0.039451779168088875,0.453,0.42187038823915485,gp_A.10_l.30_ok,0.02,0.4706410256410256,0.02935897435897436,-1
0.02,0.9592106588957394,0.02936849305869768,0.5128916668469583,-0.0006464048537616727,0.08799999999999997,0.48728124820143864,gp_A.10_l.30_ok,0.02,0.5293589743589744,0.02935897435897436,1
0.0632455532033676,0.9944566178190745,0.04465732148685855,0.38871932497752,0.017876891684042193,0.31599999999999995,0.38898920330921843,gp_A.10_l.30_ok,0.02,0.5293589743589744,0.02935897435897436,1
0.2,0.9983269582185014,0.1622221913509495,0.5098957754173156,-0.004961514944198697,0.44099999999999995,0.4901665881904003,gp_A.10_l.30_ok,0.02,0.5293589743589744,0.02935897435897436,1
0.02,0.9938594487801737,0.017125067436165486,0.3131952701531902,0.00973626893339286,0.039,0.31318368484816694,gp_A.10_l.30_ok,0.02,0.4682051282051282,0.031794871794871796,-1
0.0632455532033676,0.6580052797386504,0.056733367220145575,0.3245961012946185,0.02876943344510318,0.301,0.32479812835145855,gp_A.10_l.30_ok,0.02,0.4682051282051282,0.031794871794871796,-1
0.2,0.9978189776687013,0.1766367842265747,0.4087892716468407,0.04613210493767164,0.433,0.40884892413425905,gp_A.10_l.30_ok,0.02,0.4682051282051282,0.031794871794871796,-1
0.02,0.9902331618465211,0.020657422688233368,0.4263260916158115,0.00371471011419373,0.04700000000000004,0.4264105311694356,gp_A.10_l.30_ok,0.02,0.5317948717948718,0.031794871794871796,1
0.0632455532033676,0.9987722362916306,0.043723370896533276,0.4584441937951906,0.006599929519145383,0.31000000000000005,0.45843166034340366,gp_A.10_l.30_ok,0.02,0.5317948717948718,0.031794871794871796,1
0.2,0.9967309891820562,0.15805601917605744,0.46315274658865396,0.01849881634191635,0.45299999999999996,0.46308112718900196,gp_A.10_l.30_ok,0.02,0.5317948717948718,0.031794871794871796,1
0.02,0.9937861487955023,0.01014651272412373,0.5005071091215414,-2.5422688093833758e-05,0.042,0.49968306315636035,gp_A.10_l.30_ok,0.02,0.46576923076923077,0.03423076923076923,-1
0.0632455532033676,0.9253795013292818,0.058636509566083156,0.2849586286235747,0.03593443860099674,0.288,0.2854118701055121,gp_A.10_l.30_ok,0.02,0.46576923076923077,0.03423076923076923,-1
0.2,0.9935182610801401,0.18635900293512048,0.5409431770679514,-0.020562030896276274,0.415,0.4591216647488511,gp_A.10_l.30_ok,0.02,0.46576923076923077,0.03423076923076923,-1
0.02,0.9649149768504011,0.0133254087682039,0.13812829729691709,0.02177534239711175,0.04800000000000004,0.13867726253189921,gp_A.10_l.30_ok,0.02,0.5342307692307693,0.03423076923076923,1
0.0632455532033676,0.9906080408888223,0.04524394732835302,0.4826141842411628,0.002757100144306642,0.281,0.48267162832448623,gp_A.10_l.30_ok,0.02,0.5342307692307693,0.03423076923076923,1
0.2,0.8999419033664435,0.15082999034544425,0.5383778727622124,-0.01926958373556982,0.44499999999999995,0.4616858922376102,gp_A.10_l.30_ok,0.02,0.5342307692307693,0.03423076923076923,1
0.02,0.9864678365021426,0.025257825759204378,0.557701247266755,-0.0029028717328796814,0.038,0.4425901425076001,gp_A.10_l.30_ok,0.02,0.4633333333333333,0.03666666666666667,-1
0.0632455532033676,0.8974435958004133,0.055028537758480794,0.42345919616230093,0.012209668548620475,0.265,0.4235206359958581,gp_A.10_l.30_ok,0.02,0.4633333333333333,0.03666666666666667,-1
0.2,0.96552564418885,0.17646294558453396,0.3574533414378393,0.07305485403025135,0.445,0.3575076380042014,gp_A.10_l.30_ok,0.02,0.4633333333333333,0.03666666666666667,-1
0.02,0.988341499713952,0.010490790602479705,0.35627107880162917,0.007368880979117904,0.02100000000000002,0.3565222948184589,gp_A.10_l.30_ok,0.02,0.5366666666666666,0.03666666666666667,1
0.0632455532033676,0.9207152493516839,0.044275952662407386,0.5071362298905638,-0.0011313889288654567,0.28400000000000003,0.49303077943264684,gp_A.10_l.30_ok,0.02,0.5366666666666666,0.03666666666666667,1
0.2,0.815429383558754,0.164322110291166,0.4622186692469117,0.01896915224087572,0.43999999999999995,0.46215584495677514,gp_A.10_l.30_ok,0.02,0.5366666666666666,0.03666666666666667,1
0.02,0.9408795695917317,0.025053787698878643,0.3215029612126301,0.009270002579410354,0.018,0.3215357015218236,gp_A.10_l.30_ok,0.02,0.4608974358974359,0.0391025641025641,-1
0.0632455532033676,0.8936395792249772,0.060702844389741634,0.48716906448875774,0.0020344786957509826,0.28,0.4873013923764179,gp_A.10_l.30_ok,0.02,0.4608974358974359,0.0391025641025641,-1
0.2,0.9961931352115752,0.18836921268154214,0.4079052900484887,0.04658733474678411,0.446,0.40796691858977335,gp_A.10_l.30_ok,0.02,0.4608974358974359,0.0391025641025641,-1
0.02,0.9965485098595217,0.014196555731782773,0.44700991508449023,0.0026643889722907646,0.027000000000000024,0.4470050083022069,gp_A.10_l.30_ok,0.02,0.5391025641025641,0.0391025641025641,1
0.0632455532033676,0.9912032018987196,0.050448924253569005,0.4095582936281786,0.014463078813643887,0.262,0.4097143142284312,gp_A.10_l.30_ok,0.02,0.5391025641025641,0.0391025641025641,1
0.2,0.9919517507203844,0.15492535397773563,0.5171663886967326,-0.008608608517418454,0.43600000000000005,0.4828969990152336,gp_A.10_l.30_ok,0.02,0.5391025641025641,0.0391025641025641,1
0.02,0.9865681948925757,0.036525143449281094,0.06873955252838831,0.02970488719188459,0.017,0.06914372533800353,gp_A.10_l.30_ok,0.02,0.4584615384615385,0.04153846153846154,-1
0.0632455532033676,0.9911426298146255,0.06756980462324164,0.5476291634059877,-0.007568826308500354,0.227,0.4524624540326654,gp_A.10_l.30_ok,0.02,0.4584615384615385,0.04153846153846154,-1
0.2,0.9946877145315747,0.19031863560817583,0.36375327662596124,0.06968885591256777,0.417,0.36381421496274496,gp_A.10_l.30_ok,0.02,0.4584615384615385,0.04153846153846154,-1
0.02,0.9950127125125312,0.020065018406780433,0.10703511005744601,0.024849019383031266,0.020000000000000018,0.10706729810606831,gp_A.10_l.30_ok,0.02,0.5415384615384615,0.04153846153846154,1
0.0632455532033676,0.9679690269731966,0.046652195309802386,0.6191803896233311,-0.01918420435269338,0.256,0.38100476893730456,gp_A.10_l.30_ok,0.02,0.5415384615384615,0.04153846153846154,1
0.2,0.9932372766469734,0.15479431868540244,0.48918627638754314,0.005421861099676811,0.401,0.48912474044172577,gp_A.10_l.30_ok,0.02,0.5415384615384615,0.04153846153846154,1
0.02,0.9717002766087688,0.012853280788949178,0.4942369643782968,0.000288925810003628,0.016,0.49423035475017685,gp_A.10_l.30_ok,0.02,0.456025641025641,0.043974358974358974,-1
0.0632455532033676,0.9926697580807781,0.03970886685763267,0.24955350794902798,0.04274738272448073,0.242,0.25039200737992984,gp_A.10_l.30_ok,0.02,0.456025641025641,0.043974358974358974,-1
0.2,0.8389805330497583,0.19194066682856037,0.47726692584450414,0.011402848006176993,0.406,0.4771946523884081,gp_A.10_l.30_ok,0.02,0.456025641025641,0.043974358974358974,-1
0.02,0.9175646869671772,0.02117246455175889,0.4891035127996811,0.0005463367975781209,0.01100000000000001,0.48922737352257284,gp_A.10_l.30_ok,0.02,0.543974358974359,0.043974358974358974,1
0.0632455532033676,0.8378838775346653,0.04431008354677776,0.49933259584683504,0.00010580569330421506,0.23299999999999998,0.49941810339581993,gp_A.10_l.30_ok,0.02,0.543974358974359,0.043974358974358974,1
0.2,0.9951430817795086,0.14922130374817932,0.4530731408764558,0.023580154348301265,0.41100000000000003,0.4530101850044894,gp_A.10_l.30_ok,0.02,0.543974358974359,0.043974358974358974,1
0.02,0.8812985875943417,0.03317280579167309,0.27415381622187507,0.012005960568786049,0.008,0.27503104447343374,gp_A.10_l.30_ok,0.02,0.4535897435897436,0.04641025641025641,-1
0.0632455532033676,0.7975387256917049,0.06458690493354916,0.3089976185348794,0.03154015412824898,0.241,0.30896396664619225,gp_A.10_l.30_ok,0.02,0.4535897435897436,0.04641025641025641,-1
0.2,0.9931466615908833,0.19190031356308596,0.3508914135755353,0.07658298973383605,0.399,0.3509416233575943,gp_A.10_l.30_ok,0.02,0.4535897435897436,0.04641025641025641,-1
0.02,0.9951485873839706,0.023489424790816615,0.5021377062215849,-0.00010716921001540085,0.015000000000000013,0.49795442127920103,gp_A.10_l.30_ok,0.02,0.5464102564102564,0.04641025641025641,1
0.0632455532033676,0.9697893458469974,0.043143620315380105,0.34792861420730303,0.024723878221717822,0.23199999999999998,0.34809393263934446,gp_A.10_l.30_ok,0.02,0.5464102564102564,0.04641025641025641,1
0.2,0.9990259979479288,0.1591333755863692,0.46237092493844656,0.0188924798552181,0.41100000000000003,0.4623078685882448,gp_A.10_l.30_ok,0.02,0.5464102564102564,0.04641025641025641,1
0.02,0.9857795982104924,0.031046074719973366,0.5051684060273959,-0.0002591127020906199,0.004,0.4949383359165532,gp_A.10_l.30_ok,0.02,0.4511538461538461,0.048846153846153845,-1
0.0632455532033676,0.9921305494282993,0.06515618996580871,0.5070081289908169,-0.0011110775054677968,0.219,0.49312931824312,gp_A.10_l.30_ok,0.02,0.4511538461538461,0.048846153846153845,-1
0.2,0.9325095295484535,0.18365160704894518,0.4574375289746802,0.021378299653053656,0.379,0.4575064022726816,gp_A.10_l.30_ok,0.02,0.4511538461538461,0.048846153846153845,-1
0.02,0.7641486932439141,0.014369061399751387,0.4272192887298893,0.0036691623737221493,0.0050000000000000044,0.4273744043154287,gp_A.10_l.30_ok,0.02,0.5488461538461539,0.048846153846153845,1
0.0632455532033676,0.9924879443815996,0.04196292767082452,0.3674547956371504,0.021415069501511785,0.22799999999999998,0.3677005400640905,gp_A.10_l.30_ok,0.02,0.5488461538461539,0.048846153846153845,1
0.2,1.0,0.15104680982301066,0.4591659630092238,0.02050702702174568,0.386,0.45909628726397395,gp_A.10_l.30_ok,0.02,0.5488461538461539,0.048846153846153845,1
0.02,0.9828077245473941,0.007982648958393984,0.40063756080552376,0.005033943994984856,0.007,0.4004709043271607,gp_A.10_l.30_ok,0.02,0.44871794871794873,0.05128205128205128,-1
0.0632455532033676,0.9927260297328956,0.053131354392876806,0.37198137896331923,0.02065664026282149,0.208,0.372525293813347,gp_A.10_l.30_ok,0.02,0.44871794871794873,0.05128205128205128,-1
0.2,0.9225838198242513,0.18992905697822782,0.35334693875138573,0.075260000485592,0.374,0.35339842415353595,gp_A.10_l.30_ok,0.02,0.44871794871794873,0.05128205128205128,-1
0.02,0.951933517930692,0.011460646619379261,0.298462351294135,0.01057656200587527,0.006000000000000005,0.2985339014236391,gp_A.10_l.30_ok,0.02,0.5512820512820513,0.05128205128205128,1
0.0632455532033676,0.9941101188743012,0.04532736381759861,0.5639433449180214,-0.010180935323015734,0.18500000000000005,0.4362214598073208,gp_A.10_l.30_ok,0.02,0.5512820512820513,0.05128205128205128,1
0.2,0.9997159371102368,0.17178821817474454,0.4378246885793989,0.03129734629247868,0.389,0.43776697622964306,gp_A.10_l.30_ok,0.02,0.5512820512820513,0.05128205128205128,1
0.02,0.9936545409655632,0.02665708333311928,0.3593780439720035,0.00720243501024616,0.004,0.35947663728647866,gp_A.10_l.30_ok,0.02,0.4462820512820513,0.053717948717948716,-1
0.0632455532033676,0.7437354207388309,0.057400809487106574,0.4435058923656162,0.008986331023443277,0.196,0.4436608741185707,gp_A.10_l.30_ok,0.02,0.4462820512820513,0.053717948717948716,-1
0.2,0.9995417278850043,0.18979925523504199,0.34517182345061054,0.0796777506523747,0.379,0.34522724096226404,gp_A.10_l.30_ok,0.02,0.4462820512820513,0.053717948717948716,-1
0.02,0.995223508370805,0.02394804130185524,0.49942433323913604,2.8859661606199035e-05,0.0010000000000000009,0.4995422248603581,gp_A.10_l.30_ok,0.02,0.5537179487179487,0.053717948717948716,1
0.0632455532033676,0.9949610587714905,0.03777304668575668,0.26836426085696885,0.039071055737481396,0.20499999999999996,0.26894184475362354,gp_A.10_l.30_ok,0.02,0.5537179487179487,0.053717948717948716,1
0.2,0.9974714387879452,0.14667760097077298,0.4673656707025941,0.016378715573701703,0.387,0.46729630883258777,gp_A.10_l.30_ok,0.02,0.5537179487179487,0.053717948717948716,1
0.02,0.9239519361328934,0.0022418526933505045,0.3885710847561362,0.005660904495117758,0.004,0.3886102161968092,gp_A.10_l.30_ok,0.02,0.44384615384615383,0.05615384615384615,-1
0.0632455532033676,0.993692832909506,0.060041868937303206,0.3967249033193924,0.01655980487353845,0.201,0.396577083321747,gp_A.10_l.30_ok,0.02,0.44384615384615383,0.05615384615384615,-1
0.2,0.9902764421883651,0.18946907898951054,0.6396261971107243,-0.0714919626768302,0.368,0.36043012771683886,gp_A.10_l.30_ok,0.02,0.44384615384615383,0.05615384615384615,-1
0.02,0.9919516998431858,0.005352174943443422,0.3411235622119277,0.008187973157682903,0.0020000000000000018,0.34142504076056557,gp_A.10_l.30_ok,0.02,0.5561538461538461,0.05615384615384615,1
0.0632455532033676,0.37864823130864633,0.045500482765068295,0.44484860247924957,0.008771358954977587,0.17200000000000004,0.44501164722159264,gp_A.10_l.30_ok,0.02,0.5561538461538461,0.05615384615384615,1
0.2,0.9954466637191095,0.16722587867909416,0.41288723125070637,0.044024831173494976,0.393,0.412823985922089,gp_A.10_l.30_ok,0.02,0.5561538461538461,0.05615384615384615,1
0.02,0.855765457048105,0.007260023891167866,0.48475306806866486,0.0007645539871840485,0.004,0.4847517550005896,gp_A.10_l.30_ok,0.02,0.44141025641025644,0.05858974358974359,-1
0.0632455532033676,0.9923183992462717,0.0665213389541704,0.5032023358300056,-0.0005076816524856744,0.184,0.4969314508245117,gp_A.10_l.30_ok,0.02,0.44141025641025644,0.05858974358974359,-1
0.2,0.9921965642658424,0.19634817167484694,0.43882485130754084,0.030789862287287452,0.401,0.43888612037146535,gp_A.10_l.30_ok,0.02,0.44141025641025644,0.05858974358974359,-1
0.02,0.9069437233435095,0.0011166091591802707,0.18637453357627537,0.01782671529532084,0.0010000000000000009,0.18638801697546503,gp_A.10_l.30_ok,0.02,0.5585897435897436,0.05858974358974359,1
0.0632455532033676,0.9906789047257454,0.044316672366820575,0.34408500763306415,0.02538295333661016,0.16200000000000003,0.3443480927956139,gp_A.10_l.30_ok,0.02,0.5585897435897436,0.05858974358974359,1
0.2,0.9943379841289346,0.1561729466536745,0.4305219145583655,0.035009113370451324,0.391,0.43045555460676593,gp_A.10_l.30_ok,0.02,0.5585897435897436,0.05858974358974359,1
0.02,0.9864509936402035,0.0312496902850474,0.5429629536747118,-0.0021580233083735305,0.0,0.45727384029321555,gp_A.10_l.30_ok,0.02,0.438974358974359,0.06102564102564102,-1
0.0632455532033676,0.9911260209276731,0.04412216384922599,0.4115935903472481,0.014132065491206568,0.159,0.411884561151519,gp_A.10_l.30_ok,0.02,0.438974358974359,0.06102564102564102,-1
0.2,0.9143625920867119,0.1912207188192609,0.356113109202331,0.0737735725972716,0.369,0.3561703457904238,gp_A.10_l.30_ok,0.02,0.438974358974359,0.06102564102564102,-1
0.02,0.8696200778609162,0.004484280743752678,0.409947166764471,0.004553617705392676,0.0020000000000000018,0.4101919297917366,gp_A.10_l.30_ok,0.02,0.561025641025641,0.06102564102564102,1
0.0632455532033676,0.666008399219197,0.03907582636882059,0.4118401728261228,0.014091988664040682,0.16200000000000003,0.41203385857541497,gp_A.10_l.30_ok,0.02,0.561025641025641,0.06102564102564102,1
0.2,0.9976532995839206,0.14199094551663377,0.5052889285297817,-0.0026515532335316303,0.354,0.4947779536172014,gp_A.10_l.30_ok,0.02,0.561025641025641,0.06102564102564102,1
0.02,0.9905089000593944,0.02826254768694003,0.683221499067959,-0.009534526858669266,0.0,0.31695157612979613,gp_A.10_l.30_ok,0.02,0.43653846153846154,0.06346153846153847,-1
0.0632455532033676,0.9978078492602398,0.06257317275350333,0.2938070507226876,0.03429785728448247,0.164,0.29397636194962573,gp_A.10_l.30_ok,0.02,0.43653846153846154,0.06346153846153847,-1
0.2,0.9935881567882158,0.2027713166844277,0.4538426243589658,0.02319174626539068,0.382,0.4539129411446139,gp_A.10_l.30_ok,0.02,0.43653846153846154,0.06346153846153847,-1
0.02,0.9988272905145535,0.004155532368785686,0.3835605135938728,0.005922856058619283,0.0,0.383749600313274,gp_A.10_l.30_ok,0.02,0.5634615384615385,0.06346153846153847,1
0.0632455532033676,0.9942679476975321,0.04255770888574062,0.4221637062234902,0.012418976802624338,0.14800000000000002,0.4222989683140543,gp_A.10_l.30_ok,0.02,0.5634615384615385,0.06346153846153847,1
0.2,0.9216340597382926,0.14631770208025416,0.45262945897822626,0.02380414963460797,0.349,0.4525701292759677,gp_A.10_l.30_ok,0.02,0.5634615384615385,0.06346153846153847,1
0.02,0.9651040770015757,0.0070176207573838245,0.4819977057834134,0.0009028077018168344,0.0,0.48210557179178404,gp_A.10_l.30_ok,0.02,0.4341025641025641,0.06589743589743591,-1
0.0632455532033676,0.8495919543626731,0.038857325295918815,0.2768890863037476,0.03744820723304894,0.133,0.27773885270511206,gp_A.10_l.30_ok,0.02,0.4341025641025641,0.06589743589743591,-1
0.2,0.9920475592565011,0.19473319868765981,0.41928426647162603,0.040744967182187314,0.389,0.4193422901318818,gp_A.10_l.30_ok,0.02,0.4341025641025641,0.06589743589743591,-1
0.02,0.9407142292458146,0.003105540582421018,0.24123542820700952,0.014046681220853594,0.0,0.2411787112908348,gp_A.10_l.30_ok,0.02,0.5658974358974359,0.06589743589743591,1
0.0632455532033676,0.8269202548566688,0.04314172843126274,0.3732417408221653,0.020445998848857876,0.15500000000000003,0.37341419001036963,gp_A.10_l.30_ok,0.02,0.5658974358974359,0.06589743589743591,1
0.2,0.999252654522224,0.15225111168891572,0.4610041797825141,0.019580841342301085,0.364,0.460938871010824,gp_A.10_l.30_ok,0.02,0.5658974358974359,0.06589743589743591,1
0.02,0.9886409724707894,0.005303662610884413,0.47319574443804324,0.001344778718086733,0.0,0.47328669888412084,gp_A.10_l.30_ok,0.02,0.43166666666666664,0.06833333333333334,-1
0.0632455532033676,0.8815559785287348,0.06000478093662212,0.46681094161246267,0.005267648015928606,0.142,0.4669657686608646,gp_A.10_l.30_ok,0.02,0.43166666666666664,0.06833333333333334,-1
0.2,0.9329771599018483,0.19523625010277257,0.384006648670773,0.05899491627714884,0.371,0.3840588571489086,gp_A.10_l.30_ok,0.02,0.43166666666666664,0.06833333333333334,-1
0.02,0.9770629267968409,0.018778930423848927,0.2940281309072143,0.01083309806716959,0.0,0.29407711007089427,gp_A.10_l.30_ok,0.02,0.5683333333333334,0.06833333333333334,1
0.0632455532033676,0.9747210586651348,0.047111476515195455,0.24132119953944373,0.0444021068737977,0.14600000000000002,0.24146599104849387,gp_A.10_l.30_ok,0.02,0.5683333333333334,0.06833333333333334,1
0.2,0.9914818457524774,0.1505703310512758,0.409421925492093,0.045806449842565655,0.371,0.4093540600070137,gp_A.10_l.30_ok,0.02,0.5683333333333334,0.06833333333333334,1
0.02,0.9064292061102284,0.030687832668680914,0.6523499686455607,-0.007833454031313497,0.0,0.34777141333049805,gp_A.10_l.30_ok,0.02,0.4292307692307692,0.07076923076923078,-1
0.0632455532033676,0.996598937098658,0.07298745216280272,0.15243151847854833,0.06489376804940157,0.143,0.15291457016582194,gp_A.10_l.30_ok,0.02,0.4292307692307692,0.07076923076923078,-1
0.2,0.9542950499266365,0.19570626598920335,0.3428440300239026,0.08094271568539022,0.339,0.3429009214247993,gp_A.10_l.30_ok,0.02,0.4292307692307692,0.07076923076923078,-1
0.02,0.990946508855702,0.0031020881812793277,0.39323843180602525,0.00541776808918358,0.0,0.393401544657235,gp_A.10_l.30_ok,0.02,0.5707692307692308,0.07076923076923078,1
0.0632455532033676,0.8015360954932009,0.04166087494168785,0.30575915549950833,0.032122882132938825,0.137,0.30592355009497857,gp_A.10_l.30_ok,0.02,0.5707692307692308,0.07076923076923078,1
0.2,0.9988936078788718,0.1535393962657214,0.4047033632201567,0.04823829278601904,0.35,0.4046320641598954,gp_A.10_l.30_ok,0.02,0.5707692307692308,0.07076923076923078,1
0.02,0.9846450178671324,0.009657427284932019,0.4590430021885116,0.00205689963168801,0.0,0.4592157246447668,gp_A.10_l.30_ok,0.02,0.4267948717948718,0.07320512820512821,-1
0.0632455532033676,0.9915075925300143,0.06559789630274121,0.4998779236670603,1.9353138811287554e-05,0.129,0.49985222505719107,gp_A.10_l.30_ok,0.02,0.4267948717948718,0.07320512820512821,-1
0.2,0.9877208809421965,0.19401537486855247,0.306437366930079,0.10119484790598679,0.349,0.3064894009361719,gp_A.10_l.30_ok,0.02,0.4267948717948718,0.07320512820512821,-1
0.02,0.8968024318033438,0.008977447016970952,0.4633411031561825,0.0018403985650136182,0.0,0.463357346758088,gp_A.10_l.30_ok,0.02,0.5732051282051283,0.07320512820512821,1
0.0632455532033676,0.9590550168447864,0.03697016459276431,0.3891173004239498,0.01781123760335945,0.132,0.389283511491151,gp_A.10_l.30_ok,0.02,0.5732051282051283,0.07320512820512821,1
0.2,0.9955374002133237,0.14603191506255467,0.4919191390002482,0.004051419999447667,0.33799999999999997,0.4918609462278426,gp_A.10_l.30_ok,0.02,0.5732051282051283,0.07320512820512821,1
0.02,0.8031420220200531,0.02258142688098605,0.5988099496710677,-0.005005360020975986,0.0,0.4012662748716128,gp_A.10_l.30_ok,0.02,0.42435897435897435,0.07564102564102565,-1
0.0632455532033676,0.992663834738929,0.06630589869213077,0.30715864032728407,0.03187072751196474,0.107,0.3073656422774346,gp_A.10_l.30_ok,0.02,0.42435897435897435,0.07564102564102565,-1
0.2,0.7103017662953448,0.1898391521693737,0.35368856618432126,0.07507620025614262,0.345,0.3537505753222208,gp_A.10_l.30_ok,0.02,0.42435897435897435,0.07564102564102565,-1
0.02,0.9822075035810167,0.00995065356119762,0.5687123795094347,-0.0034619385249933443,0.0,0.4315758265352325,gp_A.10_l.30_ok,0.02,0.5756410256410256,0.07564102564102565,1
0.0632455532033676,0.9952839714234866,0.03696187276634941,0.48166066844347505,0.002908415691057819,0.124,0.48183430703890767,gp_A.10_l.30_ok,0.02,0.5756410256410256,0.07564102564102565,1
0.2,0.9917406620014692,0.14364681950551586,0.43638578374054254,0.03202780318627901,0.348,0.4363191207257668,gp_A.10_l.30_ok,0.02,0.5756410256410256,0.07564102564102565,1
0.02,0.9940305426931739,0.008774874604681848,0.49177888572159356,0.0004121747246013004,0.0,0.49177599274677436,gp_A.10_l.30_ok,0.02,0.4219230769230769,0.07807692307692309,-1
0.0632455532033676,0.9988093798100248,0.07529952685372074,0.36543800011914834,0.021753971415176994,0.106,0.3661420013090221,gp_A.10_l.30_ok,0.02,0.4219230769230769,0.07807692307692309,-1
0.2,0.8932606054433938,0.19580884048491237,0.38039788819147696,0.060887191630897924,0.358,0.3804580542489854,gp_A.10_l.30_ok,0.02,0.4219230769230769,0.07807692307692309,-1
0.02,0.8944826372889394,0.02375929261219667,0.2280888853770992,0.014903108350522744,0.0,0.228268534083553,gp_A.10_l.30_ok,0.02,0.578076923076923,0.07807692307692309,1
0.0632455532033676,0.9881785581436238,0.036747351852779386,0.5726842890820051,-0.011587365030643035,0.11199999999999999,0.42714060268570353,gp_A.10_l.30_ok,0.02,0.578076923076923,0.07807692307692309,1
0.2,0.9962738206121315,0.14759443093818905,0.44784969782064016,0.026219192352423138,0.33499999999999996,0.447786296841054,gp_A.10_l.30_ok,0.02,0.578076923076923,0.07807692307692309,1
0.02,0.9929518907804075,0.02694411829267046,0.4245892439194221,0.003803334424969931,0.0,0.4247306723717426,gp_A.10_l.30_ok,0.02,0.4194871794871795,0.08051282051282052,-1
0.0632455532033676,0.99644557545634,0.06487566166196188,0.28957247163633965,0.035078142010468154,0.09,0.2896726970467086,gp_A.10_l.30_ok,0.02,0.4194871794871795,0.08051282051282052,-1
0.2,0.9359057847410736,0.20161565290248182,0.38203079528322237,0.06003030188113154,0.341,0.3820846058163108,gp_A.10_l.30_ok,0.02,0.4194871794871795,0.08051282051282052,-1
0.02,0.9398456561786896,0.004376926833584538,0.4793193854679756,0.0010372370426545328,0.0,0.47927875903413814,gp_A.10_l.30_ok,0.02,0.5805128205128205,0.08051282051282052,1
0.0632455532033676,0.9963716071734671,0.04850107101563439,0.29908144981230056,0.033333201550385355,0.09299999999999997,0.2989365357177092,gp_A.10_l.30_ok,0.02,0.5805128205128205,0.08051282051282052,1
0.2,0.9876741566389658,0.14251415760213693,0.47261710709320726,0.013738543730889572,0.33399999999999996,0.47255164428295054,gp_A.10_l.30_ok,0.02,0.5805128205128205,0.08051282051282052,1
0.02,0.9666134363698258,0.027354309747423672,0.4487692529041956,0.0025754287775510377,0.0,0.4489361321219273,gp_A.10_l.30_ok,0.02,0.41705128205128206,0.08294871794871796,-1
0.0632455532033676,0.8059529743767759,0.0585971244863612,0.42622981239487473,0.011762474165345585,0.097,0.42624242205456325,gp_A.10_l.30_ok,0.02,0.41705128205128206,0.08294871794871796,-1
0.2,0.9932280085803123,0.2055377377176537,0.29431413725139716,0.10816498114265849,0.342,0.2943569940024124,gp_A.10_l.30_ok,0.02,0.41705128205128206,0.08294871794871796,-1
0.02,0.9974997351160804,0.0055472079005555175,0.4450181197582883,0.002765167042622456,0.0,0.4451126368436106,gp_A.10_l.30_ok,0.02,0.5829487179487179,0.08294871794871796,1
0.0632455532033676,0.9553626101934858,0.038329862347563665,0.29865919035761157,0.033410142375901876,0.10499999999999998,0.2988484153813898,gp_A.10_l.30_ok,0.02,0.5829487179487179,0.08294871794871796,1
0.2,0.9940506792341846,0.14649343738330833,0.39625357973581243,0.05261126676563449,0.33399999999999996,0.3961819000373897,gp_A.10_l.30_ok,0.02,0.5829487179487179,0.08294871794871796,1
0.02,0.9934408021339469,0.027244286568329612,0.5010641083334297,-5.334654397370083e-05,0.0,0.49898857132917335,gp_A.10_l.30_ok,0.02,0.4146153846153846,0.08538461538461539,-1
0.0632455532033676,0.9998844345808812,0.051272689066164334,0.49038529938324926,0.001524395802161906,0.088,0.4904484693498088,gp_A.10_l.30_ok,0.02,0.4146153846153846,0.08538461538461539,-1
0.2,0.9872591218584503,0.19491267216360922,0.2836685284001284,0.11439554756645476,0.328,0.2837214683398811,gp_A.10_l.30_ok,0.02,0.4146153846153846,0.08538461538461539,-1
0.02,0.9964966647548376,0.005397744994486253,0.42601604336342025,0.0037305252246983096,0.0,0.42643268285810804,gp_A.10_l.30_ok,0.02,0.5853846153846154,0.08538461538461539,1
0.0632455532033676,0.7229969297772605,0.036790961177103815,0.36008374296348267,0.022656768284756903,0.08099999999999996,0.3602929428400615,gp_A.10_l.30_ok,0.02,0.5853846153846154,0.08538461538461539,1
0.2,0.9917439022192022,0.14104013531593168,0.45186978489188007,0.02418774484152876,0.32999999999999996,0.4518031623046894,gp_A.10_l.30_ok,0.02,0.5853846153846154,0.08538461538461539,1
0.02,0.9580964920954119,0.026759348415771905,0.16125114242927407,0.019786576522129957,0.0,0.16128476070714257,gp_A.10_l.30_ok,0.02,0.41217948717948716,0.08782051282051283,-1
0.0632455532033676,0.8103685152280495,0.06737482132951056,0.4525500486212898,0.007540211866875344,0.092,0.4526647002399586,gp_A.10_l.30_ok,0.02,0.41217948717948716,0.08782051282051283,-1
0.2,0.9849098722643304,0.19307856033271176,0.38865899869089615,0.05656317162632436,0.344,0.38871624037462454,gp_A.10_l.30_ok,0.02,0.41217948717948716,0.08782051282051283,-1
0.02,0.6674063776274533,0.02584500827935421,0.4032257152396651,0.004900129172760691,0.0,0.40372584330090305,gp_A.10_l.30_ok,0.02,0.5878205128205128,0.08782051282051283,1
0.0632455532033676,0.9336681409085262,0.04776842809952839,0.14135522668452644,0.06794156301789046,0.09299999999999997,0.14156554530430684,gp_A.10_l.30_ok,0.02,0.5878205128205128,0.08782051282051283,1
0.2,0.9961529014217758,0.14808775654142592,0.3608918141777025,0.07121520580560563,0.32899999999999996,0.3609590782778349,gp_A.10_l.30_ok,0.02,0.5878205128205128,0.08782051282051283,1
0.02,0.8729361418884012,0.020715679029295303,0.4213182648542413,0.003970443682858229,0.0,0.4213242590255698,gp_A.10_l.30_ok,0.02,0.4097435897435897,0.09025641025641026,-1
0.0632455532033676,0.9942433738003301,0.05679150635841167,0.12070062092233096,0.07409163281208236,0.103,0.12084616784513892,gp_A.10_l.30_ok,0.02,0.4097435897435897,0.09025641025641026,-1
0.2,0.7247936940162467,0.20358180941126996,0.3323370270151302,0.08669380781863402,0.33,0.33238343133636455,gp_A.10_l.30_ok,0.02,0.4097435897435897,0.09025641025641026,-1
0.02,0.9545358288220563,0.020837995999090586,0.36701748913107274,0.006795260941927645,0.0,0.3671167917424953,gp_A.10_l.30_ok,0.02,0.5902564102564103,0.09025641025641026,1
0.0632455532033676,0.9815121273207266,0.03705239760541934,0.390236723644433,0.01762666878115957,0.09699999999999998,0.3904065271233384,gp_A.10_l.30_ok,0.02,0.5902564102564103,0.09025641025641026,1
0.2,0.9932500506105582,0.14669053333332271,0.39443011965019786,0.053558189466522015,0.33999999999999997,0.39436046849842343,gp_A.10_l.30_ok,0.02,0.5902564102564103,0.09025641025641026,1
0.02,0.9085355187154402,0.022397617129990638,0.5032624132824183,-0.00016355497049854622,0.0,0.4967783751506975,gp_A.10_l.30_ok,0.02,0.4073076923076923,0.0926923076923077,-1
0.0632455532033676,0.9129061917370936,0.0651038656490128,0.30733988198891665,0.031838109085225746,0.068,0.30719757177133655,gp_A.10_l.30_ok,0.02,0.4073076923076923,0.0926923076923077,-1
0.2,0.3363842641933513,0.20424384356376982,0.3716762496109466,0.06548340292738376,0.327,0.371734353958455,gp_A.10_l.30_ok,0.02,0.4073076923076923,0.0926923076923077,-1
0.02,0.9374585195895722,0.0019418172916051413,0.4953917744819522,0.0002310273053032246,0.0,0.4955258267159075,gp_A.10_l.30_ok,0.02,0.5926923076923077,0.0926923076923077,1
0.0632455532033676,0.37027936147633744,0.03805974445706331,0.2925785868706377,0.034523677873695244,0.08099999999999996,0.29270676090618397,gp_A.10_l.30_ok,0.02,0.5926923076923077,0.0926923076923077,1
0.2,0.9775347289838895,0.13575281460840108,0.42711126472782884,0.03674669939180238,0.31399999999999995,0.4270488743432658,gp_A.10_l.30_ok,0.02,0.5926923076923077,0.0926923076923077,1
0.02,0.9969400826220385,0.02859520389411338,0.2634795015391882,0.01265309874561858,0.0,0.26365109441238693,gp_A.10_l.30_ok,0.02,0.40487179487179487,0.09512820512820513,-1
0.0632455532033676,0.6229133748412943,0.06288674505839315,0.4347584842614981,0.010389477892612114,0.062,0.4350734011030666,gp_A.10_l.30_ok,0.02,0.40487179487179487,0.09512820512820513,-1
0.2,0.9900071775185415,0.1969326534966852,0.3239161176173411,0.09135515066163391,0.321,0.3239756308438415,gp_A.10_l.30_ok,0.02,0.40487179487179487,0.09512820512820513,-1
0.02,0.9903954243930798,0.0033502008365328684,0.37278908551564965,0.00648950727553171,0.0,0.372802508574783,gp_A.10_l.30_ok,0.02,0.5951282051282052,0.09512820512820513,1
0.0632455532033676,0.9921373714944876,0.043090330578231334,0.3380514803025513,0.026423160931999527,0.06999999999999995,0.33836881923210715,gp_A.10_l.30_ok,0.02,0.5951282051282052,0.09512820512820513,1
0.2,0.965418910955326,0.150953949364516,0.38875274526305775,0.05651425812044834,0.30600000000000005,0.38868871168601943,gp_A.10_l.30_ok,0.02,0.5951282051282052,0.09512820512820513,1
0.02,0.8828347263217986,0.023264576342820087,0.4649622776838776,0.0017587951930173042,0.0,0.46494439654213965,gp_A.10_l.30_ok,0.02,0.4024358974358974,0.09756410256410257,-1
0.0632455532033676,0.9817194332879288,0.08583613012263515,0.13064777122329915,0.07104589910440677,0.061,0.1307933783385183,gp_A.10_l.30_ok,0.02,0.4024358974358974,0.09756410256410257,-1
0.2,0.9847091850675832,0.21546359421612554,0.3871825792642836,0.05733396131492224,0.333,0.3872388378778622,gp_A.10_l.30_ok,0.02,0.4024358974358974,0.09756410256410257,-1
0.02,0.8940485857696587,0.017869188235524136,0.5018562455895414,-9.30586893706393e-05,0.0,0.49813256370045456,gp_A.10_l.30_ok,0.02,0.5975641025641025,0.09756410256410257,1
0.0632455532033676,0.9902151271855947,0.0365376744247802,0.28313028357043396,0.036275588472275425,0.06299999999999994,0.28352393852600905,gp_A.10_l.30_ok,0.02,0.5975641025641025,0.09756410256410257,1
0.2,0.7983209508912352,0.13413578146590532,0.4403604511998001,0.030011081199484743,0.31999999999999995,0.4402896782672332,gp_A.10_l.30_ok,0.02,0.5975641025641025,0.09756410256410257,1
0.02,0.96547258868084,0.004482559596232116,0.24958229934733203,0.013516095624004652,0.0,0.24954234454707946,gp_A.10_l.30_ok,0.02,0.4,0.1,-1
0.0632455532033676,1.0,0.07011661974536362,0.4141127862053983,0.01372288695336164,0.048,0.41417553904146676,gp_A.10_l.30_ok,0.02,0.4,0.1,-1
0.2,0.7598219569683033,0.20808448265639307,0.36128592927819886,0.0710047340411048,0.294,0.36134582398688525,gp_A.10_l.30_ok,0.02,0.4,0.1,-1
0.02,0.9234436656797214,0.008429604273566205,0.4912785544386604,0.00043726327345293707,0.0,0.4913662804544569,gp_A.10_l.30_ok,0.02,0.6,0.1,1
0.0632455532033676,0.9934029632695296,0.04059425502213901,0.2818741439454111,0.03651058342929842,0.04700000000000004,0.28203084759796415,gp_A.10_l.30_ok,0.02,0.6,0.1,1
0.2,0.9978817540424835,0.13982857015594874,0.3831051203416352,0.059467136868344275,0.29300000000000004,0.38304330482628357,gp_A.10_l.30_ok,0.02,0.6,0.1,1
0.02,0.9529691359059378,0.010828703954335883,0.28178117168833383,0.011551166705030445,0.0,0.2818493260125998,gp_A.10_l.30_ok,0.02,0.39,0.11,-1
0.0632455532033676,0.9950627280110826,0.04302436316260351,0.48168473644733656,0.0029045960847203693,0.036,0.481806291044523,gp_A.10_l.30_ok,0.02,0.39,0.11,-1
0.2,0.25556131626195155,0.2194915604626514,0.407403693136401,0.04684575262635162,0.275,0.40746162070781067,gp_A.10_l.30_ok,0.02,0.39,0.11,-1
0.02,0.9951494432351753,0.002254221114882604,0.47000542415942087,0.0015051245437086513,0.0,0.47013001263025134,gp_A.10_l.30_ok,0.02,0.61,0.11,1
0.0632455532033676,0.9958868558465199,0.03418988355624464,0.4890166168625508,0.001741449713427224,0.03700000000000003,0.4889334186378685,gp_A.10_l.30_ok,0.02,0.61,0.11,1
0.2,0.9898766210753026,0.13866893120828896,0.39047290596155027,0.05561733822148329,0.28300000000000003,0.39040933440242737,gp_A.10_l.30_ok,0.02,0.61,0.11,1
0.02,0.3754332176162841,0.0301136938013528,0.33615274874003714,0.008459719398001572,0.0,0.33630933750617603,gp_A.10_l.30_ok,0.02,0.38,0.12,-1
0.0632455532033676,0.9801810404766308,0.07463071322877035,0.6133362961386463,-0.018216316509126685,0.033,0.38699075251699305,gp_A.10_l.30_ok,0.02,0.38,0.12,-1
0.2,0.2543998765090222,0.21038439981044516,0.2619664410311108,0.12745894629897522,0.266,0.262016316983065,gp_A.10_l.30_ok,0.02,0.38,0.12,-1
0.0632455532033676,0.9948982879120101,0.03596685175240216,0.2998722515608924,0.033189240304852485,0.030000000000000027,0.29994639742971696,gp_A.10_l.30_ok,0.02,0.62,0.12,1
0.2,0.9975795880415486,0.1292781974639165,0.39602407092521386,0.05273038537959932,0.254,0.39595599323714487,gp_A.10_l.30_ok,0.02,0.62,0.12,1
0.02,0.9241699477354217,0.023684033360401854,0.4963305191805915,0.00018396308153457896,0.0,0.49638473136179784,gp_A.10_l.30_ok,0.02,0.37,0.13,-1
0.0632455532033676,0.9903959053199528,0.0712224722688748,0.43819250134336507,0.009838065362025493,0.017,0.43850522827636845,gp_A.10_l.30_ok,0.02,0.37,0.13,-1
0.2,0.22042523032414696,0.23189877787941654,0.5189963681168235,-0.009526968367396168,0.249,0.48104539216268744,gp_A.10_l.30_ok,0.02,0.37,0.13,-1
0.0632455532033676,0.9630093905318567,0.03463059526465312,0.49207757863197765,0.0012560485172410896,0.025000000000000022,0.4919500097609154,gp_A.10_l.30_ok,0.02,0.63,0.13,1
0.2,0.9239846820025439,0.13140383767409317,0.36050498399266995,0.07142186388260864,0.263,0.3605747112127901,gp_A.10_l.30_ok,0.02,0.63,0.13,1
0.02,0.9902936950931464,0.002592292421329051,0.5082179100336752,-0.0004120140534892589,0.0,0.49172691257164985,gp_A.10_l.30_ok,0.02,0.36,0.14,-1
0.0632455532033676,0.9918624224052217,0.07299669270748785,0.19920597395419248,0.05340839177062881,0.011,0.1991977930243131,gp_A.10_l.30_ok,0.02,0.36,0.14,-1
0.2,0.3614818349591403,0.21636267467231243,0.3098105839316061,0.09927746446610461,0.254,0.3098642118945051,gp_A.10_l.30_ok,0.02,0.36,0.14,-1
0.02,0.9979560417062071,0.00599961713773417,0.2973710962054819,0.010639532289415011,0.0,0.2973878919921913,gp_A.10_l.30_ok,0.02,0.64,0.14,1
0.0632455532033676,0.944346502757716,0.02805709921703614,0.34120135452283484,0.025879234461729368,0.013000000000000012,0.3414051313291516,gp_A.10_l.30_ok,0.02,0.64,0.14,1
0.2,0.992854142613492,0.12710852210971346,0.3520534288730521,0.07595650431429701,0.265,0.351982135743735,gp_A.10_l.30_ok,0.02,0.64,0.14,1
0.02,0.9930236537291749,0.022192917763612208,0.4905588995064529,0.0004733507765307701,0.0,0.49063722962988443,gp_A.10_l.30_ok,0.02,0.35,0.15,-1
0.0632455532033676,0.4970318477997562,0.044228578602714286,0.24794083746118492,0.04306920377012871,0.01,0.24797499811234153,gp_A.10_l.30_ok,0.02,0.35,0.15,-1
0.2,0.357055479955518,0.21189496871753002,0.4839616133721033,0.008042621767237294,0.242,0.48402678137202915,gp_A.10_l.30_ok,0.02,0.35,0.15,-1
0.0632455532033676,0.9938017896376132,0.03594673708562712,0.13523147159833437,0.06969641464400254,0.006000000000000005,0.13548951181695937,gp_A.10_l.30_ok,0.02,0.65,0.15,1
0.2,0.9926700481058089,0.1246582459086153,0.33939957815243,0.08282046878206811,0.22399999999999998,0.3394665072531462,gp_A.10_l.30_ok,0.02,0.65,0.15,1
0.02,0.981183432836656,0.033778508892283635,0.2840807534142197,0.011415224603193146,0.0,0.28399158672187674,gp_A.10_l.30_ok,0.02,0.33999999999999997,0.16,-1
0.0632455532033676,0.9921483805406689,0.0620031762490566,0.6184176804935255,-0.01905763553637008,0.006,0.38172606181932195,gp_A.10_l.30_ok,0.02,0.33999999999999997,0.16,-1
0.2,0.5505480817372027,0.22519101694904112,0.5526573571628044,-0.026475607410685994,0.223,0.44740197496236583,gp_A.10_l.30_ok,0.02,0.33999999999999997,0.16,-1
0.0632455532033676,0.8292184909980358,0.04299871493904439,0.1477300024270557,0.06616868952983895,0.007000000000000006,0.14761444730290707,gp_A.10_l.30_ok,0.02,0.66,0.16,1
0.2,0.9985670053921784,0.12949224120596162,0.3111934652690859,0.09849405496484445,0.19899999999999995,0.3112607937359768,gp_A.10_l.30_ok,0.02,0.66,0.16,1
0.02,0.9904555894529518,0.02736999244979149,0.4979324491813926,0.00010365209082660412,0.0,0.4978695229311971,gp_A.10_l.30_ok,0.02,0.33,0.16999999999999998,-1
0.0632455532033676,0.9708556032369093,0.07691712758377077,0.28594248270910344,0.03575129422264573,0.003,0.2859962900677762,gp_A.10_l.30_ok,0.02,0.33,0.16999999999999998,-1
0.2,0.49596349278666696,0.2349143134633874,0.4973040256706015,0.0013515713836817235,0.189,0.49735266436812287,gp_A.10_l.30_ok,0.02,0.33,0.16999999999999998,-1
0.02,0.9587151847070511,0.019088432347164397,0.37699908953408806,0.006267436718746949,0.0,0.37703606645465554,gp_A.10_l.30_ok,0.02,0.6699999999999999,0.16999999999999998,1
0.0632455532033676,0.9343749535189835,0.040328520405874424,0.11956558871864993,0.07445021041206966,0.0050000000000000044,0.11969051571513781,gp_A.10_l.30_ok,0.02,0.6699999999999999,0.16999999999999998,1
0.2,0.9996433825853245,0.11445605803369491,0.3847298455493429,0.058616343426494466,0.20499999999999996,0.38465724052409156,gp_A.10_l.30_ok,0.02,0.6699999999999999,0.16999999999999998,1
0.02,0.7510348835132412,0.0077386320493743055,0.509572762986529,-0.0004799532299199223,0.0,0.4904260592619363,gp_A.10_l.30_ok,0.02,0.32,0.18,-1
0.0632455532033676,0.9946525803352768,0.06763465752642783,0.34107468429116633,0.02590107095749544,0.001,0.3413693066252572,gp_A.10_l.30_ok,0.02,0.32,0.18,-1
0.2,0.44940717113114226,0.23638866798967326,0.4831590895378112,0.008445289557036176,0.175,0.48321220080967975,gp_A.10_l.30_ok,0.02,0.32,0.18,-1
0.0632455532033676,0.9909689699614147,0.020648520466973908,0.32976144875750046,0.027864218088631945,0.0,0.33029205623563707,gp_A.10_l.30_ok,0.02,0.6799999999999999,0.18,1
0.2,0.9934450742669403,0.11119136018182918,0.2780723343550201,0.11771551858157425,0.18799999999999994,0.2781506091367373,gp_A.10_l.30_ok,0.02,0.6799999999999999,0.18,1
0.02,0.9956775941773544,0.033050495152873144,0.29253872080361154,0.010919665275943449,0.0,0.29282021071123404,gp_A.10_l.30_ok,0.02,0.31,0.19,-1
0.0632455532033676,0.9950773105682583,0.07878410738484416,0.3418746728666988,0.025763213789636304,0.001,0.3421045542585517,gp_A.10_l.30_ok,0.02,0.31,0.19,-1
0.2,0.9141811323320903,0.21215597089881721,0.26345331497251506,0.12654702445820076,0.166,0.26350771235560533,gp_A.10_l.30_ok,0.02,0.31,0.19,-1
0.0632455532033676,0.9968041438318564,0.019507862376642815,0.25990722830018764,0.0407068265911087,0.0020000000000000018,0.26052238699472613,gp_A.10_l.30_ok,0.02,0.69,0.19,1
0.2,0.9964657527484765,0.10420564338707522,0.3207056958365694,0.09314526919680413,0.17100000000000004,0.32078410946490865,gp_A.10_l.30_ok,0.02,0.69,0.19,1
0.02,0.9912588605749445,0.006990208806656836,0.3337723388366451,0.008590404524519965,0.0,0.3337015412592353,gp_A.10_l.30_ok,0.02,0.3,0.2,-1
0.0632455532033676,0.9483276851877338,0.07019000807147083,0.31498509347626374,0.030469735040698227,0.0,0.3156271909118118,gp_A.10_l.30_ok,0.02,0.3,0.2,-1
0.2,0.9732078761005911,0.22334418419010332,0.4289213979149171,0.03582417382054144,0.139,0.4289790109745519,gp_A.10_l.30_ok,0.02,0.3,0.2,-1
0.0632455532033676,0.9980280208232303,0.015977183844345766,0.4760501927091487,0.003799120510465037,0.0020000000000000018,0.47625896156015546,gp_A.10_l.30_ok,0.02,0.7,0.2,1
0.2,0.9831970943354917,0.10790338418630929,0.31705599668476053,0.09518944030724677,0.15100000000000002,0.317133405483664,gp_A.10_l.30_ok,0.02,0.7,0.2,1
0.02,0.9715545739545759,0.02790618975193671,0.49700931988280345,0.00014993187116574117,0.0,0.496999628652306,gp_A.10_l.30_ok,0.02,0.29,0.21000000000000002,-1
0.0632455532033676,0.8789509465517709,0.06319272421468665,0.31223654880587604,0.03096000797452742,0.001,0.31251544342130605,gp_A.10_l.30_ok,0.02,0.29,0.21000000000000002,-1
0.2,0.9748141171051551,0.20575272830775101,0.3401523318522787,0.08240948478423943,0.147,0.3402117903146017,gp_A.10_l.30_ok,0.02,0.29,0.21000000000000002,-1
0.02,0.5382935381215419,0.003936161985310271,0.3560724370021468,0.007379539849681251,0.0,0.3560702485338631,gp_A.10_l.30_ok,0.02,0.71,0.21000000000000002,1
0.0632455532033676,0.9934458337376465,0.026254941642661345,0.11032138810585529,0.077464464036865,0.0,0.11073695654374725,gp_A.10_l.30_ok,0.02,0.71,0.21000000000000002,1
0.2,0.9985508339722469,0.10842624951750521,0.25844300516336965,0.12963059596528967,0.15100000000000002,0.2585153666410328,gp_A.10_l.30_ok,0.02,0.71,0.21000000000000002,1
0.02,0.9280653433817474,0.025922996974063157,0.5246469783519819,-0.0012364033390853439,0.0,0.47543035810216516,gp_A.10_l.30_ok,0.02,0.28,0.22,-1
0.0632455532033676,0.9969036878934424,0.07031491643715798,0.4542667188526185,0.007266191742087343,0.001,0.45452465131616193,gp_A.10_l.30_ok,0.02,0.28,0.22,-1
0.2,0.8656685959878669,0.2030680075671087,0.2769258515073845,0.11839966709595146,0.135,0.27697261323908867,gp_A.10_l.30_ok,0.02,0.28,0.22,-1
0.0632455532033676,0.9935273500875835,0.013946025138957818,0.3559465120532699,0.023357524873589042,0.0,0.35624660411582404,gp_A.10_l.30_ok,0.02,0.72,0.22,1
0.2,0.9641258906232246,0.11104689677535198,0.2722955801787138,0.12117698807037769,0.14100000000000001,0.27236413324322606,gp_A.10_l.30_ok,0.02,0.72,0.22,1
0.02,0.9634089260679312,0.03176618152932618,0.448715097768203,0.0025781663408070057,0.0,0.44894484239636706,gp_A.10_l.30_ok,0.02,0.27,0.22999999999999998,-1
0.0632455532033676,0.9922725467444609,0.06634694134863603,0.4630281705454179,0.005869673739702305,0.0,0.46324043179719815,gp_A.10_l.30_ok,0.02,0.27,0.22999999999999998,-1
0.2,0.7599709806773751,0.19213730629264925,0.2904832642667406,0.11039469441721039,0.119,0.2905288659524027,gp_A.10_l.30_ok,0.02,0.27,0.22999999999999998,-1
0.0632455532033676,0.9530803544379015,0.006558759823529714,0.12223435763362732,0.07361084778430109,0.0,0.12431016513731072,gp_A.10_l.30_ok,0.02,0.73,0.22999999999999998,1
0.2,0.99598268806558,0.093627416923865,0.3006864802617929,0.10448542888824337,0.13,0.3007685978414471,gp_A.10_l.30_ok,0.02,0.73,0.22999999999999998,1
0.02,0.8288103370626856,0.010939013368258515,0.5085410200485203,-0.0004282159619958651,0.0,0.49148537875794246,gp_A.10_l.30_ok,0.02,0.26,0.24,-1
0.0632455532033676,0.9954562359793884,0.06878761857107261,0.629093900489411,-0.02083653049407569,0.0,0.3709507312426581,gp_A.10_l.30_ok,0.02,0.26,0.24,-1
0.2,0.9593961285851426,0.2019123359004058,0.34820341420355705,0.07803508608220149,0.128,0.34825821787780475,gp_A.10_l.30_ok,0.02,0.26,0.24,-1
0.0632455532033676,0.7999740638505728,0.0004736273035538252,0.48133679670466456,0.002959815363541214,0.0,0.4815477470715275,gp_A.10_l.30_ok,0.02,0.74,0.24,1
0.2,0.9936156063336583,0.10587917806074176,0.25458258183915417,0.1320276346869215,0.119,0.2546627366090288,gp_A.10_l.30_ok,0.02,0.74,0.24,1
0.02,0.929690009481543,0.028850349271435337,0.35442682418312155,0.007467922358580125,0.0,0.35466593238470123,gp_A.10_l.30_ok,0.02,0.25,0.25,-1
0.0632455532033676,0.9999125242488075,0.0687454046176967,0.3031457480280317,0.03259513196457475,0.0,0.30350907045670067,gp_A.10_l.30_ok,0.02,0.25,0.25,-1
0.2,0.4264899459577737,0.1923633164567862,0.31203678485807,0.09801705151767286,0.102,0.3120914874013179,gp_A.10_l.30_ok,0.02,0.25,0.25,-1
0.0632455532033676,0.782626812040181,0.018683909139582455,0.5248489233156909,-0.003941927356672528,0.0,0.47514221258095835,gp_A.10_l.30_ok,0.02,0.75,0.25,1
0.2,0.9946363011640719,0.10197327122067407,0.2825389600951228,0.1150631060286858,0.10399999999999998,0.2824690699868499,gp_A.10_l.30_ok,0.02,0.75,0.25,1
0.02,0.9837848452740169,0.025843121111896555,0.14063511891147162,0.02154940485770926,0.0,0.14072841020697982,gp_A.10_l.30_ok,0.02,0.24,0.26,-1
0.0632455532033676,0.8348604789990822,0.07297271703252059,0.25762964187099147,0.041152008509639466,0.0,0.25766409835303233,gp_A.10_l.30_ok,0.02,0.24,0.26,-1
0.2,0.9930080967273186,0.18652466995844103,0.3130053401272702,0.09746989836910483,0.081,0.3130549420389552,gp_A.10_l.30_ok,0.02,0.24,0.26,-1
0.0632455532033676,0.9430776375953448,0.012623226913978547,0.5262626514069976,-0.0041665111124697465,0.0,0.473964965411386,gp_A.10_l.30_ok,0.02,0.76,0.26,1
0.2,1.0,0.1070836853438693,0.2746110474955545,0.119785241233268,0.09599999999999997,0.27468245239858236,gp_A.10_l.30_ok,0.02,0.76,0.26,1
0.02,0.9991318675227345,0.030486977898412693,0.49684164149629334,0.00015833826856231591,0.0,0.49688804532292397,gp_A.10_l.30_ok,0.02,0.22999999999999998,0.27,-1
0.0632455532033676,0.9643648607787207,0.04971410841475166,0.4250385995864252,0.011954669821497878,0.0,0.42520566908206126,gp_A.10_l.30_ok,0.02,0.22999999999999998,0.27,-1
0.2,0.9184291942650745,0.19476984531045216,0.3255314147980815,0.09045723628138849,0.093,0.3255721545486013,gp_A.10_l.30_ok,0.02,0.22999999999999998,0.27,-1
0.2,0.9908630471061571,0.09913017195370663,0.310696052778765,0.09877566711584637,0.08399999999999996,0.3107696602031514,gp_A.10_l.30_ok,0.02,0.77,0.27,1
0.02,0.9895096781043301,0.022284677152156006,0.17745448090066954,0.01850218962150992,0.0,0.17752922591821335,gp_A.10_l.30_ok,0.02,0.21999999999999997,0.28,-1
0.0632455532033676,0.9926721867303421,0.06500075856054414,0.19791787650793996,0.053700650868733005,0.0,0.198498782266992,gp_A.10_l.30_ok,0.02,0.21999999999999997,0.28,-1
0.2,0.9596881276241791,0.18153749805874936,0.3635835347180606,0.06977928493225181,0.079,0.3636358982130306,gp_A.10_l.30_ok,0.02,0.21999999999999997,0.28,-1
0.0632455532033676,0.9888069208200587,0.0321420348370684,0.08429248446405438,0.08707425305592427,0.0,0.08452780279423965,gp_A.10_l.30_ok,0.02,0.78,0.28,1
0.2,0.9994611682896881,0.09372605349885033,0.292798180347188,0.1090457034139315,0.07699999999999996,0.292871751285418,gp_A.10_l.30_ok,0.02,0.78,0.28,1
0.02,0.8287718747973747,0.01315060221274188,0.4880303124782662,0.0006001612040057829,0.0,0.4880705252416559,gp_A.10_l.30_ok,0.02,0.21000000000000002,0.29,-1
0.0632455532033676,0.992775054939283,0.0688473713356688,0.3913476587803398,0.017443647758762098,0.0,0.39162083678681187,gp_A.10_l.30_ok,0.02,0.21000000000000002,0.29,-1
0.2,0.9458736327863206,0.17957996621872008,0.610802667145987,-0.0562823346703242,0.073,0.3892521518542801,gp_A.10_l.30_ok,0.02,0.21000000000000002,0.29,-1
0.0632455532033676,0.9905119452407468,0.023879044351271916,0.30801587588966683,0.03171652367600446,0.0,0.3082832026759053,gp_A.10_l.30_ok,0.02,0.79,0.29,1
0.2,0.9934601542291458,0.0984128000025736,0.27760292342877746,0.11799546639302268,0.07399999999999995,0.27768389223444784,gp_A.10_l.30_ok,0.02,0.79,0.29,1
0.02,0.9904683413464488,0.004631658902572763,0.4971699993867277,0.00014187638100360912,0.0,0.49712457557488354,gp_A.10_l.30_ok,0.02,0.2,0.3,-1
0.0632455532033676,0.9947152029716423,0.05423285145748776,0.4830245860789379,0.0026919774705877375,0.0,0.4831845496944847,gp_A.10_l.30_ok,0.02,0.2,0.3,-1
0.2,0.9893754684019391,0.17463681219631616,0.35658418517640716,0.0735208432977504,0.061,0.35663407055761254,gp_A.10_l.30_ok,0.02,0.2,0.3,-1
0.0632455532033676,0.9928540330750044,0.0007853660309419253,0.4704621639659176,0.004687011134535986,0.0,0.47092859928124564,gp_A.10_l.30_ok,0.02,0.8,0.3,1
0.2,0.9943851055323983,0.09827024271677626,0.2792567370305735,0.11701018538981484,0.051000000000000045,0.279337518720661,gp_A.10_l.30_ok,0.02,0.8,0.3,1
0.02,0.99270986922431,0.029620096711570402,0.15452856479688415,0.020344049049773962,0.0,0.1545900435919245,gp_A.10_l.30_ok,0.02,0.19,0.31,-1
0.0632455532033676,0.9923820725838521,0.053195404216829195,0.4624815770420726,0.00595670647080639,0.0,0.4624760761041567,gp_A.10_l.30_ok,0.02,0.19,0.31,-1
0.2,0.9952542087710089,0.17469515679030567,0.5296735302804838,-0.014889845533581181,0.066,0.4703907538362698,gp_A.10_l.30_ok,0.02,0.19,0.31,-1
0.0632455532033676,0.948440019098663,0.0073833060840817755,0.47215339919169164,0.004418198652622687,0.0,0.4722543172386506,gp_A.10_l.30_ok,0.02,0.81,0.31,1
0.2,0.9979547110531519,0.09423670665148737,0.2877464504468139,0.11199605240069888,0.05300000000000005,0.2878274505882986,gp_A.10_l.30_ok,0.02,0.81,0.31,1
0.02,0.9982103262619271,0.030051039619471524,0.22325186794460147,0.015225134733138341,0.0,0.22346853430128163,gp_A.10_l.30_ok,0.02,0.18,0.32,-1
0.0632455532033676,0.9916636233486688,0.056908283860361036,0.3780843829645168,0.01963874191024302,0.0,0.3782980568648169,gp_A.10_l.30_ok,0.02,0.18,0.32,-1
0.2,0.9927953636323879,0.16640867684270422,0.5400940437097976,-0.020134129573448938,0.045,0.4599736531166697,gp_A.10_l.30_ok,0.02,0.18,0.32,-1
0.0632455532033676,0.9836824547559608,0.03437183869908145,0.05869201276018579,0.09903297171844366,0.0,0.059090681833061105,gp_A.10_l.30_ok,0.02,0.8200000000000001,0.32,1
0.2,0.9802431291286138,0.0980471495276633,0.3151642342000543,0.09625291573909274,0.051000000000000045,0.3152463797351994,gp_A.10_l.30_ok,0.02,0.8200000000000001,0.32,1
0.02,0.9696214004553733,0.021361779074789797,0.40645501562882236,0.004733471639832344,0.0,0.4065013375184004,gp_A.10_l.30_ok,0.02,0.16999999999999998,0.33,-1
0.0632455532033676,0.9972817814912823,0.05255681561333659,0.495786679925563,0.0006679630762168441,0.0,0.4956839213191887,gp_A.10_l.30_ok,0.02,0.16999999999999998,0.33,-1
0.2,0.9968282685810208,0.1709257309343036,0.48706786700476845,0.006484345887726501,0.054,0.48699678027056215,gp_A.10_l.30_ok,0.02,0.16999999999999998,0.33,-1
0.0632455532033676,0.9920951180791681,0.022828525306427094,0.4171115680348292,0.013236558259757758,0.0,0.41714800586538403,gp_A.10_l.30_ok,0.02,0.8300000000000001,0.33,1
0.2,0.934633090879477,0.0975556625936213,0.2999635966380507,0.10490104308502067,0.041000000000000036,0.2998757457005046,gp_A.10_l.30_ok,0.02,0.8300000000000001,0.33,1
0.02,0.9915714953523858,0.02304851463288439,0.15310215817075243,0.020464379791887494,0.0,0.1531531541102339,gp_A.10_l.30_ok,0.02,0.15999999999999998,0.34,-1
0.0632455532033676,0.9937391615690817,0.05071260884641556,0.4287889272794589,0.011349939698961241,0.0,0.4287435224023627,gp_A.10_l.30_ok,0.02,0.15999999999999998,0.34,-1
0.2,0.9920396027142534,0.15937243085646238,0.5126519389562686,-0.0063438051696249114,0.048,0.48740988110039524,gp_A.10_l.30_ok,0.02,0.15999999999999998,0.34,-1
0.0632455532033676,0.9868759998249785,0.014747579440851422,0.30623780354193014,0.0320365836221979,0.0,0.30687237445307086,gp_A.10_l.30_ok,0.02,0.8400000000000001,0.34,1
0.2,0.9971077890726006,0.09037233821724996,0.3176584964929087,0.09485130404768809,0.039000000000000035,0.3177495261440504,gp_A.10_l.30_ok,0.02,0.8400000000000001,0.34,1
0.02,0.9911687638593348,0.006093823893373346,0.5326045212223055,-0.001636372187292977,0.0,0.4674538383716987,gp_A.10_l.30_ok,0.02,0.15000000000000002,0.35,-1
0.0632455532033676,0.9639751100921299,0.057322513540645326,0.2695653428944982,0.0388408709456181,0.0,0.26982264239194204,gp_A.10_l.30_ok,0.02,0.15000000000000002,0.35,-1
0.2,0.994261495934707,0.157984269185238,0.519383662094168,-0.009721353712131956,0.04,0.4806818310403608,gp_A.10_l.30_ok,0.02,0.15000000000000002,0.35,-1
0.0632455532033676,0.9982243559094224,0.019503667335096397,0.28906675233660484,0.03517168394636678,0.0,0.28956233616659904,gp_A.10_l.30_ok,0.02,0.85,0.35,1
0.2,0.9980055460700921,0.10351988859064065,0.3525374208811831,0.07569578637520302,0.04800000000000004,0.35261157291274314,gp_A.10_l.30_ok,0.02,0.85,0.35,1
0.02,0.6413787448641814,0.09763141993175829,0.5910491626093635,-0.004604892826214847,0.42,0.40931045305987795,gp_A.10_l.05_bad,0.02,0.495,0.005,-1
0.0632455532033676,0.0,0.21041947717788237,0.4065809229968525,0.014948024986104876,0.459,0.40662537736873233,gp_A.10_l.05_bad,0.02,0.495,0.005,-1
0.2,0.0,0.24677872187987115,0.5082063106480058,-0.004114324232960009,0.482,0.49177115144463984,gp_A.10_l.05_bad,0.02,0.495,0.005,-1
0.02,0.7233146698105426,0.08541579541366136,0.5004258206994564,-2.1347488157100653e-05,0.4,0.49960285823932316,gp_A.10_l.05_bad,0.02,0.505,0.005,1
0.0632455532033676,2.6243710123941e-06,0.216083610620499,0.3962106764563466,0.016644184498128507,0.46099999999999997,0.3961738752277995,gp_A.10_l.05_bad,0.02,0.505,0.005,1
0.2,0.0,0.24603536610614055,0.46272899969978837,0.01871217274896479,0.475,0.46275248266151514,gp_A.10_l.05_bad,0.02,0.505,0.005,1
0.02,0.9902499542763473,0.1037859120973734,0.43443197076261747,0.003302033833388511,0.374,0.4346126250391971,gp_A.10_l.05_bad,0.02,0.49256410256410255,0.0074358974358974365,-1
0.0632455532033676,0.0,0.21922131347059826,0.46185229961112534,0.0060569187400601335,0.467,0.461818682490238,gp_A.10_l.05_bad,0.02,0.49256410256410255,0.0074358974358974365,-1
0.2,0.0,0.24290542987398117,0.4716179676817403,0.014240664951026036,0.481,0.4715965074610304,gp_A.10_l.05_bad,0.02,0.49256410256410255,0.0074358974358974365,-1
0.02,0.9966339262413381,0.07806215995951629,0.6278468974797676,-0.00652312329194843,0.358,0.3722679164651115,gp_A.10_l.05_bad,0.02,0.5074358974358975,0.0074358974358974365,1
0.0632455532033676,0.0,0.21647569336920822,0.3737006684108871,0.020369355737530206,0.45299999999999996,0.37374084717114925,gp_A.10_l.05_bad,0.02,0.5074358974358975,0.0074358974358974365,1
0.2,0.0,0.2472265522874133,0.4873080511121349,0.006363873299438977,0.483,0.48732606203550755,gp_A.10_l.05_bad,0.02,0.5074358974358975,0.0074358974358974365,1
0.02,0.9925867350505144,0.0959205522877283,0.4628508496371315,0.001865081917841348,0.308,0.4630168685009334,gp_A.10_l.05_bad,0.02,0.49012820512820515,0.009871794871794872,-1
0.0632455532033676,0.0,0.21398366168000965,0.4627337325292285,0.005916554984894177,0.451,0.46277122952003436,gp_A.10_l.05_bad,0.02,0.49012820512820515,0.009871794871794872,-1
0.2,0.0,0.2454235487637594,0.4998537194459022,7.333419622932582e-05,0.489,0.49983107005460764,gp_A.10_l.05_bad,0.02,0.49012820512820515,0.009871794871794872,-1
0.02,0.9772319300844757,0.07583743078294859,0.48174148587966537,0.0009156659438518107,0.31699999999999995,0.4817167948949935,gp_A.10_l.05_bad,0.02,0.5098717948717949,0.009871794871794872,1
0.0632455532033676,1.9335663174357975e-05,0.2172879408081279,0.34153687897673307,0.025821408789344157,0.43600000000000005,0.3415781384628714,gp_A.10_l.05_bad,0.02,0.5098717948717949,0.009871794871794872,1
0.2,0.0,0.25205477022395106,0.5054488872521763,-0.0027317519079915684,0.45899999999999996,0.49452973735253214,gp_A.10_l.05_bad,0.02,0.5098717948717949,0.009871794871794872,1
0.02,0.9943021230152,0.10035229385024069,0.5212500322254722,-0.001065822897365939,0.261,0.4788614745203476,gp_A.10_l.05_bad,0.02,0.4876923076923077,0.012307692307692308,-1
0.0632455532033676,0.0,0.211628528673887,0.5315908021777481,-0.005013433024330667,0.422,0.46844462028960393,gp_A.10_l.05_bad,0.02,0.4876923076923077,0.012307692307692308,-1
0.2,4.126955477357086e-07,0.24640315460733708,0.48305475020719874,0.008497644485515567,0.451,0.48307836052122227,gp_A.10_l.05_bad,0.02,0.4876923076923077,0.012307692307692308,-1
0.02,0.9907919332308278,0.07540813565212742,0.6379224280518142,-0.007058220535479507,0.28200000000000003,0.36218633234926323,gp_A.10_l.05_bad,0.02,0.5123076923076924,0.012307692307692308,1
0.0632455532033676,9.136275998411492e-06,0.219847911999315,0.3586036098936294,0.022907146620154622,0.40800000000000003,0.3586434395304615,gp_A.10_l.05_bad,0.02,0.5123076923076924,0.012307692307692308,1
0.2,0.0,0.24441525030126793,0.4529338138459338,0.023650491179521685,0.483,0.4529612982699651,gp_A.10_l.05_bad,0.02,0.5123076923076924,0.012307692307692308,1
0.02,0.825357119255161,0.09709410970877816,0.4209837804182418,0.00398754741020632,0.216,0.4213130326368932,gp_A.10_l.05_bad,0.02,0.48525641025641025,0.014743589743589743,-1
0.0632455532033676,0.0,0.21319595160145047,0.505073546817563,-0.0008043467463490143,0.412,0.49489621412974244,gp_A.10_l.05_bad,0.02,0.48525641025641025,0.014743589743589743,-1
0.2,0.0,0.2387752767919179,0.5354362251093069,-0.0177885144644384,0.472,0.4645339986188931,gp_A.10_l.05_bad,0.02,0.48525641025641025,0.014743589743589743,-1
0.02,0.924933393117535,0.06862713117927982,0.32518978984113084,0.009064698681532112,0.21999999999999997,0.3253011507520624,gp_A.10_l.05_bad,0.02,0.5147435897435897,0.014743589743589743,1
0.0632455532033676,0.000374668043961246,0.21676072771185528,0.3390368176131839,0.026252802691854135,0.399,0.3390796410773508,gp_A.10_l.05_bad,0.02,0.5147435897435897,0.014743589743589743,1
0.2,0.0,0.2473518707351297,0.508060126273171,-0.00404102302155172,0.474,0.49191096969866716,gp_A.10_l.05_bad,0.02,0.5147435897435897,0.014743589743589743,1
0.02,0.9849120113475495,0.09275393545201475,0.27568640982352977,0.011914084966126759,0.197,0.2757975801148102,gp_A.10_l.05_bad,0.02,0.4828205128205128,0.01717948717948718,-1
0.0632455532033676,0.0,0.21081991860564595,0.5135413941838093,-0.0021471714841083227,0.394,0.4864975297858782,gp_A.10_l.05_bad,0.02,0.4828205128205128,0.01717948717948718,-1
0.2,0.0,0.2458405862286037,0.5192042614716399,-0.00963131025224781,0.447,0.48082267289348635,gp_A.10_l.05_bad,0.02,0.4828205128205128,0.01717948717948718,-1
0.02,0.7300059838513546,0.07507566250995036,0.406776256658069,0.004716911202484487,0.19999999999999996,0.4066905129781773,gp_A.10_l.05_bad,0.02,0.5171794871794871,0.01717948717948718,1
0.0632455532033676,0.0062677688136991705,0.21221969193961135,0.3497937491447181,0.02440502712976766,0.41400000000000003,0.34984035295487215,gp_A.10_l.05_bad,0.02,0.5171794871794871,0.01717948717948718,1
0.2,0.0,0.23973617888118282,0.47406345229523345,0.0130118301201987,0.498,0.4740965577760633,gp_A.10_l.05_bad,0.02,0.5171794871794871,0.01717948717948718,1
0.02,0.9947700537710227,0.09131233758981033,0.2973994117575437,0.010637897024961644,0.18,0.2981065878706956,gp_A.10_l.05_bad,0.02,0.4803846153846154,0.019615384615384618,-1
0.0632455532033676,0.0,0.1906304934702384,0.4453853852707734,0.008685446844330624,0.389,0.44533355417147646,gp_A.10_l.05_bad,0.02,0.4803846153846154,0.019615384615384618,-1
0.2,0.0,0.23910665477372225,0.48195154336249413,0.009051243074810965,0.441,0.481930356813227,gp_A.10_l.05_bad,0.02,0.4803846153846154,0.019615384615384618,-1
0.02,0.9928542229100205,0.06797490740825665,0.4750391414426261,0.0012521694422478614,0.16000000000000003,0.4749100920836321,gp_A.10_l.05_bad,0.02,0.5196153846153846,0.019615384615384618,1
0.0632455532033676,1.8956089529509335e-05,0.21935063562859633,0.34129872402117006,0.025862451173500174,0.381,0.34133172411432516,gp_A.10_l.05_bad,0.02,0.5196153846153846,0.019615384615384618,1
0.2,0.0,0.23974201333114248,0.4915012098415441,0.004260983863458774,0.44899999999999995,0.4915278139072795,gp_A.10_l.05_bad,0.02,0.5196153846153846,0.019615384615384618,1
0.02,0.9388153908990192,0.10485530501593966,0.3437765067705866,0.008043560498832363,0.143,0.3437418596653543,gp_A.10_l.05_bad,0.02,0.47794871794871796,0.022051282051282053,-1
0.0632455532033676,0.0,0.1896801988730524,0.4610997493917405,0.00617678216103944,0.386,0.46114886924286913,gp_A.10_l.05_bad,0.02,0.47794871794871796,0.022051282051282053,-1
0.2,1.67783822241363e-05,0.2442368192298296,0.4590600640716464,0.020560397420438047,0.448,0.4590809807039594,gp_A.10_l.05_bad,0.02,0.47794871794871796,0.022051282051282053,-1
0.02,0.9936682747327182,0.06449836829415001,0.39442985955865467,0.0053558324617210265,0.133,0.39456217885559886,gp_A.10_l.05_bad,0.02,0.522051282051282,0.022051282051282053,1
0.0632455532033676,1.8620979159722495e-06,0.21544836930095168,0.3085102430471682,0.031627680134178965,0.363,0.3085492437885099,gp_A.10_l.05_bad,0.02,0.522051282051282,0.022051282051282053,1
0.2,0.0,0.2470823789233605,0.5108298881354862,-0.005429967772533856,0.46399999999999997,0.4891958058377748,gp_A.10_l.05_bad,0.02,0.522051282051282,0.022051282051282053,1
0.02,0.8415557564155297,0.07630435507331963,0.5305495213963026,-0.0015330257550789778,0.122,0.469574632522905,gp_A.10_l.05_bad,0.02,0.4755128205128205,0.02448717948717949,-1
0.0632455532033676,8.228542789823212e-05,0.19695704457324126,0.5017569753967507,-0.00027853964247362114,0.34,0.4982875409569779,gp_A.10_l.05_bad,0.02,0.4755128205128205,0.02448717948717949,-1
0.2,0.0,0.24186698386839223,0.4717570078185188,0.014170784509487423,0.456,0.4717818498847054,gp_A.10_l.05_bad,0.02,0.4755128205128205,0.02448717948717949,-1
0.02,0.9916911951433132,0.06619184026964649,0.3652703036048525,0.006888129841571174,0.10299999999999998,0.365396399780909,gp_A.10_l.05_bad,0.02,0.5244871794871795,0.02448717948717949,1
0.0632455532033676,0.008996318816985815,0.21598053003680143,0.3508614376674464,0.024222781490470566,0.386,0.35089522649713906,gp_A.10_l.05_bad,0.02,0.5244871794871795,0.02448717948717949,1
0.2,0.0,0.24933211005634115,0.5120997631204967,-0.006066851962244413,0.43899999999999995,0.4878719271194798,gp_A.10_l.05_bad,0.02,0.5244871794871795,0.02448717948717949,1
0.02,0.42074926696164505,0.08318142903268624,0.2961561826073267,0.010709762548391349,0.08,0.2962624992776153,gp_A.10_l.05_bad,0.02,0.47307692307692306,0.026923076923076925,-1
0.0632455532033676,3.02919349748354e-06,0.18921090219921777,0.503716448357064,-0.0005891885710364132,0.336,0.4963370273085746,gp_A.10_l.05_bad,0.02,0.47307692307692306,0.026923076923076925,-1
0.2,0.0,0.23807345389248138,0.4827102363334809,0.008670517290725804,0.461,0.4827327746511555,gp_A.10_l.05_bad,0.02,0.47307692307692306,0.026923076923076925,-1
0.02,0.995966808246572,0.06870188243216485,0.29062438237001936,0.011031231616447269,0.09199999999999997,0.29074083500887954,gp_A.10_l.05_bad,0.02,0.5269230769230769,0.026923076923076925,1
0.0632455532033676,0.010718495582073384,0.21659188022173725,0.29686175879813403,0.03373821206906427,0.30500000000000005,0.29689839158963843,gp_A.10_l.05_bad,0.02,0.5269230769230769,0.026923076923076925,1
0.2,0.0,0.2423722379348855,0.43606310589204306,0.032191668206180135,0.45599999999999996,0.4360978554102074,gp_A.10_l.05_bad,0.02,0.5269230769230769,0.026923076923076925,1
0.02,0.9958609790077213,0.07976670987355682,0.39988290852517594,0.005073003832365947,0.076,0.39975802514973824,gp_A.10_l.05_bad,0.02,0.4706410256410256,0.02935897435897436,-1
0.0632455532033676,2.4376584831453663e-05,0.19236133436863695,0.4899912069963368,0.0015868913915629225,0.333,0.48995012675136745,gp_A.10_l.05_bad,0.02,0.4706410256410256,0.02935897435897436,-1
0.2,0.0,0.2372048154706467,0.48932252724801595,0.005353530258763891,0.428,0.4892896794500187,gp_A.10_l.05_bad,0.02,0.4706410256410256,0.02935897435897436,-1
0.02,0.6026273871593784,0.060593932385362065,0.25609301549782976,0.013108752582008814,0.08199999999999996,0.25621306729786575,gp_A.10_l.05_bad,0.02,0.5293589743589744,0.02935897435897436,1
0.0632455532033676,0.09087016664882475,0.22238715112313495,0.3121442129341467,0.030976510607143407,0.30800000000000005,0.31217878164751744,gp_A.10_l.05_bad,0.02,0.5293589743589744,0.02935897435897436,1
0.2,0.0,0.24334965565099625,0.47958628220293564,0.010238390501800443,0.41900000000000004,0.47961222703147083,gp_A.10_l.05_bad,0.02,0.5293589743589744,0.02935897435897436,1
0.02,0.728741629685458,0.07833684813718099,0.445489128214546,0.0027413293726073528,0.04,0.44536887221687665,gp_A.10_l.05_bad,0.02,0.4682051282051282,0.031794871794871796,-1
0.0632455532033676,7.377271291297838e-05,0.18891389384876628,0.4628321193801694,0.005900889194677213,0.323,0.46277985670636795,gp_A.10_l.05_bad,0.02,0.4682051282051282,0.031794871794871796,-1
0.2,1.2096569222963538e-06,0.2296437237772315,0.4959332139394853,0.0020388194969075905,0.426,0.4958939278475655,gp_A.10_l.05_bad,0.02,0.4682051282051282,0.031794871794871796,-1
0.02,0.9517261201527425,0.0552518550681831,0.702500825945993,-0.010632136173287779,0.05500000000000005,0.2976326420762455,gp_A.10_l.05_bad,0.02,0.5317948717948718,0.031794871794871796,1
0.0632455532033676,0.09957856773566676,0.22257119008228438,0.24512739474710377,0.04363333708098239,0.31000000000000005,0.24519621103436293,gp_A.10_l.05_bad,0.02,0.5317948717948718,0.031794871794871796,1
0.2,0.0,0.24195996099461647,0.45564491030034115,0.022282355628656214,0.43400000000000005,0.45567346462563035,gp_A.10_l.05_bad,0.02,0.5317948717948718,0.031794871794871796,1
0.02,0.9639408800530403,0.07227603246273297,0.5183563330617681,-0.0009205750282393074,0.047,0.48156944264991725,gp_A.10_l.05_bad,0.02,0.46576923076923077,0.03423076923076923,-1
0.0632455532033676,1.5751162232180427e-05,0.19022068539959552,0.4383216141354909,0.00981734809649989,0.323,0.43835955140279587,gp_A.10_l.05_bad,0.02,0.46576923076923077,0.03423076923076923,-1
0.2,5.681630349418931e-06,0.24230721275212205,0.4712138754579213,0.014443768315069678,0.447,0.4712332150485691,gp_A.10_l.05_bad,0.02,0.46576923076923077,0.03423076923076923,-1
0.02,0.9710030360515314,0.05992067589831621,0.23355507245404578,0.014543781269217734,0.04300000000000004,0.23366618948422857,gp_A.10_l.05_bad,0.02,0.5342307692307693,0.03423076923076923,1
0.0632455532033676,0.9933961579905728,0.20593513944950773,0.32260664868060146,0.029119648427764086,0.263,0.3226497487549437,gp_A.10_l.05_bad,0.02,0.5342307692307693,0.03423076923076923,1
0.2,0.0,0.24864403455545403,0.4617520948990096,0.019204125521098,0.402,0.4617841503925853,gp_A.10_l.05_bad,0.02,0.5342307692307693,0.03423076923076923,1
0.02,0.991835569769438,0.06870064337961923,0.4900097856912199,0.0005008874293417988,0.027,0.4901360410621301,gp_A.10_l.05_bad,0.02,0.4633333333333333,0.03666666666666667,-1
0.0632455532033676,4.8703098182278914e-05,0.17479317266506322,0.4700100811606843,0.004758881338245683,0.302,0.469948706874889,gp_A.10_l.05_bad,0.02,0.4633333333333333,0.03666666666666667,-1
0.2,2.7231857544496307e-06,0.23033374953299598,0.5128709878277293,-0.006453676207398668,0.435,0.487157740011389,gp_A.10_l.05_bad,0.02,0.4633333333333333,0.03666666666666667,-1
0.02,0.9866086748231512,0.05621925407429889,0.78231172733218,-0.015600486908833882,0.038000000000000034,0.21780343848605874,gp_A.10_l.05_bad,0.02,0.5366666666666666,0.03666666666666667,1
0.0632455532033676,0.5867167764654773,0.2188456973003836,0.2670212589215137,0.03932905369677293,0.30500000000000005,0.26706068098317237,gp_A.10_l.05_bad,0.02,0.5366666666666666,0.03666666666666667,1
0.2,0.0,0.25056836243531355,0.4405019469505366,0.029939344552695715,0.41900000000000004,0.4404735394631212,gp_A.10_l.05_bad,0.02,0.5366666666666666,0.03666666666666667,1
0.02,1.0,0.07203588056281454,0.431653395996399,0.0034433259733480564,0.038,0.4317783643802764,gp_A.10_l.05_bad,0.02,0.4608974358974359,0.0391025641025641,-1
0.0632455532033676,0.000563270911369651,0.19237207765635356,0.43108692366430185,0.010979909624683004,0.248,0.4311208666491932,gp_A.10_l.05_bad,0.02,0.4608974358974359,0.0391025641025641,-1
0.2,0.0,0.2363612821443831,0.4844236493195356,0.007810809283928609,0.438,0.4843970650565342,gp_A.10_l.05_bad,0.02,0.4608974358974359,0.0391025641025641,-1
0.02,0.9963020758199967,0.04790475049824006,0.22033290874941625,0.015421387309952872,0.027000000000000024,0.22046824580622523,gp_A.10_l.05_bad,0.02,0.5391025641025641,0.0391025641025641,1
0.0632455532033676,0.033893487511025056,0.21572694672773463,0.24098190138138045,0.0444709556882987,0.28800000000000003,0.2410188660994452,gp_A.10_l.05_bad,0.02,0.5391025641025641,0.0391025641025641,1
0.2,0.0,0.24327521077589237,0.4320122259350596,0.034250697455152294,0.42900000000000005,0.43204275352522253,gp_A.10_l.05_bad,0.02,0.5391025641025641,0.0391025641025641,1
0.02,0.9919706384949745,0.07628780476993041,0.3909750477235219,0.0055355724884518336,0.023,0.3910918679799873,gp_A.10_l.05_bad,0.02,0.4584615384615385,0.04153846153846154,-1
0.0632455532033676,0.5720464486795405,0.1811392830090415,0.4157893579070255,0.013450890076139744,0.259,0.4158435412945758,gp_A.10_l.05_bad,0.02,0.4584615384615385,0.04153846153846154,-1
0.2,3.799222011591219e-05,0.23418387956645584,0.48840072554569863,0.005815833401322564,0.393,0.48837321735728306,gp_A.10_l.05_bad,0.02,0.4584615384615385,0.04153846153846154,-1
0.02,0.9964629942169498,0.0546013826845356,0.14587876759773846,0.021085477973791577,0.02400000000000002,0.14598191208052128,gp_A.10_l.05_bad,0.02,0.5415384615384615,0.04153846153846154,1
0.0632455532033676,0.8647271373775216,0.21420063738288883,0.2509005934606104,0.042479407422344094,0.254,0.25094096204674904,gp_A.10_l.05_bad,0.02,0.5415384615384615,0.04153846153846154,1
0.2,0.0,0.24853164284180296,0.4661690723284193,0.016980691090168042,0.389,0.4661930024227897,gp_A.10_l.05_bad,0.02,0.5415384615384615,0.04153846153846154,1
0.02,0.9950743939603246,0.06220539854208834,0.4045499709223169,0.004831746565883672,0.016,0.4044181887558528,gp_A.10_l.05_bad,0.02,0.456025641025641,0.043974358974358974,-1
0.0632455532033676,0.10724481536583585,0.17873749292799723,0.379332156902737,0.019431263577292655,0.245,0.3793841443110157,gp_A.10_l.05_bad,0.02,0.456025641025641,0.043974358974358974,-1
0.2,9.82828597151375e-06,0.23435928134752398,0.48471075156764754,0.007666769769072979,0.43,0.48468354682199205,gp_A.10_l.05_bad,0.02,0.456025641025641,0.043974358974358974,-1
0.02,0.9597575548495092,0.04238729482851619,0.17773076534307608,0.018480952106381936,0.016000000000000014,0.1778498500189743,gp_A.10_l.05_bad,0.02,0.543974358974359,0.043974358974358974,1
0.0632455532033676,0.9237108618823118,0.22139070982078896,0.22201663815358322,0.04840815881662734,0.245,0.2220459307973525,gp_A.10_l.05_bad,0.02,0.543974358974359,0.043974358974358974,1
0.2,0.0,0.2435613548842707,0.5041716331891959,-0.0020913848545960918,0.42700000000000005,0.49579710860917175,gp_A.10_l.05_bad,0.02,0.543974358974359,0.043974358974358974,1
0.02,0.9950175596674057,0.06581294803472393,0.37411701041637097,0.006419376372528733,0.016,0.3739910573155653,gp_A.10_l.05_bad,0.02,0.4535897435897436,0.04641025641025641,-1
0.0632455532033676,0.007201348274747943,0.17444091539102335,0.36608486570661686,0.02164520466054326,0.255,0.36613295825064823,gp_A.10_l.05_bad,0.02,0.4535897435897436,0.04641025641025641,-1
0.2,0.0,0.23097075620334453,0.5029965751687548,-0.0015022741354491353,0.436,0.4970312198163543,gp_A.10_l.05_bad,0.02,0.4535897435897436,0.04641025641025641,-1
0.02,0.9925745042203731,0.03943390725698624,0.207524206615275,0.016300834973412684,0.01100000000000001,0.2076595182139795,gp_A.10_l.05_bad,0.02,0.5464102564102564,0.04641025641025641,1
0.0632455532033676,0.9395111489789782,0.21777564371615687,0.1826676826502287,0.05725274965042544,0.237,0.1827073392169037,gp_A.10_l.05_bad,0.02,0.5464102564102564,0.04641025641025641,1
0.2,0.0,0.24713271211292892,0.501900574740684,-0.000952810480792763,0.403,0.49812762761594626,gp_A.10_l.05_bad,0.02,0.5464102564102564,0.04641025641025641,1
0.02,0.993055071139923,0.06328040046180686,0.2640461239557612,0.012618417927611926,0.009,0.2641672772760724,gp_A.10_l.05_bad,0.02,0.4511538461538461,0.048846153846153845,-1
0.0632455532033676,0.019214394505157606,0.17810818312993187,0.3871031286947666,0.018143714766786858,0.222,0.38715184903446825,gp_A.10_l.05_bad,0.02,0.4511538461538461,0.048846153846153845,-1
0.2,0.0001811907948958691,0.2286877795804084,0.48036111441637686,0.00984945703591595,0.392,0.4803290826546813,gp_A.10_l.05_bad,0.02,0.4511538461538461,0.048846153846153845,-1
0.02,0.9982440167205379,0.01827631303906535,0.2987692321626365,0.010558872510476148,0.006000000000000005,0.2989471516103196,gp_A.10_l.05_bad,0.02,0.5488461538461539,0.048846153846153845,1
0.0632455532033676,0.9959141451786336,0.22023075490693791,0.20898521346900073,0.0512255692501883,0.21799999999999997,0.20901661465207896,gp_A.10_l.05_bad,0.02,0.5488461538461539,0.048846153846153845,1
0.2,0.0,0.2516326914377035,0.44089626460619197,0.029739450528092234,0.394,0.4409217028498261,gp_A.10_l.05_bad,0.02,0.5488461538461539,0.048846153846153845,1
0.02,0.9589439615858812,0.05243292130828045,0.33350341601207567,0.008605191439251737,0.002,0.3333639237903593,gp_A.10_l.05_bad,0.02,0.44871794871794873,0.05128205128205128,-1
0.0632455532033676,0.8994309138764337,0.17645769726538313,0.3526425640904474,0.023919204046704605,0.201,0.35269523011657034,gp_A.10_l.05_bad,0.02,0.44871794871794873,0.05128205128205128,-1
0.2,0.017270082523548225,0.2402953833471909,0.46371943898763446,0.018213519777405183,0.388,0.4637000714834947,gp_A.10_l.05_bad,0.02,0.44871794871794873,0.05128205128205128,-1
0.02,0.9972567625422074,0.02239589845287604,0.17505755875822798,0.018687320478240118,0.0030000000000000027,0.17519912742479965,gp_A.10_l.05_bad,0.02,0.5512820512820513,0.05128205128205128,1
0.0632455532033676,0.9959393507294944,0.21391319231844044,0.227226001996384,0.04730852873212713,0.18799999999999994,0.2272661880303016,gp_A.10_l.05_bad,0.02,0.5512820512820513,0.05128205128205128,1
0.2,0.0,0.2493636342838383,0.4694802407271311,0.01531529318107059,0.371,0.46950466929646917,gp_A.10_l.05_bad,0.02,0.5512820512820513,0.05128205128205128,1
0.02,0.9732371220995714,0.05500441442778972,0.6954146680951958,-0.010225152758929615,0.006,0.3047218173839479,gp_A.10_l.05_bad,0.02,0.4462820512820513,0.053717948717948716,-1
0.0632455532033676,0.17146880986832547,0.1803225183666689,0.3327429347212104,0.027344317870173076,0.192,0.3327945715733914,gp_A.10_l.05_bad,0.02,0.4462820512820513,0.053717948717948716,-1
0.2,0.00040548221216152314,0.23258281410393555,0.446583795443457,0.02685943402472565,0.353,0.44661032992379684,gp_A.10_l.05_bad,0.02,0.4462820512820513,0.053717948717948716,-1
0.02,0.9488081631756838,0.005747193441656612,0.259043445105818,0.012925944329360499,0.007000000000000006,0.25958684481913163,gp_A.10_l.05_bad,0.02,0.5537179487179487,0.053717948717948716,1
0.0632455532033676,0.9932256245797859,0.2013279557245729,0.2729197449853871,0.03820070912645921,0.19299999999999995,0.2729736947635372,gp_A.10_l.05_bad,0.02,0.5537179487179487,0.053717948717948716,1
0.2,0.0,0.24783615422560287,0.4554761865009192,0.022367469813392025,0.39,0.45550442535457736,gp_A.10_l.05_bad,0.02,0.5537179487179487,0.053717948717948716,1
0.02,0.9857963313965717,0.05323682065211163,0.21632663421820397,0.0156931888386606,0.004,0.21620734215722373,gp_A.10_l.05_bad,0.02,0.44384615384615383,0.05615384615384615,-1
0.0632455532033676,0.3307744087743444,0.17753842546529897,0.3412416623813959,0.02587228649611968,0.17,0.34129128225608435,gp_A.10_l.05_bad,0.02,0.44384615384615383,0.05615384615384615,-1
0.2,3.1282597943160795e-06,0.23049011812445827,0.4541537112707384,0.0230347454882927,0.379,0.4541767693075237,gp_A.10_l.05_bad,0.02,0.44384615384615383,0.05615384615384615,-1
0.02,0.9927074276923589,0.023660391596167066,0.05693464870841319,0.031620764545079734,0.0,0.057021364185676326,gp_A.10_l.05_bad,0.02,0.5561538461538461,0.05615384615384615,1
0.0632455532033676,0.8111658275358576,0.2302979112893301,0.16537913688155492,0.06151184514910733,0.18899999999999995,0.1653951184020641,gp_A.10_l.05_bad,0.02,0.5561538461538461,0.05615384615384615,1
0.2,0.0,0.24062686614620934,0.4190538054675567,0.04086293293268297,0.381,0.419083011539247,gp_A.10_l.05_bad,0.02,0.5561538461538461,0.05615384615384615,1
0.02,0.993754414637076,0.058271978973107985,0.18730097828969397,0.01775772444701432,0.0,0.1874080861733165,gp_A.10_l.05_bad,0.02,0.44141025641025644,0.05858974358974359,-1
0.0632455532033676,0.9680145184456156,0.16432678262942818,0.2750304505854222,0.03779989828179325,0.164,0.275082679996061,gp_A.10_l.05_bad,0.02,0.44141025641025644,0.05858974358974359,-1
0.2,4.37086785622931e-05,0.22995578837823732,0.4978684704000178,0.0010685955569567525,0.378,0.49784171940716376,gp_A.10_l.05_bad,0.02,0.44141025641025644,0.05858974358974359,-1
0.02,0.9931449323463313,0.0018117824494475604,0.19679692376497418,0.017062360826209984,0.0030000000000000027,0.197369013419303,gp_A.10_l.05_bad,0.02,0.5585897435897436,0.05858974358974359,1
0.0632455532033676,0.9741579502445373,0.22473182672198824,0.15093714384217938,0.0652961251798479,0.19599999999999995,0.15096562797439472,gp_A.10_l.05_bad,0.02,0.5585897435897436,0.05858974358974359,1
0.2,0.0,0.24926134801324643,0.43513665514716215,0.032662266843152106,0.399,0.43510413029826756,gp_A.10_l.05_bad,0.02,0.5585897435897436,0.05858974358974359,1
0.02,0.9602460995511853,0.05710913924804703,0.1830743778810686,0.018074216569270135,0.001,0.18318324958822157,gp_A.10_l.05_bad,0.02,0.438974358974359,0.06102564102564102,-1
0.0632455532033676,0.711641231794296,0.18229333149748292,0.3093574807103688,0.031475566532437424,0.145,0.30931121636183107,gp_A.10_l.05_bad,0.02,0.438974358974359,0.06102564102564102,-1
0.2,0.00040523540552794834,0.23346067477366747,0.44030025227324043,0.030041602502755817,0.384,0.44033046402175474,gp_A.10_l.05_bad,0.02,0.438974358974359,0.06102564102564102,-1
0.02,0.9251775619845347,0.002389040507041751,0.10990342936642858,0.024540837166067985,0.0,0.1103430994848849,gp_A.10_l.05_bad,0.02,0.561025641025641,0.06102564102564102,1
0.0632455532033676,0.9909351873280915,0.2150051040606366,0.19491093896398384,0.05438740851268648,0.15500000000000003,0.19494282938154114,gp_A.10_l.05_bad,0.02,0.561025641025641,0.06102564102564102,1
0.2,0.0,0.2478766355820901,0.43383428779899325,0.03332412209226369,0.376,0.4338040122965362,gp_A.10_l.05_bad,0.02,0.561025641025641,0.06102564102564102,1
0.02,0.9648459951377591,0.052157247920231964,0.0989307076611212,0.025753368156069094,0.001,0.09902390992663966,gp_A.10_l.05_bad,0.02,0.43653846153846154,0.06346153846153847,-1
0.0632455532033676,0.5304957449958438,0.16020928436033693,0.28409846870504213,0.03609480452031964,0.164,0.2841584410626884,gp_A.10_l.05_bad,0.02,0.43653846153846154,0.06346153846153847,-1
0.2,0.0003809799793732527,0.22765559698137272,0.4638367923984225,0.01815444383200894,0.382,0.4638663889139608,gp_A.10_l.05_bad,0.02,0.43653846153846154,0.06346153846153847,-1
0.02,0.9911048959825713,0.0010885126566571382,0.20158941047042134,0.016719149707552637,0.0,0.20295884576756687,gp_A.10_l.05_bad,0.02,0.5634615384615385,0.06346153846153847,1
0.0632455532033676,0.8396806758613301,0.21305322917617742,0.15646709297988368,0.0638200975306007,0.14700000000000002,0.15650439365797592,gp_A.10_l.05_bad,0.02,0.5634615384615385,0.06346153846153847,1
0.2,0.0,0.25005404269726234,0.4950079271747442,0.002502719493884818,0.377,0.49503953182393445,gp_A.10_l.05_bad,0.02,0.5634615384615385,0.06346153846153847,1
0.02,0.9980599318310728,0.04698048564287263,0.10606109214954416,0.024955024029674488,0.0,0.10616741672172601,gp_A.10_l.05_bad,0.02,0.4341025641025641,0.06589743589743591,-1
0.0632455532033676,0.9008912785265526,0.17280275815423454,0.24909972680806963,0.04283782610343336,0.171,0.24915475387131086,gp_A.10_l.05_bad,0.02,0.4341025641025641,0.06589743589743591,-1
0.2,0.007121027337735009,0.23815750705189642,0.47941470345220727,0.010324521065865216,0.382,0.4793961342612557,gp_A.10_l.05_bad,0.02,0.4341025641025641,0.06589743589743591,-1
0.02,0.998031873247211,0.009209793443709265,0.24153411880913866,0.014027525064585133,0.0,0.2417984928771823,gp_A.10_l.05_bad,0.02,0.5658974358974359,0.06589743589743591,1
0.0632455532033676,0.9865283969631073,0.20680677782167634,0.17364098841994896,0.05944287800070114,0.137,0.17368558282075644,gp_A.10_l.05_bad,0.02,0.5658974358974359,0.06589743589743591,1
0.2,0.0,0.247105712054088,0.4759770129708818,0.012050627250720454,0.394,0.47601558066100685,gp_A.10_l.05_bad,0.02,0.5658974358974359,0.06589743589743591,1
0.02,0.9966197208023481,0.03749176745635241,0.19564239100369082,0.01714579463193762,0.0,0.19578392531333272,gp_A.10_l.05_bad,0.02,0.43166666666666664,0.06833333333333334,-1
0.0632455532033676,0.9928487779314248,0.1615556815203023,0.2327883436929156,0.04614995884377387,0.14,0.2328385787452373,gp_A.10_l.05_bad,0.02,0.43166666666666664,0.06833333333333334,-1
0.2,0.0001616522049463498,0.22444222880113074,0.47169115555927305,0.014203881103051994,0.383,0.47172395347818113,gp_A.10_l.05_bad,0.02,0.43166666666666664,0.06833333333333334,-1
0.02,0.9955889748554755,0.009642988911291839,0.46455071182571955,0.001779508927820928,0.0010000000000000009,0.4646794909034267,gp_A.10_l.05_bad,0.02,0.5683333333333334,0.06833333333333334,1
0.0632455532033676,0.8505979680874851,0.19227883323320988,0.177213402543297,0.05856771591228322,0.14,0.17726828096228261,gp_A.10_l.05_bad,0.02,0.5683333333333334,0.06833333333333334,1
0.2,0.0,0.24251795462277173,0.4414864066677118,0.029440341387239135,0.35,0.44152227883266937,gp_A.10_l.05_bad,0.02,0.5683333333333334,0.06833333333333334,1
0.02,0.9459564327797637,0.03968984469159875,0.14327725317174703,0.021314211032001307,0.0,0.1433963098766289,gp_A.10_l.05_bad,0.02,0.4292307692307692,0.07076923076923078,-1
0.0632455532033676,0.9940486856064228,0.1508432112435475,0.2519170389628959,0.042277710112651135,0.126,0.2519765880088823,gp_A.10_l.05_bad,0.02,0.4292307692307692,0.07076923076923078,-1
0.2,0.019417496207862928,0.22783990217948263,0.46914658930466335,0.015483057752354246,0.329,0.46917466431854227,gp_A.10_l.05_bad,0.02,0.4292307692307692,0.07076923076923078,-1
0.02,0.9912803569630997,0.012019966185106083,0.3363305522567587,0.008449972489453008,0.0,0.3361417161210874,gp_A.10_l.05_bad,0.02,0.5707692307692308,0.07076923076923078,1
0.0632455532033676,0.7563514334750636,0.22305642076928833,0.11776503535557578,0.07502399863834384,0.124,0.11778757092563823,gp_A.10_l.05_bad,0.02,0.5707692307692308,0.07076923076923078,1
0.2,0.0,0.24829678393035504,0.43995798734134156,0.030215146686831347,0.367,0.43998915859005266,gp_A.10_l.05_bad,0.02,0.5707692307692308,0.07076923076923078,1
0.02,0.9900050247780918,0.04191978071469726,0.1543504586346207,0.020359033707543,0.0,0.15446784497920038,gp_A.10_l.05_bad,0.02,0.4267948717948718,0.07320512820512821,-1
0.0632455532033676,0.9917828147459736,0.15748984006713973,0.24802337196929375,0.04305270632888059,0.145,0.24808425384266686,gp_A.10_l.05_bad,0.02,0.4267948717948718,0.07320512820512821,-1
0.2,0.006025773140592938,0.23611718645136168,0.4702760552160182,0.014915189877507335,0.364,0.47029823321133035,gp_A.10_l.05_bad,0.02,0.4267948717948718,0.07320512820512821,-1
0.02,0.9914462658436984,0.01806455055058273,0.5681888126569048,-0.003435297654186191,0.0,0.4320111498793814,gp_A.10_l.05_bad,0.02,0.5732051282051283,0.07320512820512821,1
0.0632455532033676,0.15842832007403929,0.2176609336232557,0.11510310098599781,0.07588377671406363,0.128,0.11513872705233669,gp_A.10_l.05_bad,0.02,0.5732051282051283,0.07320512820512821,1
0.2,0.0,0.24835871000005355,0.47610403869339135,0.011986830908706725,0.345,0.47613383925731534,gp_A.10_l.05_bad,0.02,0.5732051282051283,0.07320512820512821,1
0.02,0.9983697974880603,0.027742909511827063,0.2558124410896106,0.013126193858954685,0.0,0.2559804106347002,gp_A.10_l.05_bad,0.02,0.42435897435897435,0.07564102564102565,-1
0.0632455532033676,0.9937742725960066,0.17580097749136933,0.19029844466222534,0.055453513587643,0.107,0.19033709620458653,gp_A.10_l.05_bad,0.02,0.42435897435897435,0.07564102564102565,-1
0.2,0.41763303606548585,0.22748733115652106,0.4324779074634222,0.03401381470377521,0.347,0.4325053864609898,gp_A.10_l.05_bad,0.02,0.42435897435897435,0.07564102564102565,-1
0.02,0.9934826778362313,0.02159258919873628,0.508288853765963,-0.0004155714060997406,0.0,0.4919036132819107,gp_A.10_l.05_bad,0.02,0.5756410256410256,0.07564102564102565,1
0.0632455532033676,0.44646443960555404,0.20179761087588471,0.1322421617114048,0.0705728495152157,0.10999999999999999,0.13228203448047832,gp_A.10_l.05_bad,0.02,0.5756410256410256,0.07564102564102565,1
0.2,0.0,0.2383524453191479,0.45948311569381256,0.02034719877247216,0.33499999999999996,0.45944605128331656,gp_A.10_l.05_bad,0.02,0.5756410256410256,0.07564102564102565,1
0.02,0.9893521137163233,0.025741823921024226,0.1282525713709806,0.02269380410147686,0.0,0.12882243596325613,gp_A.10_l.05_bad,0.02,0.4219230769230769,0.07807692307692309,-1
0.0632455532033676,0.970217782890749,0.15774673364759137,0.2021022174193338,0.05275538333016386,0.105,0.20215515296387962,gp_A.10_l.05_bad,0.02,0.4219230769230769,0.07807692307692309,-1
0.2,0.00017949193593458368,0.2261587302095792,0.436751780397023,0.03184196565310978,0.357,0.43677822914905046,gp_A.10_l.05_bad,0.02,0.4219230769230769,0.07807692307692309,-1
0.02,0.9160884830693752,0.022730662726473963,0.5300531306507243,-0.0015080683872689454,0.0,0.4698224551781325,gp_A.10_l.05_bad,0.02,0.578076923076923,0.07807692307692309,1
0.0632455532033676,0.8960694348804752,0.15109487191043658,0.22927148108775672,0.04688065257633788,0.10299999999999998,0.22934364862112985,gp_A.10_l.05_bad,0.02,0.578076923076923,0.07807692307692309,1
0.2,0.0,0.25025623411801673,0.42042399217804616,0.040161784894110625,0.354,0.42045579232637514,gp_A.10_l.05_bad,0.02,0.578076923076923,0.07807692307692309,1
0.02,0.9943843000073058,0.03080142115541734,0.23705940464774,0.014315871855463238,0.0,0.2372438897050889,gp_A.10_l.05_bad,0.02,0.4194871794871795,0.08051282051282052,-1
0.0632455532033676,0.9768003337047704,0.16806041394854906,0.19528457609868866,0.05430172506323079,0.103,0.19532845806772559,gp_A.10_l.05_bad,0.02,0.4194871794871795,0.08051282051282052,-1
0.2,0.0016659771364025966,0.22172514600375698,0.4769568862784719,0.011558535094086934,0.337,0.47698481487358463,gp_A.10_l.05_bad,0.02,0.4194871794871795,0.08051282051282052,-1
0.02,0.9936716917077324,0.055642737502294023,0.14024127132946593,0.02158471966025007,0.0,0.14073045780692614,gp_A.10_l.05_bad,0.02,0.5805128205128205,0.08051282051282052,1
0.0632455532033676,0.982827263121978,0.15917991308777435,0.1782521039048396,0.05831535473019858,0.09999999999999998,0.17832011860669644,gp_A.10_l.05_bad,0.02,0.5805128205128205,0.08051282051282052,1
0.2,0.0,0.24820996187087374,0.4099198717421157,0.045550220169234115,0.33699999999999997,0.40988856576839355,gp_A.10_l.05_bad,0.02,0.5805128205128205,0.08051282051282052,1
0.02,0.9969997404251716,0.027463206762253334,0.39503926674279544,0.00532417269093725,0.0,0.3949808413450095,gp_A.10_l.05_bad,0.02,0.41705128205128206,0.08294871794871796,-1
0.0632455532033676,0.9956606655208996,0.17509082693265227,0.17886980520236734,0.058165718364058684,0.102,0.1789152892999796,gp_A.10_l.05_bad,0.02,0.41705128205128206,0.08294871794871796,-1
0.2,0.015596224643529721,0.22254345278859325,0.44903784640007577,0.02561851983611634,0.343,0.4490122123585332,gp_A.10_l.05_bad,0.02,0.41705128205128206,0.08294871794871796,-1
0.02,0.9510087158018294,0.034538261880071336,0.3142972496693934,0.009674120988618867,0.0,0.31463100140496225,gp_A.10_l.05_bad,0.02,0.5829487179487179,0.08294871794871796,1
0.0632455532033676,0.9906819480491506,0.21292468351927807,0.09482226694976924,0.08295485334157948,0.08599999999999997,0.09485609331359991,gp_A.10_l.05_bad,0.02,0.5829487179487179,0.08294871794871796,1
0.2,0.0,0.24581790635303624,0.4531225560914259,0.02355520863642685,0.35,0.4531539487545629,gp_A.10_l.05_bad,0.02,0.5829487179487179,0.08294871794871796,1
0.02,0.991031004931419,0.025222527771640274,0.49841063224669185,7.96792937620321e-05,0.0,0.4982112406289594,gp_A.10_l.05_bad,0.02,0.4146153846153846,0.08538461538461539,-1
0.0632455532033676,0.9813220004818884,0.14199709636200786,0.19432990574489759,0.05452085126789538,0.085,0.1943921758079445,gp_A.10_l.05_bad,0.02,0.4146153846153846,0.08538461538461539,-1
0.2,7.551523361948309e-05,0.21604886876197593,0.4536289944553367,0.023299570261931205,0.331,0.4536699920821359,gp_A.10_l.05_bad,0.02,0.4146153846153846,0.08538461538461539,-1
0.02,0.7232946726689853,0.036953950388751364,0.5123299271992899,-0.0006182293236788131,0.0,0.48770703370827506,gp_A.10_l.05_bad,0.02,0.5853846153846154,0.08538461538461539,1
0.0632455532033676,0.08896314801295657,0.21896373344247694,0.09152386051218167,0.08420699663246779,0.08599999999999997,0.09155951323692346,gp_A.10_l.05_bad,0.02,0.5853846153846154,0.08538461538461539,1
0.2,0.0,0.2508682665433563,0.4247091968017886,0.03797211333306587,0.33799999999999997,0.4247437073606933,gp_A.10_l.05_bad,0.02,0.5853846153846154,0.08538461538461539,1
0.02,0.9922079098387142,0.017103182903705383,0.4903921933617055,0.00048171056588293057,0.0,0.4905212738892075,gp_A.10_l.05_bad,0.02,0.41217948717948716,0.08782051282051283,-1
0.0632455532033676,0.5557252199115162,0.16107285495655413,0.17486124781306392,0.0591426683580909,0.085,0.17490963687406302,gp_A.10_l.05_bad,0.02,0.41217948717948716,0.08782051282051283,-1
0.2,0.000389979218554104,0.22489415764600826,0.4566039827173148,0.021798619419743884,0.344,0.45657367330412935,gp_A.10_l.05_bad,0.02,0.41217948717948716,0.08782051282051283,-1
0.02,0.8774987612647087,0.033239414410192486,0.34476590323301387,0.007989810429281817,0.0,0.34546393465568564,gp_A.10_l.05_bad,0.02,0.5878205128205128,0.08782051282051283,1
0.0632455532033676,0.46228318984997796,0.21579798351229218,0.1042567560293889,0.07954161782045077,0.08399999999999996,0.10427963751965091,gp_A.10_l.05_bad,0.02,0.5878205128205128,0.08782051282051283,1
0.2,0.0,0.24453383893885033,0.4375704910305367,0.031426358486365734,0.32299999999999995,0.43753599287916123,gp_A.10_l.05_bad,0.02,0.5878205128205128,0.08782051282051283,1
0.02,0.9906818928876393,0.03455299962173777,0.40030541433244515,0.005051133097458836,0.0,0.4006699691563313,gp_A.10_l.05_bad,0.02,0.4097435897435897,0.09025641025641026,-1
0.0632455532033676,0.9937276401655504,0.1515146474131854,0.1434198014298032,0.06736159143551111,0.065,0.1434707089221928,gp_A.10_l.05_bad,0.02,0.4097435897435897,0.09025641025641026,-1
0.2,2.9501652072494444e-05,0.22696034935051396,0.4360594082366873,0.03219354610612405,0.333,0.436087168483422,gp_A.10_l.05_bad,0.02,0.4097435897435897,0.09025641025641026,-1
0.02,0.9878578472365519,0.04264104197307679,0.49585402957294217,0.00020785187544612106,0.0,0.49599098486446336,gp_A.10_l.05_bad,0.02,0.5902564102564103,0.09025641025641026,1
0.0632455532033676,0.5079296097209174,0.1480234123213695,0.14408781745271107,0.0671751440007305,0.07299999999999995,0.14415414281167183,gp_A.10_l.05_bad,0.02,0.5902564102564103,0.09025641025641026,1
0.2,0.0,0.23911114111797904,0.47914591671792467,0.010459452777793445,0.30800000000000005,0.47919012589293447,gp_A.10_l.05_bad,0.02,0.5902564102564103,0.09025641025641026,1
0.02,0.9693347551427705,0.023455582939729103,0.5693386057129535,-0.0034938111279832935,0.0,0.431036212040844,gp_A.10_l.05_bad,0.02,0.4073076923076923,0.0926923076923077,-1
0.0632455532033676,0.8782772934510212,0.1416310091341072,0.1586692482528206,0.06324189551706928,0.082,0.1587326081350475,gp_A.10_l.05_bad,0.02,0.4073076923076923,0.0926923076923077,-1
0.2,0.01841089854750433,0.2182595671952376,0.40717747214489364,0.046962325063155536,0.282,0.40714619251883694,gp_A.10_l.05_bad,0.02,0.4073076923076923,0.0926923076923077,-1
0.02,0.9920689700291316,0.0528636793896389,0.2322949690044457,0.014626196258572914,0.0,0.23294481455167027,gp_A.10_l.05_bad,0.02,0.5926923076923077,0.0926923076923077,1
0.0632455532033676,0.21924547827234253,0.16687911267882782,0.10887886329426066,0.07795093041653157,0.08999999999999997,0.10893355126788958,gp_A.10_l.05_bad,0.02,0.5926923076923077,0.0926923076923077,1
0.2,0.0,0.24083667526882735,0.46337791319253324,0.01838545361752233,0.34099999999999997,0.46341890366029814,gp_A.10_l.05_bad,0.02,0.5926923076923077,0.0926923076923077,1
0.02,0.9308373250453513,0.030584171744100747,0.5429338920347927,-0.0021565578735664235,0.0,0.45734576937062693,gp_A.10_l.05_bad,0.02,0.40487179487179487,0.09512820512820513,-1
0.0632455532033676,0.8340781337506364,0.15177010386137335,0.14281132933709953,0.06753193072682125,0.076,0.14285593895788407,gp_A.10_l.05_bad,0.02,0.40487179487179487,0.09512820512820513,-1
0.2,0.010707501257780194,0.21776480178263216,0.4299074485775468,0.03532195965720258,0.306,0.4299395757492154,gp_A.10_l.05_bad,0.02,0.40487179487179487,0.09512820512820513,-1
0.02,0.944326101392727,0.04660516609919357,0.40818713923894184,0.004644216291943615,0.0,0.40846226681439923,gp_A.10_l.05_bad,0.02,0.5951282051282052,0.09512820512820513,1
0.0632455532033676,0.03768490021784077,0.18621120993462945,0.10425463134974394,0.07954236063795563,0.07099999999999995,0.10430406717331928,gp_A.10_l.05_bad,0.02,0.5951282051282052,0.09512820512820513,1
0.2,0.0,0.2408326678873583,0.5260166789551762,-0.013052087343241252,0.30500000000000005,0.4740193516143828,gp_A.10_l.05_bad,0.02,0.5951282051282052,0.09512820512820513,1
0.02,0.9541433213307774,0.03514555594625987,0.6437248126771792,-0.007368660543109532,0.0,0.35644240435380736,gp_A.10_l.05_bad,0.02,0.4024358974358974,0.09756410256410257,-1
0.0632455532033676,0.9935889608122261,0.14872235682529014,0.13016024595387388,0.07119134183602556,0.073,0.130209096046784,gp_A.10_l.05_bad,0.02,0.4024358974358974,0.09756410256410257,-1
0.2,0.001529900020758146,0.22124195047848758,0.4452939182863079,0.02751208444441749,0.301,0.44526262518440207,gp_A.10_l.05_bad,0.02,0.4024358974358974,0.09756410256410257,-1
0.02,0.9934343994983136,0.05268756606481871,0.4141689268670506,0.004336676416349277,0.0,0.4144250224066391,gp_A.10_l.05_bad,0.02,0.5975641025641025,0.09756410256410257,1
0.0632455532033676,0.6183730961022682,0.17921028073316514,0.10029527953516228,0.08094614029388211,0.062000000000000055,0.10034267913260517,gp_A.10_l.05_bad,0.02,0.5975641025641025,0.09756410256410257,1
0.2,0.0,0.24807956797329997,0.5539983686281023,-0.02715396083888045,0.31499999999999995,0.44603606561713655,gp_A.10_l.05_bad,0.02,0.5975641025641025,0.09756410256410257,1
0.02,0.9960839842322454,0.0393126369270935,0.4728926446753186,0.001360008666259568,0.0,0.47291461695007325,gp_A.10_l.05_bad,0.02,0.4,0.1,-1
0.0632455532033676,0.9711375126428443,0.1479463962737085,0.11391370587475826,0.07627250981918414,0.063,0.11395934997797165,gp_A.10_l.05_bad,0.02,0.4,0.1,-1
0.2,0.015477780529023377,0.22361596689101498,0.42342136364561755,0.03862968542395154,0.307,0.4234501488566142,gp_A.10_l.05_bad,0.02,0.4,0.1,-1
0.02,0.6766066418148106,0.04890007911102441,0.40882756922732144,0.004611238799869615,0.0,0.4088349123608055,gp_A.10_l.05_bad,0.02,0.6,0.1,1
0.0632455532033676,0.24769622802796343,0.1823637136192945,0.07621564017966329,0.09050415156469836,0.05800000000000005,0.07626246887904345,gp_A.10_l.05_bad,0.02,0.6,0.1,1
0.2,0.0,0.23741302019803018,0.4883503289278175,0.0058411092496238465,0.31399999999999995,0.4883880751652212,gp_A.10_l.05_bad,0.02,0.6,0.1,1
0.02,0.9987559291526987,0.04045828510171079,0.41252569534166467,0.004421054216450564,0.0,0.41285038974169536,gp_A.10_l.05_bad,0.02,0.39,0.11,-1
0.0632455532033676,0.9423662364115021,0.1860253149658585,0.053887028979793715,0.10171650368346684,0.05,0.05391052262735142,gp_A.10_l.05_bad,0.02,0.39,0.11,-1
0.2,0.0005273939065164601,0.2190406143128062,0.42074011837517505,0.04000008806492599,0.3,0.4207763106213936,gp_A.10_l.05_bad,0.02,0.39,0.11,-1
0.02,0.9965309469685311,0.052680526040085246,0.3549116002745063,0.007441870944218393,0.0,0.3552767906340758,gp_A.10_l.05_bad,0.02,0.61,0.11,1
0.0632455532033676,0.922923086079194,0.1701258846519447,0.07327358343049888,0.09182218110225124,0.049000000000000044,0.07332004675530418,gp_A.10_l.05_bad,0.02,0.61,0.11,1
0.2,0.0,0.24512129742329464,0.5280833567995169,-0.0140905551980577,0.29300000000000004,0.47188396479652417,gp_A.10_l.05_bad,0.02,0.61,0.11,1
0.02,0.9916518062661109,0.03158100846154857,0.494480504372514,0.0002767153043056237,0.0,0.49462998834913857,gp_A.10_l.05_bad,0.02,0.38,0.12,-1
0.0632455532033676,0.9667135134592092,0.13054944146329353,0.061077066424182445,0.09776464738024229,0.042,0.0611214958468739,gp_A.10_l.05_bad,0.02,0.38,0.12,-1
0.2,0.02925423209718092,0.20621416139233112,0.4513919391588272,0.024429077151271118,0.272,0.4514379663521781,gp_A.10_l.05_bad,0.02,0.38,0.12,-1
0.02,0.605654175234094,0.039310456159139986,0.2953818905052756,0.010754590837469095,0.0,0.29546456859683035,gp_A.10_l.05_bad,0.02,0.62,0.12,1
0.0632455532033676,0.36494021894561535,0.1308961527165737,0.11317566155201195,0.07651518264521219,0.020000000000000018,0.11324364656075835,gp_A.10_l.05_bad,0.02,0.62,0.12,1
0.2,0.0,0.24152551569759778,0.4425649982355159,0.028893834845231215,0.29200000000000004,0.44260559974989805,gp_A.10_l.05_bad,0.02,0.62,0.12,1
0.02,0.9168537218791362,0.010079923195829732,0.36152232094434794,0.007087853004600846,0.0,0.36173787982539873,gp_A.10_l.05_bad,0.02,0.37,0.13,-1
0.0632455532033676,0.9253490873561414,0.12876726006640302,0.06889099023322194,0.0938628239264786,0.019,0.06893872272298111,gp_A.10_l.05_bad,0.02,0.37,0.13,-1
0.2,0.001776467783134228,0.2185988855149641,0.42165770358112103,0.03953089587855665,0.274,0.4216893568428935,gp_A.10_l.05_bad,0.02,0.37,0.13,-1
0.02,0.9025081426422148,0.03081473120029185,0.3950010430695436,0.005326158084779136,0.0,0.3952132895288668,gp_A.10_l.05_bad,0.02,0.63,0.13,1
0.0632455532033676,0.9594785142926002,0.11367721428169894,0.11810789444776779,0.0749142630314859,0.018000000000000016,0.11818104394106972,gp_A.10_l.05_bad,0.02,0.63,0.13,1
0.2,0.0,0.23726830872691312,0.49631163290326963,0.0018490993932993407,0.276,0.49635262834226435,gp_A.10_l.05_bad,0.02,0.63,0.13,1
0.02,0.8637333880355735,0.01636438974186727,0.5743580190706987,-0.00374960871177536,0.0,0.42601323801907565,gp_A.10_l.05_bad,0.02,0.36,0.14,-1
0.2,0.002442910857431091,0.2042323514759339,0.46153674392059646,0.019312588167576528,0.248,0.4614935755174542,gp_A.10_l.05_bad,0.02,0.36,0.14,-1
0.02,0.9939312111702905,0.02206052823244381,0.2544551162347804,0.013210710388956317,0.0,0.25501364642587143,gp_A.10_l.05_bad,0.02,0.64,0.14,1
0.0632455532033676,0.9927628926389215,0.1103622960587967,0.10206881107886984,0.08031244459501276,0.019000000000000017,0.10214212520022596,gp_A.10_l.05_bad,0.02,0.64,0.14,1
0.2,1.5204097388976656e-05,0.23445923706893748,0.5104008901038026,-0.005214823874283992,0.22399999999999998,0.48963378279062236,gp_A.10_l.05_bad,0.02,0.64,0.14,1
0.02,0.8909201016333919,0.025530320008508717,0.4160757905560487,0.00423885800768142,0.0,0.4161734804071463,gp_A.10_l.05_bad,0.02,0.35,0.15,-1
0.0632455532033676,0.9798071604924857,0.09098086853601219,0.04121911196089021,0.109839237649493,0.014,0.041272516415893384,gp_A.10_l.05_bad,0.02,0.35,0.15,-1
0.2,4.588114872938753e-05,0.21144801526508358,0.4457784221738363,0.027266901794789845,0.226,0.44575194026216375,gp_A.10_l.05_bad,0.02,0.35,0.15,-1
0.02,0.5644898482409322,0.04162779534389223,0.05054840646389026,0.03279118777323146,0.0,0.050617687794148984,gp_A.10_l.05_bad,0.02,0.65,0.15,1
0.0632455532033676,0.9457633181855076,0.10187734363121678,0.16536743732152295,0.06151482164157928,0.017000000000000015,0.16545142423419132,gp_A.10_l.05_bad,0.02,0.65,0.15,1
0.2,0.0,0.2341827707512172,0.5386692957649375,-0.019416366449374903,0.245,0.46129081016402174,gp_A.10_l.05_bad,0.02,0.65,0.15,1
0.02,0.9906076415592675,0.016259230048328438,0.26118360548000386,0.012794013671867027,0.0,0.2610047034413921,gp_A.10_l.05_bad,0.02,0.33999999999999997,0.16,-1
0.0632455532033676,0.9756631029854672,0.09876136187373112,0.027457050003890544,0.12140333426695875,0.005,0.027501826595359984,gp_A.10_l.05_bad,0.02,0.33999999999999997,0.16,-1
0.2,0.0018730062145368986,0.19838818843599185,0.43119874829892413,0.034664612544314743,0.194,0.4312360137527076,gp_A.10_l.05_bad,0.02,0.33999999999999997,0.16,-1
0.02,0.9919068477722672,0.018570935434683716,0.29606767039556225,0.010714884309773392,0.0,0.29613492283849346,gp_A.10_l.05_bad,0.02,0.66,0.16,1
0.0632455532033676,0.9704302707562408,0.0988168655406017,0.17803204396242212,0.05836874253702551,0.0010000000000000009,0.17812113195470608,gp_A.10_l.05_bad,0.02,0.66,0.16,1
0.2,0.0,0.23404313554271536,0.5412463219142372,-0.020714816504200637,0.20399999999999996,0.45879264769572253,gp_A.10_l.05_bad,0.02,0.66,0.16,1
0.02,0.9594244093969625,0.0308991228514999,0.48828706168191777,0.0005872840346581714,0.0,0.48842462513608503,gp_A.10_l.05_bad,0.02,0.33,0.16999999999999998,-1
0.0632455532033676,0.9946542238672333,0.08791385837644078,0.026180463060012267,0.12270613951837225,0.007,0.026231070104682716,gp_A.10_l.05_bad,0.02,0.33,0.16999999999999998,-1
0.2,0.003501044889174465,0.20741490207604588,0.40643512996345393,0.047344968810564804,0.183,0.4064721615434195,gp_A.10_l.05_bad,0.02,0.33,0.16999999999999998,-1
0.02,0.9940067953837242,0.030199804450965193,0.34974832377462756,0.007720000574013774,0.0,0.3496830331037396,gp_A.10_l.05_bad,0.02,0.6699999999999999,0.16999999999999998,1
0.0632455532033676,0.9985302164015196,0.12451621178094734,0.18184958542703186,0.05744839926492018,0.0040000000000000036,0.1819238528837261,gp_A.10_l.05_bad,0.02,0.6699999999999999,0.16999999999999998,1
0.2,0.0023790659755216215,0.22677477739707863,0.5456647382800213,-0.022943126335503616,0.20099999999999996,0.4543751461148097,gp_A.10_l.05_bad,0.02,0.6699999999999999,0.16999999999999998,1
0.02,0.9939921925657794,0.01927159663253636,0.5213339042967031,-0.0010700336179556309,0.0,0.47885816234918505,gp_A.10_l.05_bad,0.02,0.32,0.18,-1
0.0632455532033676,0.9922010095943019,0.039481132712785555,0.38503468509096195,0.01848567327667303,0.003,0.3852000365513895,gp_A.10_l.05_bad,0.02,0.32,0.18,-1
0.2,0.002601643006601262,0.1972834881050293,0.47606863534427213,0.012004611469339425,0.174,0.47602573419946703,gp_A.10_l.05_bad,0.02,0.32,0.18,-1
0.02,0.792258356419541,0.02289281788181237,0.5010487845044667,-5.257831842095999e-05,0.0,0.49905538197525506,gp_A.10_l.05_bad,0.02,0.6799999999999999,0.18,1
0.0632455532033676,0.9901291658181153,0.12292757175440186,0.19435505293692829,0.05451507082488363,0.0030000000000000027,0.19442625209848594,gp_A.10_l.05_bad,0.02,0.6799999999999999,0.18,1
0.2,0.004130895673743695,0.23333706091273748,0.5527118228858203,-0.02650315302356203,0.19499999999999995,0.44732543618829257,gp_A.10_l.05_bad,0.02,0.6799999999999999,0.18,1
0.02,0.986455972894122,0.020440648383117432,0.48123606424339604,0.0009410313399766135,0.0,0.4812155508447712,gp_A.10_l.05_bad,0.02,0.31,0.19,-1
0.0632455532033676,0.9982128431998628,0.03428151483443864,0.5017058505892193,-0.000270434592324954,0.001,0.49846368991084733,gp_A.10_l.05_bad,0.02,0.31,0.19,-1
0.2,0.00013342789563675073,0.19701940919242997,0.46339996902249764,0.01837434967369328,0.184,0.46343998499840783,gp_A.10_l.05_bad,0.02,0.31,0.19,-1
0.02,0.9939234853580201,0.010368557026889005,0.4612970538261431,0.0019433316018021634,0.0,0.4614485594412616,gp_A.10_l.05_bad,0.02,0.69,0.19,1
0.0632455532033676,0.8869724691139583,0.11668489093340159,0.2848523728930663,0.03595423611236017,0.0010000000000000009,0.28477408706188656,gp_A.10_l.05_bad,0.02,0.69,0.19,1
0.2,0.01811761251023003,0.22382231560218793,0.609400835714115,-0.05555154932970568,0.16700000000000004,0.39064111146830915,gp_A.10_l.05_bad,0.02,0.69,0.19,1
0.02,0.9905112728960587,0.029344821901799212,0.47678698703131,0.0011643853360288686,0.0,0.47693841210511795,gp_A.10_l.05_bad,0.02,0.3,0.2,-1
0.0632455532033676,0.9245418724087262,0.038655623593953775,0.5856262739516638,-0.013680537094007574,0.0,0.4145537293527169,gp_A.10_l.05_bad,0.02,0.3,0.2,-1
0.2,0.0004296512435267852,0.19480258226760655,0.46817095340686793,0.01597368398545708,0.144,0.46820892884974336,gp_A.10_l.05_bad,0.02,0.3,0.2,-1
0.02,0.9866987603220918,0.019274063273212502,0.10265089195601494,0.025331808164387643,0.0,0.10283811436605464,gp_A.10_l.05_bad,0.02,0.7,0.2,1
0.0632455532033676,0.9973437181280614,0.12461067030901414,0.3199078308494256,0.029596170909652258,0.0,0.3199738716451355,gp_A.10_l.05_bad,0.02,0.7,0.2,1
0.2,0.0017533121514569094,0.2248585416756771,0.5589204272458711,-0.02964653505786361,0.14800000000000002,0.44112366233001993,gp_A.10_l.05_bad,0.02,0.7,0.2,1
0.02,0.9908920708980958,0.04426333855718753,0.5762034060925505,-0.003843804874866968,0.0,0.4236405894990925,gp_A.10_l.05_bad,0.02,0.29,0.21000000000000002,-1
0.0632455532033676,0.9986147510955345,0.07726584472110522,0.04026650102033396,0.11052804313428946,0.0,0.040524648126812404,gp_A.10_l.05_bad,0.02,0.29,0.21000000000000002,-1
0.2,6.334927566298276e-06,0.20009548994781506,0.4516837953653259,0.024281673214968283,0.15,0.4516443290456574,gp_A.10_l.05_bad,0.02,0.29,0.21000000000000002,-1
0.02,0.9983400609021527,0.03624144235920006,0.15588310238643988,0.02023045890553257,0.0,0.15602313166373377,gp_A.10_l.05_bad,0.02,0.71,0.21000000000000002,1
0.0632455532033676,0.9909007829626457,0.13972298728795407,0.29570421564276805,0.03394996947040759,0.0,0.29563598994899365,gp_A.10_l.05_bad,0.02,0.71,0.21000000000000002,1
0.2,0.0010036370687540597,0.2189856507326058,0.6319884541759865,-0.06742488870043303,0.15100000000000002,0.36805590609801425,gp_A.10_l.05_bad,0.02,0.71,0.21000000000000002,1
0.02,0.9939365578263666,0.05558665203803467,0.5074159128027577,-0.0003718001481299315,0.0,0.49269960326073536,gp_A.10_l.05_bad,0.02,0.28,0.22,-1
0.0632455532033676,0.9900398822887915,0.04215852310262669,0.2691093604336336,0.03892819826479851,0.0,0.2705596249297392,gp_A.10_l.05_bad,0.02,0.28,0.22,-1
0.2,0.00020391025366151005,0.19107412855040204,0.46306603411870173,0.018542474318435753,0.14,0.46302436238342565,gp_A.10_l.05_bad,0.02,0.28,0.22,-1
0.02,0.9916887261289379,0.04836084893785249,0.20541733038255192,0.016448513885071913,0.0,0.20554378163420214,gp_A.10_l.05_bad,0.02,0.72,0.22,1
0.0632455532033676,0.9921143126303567,0.15921711348330134,0.3861904175237061,0.018294539709613845,0.0,0.3861280855600046,gp_A.10_l.05_bad,0.02,0.72,0.22,1
0.2,0.0009824659214665576,0.22520622403960872,0.6341793876893987,-0.06858863116642004,0.133,0.3658617735129128,gp_A.10_l.05_bad,0.02,0.72,0.22,1
0.02,0.9930321733242283,0.058170486223056206,0.4809592816720748,0.0009549227564614783,0.0,0.4808434882018616,gp_A.10_l.05_bad,0.02,0.27,0.22999999999999998,-1
0.2,1.622743658791226e-05,0.17888881222096045,0.5074293866931725,-0.003724757457650717,0.118,0.49262134344852515,gp_A.10_l.05_bad,0.02,0.27,0.22999999999999998,-1
0.02,0.9628234014554835,0.04531892973747253,0.38464886279330157,0.005865872511403978,0.0,0.3848054416997182,gp_A.10_l.05_bad,0.02,0.73,0.22999999999999998,1
0.0632455532033676,0.9851569610802253,0.1640794708595112,0.46464692045314687,0.005611988749267733,0.0,0.4645914250705089,gp_A.10_l.05_bad,0.02,0.73,0.22999999999999998,1
0.2,0.00047023144575475406,0.2274923211365033,0.5595215555033792,-0.029951259747650838,0.124,0.4405138832769322,gp_A.10_l.05_bad,0.02,0.73,0.22999999999999998,1
0.02,0.9917534449370607,0.040901600597079424,0.4811818729406831,0.0009437511066209011,0.0,0.48128677914719703,gp_A.10_l.05_bad,0.02,0.26,0.24,-1
0.0632455532033676,0.9090803917068129,0.09057678164196331,0.06754645783654785,0.09450887341748006,0.0,0.06783089431179867,gp_A.10_l.05_bad,0.02,0.26,0.24,-1
0.2,0.0,0.1933631054354306,0.5068415561854056,-0.003430015770293262,0.108,0.4931995927528011,gp_A.10_l.05_bad,0.02,0.26,0.24,-1
0.02,0.9843665987484931,0.05182830306186445,0.43471655539684884,0.0032875719580458653,0.0,0.43473692390126617,gp_A.10_l.05_bad,0.02,0.74,0.24,1
0.0632455532033676,0.9926520712484082,0.1574702984246162,0.5287142151212532,-0.004556090871289156,0.0,0.47134529594831287,gp_A.10_l.05_bad,0.02,0.74,0.24,1
0.2,1.972873829858557e-06,0.22186657738966223,0.6197665761086707,-0.06097355818852904,0.11199999999999999,0.38026969212078376,gp_A.10_l.05_bad,0.02,0.74,0.24,1
0.02,0.9925163082124057,0.04015045610359075,0.27758252401736616,0.011800763745599843,0.0,0.27827260005401183,gp_A.10_l.05_bad,0.02,0.25,0.25,-1
0.0632455532033676,0.934829192310487,0.14853883109358854,0.03266070729368714,0.1165648450603325,0.0,0.03267137320487908,gp_A.10_l.05_bad,0.02,0.25,0.25,-1
0.2,0.0,0.1894058285757797,0.48060227560125474,0.00972841184514492,0.116,0.48064215477508426,gp_A.10_l.05_bad,0.02,0.25,0.25,-1
0.02,0.9994312904386756,0.060607506883277616,0.39345099231408287,0.005406714472503162,0.0,0.3935947345075783,gp_A.10_l.05_bad,0.02,0.75,0.25,1
0.0632455532033676,0.941321368116563,0.16185021121912452,0.5858476243552707,-0.013716461294602864,0.0,0.4142114158544684,gp_A.10_l.05_bad,0.02,0.75,0.25,1
0.2,6.9648301576075156e-06,0.22051741584108847,0.6758031508434653,-0.0911989653427931,0.10899999999999999,0.32423670125536336,gp_A.10_l.05_bad,0.02,0.75,0.25,1
0.02,0.9807337743708646,0.036093676097219224,0.4640729707879857,0.0018035555947075186,0.0,0.46424427716382266,gp_A.10_l.05_bad,0.02,0.24,0.26,-1
0.0632455532033676,0.5014764303339696,0.1401909296669171,0.06878044360976594,0.09391557283600542,0.0,0.06880069740061487,gp_A.10_l.05_bad,0.02,0.24,0.26,-1
0.2,0.0,0.18588936708028952,0.5037618575522211,-0.0018859436502884103,0.099,0.4961980402295603,gp_A.10_l.05_bad,0.02,0.24,0.26,-1
0.02,0.9544075574333352,0.07185844994715039,0.2975749696103365,0.010627759889384114,0.0,0.2978189361835169,gp_A.10_l.05_bad,0.02,0.76,0.26,1
0.0632455532033676,0.391234870471291,0.18376624511560286,0.3556735800616005,0.023403853628360324,0.0,0.35571996341912326,gp_A.10_l.05_bad,0.02,0.76,0.26,1
0.2,6.61148352465446e-06,0.22462407143231114,0.6660747433402399,-0.08581998322445024,0.09999999999999998,0.3339561819309924,gp_A.10_l.05_bad,0.02,0.76,0.26,1
0.02,0.6838292795672518,0.047053858595634435,0.7316632539433253,-0.012357022104350732,0.0,0.26846450063952976,gp_A.10_l.05_bad,0.02,0.22999999999999998,0.27,-1
0.0632455532033676,0.9911776137536443,0.11752074808034119,0.11060410560937507,0.07736965816236997,0.0,0.11065593467663808,gp_A.10_l.05_bad,0.02,0.22999999999999998,0.27,-1
0.2,0.0,0.18480387371227203,0.5025058942841769,-0.0012562773543840673,0.077,0.4974525272215756,gp_A.10_l.05_bad,0.02,0.22999999999999998,0.27,-1
0.02,0.9926597374696429,0.07055464648014773,0.4028515261687056,0.004919462093639805,0.0,0.40315333626425737,gp_A.10_l.05_bad,0.02,0.77,0.27,1
0.0632455532033676,0.8526528645890975,0.200169337887534,0.39318960049266616,0.017140517821808855,0.0,0.39324323195217814,gp_A.10_l.05_bad,0.02,0.77,0.27,1
0.2,0.0,0.21333389390815766,0.32635777635831376,0.0899985820387475,0.08599999999999997,0.32639642316492595,gp_A.10_l.05_bad,0.02,0.77,0.27,1
0.02,0.7695501602279509,0.04185993936289559,0.3742205577532363,0.006413911116081519,0.0,0.3746775843605223,gp_A.10_l.05_bad,0.02,0.21999999999999997,0.28,-1
0.0632455532033676,0.9921328490139675,0.12373705767778637,0.12193001890389951,0.07370591117815939,0.0,0.12197562708450727,gp_A.10_l.05_bad,0.02,0.21999999999999997,0.28,-1
0.2,0.0,0.18940483628885188,0.5021152296882937,-0.0010604238773046324,0.099,0.4978464968743888,gp_A.10_l.05_bad,0.02,0.21999999999999997,0.28,-1
0.02,0.8857992076333661,0.023746232578647268,0.44355212579440617,0.002839386088318684,0.0,0.4438212728671637,gp_A.10_l.05_bad,0.02,0.78,0.28,1
0.0632455532033676,0.20653553848465878,0.1981960902147865,0.3507663505558201,0.024239003899059138,0.0,0.35082897963941817,gp_A.10_l.05_bad,0.02,0.78,0.28,1
0.2,7.947436690969312e-06,0.22939422079596078,0.3358775145826922,0.08474811265034193,0.07899999999999996,0.3359043545268353,gp_A.10_l.05_bad,0.02,0.78,0.28,1
0.02,0.9318668771369216,0.03894460412462661,0.313084548985934,0.009742518426150462,0.0,0.3134449036223289,gp_A.10_l.05_bad,0.02,0.21000000000000002,0.29,-1
0.0632455532033676,0.9946099118380023,0.13656880261620766,0.15427753025901034,0.06440033070877531,0.0,0.15430046044348325,gp_A.10_l.05_bad,0.02,0.21000000000000002,0.29,-1
0.2,0.0,0.18533002237393517,0.5237337799819545,-0.011905380081345632,0.07,0.47623079906229626,gp_A.10_l.05_bad,0.02,0.21000000000000002,0.29,-1
0.02,0.9974146259239013,0.046909559691691034,0.3421956451971462,0.008129563488173293,0.0,0.34230660476920644,gp_A.10_l.05_bad,0.02,0.79,0.29,1
0.0632455532033676,0.08479430474624516,0.20450109010703688,0.2838967130682524,0.03613245288817065,0.0,0.2839508158487438,gp_A.10_l.05_bad,0.02,0.79,0.29,1
0.2,2.7964480281528203e-05,0.22664320290768444,0.31352830782607133,0.09717476839544473,0.07299999999999995,0.3135576666286002,gp_A.10_l.05_bad,0.02,0.79,0.29,1
0.02,0.9948542662117446,0.033310820868320434,0.34962324493938957,0.007726756519787025,0.0,0.3497986915761798,gp_A.10_l.05_bad,0.02,0.2,0.3,-1
0.0632455532033676,0.9258740522538255,0.1259231636453698,0.21504557435761593,0.04990299854018094,0.0,0.21508542343828585,gp_A.10_l.05_bad,0.02,0.2,0.3,-1
0.2,0.0,0.18226594612490177,0.5193784188717264,-0.00971872204407045,0.074,0.48066690880052987,gp_A.10_l.05_bad,0.02,0.2,0.3,-1
0.02,0.9116575266779753,0.05812414383362651,0.0825544605771201,0.027761847302194935,0.0,0.08258496746797887,gp_A.10_l.05_bad,0.02,0.8,0.3,1
0.0632455532033676,0.07888297388092613,0.20879134876178437,0.30990196805429127,0.03137790499387308,0.0,0.3099528067225871,gp_A.10_l.05_bad,0.02,0.8,0.3,1
0.2,1.793788717274758e-05,0.22652961823244416,0.31993777586704003,0.09357456114280899,0.06299999999999994,0.31997223455934887,gp_A.10_l.05_bad,0.02,0.8,0.3,1
0.02,0.6812701752322206,0.04467613513296853,0.25846231065047764,0.01296186556349091,0.0,0.2585983513948843,gp_A.10_l.05_bad,0.02,0.19,0.31,-1
0.0632455532033676,0.038926018084284864,0.13287159835152176,0.23852195445289193,0.044971704251100975,0.0,0.2385511290010183,gp_A.10_l.05_bad,0.02,0.19,0.31,-1
0.2,0.0,0.18604208110992093,0.5167359719642163,-0.008392634564707927,0.048,0.48323905572379106,gp_A.10_l.05_bad,0.02,0.19,0.31,-1
0.02,0.969584275470202,0.07033974681372725,0.3128434400422923,0.009756130757307226,0.0,0.31348703347127016,gp_A.10_l.05_bad,0.02,0.81,0.31,1
0.0632455532033676,0.13921503658289147,0.18110593712321055,0.29187434541579804,0.03465333261182415,0.0,0.2919331641518941,gp_A.10_l.05_bad,0.02,0.81,0.31,1
0.2,4.668371895810708e-05,0.221240495997721,0.26526613625733525,0.12543873995778354,0.06699999999999995,0.2653045514005949,gp_A.10_l.05_bad,0.02,0.81,0.31,1
0.02,0.9900797290704811,0.053419606153990204,0.410071259774762,0.004547233481914072,0.0,0.4099937850657663,gp_A.10_l.05_bad,0.02,0.18,0.32,-1
0.0632455532033676,0.00011561811153781854,0.1334222823147442,0.3022429140119562,0.03275869845872103,0.0,0.3022708992920283,gp_A.10_l.05_bad,0.02,0.18,0.32,-1
0.2,0.0,0.18706519649205638,0.5996982135053703,-0.050513208643498356,0.054,0.40034126936259157,gp_A.10_l.05_bad,0.02,0.18,0.32,-1
0.02,0.7737070813331457,0.07535732834276475,0.2674323344770568,0.01241194440919924,0.0,0.26867363144256534,gp_A.10_l.05_bad,0.02,0.8200000000000001,0.32,1
0.0632455532033676,0.088387081118813,0.15830237728088312,0.29203617380597346,0.03462352624168434,0.0,0.2920929972515272,gp_A.10_l.05_bad,0.02,0.8200000000000001,0.32,1
0.2,3.0906428124422014e-05,0.22365668434513114,0.2724108936606069,0.1211075386951658,0.06000000000000005,0.2724419488300281,gp_A.10_l.05_bad,0.02,0.8200000000000001,0.32,1
0.02,0.9975698752339556,0.07010952418978475,0.5802656817534788,-0.004051464063617265,0.0,0.41985248434349437,gp_A.10_l.05_bad,0.02,0.16999999999999998,0.33,-1
0.0632455532033676,1.6710222935367725e-06,0.1317167552171225,0.3553765359155432,0.023454289569526915,0.0,0.35541822646362914,gp_A.10_l.05_bad,0.02,0.16999999999999998,0.33,-1
0.2,0.0,0.18991812151925505,0.578987209507686,-0.039860638763928785,0.032,0.4210505849948378,gp_A.10_l.05_bad,0.02,0.16999999999999998,0.33,-1
0.02,0.8569942110023476,0.07628716821822845,0.29129051025795,0.010992371360572809,0.0,0.29193331248743015,gp_A.10_l.05_bad,0.02,0.8300000000000001,0.33,1
0.0632455532033676,0.5310576359257417,0.1548413203803685,0.6941065134153017,-0.03209865669330797,0.0,0.3059491802578737,gp_A.10_l.05_bad,0.02,0.8300000000000001,0.33,1
0.2,0.00026981160896699663,0.22343562265916758,0.2342216064100778,0.14500287462280748,0.05700000000000005,0.234251774820953,gp_A.10_l.05_bad,0.02,0.8300000000000001,0.33,1
0.02,0.7091516634511239,0.0842561957771516,0.5257610370987288,-0.0012923657002122354,0.0,0.47413746053965944,gp_A.10_l.05_bad,0.02,0.15999999999999998,0.34,-1
0.0632455532033676,0.0,0.12833193169251397,0.4138045838033557,0.013772915331839346,0.0,0.41384176406303563,gp_A.10_l.05_bad,0.02,0.15999999999999998,0.34,-1
0.2,0.0,0.18629018689088112,0.413530740575551,0.04369437202220148,0.037,0.41356658607862357,gp_A.10_l.05_bad,0.02,0.15999999999999998,0.34,-1
0.02,0.989576480420717,0.06717478688153666,0.3853772517513624,0.005827762292957272,0.0,0.38549558880275925,gp_A.10_l.05_bad,0.02,0.8400000000000001,0.34,1
0.0632455532033676,0.37330403538557766,0.15385704721633203,0.7178398545321989,-0.036457034876604386,0.0,0.28222072594979664,gp_A.10_l.05_bad,0.02,0.8400000000000001,0.34,1
0.2,0.0009299885953831799,0.23169782169906517,0.2827422541366276,0.11494286778607654,0.030000000000000027,0.2827672520003799,gp_A.10_l.05_bad,0.02,0.8400000000000001,0.34,1
0.02,0.9192490646964747,0.08098962522515746,0.4946998621436736,0.0002657173251439403,0.0,0.494690112118111,gp_A.10_l.05_bad,0.02,0.15000000000000002,0.35,-1
0.0632455532033676,0.0,0.13050200823045835,0.48136619813182496,0.002955149165443817,0.0,0.48141172653954234,gp_A.10_l.05_bad,0.02,0.15000000000000002,0.35,-1
0.2,0.0,0.18478441385558553,0.40388833863602686,0.04865905168988808,0.043,0.4039132841029228,gp_A.10_l.05_bad,0.02,0.15000000000000002,0.35,-1
0.02,0.5682774384494657,0.05355270298704348,0.4322474781131809,0.0034131023457559875,0.0,0.4323873620770429,gp_A.10_l.05_bad,0.02,0.85,0.35,1
0.0632455532033676,0.4699760970487793,0.13826730530102171,0.7252603603663668,-0.037855031154346734,0.0,0.27479147949659194,gp_A.10_l.05_bad,0.02,0.85,0.35,1
0.2,0.0012357231429497295,0.23222941755426219,0.23933826507618317,0.14168655983346032,0.05300000000000005,0.23936139650707236,gp_A.10_l.05_bad,0.02,0.85,0.35,1
0.02,0.3899587198786889,0.06442778751390979,0.21302570378040103,0.015919333423329934,0.392,0.21313596351190855,gp_A.20_l.05_bad,0.02,0.495,0.005,-1
0.0632455532033676,9.643327575847849e-05,0.13049672617955135,0.694310189595139,-0.03213538976044308,0.44,0.305753192402185,gp_A.20_l.05_bad,0.02,0.495,0.005,-1
0.2,0.5282406718611707,0.35753963680720646,0.12407701929510707,0.23096893504567673,0.495,0.12408883882443018,gp_A.20_l.05_bad,0.02,0.495,0.005,-1
0.02,0.9923324112749451,0.06512909689795528,0.2846499325459486,0.01138165851096604,0.368,0.28476556539768544,gp_A.20_l.05_bad,0.02,0.505,0.005,1
0.0632455532033676,0.12412163960640898,0.12600728354143628,0.6726401652276774,-0.028284374310241042,0.46699999999999997,0.3274348468707768,gp_A.20_l.05_bad,0.02,0.505,0.005,1
0.2,0.473510477960992,0.37304783868703195,0.11992529749400811,0.23507206219339505,0.476,0.11993455569286145,gp_A.20_l.05_bad,0.02,0.505,0.005,1
0.02,0.9927372864550948,0.052734009019663866,0.3131650418853068,0.009737975028963522,0.371,0.3133038664963795,gp_A.20_l.05_bad,0.02,0.49256410256410255,0.0074358974358974365,-1
0.0632455532033676,0.0007662430820007948,0.13159845280686971,0.629181680713579,-0.02085122322262061,0.47,0.37087664521354513,gp_A.20_l.05_bad,0.02,0.49256410256410255,0.0074358974358974365,-1
0.2,0.3067082176663115,0.33520427861052343,0.10030597906027292,0.2559620045128531,0.473,0.10033285322753467,gp_A.20_l.05_bad,0.02,0.49256410256410255,0.0074358974358974365,-1
0.02,0.9995771224945414,0.0847320859566136,0.27574850101671683,0.011910368043346577,0.371,0.27584166255186116,gp_A.20_l.05_bad,0.02,0.5074358974358975,0.0074358974358974365,1
0.0632455532033676,0.0032497461697318375,0.13754870046300427,0.6747272879138757,-0.028650526969184326,0.42900000000000005,0.32533297700255503,gp_A.20_l.05_bad,0.02,0.5074358974358975,0.0074358974358974365,1
0.2,0.9877561893053376,0.36127622520651287,0.12298448535029402,0.23203922185940493,0.49,0.12299901698196136,gp_A.20_l.05_bad,0.02,0.5074358974358975,0.0074358974358974365,1
0.02,0.9908899661437933,0.0576737100488854,0.2671985213803541,0.012426158427082199,0.301,0.26732441181816796,gp_A.20_l.05_bad,0.02,0.49012820512820515,0.009871794871794872,-1
0.0632455532033676,0.00021650383587101807,0.12687802356060557,0.6282357384534277,-0.020692949685232692,0.433,0.37183047586115603,gp_A.20_l.05_bad,0.02,0.49012820512820515,0.009871794871794872,-1
0.2,0.31875225967855036,0.3249107526206221,0.13891714772462632,0.21703945293316737,0.463,0.13894914568605796,gp_A.20_l.05_bad,0.02,0.49012820512820515,0.009871794871794872,-1
0.02,0.9167571081479375,0.07852228394777823,0.29263804524522197,0.010913886006978298,0.29900000000000004,0.2927442554717055,gp_A.20_l.05_bad,0.02,0.5098717948717949,0.009871794871794872,1
0.0632455532033676,0.004206782338607051,0.12755672244305422,0.6489205043025383,-0.02418558555033593,0.41900000000000004,0.3511532870710376,gp_A.20_l.05_bad,0.02,0.5098717948717949,0.009871794871794872,1
0.2,0.8539204058375327,0.34165565982415413,0.16554821545006332,0.19438155522859016,0.475,0.1655726698651012,gp_A.20_l.05_bad,0.02,0.5098717948717949,0.009871794871794872,1
0.02,0.9931359557358826,0.061251663083853325,0.2519183536752866,0.013369303410723107,0.269,0.25203372972438787,gp_A.20_l.05_bad,0.02,0.4876923076923077,0.012307692307692308,-1
0.0632455532033676,0.018687623083196603,0.12769912733558877,0.6485410855849534,-0.024120884926136076,0.438,0.3515255625210845,gp_A.20_l.05_bad,0.02,0.4876923076923077,0.012307692307692308,-1
0.2,0.585647151896478,0.37635828858038284,0.10967833086321169,0.2456481200949181,0.456,0.10969142344988927,gp_A.20_l.05_bad,0.02,0.4876923076923077,0.012307692307692308,-1
0.02,0.9819315852644577,0.08747476895963885,0.30911875495612107,0.00996699608268571,0.28400000000000003,0.30921736341843653,gp_A.20_l.05_bad,0.02,0.5123076923076924,0.012307692307692308,1
0.0632455532033676,0.004376522840084718,0.13261428588793986,0.5823604072635806,-0.013151007429832953,0.42000000000000004,0.41771196390759924,gp_A.20_l.05_bad,0.02,0.5123076923076924,0.012307692307692308,1
0.2,0.8427001326499698,0.3119687282839819,0.16865741726443087,0.1918968562760653,0.46399999999999997,0.16869377148459436,gp_A.20_l.05_bad,0.02,0.5123076923076924,0.012307692307692308,1
0.02,0.9962476793828059,0.055306075773378066,0.4183428075211317,0.004122696024184997,0.219,0.4184732486222601,gp_A.20_l.05_bad,0.02,0.48525641025641025,0.014743589743589743,-1
0.0632455532033676,0.143750630519346,0.1275115957744722,0.6134562778924404,-0.018236144055292024,0.421,0.3864794995669172,gp_A.20_l.05_bad,0.02,0.48525641025641025,0.014743589743589743,-1
0.2,0.47431846279433254,0.3508555114971059,0.10883273467106838,0.24655191943001,0.489,0.10884975984086877,gp_A.20_l.05_bad,0.02,0.48525641025641025,0.014743589743589743,-1
0.02,0.9973863234674615,0.08466777556758294,0.3748193800217242,0.006382314492353799,0.22199999999999998,0.3749213133769587,gp_A.20_l.05_bad,0.02,0.5147435897435897,0.014743589743589743,1
0.0632455532033676,0.042355380933636666,0.12463569963539502,0.7051316981605903,-0.03410312585070243,0.391,0.2949394147872993,gp_A.20_l.05_bad,0.02,0.5147435897435897,0.014743589743589743,1
0.2,0.8250064104423313,0.35233806547703056,0.13958448122900327,0.2164376166891555,0.46699999999999997,0.1396005132459547,gp_A.20_l.05_bad,0.02,0.5147435897435897,0.014743589743589743,1
0.02,1.0,0.06372601993512388,0.41202823333135746,0.0044466136991193886,0.202,0.4119052361634839,gp_A.20_l.05_bad,0.02,0.4828205128205128,0.01717948717948718,-1
0.0632455532033676,8.291398092186153e-05,0.1272243609817416,0.6581761444993226,-0.02577196719064781,0.399,0.3417561438520552,gp_A.20_l.05_bad,0.02,0.4828205128205128,0.01717948717948718,-1
0.2,0.4837047910042721,0.3513150308089902,0.12063857652011342,0.23436010441943678,0.455,0.1206539015807781,gp_A.20_l.05_bad,0.02,0.4828205128205128,0.01717948717948718,-1
0.02,0.9952151941494064,0.08728711361949923,0.4232899541736907,0.003869680692301423,0.20299999999999996,0.4233926051179734,gp_A.20_l.05_bad,0.02,0.5171794871794871,0.01717948717948718,1
0.0632455532033676,0.04610365150382123,0.13197233590155394,0.6026163837373179,-0.016451759513584404,0.352,0.39746070994582355,gp_A.20_l.05_bad,0.02,0.5171794871794871,0.01717948717948718,1
0.2,0.7309612617259358,0.356300858408619,0.15609032085300822,0.2021313927439671,0.45799999999999996,0.15611121054062482,gp_A.20_l.05_bad,0.02,0.5171794871794871,0.01717948717948718,1
0.02,0.9941407337113439,0.06251780524293564,0.5444520934898126,-0.002233128953825065,0.154,0.45567464844801253,gp_A.20_l.05_bad,0.02,0.4803846153846154,0.019615384615384618,-1
0.0632455532033676,6.964664342301585e-05,0.13165832034558103,0.675643278423733,-0.02881152598919584,0.384,0.324420503918407,gp_A.20_l.05_bad,0.02,0.4803846153846154,0.019615384615384618,-1
0.2,0.5086931433142965,0.3683267475882764,0.09413212853630966,0.26314625268480935,0.462,0.09414801682408033,gp_A.20_l.05_bad,0.02,0.4803846153846154,0.019615384615384618,-1
0.02,0.9262144212876688,0.0887549454256207,0.4980156356791282,9.948168449704725e-05,0.14900000000000002,0.4979196376791409,gp_A.20_l.05_bad,0.02,0.5196153846153846,0.019615384615384618,1
0.0632455532033676,0.6637424070393307,0.13238246431581466,0.6293612017823985,-0.020881275117094148,0.371,0.3707164910631223,gp_A.20_l.05_bad,0.02,0.5196153846153846,0.019615384615384618,1
0.2,0.13369805753814412,0.35524462643688975,0.15340441814214295,0.20438819554532636,0.474,0.15342275366506578,gp_A.20_l.05_bad,0.02,0.5196153846153846,0.019615384615384618,1
0.02,0.9961090013184338,0.07398378117565442,0.39532154673859843,0.0053095122754541,0.141,0.39543545022344023,gp_A.20_l.05_bad,0.02,0.47794871794871796,0.022051282051282053,-1
0.0632455532033676,9.804480591624198e-06,0.12340125501835121,0.5943383002756046,-0.015097922010766783,0.392,0.4057313284991096,gp_A.20_l.05_bad,0.02,0.47794871794871796,0.022051282051282053,-1
0.2,0.7093349039123124,0.2812825708776755,0.16357314010999965,0.19597562574598193,0.449,0.16361964319039862,gp_A.20_l.05_bad,0.02,0.47794871794871796,0.022051282051282053,-1
0.02,0.9944573424940447,0.08904354894180563,0.43333617682245107,0.0033577355210722215,0.14300000000000002,0.4334285304707974,gp_A.20_l.05_bad,0.02,0.522051282051282,0.022051282051282053,1
0.0632455532033676,0.041320298302312986,0.12917658350800626,0.588226228531913,-0.014102780259307501,0.366,0.4118583984682939,gp_A.20_l.05_bad,0.02,0.522051282051282,0.022051282051282053,1
0.2,0.2022609540103304,0.3562635731658111,0.1420025176600098,0.21427313724471786,0.41300000000000003,0.1420208739426343,gp_A.20_l.05_bad,0.02,0.522051282051282,0.022051282051282053,1
0.02,0.9936335162432536,0.06616831731728642,0.493850932924332,0.0003082807149852519,0.115,0.4939743179123797,gp_A.20_l.05_bad,0.02,0.4755128205128205,0.02448717948717949,-1
0.0632455532033676,0.0013112799136846265,0.12590787824983732,0.5147152478499475,-0.002333382986505829,0.32,0.4853573551006433,gp_A.20_l.05_bad,0.02,0.4755128205128205,0.02448717948717949,-1
0.2,0.6745623099654312,0.31729483123111113,0.12755932429367703,0.22760087830603304,0.422,0.12759318455977747,gp_A.20_l.05_bad,0.02,0.4755128205128205,0.02448717948717949,-1
0.02,0.9966088108430428,0.10471977852047384,0.4512172074541045,0.0024517332917417616,0.10499999999999998,0.4513038394581046,gp_A.20_l.05_bad,0.02,0.5244871794871795,0.02448717948717949,1
0.0632455532033676,0.32402524885176887,0.128386724094833,0.688374686677358,-0.031069289681425888,0.372,0.3117009721143637,gp_A.20_l.05_bad,0.02,0.5244871794871795,0.02448717948717949,1
0.2,0.37427157435729475,0.3407492812087767,0.15547776982467634,0.20264381147934243,0.44099999999999995,0.15549583857087962,gp_A.20_l.05_bad,0.02,0.5244871794871795,0.02448717948717949,1
0.02,0.9904271254479213,0.07626244998009601,0.423591812992663,0.003854262956752295,0.093,0.4236372409425298,gp_A.20_l.05_bad,0.02,0.47307692307692306,0.026923076923076925,-1
0.0632455532033676,0.0037258870459917492,0.12716623406242872,0.5970113845469123,-0.015534305361308166,0.351,0.4029292264778227,gp_A.20_l.05_bad,0.02,0.47307692307692306,0.026923076923076925,-1
0.2,0.9822831551202331,0.31084984675759486,0.12885108744437787,0.226367777721721,0.435,0.1288883958285145,gp_A.20_l.05_bad,0.02,0.47307692307692306,0.026923076923076925,-1
0.02,0.9900014225019472,0.09795897820796312,0.6430192722645752,-0.0073308191691360495,0.08999999999999997,0.3570728938723838,gp_A.20_l.05_bad,0.02,0.5269230769230769,0.026923076923076925,1
0.0632455532033676,0.0011052978156099735,0.13402899713728222,0.6684295680493965,-0.02754855212428316,0.33299999999999996,0.33163559308750895,gp_A.20_l.05_bad,0.02,0.5269230769230769,0.026923076923076925,1
0.2,0.2626730492945517,0.3411022717139404,0.13381760654051153,0.22170497004525172,0.43899999999999995,0.13383847550660452,gp_A.20_l.05_bad,0.02,0.5269230769230769,0.026923076923076925,1
0.02,0.9754921789309283,0.07670057338993536,0.4729938632192873,0.0013549226192874082,0.067,0.4731198877837053,gp_A.20_l.05_bad,0.02,0.4706410256410256,0.02935897435897436,-1
0.0632455532033676,0.005226275010825954,0.1256837389596829,0.6140410920947619,-0.018332813041267,0.306,0.38602826299917736,gp_A.20_l.05_bad,0.02,0.4706410256410256,0.02935897435897436,-1
0.2,0.9516886953454177,0.36845862408104024,0.1136936818182648,0.24142325725740094,0.455,0.11370669943151998,gp_A.20_l.05_bad,0.02,0.4706410256410256,0.02935897435897436,-1
0.02,0.9921275085198601,0.10823117684408634,0.3768528725402261,0.006275136320477796,0.08399999999999996,0.37694400536322537,gp_A.20_l.05_bad,0.02,0.5293589743589744,0.02935897435897436,1
0.0632455532033676,0.7484559803325507,0.13123121132528806,0.23308879913227273,0.0460878196741387,0.32299999999999995,0.2331519987696292,gp_A.20_l.05_bad,0.02,0.5293589743589744,0.02935897435897436,1
0.2,0.3555642069789392,0.307695140011229,0.1661941431023747,0.19386290426373132,0.45399999999999996,0.1662338958346665,gp_A.20_l.05_bad,0.02,0.5293589743589744,0.02935897435897436,1
0.02,0.9689715157123494,0.07956053296915669,0.5734376605502707,-0.00370266101530789,0.056,0.42667329762192935,gp_A.20_l.05_bad,0.02,0.4682051282051282,0.031794871794871796,-1
0.0632455532033676,0.4258625790068935,0.13071929133138505,0.6335444621293982,-0.021582907113395597,0.308,0.3665196921947296,gp_A.20_l.05_bad,0.02,0.4682051282051282,0.031794871794871796,-1
0.2,0.903787859414289,0.32401817999646915,0.10669829845847327,0.24885596320645506,0.444,0.10672803838852718,gp_A.20_l.05_bad,0.02,0.4682051282051282,0.031794871794871796,-1
0.02,0.99160286497514,0.11082133821221493,0.6170357902554062,-0.005954097574749518,0.049000000000000044,0.38305631727185707,gp_A.20_l.05_bad,0.02,0.5317948717948718,0.031794871794871796,1
0.0632455532033676,0.5141905641634275,0.1348105946115729,0.30632318862431956,0.03202119527261892,0.33799999999999997,0.3063875708406494,gp_A.20_l.05_bad,0.02,0.5317948717948718,0.031794871794871796,1
0.2,0.6746732369108435,0.33888806717255493,0.16536075977359269,0.19453231864077988,0.401,0.16538451889214253,gp_A.20_l.05_bad,0.02,0.5317948717948718,0.031794871794871796,1
0.02,0.9454846391278889,0.08096973606972721,0.2818561703256502,0.01154672468978844,0.051,0.28195676004343856,gp_A.20_l.05_bad,0.02,0.46576923076923077,0.03423076923076923,-1
0.0632455532033676,0.6820679213833969,0.12395830773880381,0.6429042697197047,-0.02316258827248771,0.295,0.35715819013165784,gp_A.20_l.05_bad,0.02,0.46576923076923077,0.03423076923076923,-1
0.2,0.838642559913211,0.35579107912027214,0.11408319749280008,0.24101912167215228,0.43,0.11410811235288176,gp_A.20_l.05_bad,0.02,0.46576923076923077,0.03423076923076923,-1
0.02,0.867703002131357,0.11162940630719338,0.541835872706936,-0.002101198598226191,0.052000000000000046,0.458254091049275,gp_A.20_l.05_bad,0.02,0.5342307692307693,0.03423076923076923,1
0.0632455532033676,0.10200932370318361,0.1343201052473864,0.28390005975122423,0.036131828280017105,0.32099999999999995,0.2839703937987009,gp_A.20_l.05_bad,0.02,0.5342307692307693,0.03423076923076923,1
0.2,0.760930250910381,0.37651772896624996,0.13986361648751255,0.21618645842086553,0.41600000000000004,0.1398747311249439,gp_A.20_l.05_bad,0.02,0.5342307692307693,0.03423076923076923,1
0.02,0.9926829925621694,0.08774462222835816,0.3567330184870676,0.007344101957986642,0.035,0.35683424598063773,gp_A.20_l.05_bad,0.02,0.4633333333333333,0.03666666666666667,-1
0.0632455532033676,0.2797275501811588,0.12154080983619381,0.5563590621107717,-0.008964705159498789,0.293,0.4437075372022511,gp_A.20_l.05_bad,0.02,0.4633333333333333,0.03666666666666667,-1
0.2,0.9912551003542258,0.3148008830255859,0.12382528901377715,0.23121495247459053,0.436,0.12385911169290177,gp_A.20_l.05_bad,0.02,0.4633333333333333,0.03666666666666667,-1
0.02,0.9874920731392234,0.12426396735227774,0.48555076484011783,0.0007245356744495293,0.02300000000000002,0.48562554427982046,gp_A.20_l.05_bad,0.02,0.5366666666666666,0.03666666666666667,1
0.0632455532033676,0.7582544393996943,0.12889112218185383,0.6525884114846333,-0.02481237651151857,0.239,0.3474932481234972,gp_A.20_l.05_bad,0.02,0.5366666666666666,0.03666666666666667,1
0.2,0.7533789832938065,0.3528039189368747,0.15569359635778643,0.20246311396654423,0.40800000000000003,0.15570950935825123,gp_A.20_l.05_bad,0.02,0.5366666666666666,0.03666666666666667,1
0.02,0.9923556455061342,0.08068009955959607,0.671861869916772,-0.008901203719429162,0.022,0.3285746036700077,gp_A.20_l.05_bad,0.02,0.4608974358974359,0.0391025641025641,-1
0.0632455532033676,0.1106296341797548,0.12535516146851694,0.6016462944800394,-0.01629272794918642,0.269,0.3984190209205585,gp_A.20_l.05_bad,0.02,0.4608974358974359,0.0391025641025641,-1
0.2,0.5014749780027206,0.3230166602342053,0.12557210898254784,0.22951492117416117,0.397,0.1256024903958193,gp_A.20_l.05_bad,0.02,0.4608974358974359,0.0391025641025641,-1
0.02,0.7179750883192805,0.12284584193730264,0.43466815648531837,0.003290031347483877,0.02200000000000002,0.43459199065535453,gp_A.20_l.05_bad,0.02,0.5391025641025641,0.0391025641025641,1
0.0632455532033676,0.021967554461920447,0.12826059877535426,0.2729276213895391,0.03819921059715273,0.30200000000000005,0.2730072718449272,gp_A.20_l.05_bad,0.02,0.5391025641025641,0.0391025641025641,1
0.2,0.16204585607184996,0.34208419415982116,0.1861334339718079,0.17844704401484945,0.40700000000000003,0.18615309891284842,gp_A.20_l.05_bad,0.02,0.5391025641025641,0.0391025641025641,1
0.02,0.7276100833959871,0.08748159159803959,0.4588653911865089,0.0020658511476440698,0.017,0.4587556593856961,gp_A.20_l.05_bad,0.02,0.4584615384615385,0.04153846153846154,-1
0.0632455532033676,0.024628234913074087,0.12323236337457304,0.375868027990919,0.020007798070946253,0.254,0.3759321579089787,gp_A.20_l.05_bad,0.02,0.4584615384615385,0.04153846153846154,-1
0.2,0.6879929169124667,0.39935982557547406,0.08842128079098703,0.2701081687371676,0.419,0.08843296815105611,gp_A.20_l.05_bad,0.02,0.4584615384615385,0.04153846153846154,-1
0.02,0.9738643021266855,0.11687747966170842,0.39722410377107686,0.005210775553602025,0.019000000000000017,0.397299026872467,gp_A.20_l.05_bad,0.02,0.5415384615384615,0.04153846153846154,1
0.0632455532033676,0.15287041319678996,0.1349976841981746,0.25306064263361444,0.04205129305411256,0.22499999999999998,0.25312347180352707,gp_A.20_l.05_bad,0.02,0.5415384615384615,0.04153846153846154,1
0.2,0.8731110119562768,0.34898326086812487,0.14742150456099515,0.20951129086563525,0.43999999999999995,0.14744041297406535,gp_A.20_l.05_bad,0.02,0.5415384615384615,0.04153846153846154,1
0.02,0.993044414251682,0.08708393021124416,0.574991233458061,-0.0037819211071322494,0.014,0.42511559285837036,gp_A.20_l.05_bad,0.02,0.456025641025641,0.043974358974358974,-1
0.0632455532033676,0.2649530890712104,0.12492009044153238,0.5548288230058052,-0.008719728958403419,0.254,0.4452269194692096,gp_A.20_l.05_bad,0.02,0.456025641025641,0.043974358974358974,-1
0.2,0.9905786719184757,0.2776310878572482,0.1436365647444781,0.21282453525782838,0.414,0.1436827859227405,gp_A.20_l.05_bad,0.02,0.456025641025641,0.043974358974358974,-1
0.02,0.9879864074020025,0.10990669823854095,0.39815337374244475,0.005162595640742575,0.013000000000000012,0.39824134024956265,gp_A.20_l.05_bad,0.02,0.543974358974359,0.043974358974358974,1
0.0632455532033676,0.7452193636908396,0.13220503496506364,0.22205165404542387,0.04840071872029167,0.235,0.22210956692478007,gp_A.20_l.05_bad,0.02,0.543974358974359,0.043974358974358974,1
0.2,0.8577856619951945,0.36115583275324215,0.14331180756386794,0.21311154630465665,0.40800000000000003,0.14333021115970568,gp_A.20_l.05_bad,0.02,0.543974358974359,0.043974358974358974,1
0.02,0.9667921961769985,0.08752967798022225,0.3711313553717538,0.006577168216820702,0.011,0.3712611617834717,gp_A.20_l.05_bad,0.02,0.4535897435897436,0.04641025641025641,-1
0.0632455532033676,0.7330205631093241,0.11985549785341464,0.5297170234677642,-0.004715496862249582,0.251,0.4702144190983482,gp_A.20_l.05_bad,0.02,0.4535897435897436,0.04641025641025641,-1
0.2,0.9913188452273654,0.24688850599814585,0.16444073135178774,0.19527387073657287,0.404,0.16449488660843742,gp_A.20_l.05_bad,0.02,0.4535897435897436,0.04641025641025641,-1
0.02,0.989117034784885,0.10538496424015259,0.39254970640682235,0.0054535947232033765,0.013000000000000012,0.39264006748415786,gp_A.20_l.05_bad,0.02,0.5464102564102564,0.04641025641025641,1
0.0632455532033676,0.42763510408421335,0.135531844077438,0.20074353236497613,0.053061018066917626,0.245,0.20079788909413945,gp_A.20_l.05_bad,0.02,0.5464102564102564,0.04641025641025641,1
0.2,0.29252189118541716,0.3607985902757429,0.15748959266152496,0.2009658049144845,0.43600000000000005,0.15750087789790193,gp_A.20_l.05_bad,0.02,0.5464102564102564,0.04641025641025641,1
0.02,0.932501795401284,0.08639197855827152,0.46587395881510146,0.0017129177969801546,0.005,0.4659927397229698,gp_A.20_l.05_bad,0.02,0.4511538461538461,0.048846153846153845,-1
0.0632455532033676,0.6100981237019094,0.11704714512051469,0.4673481214028051,0.005182196130866224,0.207,0.467428317577959,gp_A.20_l.05_bad,0.02,0.4511538461538461,0.048846153846153845,-1
0.2,0.9459634935263277,0.3584166673294745,0.09832422136569784,0.25823186122163583,0.418,0.09834401045733314,gp_A.20_l.05_bad,0.02,0.4511538461538461,0.048846153846153845,-1
0.02,0.991696645645134,0.10491604278503255,0.5715722588186182,-0.0036075687167508885,0.006000000000000005,0.4285138515020058,gp_A.20_l.05_bad,0.02,0.5488461538461539,0.048846153846153845,1
0.0632455532033676,0.044750334236979716,0.12856063757502223,0.21207690653761826,0.0505480976549527,0.251,0.21214367269296838,gp_A.20_l.05_bad,0.02,0.5488461538461539,0.048846153846153845,1
0.2,0.49846153549514627,0.35405820488882916,0.175875287446577,0.18623982327279748,0.382,0.1758904930049649,gp_A.20_l.05_bad,0.02,0.5488461538461539,0.048846153846153845,1
0.02,0.8564639649148421,0.0760070338976029,0.38907692085963874,0.005634514127494538,0.0,0.3891989989323012,gp_A.20_l.05_bad,0.02,0.44871794871794873,0.05128205128205128,-1
0.0632455532033676,0.7084858434974398,0.12324089547992637,0.44976493982076843,0.007985083003626063,0.197,0.4498355117951938,gp_A.20_l.05_bad,0.02,0.44871794871794873,0.05128205128205128,-1
0.2,0.9481939884139166,0.31700883850010153,0.11895095039177991,0.23604944530152183,0.402,0.1189863882440773,gp_A.20_l.05_bad,0.02,0.44871794871794873,0.05128205128205128,-1
0.02,0.9924315974418483,0.09598352582541964,0.510019575563804,-0.0005023598474335818,0.006000000000000005,0.48988461513049725,gp_A.20_l.05_bad,0.02,0.5512820512820513,0.05128205128205128,1
0.0632455532033676,0.38385998401813914,0.1254664405600942,0.17288597947832438,0.05962929869833184,0.20999999999999996,0.17294932268276134,gp_A.20_l.05_bad,0.02,0.5512820512820513,0.05128205128205128,1
0.2,0.908653797029169,0.33778826120648286,0.1615938311173665,0.19758570172114587,0.40800000000000003,0.16161323248723108,gp_A.20_l.05_bad,0.02,0.5512820512820513,0.05128205128205128,1
0.02,0.909724025324325,0.07143589711246644,0.5475686729701112,-0.0023904187284339673,0.003,0.4525615262115637,gp_A.20_l.05_bad,0.02,0.4462820512820513,0.053717948717948716,-1
0.0632455532033676,0.25913321328447503,0.12523084720318073,0.33141557454786086,0.027575547649399564,0.214,0.33147673752670015,gp_A.20_l.05_bad,0.02,0.4462820512820513,0.053717948717948716,-1
0.2,0.9898381478404605,0.2887345890110921,0.14857702984184518,0.20851116413836343,0.382,0.14861883658143202,gp_A.20_l.05_bad,0.02,0.4462820512820513,0.053717948717948716,-1
0.02,0.9971853603138412,0.0875294522531574,0.44296515681476584,0.0028691135429837946,0.0040000000000000036,0.4430691809969699,gp_A.20_l.05_bad,0.02,0.5537179487179487,0.053717948717948716,1
0.0632455532033676,0.6317042857310716,0.13427806415299004,0.17481130167588263,0.05915492999942114,0.19999999999999996,0.17486923530230844,gp_A.20_l.05_bad,0.02,0.5537179487179487,0.053717948717948716,1
0.2,0.26721346685986336,0.3523784550333701,0.1716756581715034,0.18951285659072434,0.359,0.17169257734666285,gp_A.20_l.05_bad,0.02,0.5537179487179487,0.053717948717948716,1
0.02,0.9912120440355094,0.07317541837813327,0.4997014765204015,1.4965749288696596e-05,0.001,0.4995758018799241,gp_A.20_l.05_bad,0.02,0.44384615384615383,0.05615384615384615,-1
0.0632455532033676,0.4423985659096181,0.11299357858829491,0.47471729736053714,0.004010831789086106,0.182,0.4747966333517753,gp_A.20_l.05_bad,0.02,0.44384615384615383,0.05615384615384615,-1
0.2,0.24462248500731265,0.3898197735861276,0.09293994904955379,0.2645732275349899,0.376,0.0929599394902834,gp_A.20_l.05_bad,0.02,0.44384615384615383,0.05615384615384615,-1
0.02,0.6837372752477695,0.07625707102720818,0.510031090144057,-0.0005029372852195633,0.0010000000000000009,0.49007751009009487,gp_A.20_l.05_bad,0.02,0.5561538461538461,0.05615384615384615,1
0.0632455532033676,0.1788167113110174,0.11534979607700327,0.23922260647630925,0.04482879303309645,0.19999999999999996,0.2393034105484208,gp_A.20_l.05_bad,0.02,0.5561538461538461,0.05615384615384615,1
0.2,0.9021868662049823,0.3444884091397214,0.16245270492020042,0.196885480640537,0.42100000000000004,0.16247727865209668,gp_A.20_l.05_bad,0.02,0.5561538461538461,0.05615384615384615,1
0.02,0.9954376778692811,0.06825268707872448,0.46170609849314864,0.0019227291376031413,0.001,0.46171213734410727,gp_A.20_l.05_bad,0.02,0.44141025641025644,0.05858974358974359,-1
0.0632455532033676,0.9906059657954942,0.11011384044450684,0.44359079660493506,0.008972734541176381,0.186,0.44367114012296166,gp_A.20_l.05_bad,0.02,0.44141025641025644,0.05858974358974359,-1
0.2,0.21464110667217418,0.32271957140508817,0.0986440565072413,0.2578632792758759,0.384,0.0986768020238441,gp_A.20_l.05_bad,0.02,0.44141025641025644,0.05858974358974359,-1
0.02,0.9948528653595907,0.07839199320344185,0.41174427878170433,0.004461206471760847,0.0020000000000000018,0.41185364614098324,gp_A.20_l.05_bad,0.02,0.5585897435897436,0.05858974358974359,1
0.2,0.04044662777619035,0.3391686647046166,0.18453606430491676,0.1796425532509958,0.402,0.18456089948021195,gp_A.20_l.05_bad,0.02,0.5585897435897436,0.05858974358974359,1
0.02,0.9104668332628458,0.06805125317129802,0.48500223529068365,0.0007520536131038173,0.001,0.48501753075778953,gp_A.20_l.05_bad,0.02,0.438974358974359,0.06102564102564102,-1
0.0632455532033676,0.9536168399755951,0.11398386237939889,0.5013811813092072,-0.00021896338085279816,0.15,0.49869365796605863,gp_A.20_l.05_bad,0.02,0.438974358974359,0.06102564102564102,-1
0.2,0.9860271140702058,0.26356039434653533,0.1145888653744658,0.2404959378190923,0.394,0.11463041136789223,gp_A.20_l.05_bad,0.02,0.438974358974359,0.06102564102564102,-1
0.02,0.997328979334505,0.08104766173528008,0.36891071288871835,0.00669479467118943,0.0,0.36880383575404224,gp_A.20_l.05_bad,0.02,0.561025641025641,0.06102564102564102,1
0.2,0.9173026468267811,0.3413955207180578,0.16922798564160388,0.19144410029454806,0.377,0.16924810621118205,gp_A.20_l.05_bad,0.02,0.561025641025641,0.06102564102564102,1
0.02,0.8706825906701214,0.06168170385886716,0.41956197392686645,0.004060283628277816,0.0,0.41942874788631423,gp_A.20_l.05_bad,0.02,0.43653846153846154,0.06346153846153847,-1
0.0632455532033676,0.9230564397267851,0.11665529229451418,0.4268490804876976,0.011662601662306092,0.135,0.4269245933933446,gp_A.20_l.05_bad,0.02,0.43653846153846154,0.06346153846153847,-1
0.2,0.8101787527823302,0.3254507801410297,0.09781396734821468,0.2588217065089019,0.384,0.09783969427795675,gp_A.20_l.05_bad,0.02,0.43653846153846154,0.06346153846153847,-1
0.02,0.954029578473002,0.07444979589135739,0.3740220044761924,0.0064243912334447885,0.0010000000000000009,0.37391207464548065,gp_A.20_l.05_bad,0.02,0.5634615384615385,0.06346153846153847,1
0.2,0.48899277815554354,0.33258285125906917,0.19440518199090637,0.17235535635382934,0.385,0.19443223674804527,gp_A.20_l.05_bad,0.02,0.5634615384615385,0.06346153846153847,1
0.02,0.9728757130247312,0.05611880053048693,0.4655099896357218,0.0017312322710957904,0.002,0.4654422609829171,gp_A.20_l.05_bad,0.02,0.4341025641025641,0.06589743589743591,-1
0.0632455532033676,0.9918042985307406,0.10374342575555376,0.5589752945623022,-0.009383852017740054,0.151,0.4411152675242697,gp_A.20_l.05_bad,0.02,0.4341025641025641,0.06589743589743591,-1
0.2,0.9696532589748494,0.26775110512645905,0.14619909414760968,0.210575042359907,0.386,0.14624591080074836,gp_A.20_l.05_bad,0.02,0.4341025641025641,0.06589743589743591,-1
0.02,0.9901765094224615,0.06830532890621606,0.3357174231978629,0.008483591748007375,0.0,0.33583738774357147,gp_A.20_l.05_bad,0.02,0.5658974358974359,0.06589743589743591,1
0.0632455532033676,0.12642688145861702,0.13943273375432874,0.09973871377208915,0.0811466892345138,0.134,0.09977470141910384,gp_A.20_l.05_bad,0.02,0.5658974358974359,0.06589743589743591,1
0.2,0.7288539034831513,0.3355655073031234,0.1927625144881708,0.1735522567160764,0.381,0.19278708937764555,gp_A.20_l.05_bad,0.02,0.5658974358974359,0.06589743589743591,1
0.02,0.9923345466098927,0.05397083214452378,0.663656331489768,-0.008449253556616203,0.0,0.33648719873177424,gp_A.20_l.05_bad,0.02,0.43166666666666664,0.06833333333333334,-1
0.0632455532033676,0.7930515070032558,0.10488940160181875,0.49688405836227706,0.0004939848845886794,0.132,0.4967958592643372,gp_A.20_l.05_bad,0.02,0.43166666666666664,0.06833333333333334,-1
0.2,0.18916525843514898,0.31153409689505857,0.10057232050718137,0.25565944778925404,0.359,0.10060853903727081,gp_A.20_l.05_bad,0.02,0.43166666666666664,0.06833333333333334,-1
0.02,0.9933361512676189,0.07540988865478487,0.3165107405457046,0.009549568484121015,0.0,0.31661534404575536,gp_A.20_l.05_bad,0.02,0.5683333333333334,0.06833333333333334,1
0.0632455532033676,0.5515408514859622,0.12045674909809724,0.19249323145098304,0.054944276522152516,0.132,0.19258219801779777,gp_A.20_l.05_bad,0.02,0.5683333333333334,0.06833333333333334,1
0.2,0.47247094971701165,0.3464692682011915,0.18317389262617198,0.18066712852458913,0.347,0.18318986997335346,gp_A.20_l.05_bad,0.02,0.5683333333333334,0.06833333333333334,1
0.02,0.9809237096114893,0.05362413425513202,0.33296024398472573,0.008635072504974988,0.0,0.33309469161656846,gp_A.20_l.05_bad,0.02,0.4292307692307692,0.07076923076923078,-1
0.0632455532033676,0.9101449686794837,0.10603402858589403,0.5049485645878625,-0.000784531363753393,0.129,0.49513347151960607,gp_A.20_l.05_bad,0.02,0.4292307692307692,0.07076923076923078,-1
0.2,0.9927211973487116,0.3298508286135876,0.09359741792060049,0.2637846120733679,0.378,0.0936232596229098,gp_A.20_l.05_bad,0.02,0.4292307692307692,0.07076923076923078,-1
0.02,0.9852047229869738,0.06857111891896807,0.3005939144836013,0.010453862337057323,0.0010000000000000009,0.3007064883659727,gp_A.20_l.05_bad,0.02,0.5707692307692308,0.07076923076923078,1
0.2,0.01696287462577495,0.33177577320185314,0.19886533698134742,0.16913621838174628,0.351,0.198891733757036,gp_A.20_l.05_bad,0.02,0.5707692307692308,0.07076923076923078,1
0.02,0.9479983242256139,0.057712727768620894,0.31685703917957503,0.009530115941228413,0.0,0.31698488609634545,gp_A.20_l.05_bad,0.02,0.4267948717948718,0.07320512820512821,-1
0.0632455532033676,0.975516266800179,0.11399818206872504,0.4226199439520501,0.012345248501773832,0.114,0.42269286855908,gp_A.20_l.05_bad,0.02,0.4267948717948718,0.07320512820512821,-1
0.2,0.8970268737972255,0.3115109368489636,0.1166798953496428,0.23834974282435697,0.391,0.11670322088182293,gp_A.20_l.05_bad,0.02,0.4267948717948718,0.07320512820512821,-1
0.02,0.9941053059880545,0.06864368115175927,0.25776796383827416,0.013004839616267251,0.0,0.2578807946538582,gp_A.20_l.05_bad,0.02,0.5732051282051283,0.07320512820512821,1
0.2,0.18687774567004511,0.35200327719851277,0.17167737668983568,0.18951150686832202,0.344,0.17169980808279034,gp_A.20_l.05_bad,0.02,0.5732051282051283,0.07320512820512821,1
0.02,0.9683481002939505,0.05691692672984753,0.21398720650097722,0.01585325244270093,0.0,0.21410508384478336,gp_A.20_l.05_bad,0.02,0.42435897435897435,0.07564102564102565,-1
0.0632455532033676,0.7939676734074663,0.10105068119878627,0.6170925466682552,-0.018837915419585093,0.114,0.3829934878951363,gp_A.20_l.05_bad,0.02,0.42435897435897435,0.07564102564102565,-1
0.2,0.9069831576939595,0.3228690792325185,0.09513891423135731,0.2619515332964766,0.338,0.09517436696895257,gp_A.20_l.05_bad,0.02,0.42435897435897435,0.07564102564102565,-1
0.02,0.7729958290962632,0.058861597582817074,0.4122147406860088,0.004437030145757683,0.0,0.41234208795060157,gp_A.20_l.05_bad,0.02,0.5756410256410256,0.07564102564102565,1
0.0632455532033676,0.9538301981685805,0.3429022840629666,0.023306856176814782,0.12584557655452744,0.11699999999999999,0.023310422166738592,gp_A.20_l.05_bad,0.02,0.5756410256410256,0.07564102564102565,1
0.2,0.9224861720458368,0.3631109820480686,0.17417213693204678,0.18756113900117594,0.381,0.1741872275257426,gp_A.20_l.05_bad,0.02,0.5756410256410256,0.07564102564102565,1
0.02,0.9960135849852934,0.048235222776108644,0.26960299491991696,0.012280282604978519,0.0,0.2697316604992546,gp_A.20_l.05_bad,0.02,0.4219230769230769,0.07807692307692309,-1
0.0632455532033676,0.9957326353607256,0.09950959895977735,0.5755966213941405,-0.012057204281236085,0.117,0.42449453347656024,gp_A.20_l.05_bad,0.02,0.4219230769230769,0.07807692307692309,-1
0.2,0.18630112548418254,0.287822028087249,0.13098586355890401,0.22434860038477897,0.351,0.13102804438286408,gp_A.20_l.05_bad,0.02,0.4219230769230769,0.07807692307692309,-1
0.02,0.993126129354054,0.059786035550910804,0.28334764582079336,0.011458505462436321,0.0,0.2834714789394348,gp_A.20_l.05_bad,0.02,0.578076923076923,0.07807692307692309,1
0.0632455532033676,0.2663724264596895,0.2789890909753206,0.03429350750706304,0.11517840882510975,0.10999999999999999,0.034305088734095227,gp_A.20_l.05_bad,0.02,0.578076923076923,0.07807692307692309,1
0.2,0.724495246932494,0.35444002519089846,0.17325444285942876,0.1882764971261273,0.372,0.17327485579544907,gp_A.20_l.05_bad,0.02,0.578076923076923,0.07807692307692309,1
0.02,0.9939065942353472,0.04956595414829585,0.1656207123629673,0.019432327835267202,0.0,0.16573419033580494,gp_A.20_l.05_bad,0.02,0.4194871794871795,0.08051282051282052,-1
0.0632455532033676,0.9980696313094993,0.10159794613698316,0.5010491275707238,-0.00016632162929430287,0.105,0.4990426300551259,gp_A.20_l.05_bad,0.02,0.4194871794871795,0.08051282051282052,-1
0.2,0.6928908707674803,0.3280162903495833,0.08036853098181769,0.280519389918421,0.35,0.08040097737803245,gp_A.20_l.05_bad,0.02,0.4194871794871795,0.08051282051282052,-1
0.02,0.821008105794568,0.06006244259690578,0.3807307554188374,0.006071242491160112,0.0,0.3806058341135151,gp_A.20_l.05_bad,0.02,0.5805128205128205,0.08051282051282052,1
0.0632455532033676,0.44475590060699055,0.3039272634010719,0.03143157298986399,0.11764673485822949,0.11599999999999999,0.03143734620566636,gp_A.20_l.05_bad,0.02,0.5805128205128205,0.08051282051282052,1
0.2,0.4106397246082826,0.3340194134467744,0.21123781719841048,0.16042673601372337,0.34299999999999997,0.21126110537242976,gp_A.20_l.05_bad,0.02,0.5805128205128205,0.08051282051282052,1
0.02,0.9920320197253397,0.0384113360025974,0.19002267172706439,0.017556255024332213,0.0,0.19023116448764957,gp_A.20_l.05_bad,0.02,0.41705128205128206,0.08294871794871796,-1
0.0632455532033676,0.9571452935053878,0.09033596010556973,0.6661573979342811,-0.02715302938914254,0.081,0.33393201873200845,gp_A.20_l.05_bad,0.02,0.41705128205128206,0.08294871794871796,-1
0.2,0.1465936403180157,0.29745031842109876,0.11625606089171947,0.2387825386279766,0.346,0.11629513052353517,gp_A.20_l.05_bad,0.02,0.41705128205128206,0.08294871794871796,-1
0.02,0.9947577457171793,0.06241146928380657,0.42084005601728813,0.003994897594875797,0.0,0.4209647914770084,gp_A.20_l.05_bad,0.02,0.5829487179487179,0.08294871794871796,1
0.0632455532033676,0.2766878844839955,0.3043736521486711,0.030743593784147382,0.11826764982132615,0.09099999999999997,0.030752304623822183,gp_A.20_l.05_bad,0.02,0.5829487179487179,0.08294871794871796,1
0.2,0.7210394629909588,0.36955278619373594,0.1469779900467114,0.20989655448404532,0.354,0.14699597061231895,gp_A.20_l.05_bad,0.02,0.5829487179487179,0.08294871794871796,1
0.02,0.9929890591400976,0.03942936272837965,0.25704258525723134,0.013049798489802363,0.0,0.2571862607822684,gp_A.20_l.05_bad,0.02,0.4146153846153846,0.08538461538461539,-1
0.0632455532033676,0.711652387374679,0.09398359305201588,0.6152884567016664,-0.018539144197731783,0.08,0.38480228781573833,gp_A.20_l.05_bad,0.02,0.4146153846153846,0.08538461538461539,-1
0.2,0.9912596597838506,0.31635759157505566,0.10546681996541515,0.25020045910897803,0.308,0.10550333410198828,gp_A.20_l.05_bad,0.02,0.4146153846153846,0.08538461538461539,-1
0.02,0.9953497077960046,0.05775008013750789,0.5116609229142748,-0.0005846752495284214,0.0,0.48820519098029813,gp_A.20_l.05_bad,0.02,0.5853846153846154,0.08538461538461539,1
0.0632455532033676,0.02967288670562629,0.3219135435321223,0.027991927467196295,0.12087245395546296,0.09699999999999998,0.02800408777142535,gp_A.20_l.05_bad,0.02,0.5853846153846154,0.08538461538461539,1
0.2,0.6650835580075478,0.3399847631651271,0.17582775618220006,0.18627658803371208,0.33699999999999997,0.17584642293075764,gp_A.20_l.05_bad,0.02,0.5853846153846154,0.08538461538461539,1
0.02,0.9969507078530545,0.039150577935659424,0.22215350034567938,0.0152988091677342,0.0,0.22229526506528086,gp_A.20_l.05_bad,0.02,0.41217948717948716,0.08782051282051283,-1
0.0632455532033676,0.944677277802673,0.08827227138911717,0.598327821250852,-0.015749485608863644,0.086,0.4017707117496295,gp_A.20_l.05_bad,0.02,0.41217948717948716,0.08782051282051283,-1
0.2,0.9636319447599614,0.32521893183734607,0.09518186385942218,0.26190077398989386,0.33,0.09521666078270088,gp_A.20_l.05_bad,0.02,0.41217948717948716,0.08782051282051283,-1
0.02,0.9816011335317031,0.06888790896727395,0.4218306755091272,0.003944247395679405,0.0,0.4219526373937177,gp_A.20_l.05_bad,0.02,0.5878205128205128,0.08782051282051283,1
0.0632455532033676,0.15040756054993698,0.26992030392439187,0.0359856138309744,0.11379772805511684,0.08399999999999996,0.03600733518700591,gp_A.20_l.05_bad,0.02,0.5878205128205128,0.08782051282051283,1
0.2,0.22734294974883207,0.3358206136943421,0.16074878943047452,0.19827701761920027,0.363,0.16077464459271215,gp_A.20_l.05_bad,0.02,0.5878205128205128,0.08782051282051283,1
0.02,0.9964732171486511,0.019386019171646937,0.3417265491890273,0.008155112410179933,0.0,0.34191296394150955,gp_A.20_l.05_bad,0.02,0.4097435897435897,0.09025641025641026,-1
0.0632455532033676,0.960035906688332,0.08898115999830812,0.6109054373172061,-0.017814988134989874,0.064,0.38918511520767585,gp_A.20_l.05_bad,0.02,0.4097435897435897,0.09025641025641026,-1
0.2,0.302239899305093,0.25239697852793885,0.11919847575716488,0.2358006149346816,0.337,0.11924749326968294,gp_A.20_l.05_bad,0.02,0.4097435897435897,0.09025641025641026,-1
0.02,0.9948057394087495,0.07562237609407532,0.42533349765811923,0.0037653491247200224,0.0,0.42544685707639185,gp_A.20_l.05_bad,0.02,0.5902564102564103,0.09025641025641026,1
0.0632455532033676,0.0034840696574591767,0.3059002946749205,0.04731494273686189,0.10571272245995876,0.07099999999999995,0.04733261572850097,gp_A.20_l.05_bad,0.02,0.5902564102564103,0.09025641025641026,1
0.2,0.35844695703091844,0.3576644699285404,0.19755798148808934,0.1700752403177912,0.35,0.1975721665762378,gp_A.20_l.05_bad,0.02,0.5902564102564103,0.09025641025641026,1
0.02,0.9677965297953616,0.039710876600924774,0.14548170987158837,0.021120209913549425,0.0,0.14560042066720438,gp_A.20_l.05_bad,0.02,0.4073076923076923,0.0926923076923077,-1
0.0632455532033676,0.9611999769181874,0.0823476377394631,0.6264633701568079,-0.020396747525231858,0.077,0.3736472394698288,gp_A.20_l.05_bad,0.02,0.4073076923076923,0.0926923076923077,-1
0.2,0.9906134288022421,0.26297292796658195,0.13315716566362995,0.22231806637284157,0.32,0.13320390045463407,gp_A.20_l.05_bad,0.02,0.4073076923076923,0.0926923076923077,-1
0.02,0.9944686690212401,0.08160165357943122,0.4176163524918717,0.004159904262802191,0.0,0.417713497513096,gp_A.20_l.05_bad,0.02,0.5926923076923077,0.0926923076923077,1
0.0632455532033676,0.15827202344438362,0.3138007298884764,0.043700189573517734,0.10810392092416045,0.06699999999999995,0.043711273132240866,gp_A.20_l.05_bad,0.02,0.5926923076923077,0.0926923076923077,1
0.2,0.04958263558128484,0.34950207835818625,0.18528897478539255,0.17907826005581365,0.279,0.1853111348278855,gp_A.20_l.05_bad,0.02,0.5926923076923077,0.0926923076923077,1
0.02,0.9009442098721517,0.027928524530298093,0.260730899496612,0.012821874250364698,0.0,0.26107582251957934,gp_A.20_l.05_bad,0.02,0.40487179487179487,0.09512820512820513,-1
0.0632455532033676,0.9924615058802079,0.08216526328022597,0.3545522603600269,0.023594323851251695,0.068,0.35465991407331043,gp_A.20_l.05_bad,0.02,0.40487179487179487,0.09512820512820513,-1
0.2,0.990295742581133,0.2460960136685115,0.12271295512923855,0.23230625594139998,0.318,0.12276151275853087,gp_A.20_l.05_bad,0.02,0.40487179487179487,0.09512820512820513,-1
0.02,0.9678070142962789,0.08165564651123823,0.4843179130396137,0.0007863858309142143,0.0,0.4844209516066544,gp_A.20_l.05_bad,0.02,0.5951282051282052,0.09512820512820513,1
0.0632455532033676,0.0007990841520130187,0.3288547421722506,0.03162459935728847,0.11747454509841981,0.05800000000000005,0.031635922165360535,gp_A.20_l.05_bad,0.02,0.5951282051282052,0.09512820512820513,1
0.2,0.08488380413789187,0.35725262160868987,0.1994016314781653,0.16875209618876588,0.31100000000000005,0.19941929664088093,gp_A.20_l.05_bad,0.02,0.5951282051282052,0.09512820512820513,1
0.02,0.9985630042968778,0.031847874946672676,0.18617978764376203,0.017841244705514615,0.0,0.18650500228074002,gp_A.20_l.05_bad,0.02,0.4024358974358974,0.09756410256410257,-1
0.0632455532033676,0.7862406361165086,0.08281862752148136,0.7298226372001653,-0.0387237764165667,0.054,0.27026702100107847,gp_A.20_l.05_bad,0.02,0.4024358974358974,0.09756410256410257,-1
0.2,0.6367501008195843,0.2566050296564679,0.12244004123242154,0.23257506873759126,0.312,0.12248172272945489,gp_A.20_l.05_bad,0.02,0.4024358974358974,0.09756410256410257,-1
0.02,0.981806906644853,0.08330003963310474,0.498789337623686,6.069370402778346e-05,0.0,0.4987045396623387,gp_A.20_l.05_bad,0.02,0.5975641025641025,0.09756410256410257,1
0.0632455532033676,0.9262253664475546,0.3036589125307789,0.05374485901296456,0.10179873678476223,0.05900000000000005,0.053757836672476515,gp_A.20_l.05_bad,0.02,0.5975641025641025,0.09756410256410257,1
0.2,0.6087894990711864,0.3573194254236084,0.2170590656157316,0.15643282285685406,0.30300000000000005,0.2170785759350638,gp_A.20_l.05_bad,0.02,0.5975641025641025,0.09756410256410257,1
0.02,0.9935354117643107,0.029862301905696456,0.2650191926942706,0.012558948393154166,0.0,0.26517955167645463,gp_A.20_l.05_bad,0.02,0.4,0.1,-1
0.0632455532033676,0.7438344739078773,0.0790041074251428,0.667303573558064,-0.027352413545904838,0.06,0.33280225705774297,gp_A.20_l.05_bad,0.02,0.4,0.1,-1
0.2,0.9933580365845834,0.2959460346374485,0.12339184867547863,0.23163937792626899,0.317,0.12343328846973625,gp_A.20_l.05_bad,0.02,0.4,0.1,-1
0.02,0.901881427847776,0.08181325609779229,0.5278086824420101,-0.001395251507011289,0.0,0.47229410240873443,gp_A.20_l.05_bad,0.02,0.6,0.1,1
0.0632455532033676,0.9529598171799497,0.29615566639930974,0.0655026016475597,0.09551025985653945,0.04500000000000004,0.06551445514172183,gp_A.20_l.05_bad,0.02,0.6,0.1,1
0.2,0.10430013613618672,0.36249848355750147,0.18446779900513946,0.17969378760819882,0.30500000000000005,0.18448746180599634,gp_A.20_l.05_bad,0.02,0.6,0.1,1
0.02,0.9963462041457753,0.03312608515333462,0.6173239035913392,-0.0059691975942023695,0.0,0.3828464451999083,gp_A.20_l.05_bad,0.02,0.39,0.11,-1
0.0632455532033676,0.7185642918766266,0.07854421933612848,0.6406848476718271,-0.022786738002090103,0.047,0.3594202194249928,gp_A.20_l.05_bad,0.02,0.39,0.11,-1
0.2,0.9919656376082573,0.3571652817727225,0.09059829369601635,0.267415961630228,0.33,0.09062767694123255,gp_A.20_l.05_bad,0.02,0.39,0.11,-1
0.02,0.9964667552099937,0.08909674768563819,0.4762752364485149,0.0011900851900889164,0.0,0.47636388714456573,gp_A.20_l.05_bad,0.02,0.61,0.11,1
0.0632455532033676,0.010664303465581337,0.24398540757922932,0.08430834006962533,0.08706776864295888,0.05700000000000005,0.08434193065836251,gp_A.20_l.05_bad,0.02,0.61,0.11,1
0.2,0.54483497514567,0.3499342036379472,0.21986338408224632,0.15453093816125404,0.30300000000000005,0.21988152323789706,gp_A.20_l.05_bad,0.02,0.61,0.11,1
0.02,0.9911211580762154,0.04448934788051776,0.5121727904108224,-0.0006103479366084698,0.0,0.48798486262848617,gp_A.20_l.05_bad,0.02,0.38,0.12,-1
0.0632455532033676,0.047690707839990965,0.07605982705892929,0.6828240997498912,-0.030080257437654568,0.03,0.31728466963864643,gp_A.20_l.05_bad,0.02,0.38,0.12,-1
0.2,0.9822736994159489,0.2638147574885218,0.1084357086135446,0.24697801527128985,0.247,0.10847945915716928,gp_A.20_l.05_bad,0.02,0.38,0.12,-1
0.02,0.9940083442846559,0.07934639216531542,0.3172686746705343,0.009507004967930326,0.0,0.3171691340293826,gp_A.20_l.05_bad,0.02,0.62,0.12,1
0.0632455532033676,0.4416068403563551,0.27089850368586244,0.14858478074661416,0.06593490376465017,0.03500000000000003,0.14862005782280005,gp_A.20_l.05_bad,0.02,0.62,0.12,1
0.2,0.45315489600567305,0.3532143449712275,0.2068885959468838,0.16345293414588657,0.30100000000000005,0.2069049326993352,gp_A.20_l.05_bad,0.02,0.62,0.12,1
0.02,0.917792680398014,0.05070972567084289,0.5668966485273187,-0.0033695739018198985,0.0,0.43294876504990865,gp_A.20_l.05_bad,0.02,0.37,0.13,-1
0.0632455532033676,0.04491026666468945,0.0779430967553606,0.2289132046434226,0.04695544195472068,0.011,0.22900242499126633,gp_A.20_l.05_bad,0.02,0.37,0.13,-1
0.2,0.8425580873339997,0.24576836243284045,0.09093356115599377,0.26700563675504446,0.251,0.09097762160708435,gp_A.20_l.05_bad,0.02,0.37,0.13,-1
0.02,0.9938339949991507,0.05804299583833916,0.36095572551569727,0.00711810694799451,0.0,0.36107980085263863,gp_A.20_l.05_bad,0.02,0.63,0.13,1
0.0632455532033676,0.3213292124376398,0.27159937023931985,0.17121788984282404,0.060043018242063505,0.019000000000000017,0.1712537915839965,gp_A.20_l.05_bad,0.02,0.63,0.13,1
0.2,0.20529208444248082,0.3354508343196045,0.21456190929590319,0.15813837498064875,0.253,0.2145878053596916,gp_A.20_l.05_bad,0.02,0.63,0.13,1
0.02,0.6438690395367547,0.06222936547201352,0.5061431945557653,-0.00030798627555379414,0.0,0.49398164701217423,gp_A.20_l.05_bad,0.02,0.36,0.14,-1
0.0632455532033676,0.9717376835834726,0.07575540976745498,0.2462388398330148,0.04341006480815405,0.019,0.24633673899298555,gp_A.20_l.05_bad,0.02,0.36,0.14,-1
0.2,0.5958740977040293,0.3005825662710769,0.0949759498391906,0.26214428370779513,0.216,0.09501777075233139,gp_A.20_l.05_bad,0.02,0.36,0.14,-1
0.02,0.9936478593077278,0.061417672453060956,0.35421815423709685,0.00747913998605088,0.0,0.3543404496293882,gp_A.20_l.05_bad,0.02,0.64,0.14,1
0.0632455532033676,0.2728385753068243,0.28818074356311874,0.23606056445863755,0.04547558424093133,0.010000000000000009,0.2360270046092835,gp_A.20_l.05_bad,0.02,0.64,0.14,1
0.2,0.0015094769648384965,0.343093080290977,0.21570082484410166,0.15735907899019744,0.243,0.21572261767623654,gp_A.20_l.05_bad,0.02,0.64,0.14,1
0.02,0.904110672991385,0.05068770158189216,0.24119776543199803,0.014049097591618214,0.0,0.24130608573828688,gp_A.20_l.05_bad,0.02,0.35,0.15,-1
0.0632455532033676,0.18806814145345796,0.0855378749472394,0.19610653171168987,0.054113581881329156,0.01,0.19618467765611697,gp_A.20_l.05_bad,0.02,0.35,0.15,-1
0.2,0.8028999368277601,0.3401047066577564,0.1016866134705177,0.25439993939169103,0.232,0.10172166726877624,gp_A.20_l.05_bad,0.02,0.35,0.15,-1
0.02,0.9991130325460521,0.09777473155713147,0.29375487657381205,0.010848964860982862,0.0,0.2938493574387303,gp_A.20_l.05_bad,0.02,0.65,0.15,1
0.0632455532033676,0.9908384346958498,0.28224898493992495,0.2699629315824301,0.03876478728147582,0.010000000000000009,0.2699979439125646,gp_A.20_l.05_bad,0.02,0.65,0.15,1
0.2,0.020566261516182793,0.3357068534120365,0.24633393550108995,0.13721434785243478,0.20999999999999996,0.24636180538064847,gp_A.20_l.05_bad,0.02,0.65,0.15,1
0.02,0.39372628897596396,0.03925250039537834,0.385880731472148,0.005801431977520876,0.0,0.3857395310606146,gp_A.20_l.05_bad,0.02,0.33999999999999997,0.16,-1
0.0632455532033676,0.22013786661113077,0.08572933705639317,0.13222987344658932,0.07057648030689172,0.001,0.13230438993434712,gp_A.20_l.05_bad,0.02,0.33999999999999997,0.16,-1
0.2,0.9342681698276133,0.3442268718008173,0.07723203966237899,0.28478783565417376,0.243,0.0772642149975391,gp_A.20_l.05_bad,0.02,0.33999999999999997,0.16,-1
0.02,0.9919736977665293,0.11086937562300261,0.521905429912862,-0.0010987278110220688,0.0,0.47818258161608324,gp_A.20_l.05_bad,0.02,0.66,0.16,1
0.0632455532033676,0.950270896977968,0.27383555906744494,0.3810374808783275,0.01914804171500237,0.0040000000000000036,0.38107843489761883,gp_A.20_l.05_bad,0.02,0.66,0.16,1
0.2,0.040643953473485706,0.35137165880118243,0.2458341640986452,0.13753155120713434,0.18600000000000005,0.24585629921869379,gp_A.20_l.05_bad,0.02,0.66,0.16,1
0.02,0.9913650067174801,0.039898900077331045,0.2518893595570642,0.013371120910366083,0.0,0.2520297275644093,gp_A.20_l.05_bad,0.02,0.33,0.16999999999999998,-1
0.0632455532033676,0.991455683739778,0.02512110754147328,0.22217499123295142,0.04837451765046138,0.008,0.22228622006512688,gp_A.20_l.05_bad,0.02,0.33,0.16999999999999998,-1
0.2,0.9677087176050365,0.26140221896399124,0.12111409816159,0.23388710875704494,0.196,0.12116266739641857,gp_A.20_l.05_bad,0.02,0.33,0.16999999999999998,-1
0.02,0.9959011291564175,0.1205123452691631,0.6425176923495908,-0.007303933093145653,0.0,0.3575692261033433,gp_A.20_l.05_bad,0.02,0.6699999999999999,0.16999999999999998,1
0.0632455532033676,0.5967253532434706,0.25665174521147205,0.5076149267754434,-0.0012072912027349303,0.0030000000000000027,0.4924368755025289,gp_A.20_l.05_bad,0.02,0.6699999999999999,0.16999999999999998,1
0.2,0.06667181300530578,0.3632165120228532,0.23607419791339604,0.1437975732650376,0.20699999999999996,0.23608938720493644,gp_A.20_l.05_bad,0.02,0.6699999999999999,0.16999999999999998,1
0.02,0.8434548152424626,0.02695638715931791,0.1994705881704849,0.01687027509602385,0.0,0.19986958120183562,gp_A.20_l.05_bad,0.02,0.32,0.18,-1
0.0632455532033676,0.9962386666589258,0.014955103482915504,0.27398141941336734,0.03799891250165247,0.001,0.27822224616821817,gp_A.20_l.05_bad,0.02,0.32,0.18,-1
0.2,0.9981180817579318,0.34124703585103666,0.10473904533654854,0.2510003687388432,0.185,0.10477596975980451,gp_A.20_l.05_bad,0.02,0.32,0.18,-1
0.02,0.9816200291356063,0.13502095311910403,0.2499877132251965,0.013490568310457047,0.0,0.2500739214740825,gp_A.20_l.05_bad,0.02,0.6799999999999999,0.18,1
0.0632455532033676,0.00014820101125490037,0.266258128022627,0.44270119200003266,0.009115215670763305,0.0010000000000000009,0.4427498407990443,gp_A.20_l.05_bad,0.02,0.6799999999999999,0.18,1
0.2,0.03335674711809877,0.3371974867447307,0.27346372249485706,0.12047412918139876,0.17800000000000005,0.2734854968535497,gp_A.20_l.05_bad,0.02,0.6799999999999999,0.18,1
0.02,0.8052812322331719,0.022970903462676037,0.5426864817324109,-0.0021440826633554607,0.0,0.45756532613507156,gp_A.20_l.05_bad,0.02,0.31,0.19,-1
0.0632455532033676,0.9958401339404972,0.015597322839771693,0.24202990206591515,0.044258469647150786,0.001,0.242150725641361,gp_A.20_l.05_bad,0.02,0.31,0.19,-1
0.2,0.9205267410188144,0.33035374561278824,0.09796721839324792,0.2586443143930103,0.164,0.09800165430239213,gp_A.20_l.05_bad,0.02,0.31,0.19,-1
0.02,0.9926117160846311,0.13799099060927905,0.45978689742041956,0.0020194120966253422,0.0,0.4599709013495411,gp_A.20_l.05_bad,0.02,0.69,0.19,1
0.0632455532033676,0.008163932675510965,0.2885526700882379,0.4181733355938501,0.013064554589072156,0.0020000000000000018,0.4182154455242675,gp_A.20_l.05_bad,0.02,0.69,0.19,1
0.2,0.0017578216943355818,0.3353226466277583,0.2698100338967233,0.1226775246437351,0.16300000000000003,0.2698347100617976,gp_A.20_l.05_bad,0.02,0.69,0.19,1
0.02,0.9785140694531804,0.03250510552099306,0.2201747463404113,0.015432063518483767,0.0,0.22009063771846543,gp_A.20_l.05_bad,0.02,0.3,0.2,-1
0.0632455532033676,0.9759314744471091,0.008759745486644606,0.36225726160086524,0.0222897385685015,0.002,0.3623773572317009,gp_A.20_l.05_bad,0.02,0.3,0.2,-1
0.2,0.9937106186857286,0.29761756701875014,0.14685609767784202,0.21000257411736062,0.151,0.14690118350958176,gp_A.20_l.05_bad,0.02,0.3,0.2,-1
0.02,0.7031527717116535,0.13414196709480208,0.5437525040318947,-0.0021978408890999343,0.0,0.4564552004331537,gp_A.20_l.05_bad,0.02,0.7,0.2,1
0.0632455532033676,1.9975818043027616e-06,0.29574111248131496,0.43498734524524046,0.01035270474879378,0.0020000000000000018,0.4350248239135525,gp_A.20_l.05_bad,0.02,0.7,0.2,1
0.2,0.011409755740445338,0.33782102716873935,0.2826875554491845,0.11497521523309745,0.15700000000000003,0.2827125064869714,gp_A.20_l.05_bad,0.02,0.7,0.2,1
0.02,0.9545441441595548,0.032069085287648603,0.40106349480369047,0.005011906678963924,0.0,0.4014431687039932,gp_A.20_l.05_bad,0.02,0.29,0.21000000000000002,-1
0.0632455532033676,0.9953376520245333,0.0010619074128410608,0.5899586685962422,-0.014384483766853595,0.001,0.4101717343895514,gp_A.20_l.05_bad,0.02,0.29,0.21000000000000002,-1
0.2,0.6733307472353534,0.3476772908860013,0.0966034750959264,0.2602300968854991,0.147,0.09663995804798509,gp_A.20_l.05_bad,0.02,0.29,0.21000000000000002,-1
0.02,0.9678829873695943,0.09501290215961808,0.4903982209184285,0.0004814083013947233,0.0,0.4904349959170324,gp_A.20_l.05_bad,0.02,0.71,0.21000000000000002,1
0.0632455532033676,0.05920547175074131,0.2977148367607324,0.5263325089877553,-0.004177609972972211,0.0,0.47370432500278276,gp_A.20_l.05_bad,0.02,0.71,0.21000000000000002,1
0.2,0.017977022857066927,0.33450696708916616,0.7582866643849788,-0.14016037389261293,0.14600000000000002,0.24174089303844526,gp_A.20_l.05_bad,0.02,0.71,0.21000000000000002,1
0.02,0.9901918310548629,0.018117176412983722,0.2867326174800769,0.011259108571086973,0.0,0.28784399271303746,gp_A.20_l.05_bad,0.02,0.28,0.22,-1
0.0632455532033676,0.9914806922567503,0.014441590586524021,0.6731754859264258,-0.028378197013918586,0.0,0.32695177094961336,gp_A.20_l.05_bad,0.02,0.28,0.22,-1
0.2,0.986154974288934,0.32479746350567673,0.0880614569271772,0.2705578838973802,0.137,0.08809885686309239,gp_A.20_l.05_bad,0.02,0.28,0.22,-1
0.02,0.9685823570044731,0.0966711689689908,0.46826174416014466,0.001592802326412698,0.0,0.46816488288420377,gp_A.20_l.05_bad,0.02,0.72,0.22,1
0.0632455532033676,0.7045457799362943,0.2630818610537485,0.28902038820113607,0.035180263680570166,0.0020000000000000018,0.28905574650243315,gp_A.20_l.05_bad,0.02,0.72,0.22,1
0.2,0.01737856640419133,0.33735835744387804,0.7204083927104384,-0.1168110280941877,0.16400000000000003,0.27961714041941427,gp_A.20_l.05_bad,0.02,0.72,0.22,1
0.02,0.9932976036700548,0.04498304049220925,0.15265635449877715,0.02050213974470241,0.0,0.15279629949509216,gp_A.20_l.05_bad,0.02,0.27,0.22999999999999998,-1
0.0632455532033676,0.8549439052723686,0.19374245724384653,0.041002432574783323,0.10999476860612899,0.001,0.04102456161904888,gp_A.20_l.05_bad,0.02,0.27,0.22999999999999998,-1
0.2,0.9644897154161216,0.3596689984920718,0.09640581346475859,0.26046130211558244,0.133,0.0964403507623706,gp_A.20_l.05_bad,0.02,0.27,0.22999999999999998,-1
0.02,0.9568585304543769,0.09766361980058413,0.4140888928169718,0.004340784260797377,0.0,0.41420794812228645,gp_A.20_l.05_bad,0.02,0.73,0.22999999999999998,1
0.0632455532033676,0.6861952866877146,0.277931666412695,0.5601773316361369,-0.00957656765259153,0.0,0.4397785177873633,gp_A.20_l.05_bad,0.02,0.73,0.22999999999999998,1
0.2,0.0920519051335148,0.34478898135701946,0.7331848704506934,-0.12449479264212043,0.134,0.26683607675457716,gp_A.20_l.05_bad,0.02,0.73,0.22999999999999998,1
0.02,0.9936060279534312,0.058980442057450476,0.3023989299114997,0.010350266779811199,0.0,0.3022769993119627,gp_A.20_l.05_bad,0.02,0.26,0.24,-1
0.0632455532033676,0.8052870420683981,0.19945996276640474,0.041910920594129396,0.1093470575786459,0.0,0.04192485789696069,gp_A.20_l.05_bad,0.02,0.26,0.24,-1
0.2,0.5703702853988781,0.3938359741653917,0.09894628212147813,0.2575157937338303,0.124,0.09898089752693134,gp_A.20_l.05_bad,0.02,0.26,0.24,-1
0.02,0.9164593687150848,0.07774155496729218,0.5023135851266163,-0.00011598660802766871,0.0,0.49780762005050155,gp_A.20_l.05_bad,0.02,0.74,0.24,1
0.0632455532033676,0.8714686686475163,0.2603380174686521,0.5216121792990196,-0.003427923215753126,0.0,0.4784338286356354,gp_A.20_l.05_bad,0.02,0.74,0.24,1
0.2,0.009152923619946907,0.3406171563802177,0.7143565316052605,-0.11323143566891121,0.118,0.2856657513142457,gp_A.20_l.05_bad,0.02,0.74,0.24,1
0.02,0.9901956293236426,0.07511187972904598,0.37122009774319126,0.006572472323684906,0.0,0.3712267188667583,gp_A.20_l.05_bad,0.02,0.25,0.25,-1
0.0632455532033676,0.9943141442521471,0.188235145089575,0.05752202500305941,0.09966998465345285,0.0,0.057548185050329805,gp_A.20_l.05_bad,0.02,0.25,0.25,-1
0.2,0.9946161085277001,0.33660475791287126,0.11181882226222754,0.2433824288515698,0.098,0.11185892979559739,gp_A.20_l.05_bad,0.02,0.25,0.25,-1
0.02,0.8979281891491547,0.06900940022822805,0.5272163166802355,-0.0013654838736843812,0.0,0.4728990130751502,gp_A.20_l.05_bad,0.02,0.75,0.25,1
0.0632455532033676,0.9708425649514534,0.24044508783902946,0.5674484604671652,-0.010744269666113249,0.0,0.4325959899529526,gp_A.20_l.05_bad,0.02,0.75,0.25,1
0.2,0.09752034632894668,0.340927723135935,0.7613426932313935,-0.14212565606523903,0.10099999999999998,0.23867904248164687,gp_A.20_l.05_bad,0.02,0.75,0.25,1
0.02,0.7327027074244395,0.07978055973859197,0.46546436004349295,0.0017335283972307529,0.0,0.46536349901261337,gp_A.20_l.05_bad,0.02,0.24,0.26,-1
0.0632455532033676,0.9832790583339597,0.2061536531595548,0.08293585173891259,0.08763249507488677,0.0,0.08294757579241958,gp_A.20_l.05_bad,0.02,0.24,0.26,-1
0.2,0.9905859473117988,0.40610032443192107,0.1088055940636204,0.24658101161061918,0.103,0.10883950932562997,gp_A.20_l.05_bad,0.02,0.24,0.26,-1
0.02,0.6627378113626147,0.05475120489208812,0.3843640562381352,0.005880779731929534,0.0,0.38422750478162004,gp_A.20_l.05_bad,0.02,0.76,0.26,1
0.0632455532033676,0.29124496255330046,0.22780513678401818,0.5983535393986152,-0.015753691217495498,0.0,0.4016951872524941,gp_A.20_l.05_bad,0.02,0.76,0.26,1
0.2,1.4918258352203395e-05,0.3448651180882806,0.712602363580979,-0.11220066431490719,0.119,0.2874150752881791,gp_A.20_l.05_bad,0.02,0.76,0.26,1
0.02,0.9932840683863469,0.07965426992461946,0.4116935762326122,0.004463812387653666,0.0,0.4117890981596288,gp_A.20_l.05_bad,0.02,0.22999999999999998,0.27,-1
0.0632455532033676,0.7184743071492523,0.20555208523862312,0.12075495391765306,0.07407452769588335,0.0,0.12076970746268552,gp_A.20_l.05_bad,0.02,0.22999999999999998,0.27,-1
0.2,0.9827710836199046,0.5344807368771869,0.07494562261107043,0.287983143848176,0.088,0.07495885708883618,gp_A.20_l.05_bad,0.02,0.22999999999999998,0.27,-1
0.02,0.9900011424152103,0.0720569870107387,0.23327283723991343,0.01456221889810693,0.0,0.2333643665333675,gp_A.20_l.05_bad,0.02,0.77,0.27,1
0.0632455532033676,0.25933587791364854,0.2340141040723713,0.5681335420690847,-0.010854472703341897,0.0,0.4319144562177119,gp_A.20_l.05_bad,0.02,0.77,0.27,1
0.2,2.2984916310031522e-05,0.32967800597011115,0.7388668060875377,-0.12797114887807273,0.07999999999999996,0.2611613818020997,gp_A.20_l.05_bad,0.02,0.77,0.27,1
0.02,0.9957819602782553,0.061198506709252254,0.44205648405434317,0.002915146440007546,0.0,0.4421900975937648,gp_A.20_l.05_bad,0.02,0.21999999999999997,0.28,-1
0.0632455532033676,0.9146896637741384,0.2096951491669512,0.14213725042384664,0.06772121014671999,0.0,0.142154871783068,gp_A.20_l.05_bad,0.02,0.21999999999999997,0.28,-1
0.2,0.9615740721222923,0.3495789031085995,0.13172837847961727,0.22365162917741677,0.074,0.1317712171029335,gp_A.20_l.05_bad,0.02,0.21999999999999997,0.28,-1
0.02,0.9969205684709206,0.09850866287289639,0.24950752514995372,0.013520806265251522,0.0,0.24957480146686703,gp_A.20_l.05_bad,0.02,0.78,0.28,1
0.0632455532033676,0.009867334111463122,0.23866873527488505,0.5529763827995546,-0.008423346129727815,0.0,0.44707575348073897,gp_A.20_l.05_bad,0.02,0.78,0.28,1
0.2,0.0990333957713545,0.339247610003146,0.7409664139969124,-0.1292655339488611,0.08799999999999997,0.259060103721194,gp_A.20_l.05_bad,0.02,0.78,0.28,1
0.02,0.998953293697328,0.06766243305424582,0.3259471198314527,0.009022644881554147,0.0,0.32605246053775844,gp_A.20_l.05_bad,0.02,0.21000000000000002,0.29,-1
0.0632455532033676,0.12195550132183375,0.20004295191520843,0.18213205360652499,0.05738078436261385,0.0,0.1821577748457079,gp_A.20_l.05_bad,0.02,0.21000000000000002,0.29,-1
0.2,0.737722587092908,0.46130726242521775,0.11253341015910331,0.24263295937393903,0.075,0.11255925900240812,gp_A.20_l.05_bad,0.02,0.21000000000000002,0.29,-1
0.02,0.991194518803744,0.12463298873113204,0.37301994746048295,0.006477309194339753,0.0,0.37295042515697713,gp_A.20_l.05_bad,0.02,0.79,0.29,1
0.0632455532033676,0.0022469869338903603,0.24356568395306605,0.5965482831104624,-0.015458651245053145,0.0,0.40348920839128105,gp_A.20_l.05_bad,0.02,0.79,0.29,1
0.2,0.09028115163608619,0.3397410738807372,0.7305506040397102,-0.12289581634361549,0.07499999999999996,0.2694703908668588,gp_A.20_l.05_bad,0.02,0.79,0.29,1
0.02,0.9946104737572613,0.09511405819506802,0.29739396485410624,0.010638211586059352,0.0,0.29747853364182036,gp_A.20_l.05_bad,0.02,0.2,0.3,-1
0.0632455532033676,0.004583796036346732,0.20913320129519253,0.20982593987593645,0.0510407645522812,0.0,0.20985158200949855,gp_A.20_l.05_bad,0.02,0.2,0.3,-1
0.2,0.9624809550104093,0.5096644113466505,0.10037219193846253,0.2558867337616133,0.059,0.10038553718800919,gp_A.20_l.05_bad,0.02,0.2,0.3,-1
0.02,0.9234761229355455,0.1371802567821439,0.4460069826723633,0.002715125325675858,0.0,0.44607495433124633,gp_A.20_l.05_bad,0.02,0.8,0.3,1
0.0632455532033676,0.0,0.2711615877651927,0.5148703835733865,-0.0023579940537875365,0.0,0.48516086282491955,gp_A.20_l.05_bad,0.02,0.8,0.3,1
0.2,7.563203745786229e-05,0.33638752666254057,0.7268282781342803,-0.1206496831068466,0.062000000000000055,0.2731950334730303,gp_A.20_l.05_bad,0.02,0.8,0.3,1
0.02,0.9957574908799615,0.1074265345401749,0.4806682178143756,0.0009695314322825212,0.0,0.4805870318993704,gp_A.20_l.05_bad,0.02,0.19,0.31,-1
0.0632455532033676,0.014356720792943811,0.20506516004761155,0.2657847747278983,0.039567168976459226,0.0,0.2658083876577432,gp_A.20_l.05_bad,0.02,0.19,0.31,-1
0.2,0.9749930909532221,0.4061251134098537,0.13129367911241402,0.22405933513420223,0.065,0.13132733021203002,gp_A.20_l.05_bad,0.02,0.19,0.31,-1
0.02,0.9460828481983365,0.16113287289767433,0.29296687477506295,0.010894759305529531,0.0,0.29303386267442544,gp_A.20_l.05_bad,0.02,0.81,0.31,1
0.0632455532033676,0.0,0.2712605338819547,0.5962506506883585,-0.015410040494135423,0.0,0.403783086337537,gp_A.20_l.05_bad,0.02,0.81,0.31,1
0.2,0.0008550781013960673,0.32072982654974214,0.6851160985355264,-0.09641073897422091,0.06699999999999995,0.31491217015447054,gp_A.20_l.05_bad,0.02,0.81,0.31,1
0.02,0.9271606061296255,0.14188827372646376,0.44022943824026606,0.0030077506639527257,0.0,0.4403074660548523,gp_A.20_l.05_bad,0.02,0.18,0.32,-1
0.0632455532033676,0.0001391110952143615,0.1975990795382568,0.34176052358729436,0.025782876940533245,0.0,0.34179624535061615,gp_A.20_l.05_bad,0.02,0.18,0.32,-1
0.2,0.9962521534309359,0.37702340212102614,0.1563454130893917,0.20191839075107995,0.059,0.15638446690480215,gp_A.20_l.05_bad,0.02,0.18,0.32,-1
0.02,0.9093156894611629,0.20236513064373546,0.518106416953738,-0.0009080329935549289,0.0,0.48195645639745044,gp_A.20_l.05_bad,0.02,0.8200000000000001,0.32,1
0.0632455532033676,0.0,0.2665308178816378,0.3416563948926815,0.025800816137220583,0.0,0.3416888373506399,gp_A.20_l.05_bad,0.02,0.8200000000000001,0.32,1
0.2,0.0007760904070004404,0.3267450363099896,0.3208428734022198,0.09306862774244508,0.04400000000000004,0.32086140309206307,gp_A.20_l.05_bad,0.02,0.8200000000000001,0.32,1
0.02,0.3401362406501469,0.16364313155561883,0.4375522847285912,0.003143559918272276,0.0,0.437582676220794,gp_A.20_l.05_bad,0.02,0.16999999999999998,0.33,-1
0.0632455532033676,0.004088877186186668,0.19412887868744963,0.24021263290826778,0.04462724768610786,0.0,0.24024871251975838,gp_A.20_l.05_bad,0.02,0.16999999999999998,0.33,-1
0.2,0.7014074070686679,0.49860794903653294,0.1210878884489076,0.23391314518266926,0.056,0.12110207393151474,gp_A.20_l.05_bad,0.02,0.16999999999999998,0.33,-1
0.02,0.6256370996817211,0.1634929329165163,0.39677499133380445,0.005234071537679978,0.0,0.3968395107161408,gp_A.20_l.05_bad,0.02,0.8300000000000001,0.33,1
0.0632455532033676,0.0,0.28479868925703355,0.36555699167470573,0.0217339588445134,0.0,0.365580185014335,gp_A.20_l.05_bad,0.02,0.8300000000000001,0.33,1
0.2,9.458802865036642e-05,0.32544646668745925,0.3080965018424636,0.100250621203708,0.05500000000000005,0.30807207481363913,gp_A.20_l.05_bad,0.02,0.8300000000000001,0.33,1
0.02,0.9210529892718219,0.14134704940143075,0.3688742019853332,0.006696730562823717,0.0,0.368951428049063,gp_A.20_l.05_bad,0.02,0.15999999999999998,0.34,-1
0.0632455532033676,0.0022974856336033245,0.179621729019043,0.4182274662200111,0.013055788162937268,0.0,0.41888943298986986,gp_A.20_l.05_bad,0.02,0.15999999999999998,0.34,-1
0.2,0.3456138792968245,0.42288789912100977,0.16730344450193366,0.19297521384436256,0.042,0.167338274654281,gp_A.20_l.05_bad,0.02,0.15999999999999998,0.34,-1
0.02,0.9914860500355807,0.13608868550585534,0.46491654275617145,0.0017610968966976638,0.0,0.46484146249298436,gp_A.20_l.05_bad,0.02,0.8400000000000001,0.34,1
0.0632455532033676,0.0,0.27962024287887977,0.34064357705717685,0.025975412062626248,0.0,0.34065496907133785,gp_A.20_l.05_bad,0.02,0.8400000000000001,0.34,1
0.2,0.0019806361002090433,0.3367379588493191,0.24223055568460655,0.13982909827643586,0.040000000000000036,0.2422541304969818,gp_A.20_l.05_bad,0.02,0.8400000000000001,0.34,1
0.02,0.9945194035568602,0.1116844594706585,0.4721629825348125,0.001396675478837998,0.0,0.4720794226955765,gp_A.20_l.05_bad,0.02,0.15000000000000002,0.35,-1
0.0632455532033676,0.0012501833926336081,0.16856993141970322,0.7617633838102632,-0.04502997020113862,0.0,0.2382824720183714,gp_A.20_l.05_bad,0.02,0.15000000000000002,0.35,-1
0.2,0.11262673610848428,0.5064483288296886,0.11691596985219291,0.23810916011558492,0.043,0.1169297597555159,gp_A.20_l.05_bad,0.02,0.15000000000000002,0.35,-1
0.02,0.9940405608654407,0.10325287943858658,0.3679061740308235,0.006748080574187963,0.0,0.36782886820851085,gp_A.20_l.05_bad,0.02,0.85,0.35,1
0.0632455532033676,5.29072084298754e-06,0.27431316339919454,0.2867010487640117,0.03561029167341516,0.0,0.28672196122582216,gp_A.20_l.05_bad,0.02,0.85,0.35,1
0.2,0.03723383156398241,0.31840309648101217,0.333625187424985,0.08598495168351372,0.031000000000000028,0.3336557749273878,gp_A.20_l.05_bad,0.02,0.85,0.35,1
