D,strategy,model,anchor,dist,flag,p_min,pi_true_max,n_tests
2,iso_total,gated,0.35,0.15,True,0.0002,0.136,3
2,iso_total,gated,0.353030303030303,0.1469696969696969,True,0.0002,0.164,3
2,iso_total,gated,0.356060606060606,0.1439393939393939,True,0.0002,0.151,2
2,iso_total,gated,0.359090909090909,0.1409090909090909,True,0.0002,0.142,3
2,iso_total,gated,0.3621212121212121,0.1378787878787878,True,0.0002,0.184,3
2,iso_total,gated,0.3651515151515151,0.1348484848484848,True,0.0002,0.176,3
2,iso_total,gated,0.3681818181818181,0.1318181818181818,True,0.0002,0.177,3
2,iso_total,gated,0.3712121212121212,0.1287878787878787,True,0.0002,0.173,3
2,iso_total,gated,0.3742424242424242,0.1257575757575758,True,0.0002,0.171,3
2,iso_total,gated,0.3772727272727272,0.1227272727272727,True,0.0002,0.205,3
2,iso_total,gated,0.3803030303030303,0.1196969696969696,True,0.0002,0.197,3
2,iso_total,gated,0.3833333333333333,0.1166666666666667,True,0.0002,0.204,3
2,iso_total,gated,0.3863636363636363,0.1136363636363636,True,0.0002,0.208,3
2,iso_total,gated,0.3893939393939394,0.1106060606060606,True,0.0002,0.227,3
2,iso_total,gated,0.3924242424242424,0.1075757575757576,True,0.0002,0.204,3
2,iso_total,gated,0.3954545454545454,0.1045454545454545,True,0.0002,0.207,3
2,iso_total,gated,0.3984848484848484,0.1015151515151515,True,0.0002,0.241,3
2,iso_total,gated,0.4015151515151515,0.0984848484848485,True,0.0002,0.259,3
2,iso_total,gated,0.4045454545454545,0.0954545454545454,True,0.0002,0.258,3
2,iso_total,gated,0.4075757575757576,0.0924242424242424,True,0.0002,0.247,3
2,iso_total,gated,0.4106060606060606,0.0893939393939394,True,0.0002,0.271,3
2,iso_total,gated,0.4136363636363636,0.0863636363636363,True,0.0002,0.287,3
2,iso_total,gated,0.4166666666666666,0.0833333333333333,True,0.0002,0.268,3
2,iso_total,gated,0.4196969696969697,0.0803030303030303,True,0.0002,0.29,3
2,iso_total,gated,0.4227272727272727,0.0772727272727272,True,0.0002,0.302,3
2,iso_total,gated,0.4257575757575758,0.0742424242424242,True,0.0002,0.292,3
2,iso_total,gated,0.4287878787878788,0.0712121212121212,True,0.0002,0.298,3
2,iso_total,gated,0.4318181818181818,0.0681818181818181,True,0.0002,0.312,3
2,iso_total,gated,0.4348484848484848,0.0651515151515151,True,0.0002,0.304,3
2,iso_total,gated,0.4378787878787878,0.0621212121212121,True,0.0002,0.323,3
2,iso_total,gated,0.4409090909090909,0.059090909090909,True,0.0002,0.309,3
2,iso_total,gated,0.4439393939393939,0.056060606060606,True,0.0002,0.345,3
2,iso_total,gated,0.4469696969696969,0.053030303030303,True,0.0002,0.366,3
2,iso_total,gated,0.45,0.0499999999999999,True,0.0002,0.34,3
2,iso_total,gated,0.453030303030303,0.0469696969696969,True,0.0002,0.356,3
2,iso_total,gated,0.456060606060606,0.0439393939393939,True,0.0002,0.368,3
2,iso_total,gated,0.4590909090909091,0.0409090909090908,True,0.0002,0.388,3
2,iso_total,gated,0.4621212121212121,0.0378787878787879,True,0.0002,0.406,3
2,iso_total,gated,0.4651515151515151,0.0348484848484848,True,0.0002,0.396,3
2,iso_total,gated,0.4681818181818181,0.0318181818181818,True,0.0002,0.421,3
2,iso_total,gated,0.4712121212121212,0.0287878787878788,True,0.0002,0.438,3
2,iso_total,gated,0.4742424242424242,0.0257575757575757,True,0.0002,0.44,3
2,iso_total,gated,0.4772727272727273,0.0227272727272727,True,0.0002,0.41,3
2,iso_total,gated,0.4803030303030303,0.0196969696969697,True,0.0002,0.458,3
2,iso_total,gated,0.4833333333333333,0.0166666666666666,True,0.0002,0.431,3
2,iso_total,gated,0.4863636363636363,0.0136363636363636,True,0.0002,0.443,3
2,iso_total,gated,0.4893939393939394,0.0106060606060606,True,0.0002,0.499,3
2,iso_total,gated,0.4924242424242424,0.0075757575757575,True,0.0002,0.476,3
2,iso_total,gated,0.4954545454545455,0.0045454545454545,True,0.0002,0.49,3
2,iso_total,gated,0.4984848484848485,0.0015151515151515,True,0.0002,0.492,3
2,iso_total,gated,0.5015151515151515,0.0015151515151514,True,0.0002,0.496,3
2,iso_total,gated,0.5045454545454545,0.0045454545454545,True,0.0002,0.485,3
2,iso_total,gated,0.5075757575757576,0.0075757575757575,True,0.0002,0.472,3
2,iso_total,gated,0.5106060606060606,0.0106060606060606,True,0.0002,0.475,3
2,iso_total,gated,0.5136363636363637,0.0136363636363636,True,0.0002,0.4469999999999999,3
2,iso_total,gated,0.5166666666666666,0.0166666666666666,True,0.0002,0.4619999999999999,3
2,iso_total,gated,0.5196969696969698,0.0196969696969697,True,0.0002,0.437,3
2,iso_total,gated,0.5227272727272727,0.0227272727272727,True,0.0002,0.419,3
2,iso_total,gated,0.5257575757575758,0.0257575757575757,True,0.0002,0.434,3
2,iso_total,gated,0.5287878787878788,0.0287878787878788,True,0.0002,0.405,3
2,iso_total,gated,0.5318181818181819,0.0318181818181818,True,0.0002,0.416,3
2,iso_total,gated,0.5348484848484849,0.0348484848484849,True,0.0002,0.416,3
2,iso_total,gated,0.5378787878787878,0.0378787878787878,True,0.0002,0.419,3
2,iso_total,gated,0.5409090909090909,0.0409090909090908,True,0.0002,0.387,3
2,iso_total,gated,0.543939393939394,0.0439393939393939,True,0.0002,0.383,3
2,iso_total,gated,0.546969696969697,0.0469696969696969,True,0.0002,0.358,3
2,iso_total,gated,0.55,0.05,True,0.0002,0.373,3
2,iso_total,gated,0.553030303030303,0.0530303030303029,True,0.0002,0.353,3
2,iso_total,gated,0.556060606060606,0.056060606060606,True,0.0002,0.352,3
2,iso_total,gated,0.5590909090909091,0.059090909090909,True,0.0002,0.3419999999999999,3
2,iso_total,gated,0.5621212121212121,0.0621212121212121,True,0.0002,0.3309999999999999,3
2,iso_total,gated,0.5651515151515152,0.0651515151515151,True,0.0002,0.3239999999999999,3
2,iso_total,gated,0.5681818181818181,0.0681818181818181,True,0.0002,0.3149999999999999,3
2,iso_total,gated,0.5712121212121213,0.0712121212121212,True,0.0002,0.3149999999999999,3
2,iso_total,gated,0.5742424242424242,0.0742424242424242,True,0.0002,0.271,3
2,iso_total,gated,0.5772727272727273,0.0772727272727272,True,0.0002,0.289,3
2,iso_total,gated,0.5803030303030303,0.0803030303030303,True,0.0002,0.271,3
2,iso_total,gated,0.5833333333333334,0.0833333333333333,True,0.0002,0.274,3
2,iso_total,gated,0.5863636363636364,0.0863636363636364,True,0.0002,0.261,3
2,iso_total,gated,0.5893939393939394,0.0893939393939393,True,0.0002,0.265,3
2,iso_total,gated,0.5924242424242424,0.0924242424242424,True,0.0002,0.257,3
2,iso_total,gated,0.5954545454545455,0.0954545454545454,True,0.0002,0.2299999999999999,3
2,iso_total,gated,0.5984848484848485,0.0984848484848485,True,0.0002,0.2229999999999999,3
2,iso_total,gated,0.6015151515151516,0.1015151515151515,True,0.0002,0.251,3
2,iso_total,gated,0.6045454545454545,0.1045454545454545,True,0.0002,0.235,3
2,iso_total,gated,0.6075757575757577,0.1075757575757576,True,0.0002,0.237,3
2,iso_total,gated,0.6106060606060606,0.1106060606060606,True,0.0002,0.2249999999999999,3
2,iso_total,gated,0.6136363636363636,0.1136363636363636,True,0.0002,0.1879999999999999,3
2,iso_total,gated,0.6166666666666667,0.1166666666666667,True,0.0002,0.2039999999999999,3
2,iso_total,gated,0.6196969696969696,0.1196969696969696,True,0.0002,0.2069999999999999,3
2,iso_total,gated,0.6227272727272728,0.1227272727272728,True,0.0002,0.1949999999999999,2
2,iso_total,gated,0.6257575757575757,0.1257575757575757,True,0.0002,0.185,3
2,iso_total,gated,0.6287878787878788,0.1287878787878787,True,0.0002,0.171,3
2,iso_total,gated,0.6318181818181818,0.1318181818181818,True,0.0002,0.153,3
2,iso_total,gated,0.6348484848484849,0.1348484848484848,True,0.0002,0.162,3
2,iso_total,gated,0.6378787878787879,0.1378787878787879,True,0.0002,0.146,3
2,iso_total,gated,0.6409090909090909,0.1409090909090908,True,0.0002,0.163,2
2,iso_total,gated,0.643939393939394,0.143939393939394,True,0.0002,0.161,3
2,iso_total,gated,0.646969696969697,0.1469696969696969,True,0.0002,0.147,3
2,iso_total,gated,0.65,0.15,True,0.0002,0.166,3
2,iso_total,honest,0.35,0.15,False,0.9038,0.157,3
2,iso_total,honest,0.353030303030303,0.1469696969696969,False,0.9042,0.146,3
2,iso_total,honest,0.356060606060606,0.1439393939393939,False,0.335,0.154,3
2,iso_total,honest,0.359090909090909,0.1409090909090909,False,0.9158,0.158,3
2,iso_total,honest,0.3621212121212121,0.1378787878787878,False,0.9754,0.176,3
2,iso_total,honest,0.3651515151515151,0.1348484848484848,False,0.7576,0.163,3
2,iso_total,honest,0.3681818181818181,0.1318181818181818,False,0.9738,0.19,2
2,iso_total,honest,0.3712121212121212,0.1287878787878787,False,0.987,0.171,2
2,iso_total,honest,0.3742424242424242,0.1257575757575758,False,0.9354,0.2,3
2,iso_total,honest,0.3772727272727272,0.1227272727272727,False,0.993,0.183,3
2,iso_total,honest,0.3803030303030303,0.1196969696969696,False,0.9574,0.222,3
2,iso_total,honest,0.3833333333333333,0.1166666666666667,False,0.986,0.201,3
2,iso_total,honest,0.3863636363636363,0.1136363636363636,False,0.8524,0.242,3
2,iso_total,honest,0.3893939393939394,0.1106060606060606,False,0.6474,0.218,3
2,iso_total,honest,0.3924242424242424,0.1075757575757576,False,0.2196,0.228,3
2,iso_total,honest,0.3954545454545454,0.1045454545454545,False,0.8232,0.228,3
2,iso_total,honest,0.3984848484848484,0.1015151515151515,False,0.6476,0.255,3
2,iso_total,honest,0.4015151515151515,0.0984848484848485,False,0.7456,0.265,2
2,iso_total,honest,0.4045454545454545,0.0954545454545454,False,0.784,0.274,3
2,iso_total,honest,0.4075757575757576,0.0924242424242424,False,0.8964,0.251,3
2,iso_total,honest,0.4106060606060606,0.0893939393939394,False,0.987,0.268,3
2,iso_total,honest,0.4136363636363636,0.0863636363636363,False,0.9892,0.251,2
2,iso_total,honest,0.4166666666666666,0.0833333333333333,False,0.8872,0.277,3
2,iso_total,honest,0.4196969696969697,0.0803030303030303,False,0.9968,0.262,3
2,iso_total,honest,0.4227272727272727,0.0772727272727272,False,0.6326,0.301,3
2,iso_total,honest,0.4257575757575758,0.0742424242424242,False,0.9766,0.299,3
2,iso_total,honest,0.4287878787878788,0.0712121212121212,False,0.993,0.286,3
2,iso_total,honest,0.4318181818181818,0.0681818181818181,False,0.9966,0.342,3
2,iso_total,honest,0.4348484848484848,0.0651515151515151,False,0.9738,0.305,3
2,iso_total,honest,0.4378787878787878,0.0621212121212121,False,0.868,0.301,3
2,iso_total,honest,0.4409090909090909,0.059090909090909,False,0.883,0.333,3
2,iso_total,honest,0.4439393939393939,0.056060606060606,False,0.9834,0.371,3
2,iso_total,honest,0.4469696969696969,0.053030303030303,False,0.7666,0.359,3
2,iso_total,honest,0.45,0.0499999999999999,False,0.971,0.367,3
2,iso_total,honest,0.453030303030303,0.0469696969696969,False,0.6644,0.385,3
2,iso_total,honest,0.456060606060606,0.0439393939393939,False,0.634,0.402,3
2,iso_total,honest,0.4590909090909091,0.0409090909090908,False,0.9208,0.377,3
2,iso_total,honest,0.4621212121212121,0.0378787878787879,False,0.9128,0.382,3
2,iso_total,honest,0.4651515151515151,0.0348484848484848,False,0.982,0.407,3
2,iso_total,honest,0.4681818181818181,0.0318181818181818,False,0.9948,0.42,3
2,iso_total,honest,0.4712121212121212,0.0287878787878788,False,0.938,0.411,3
2,iso_total,honest,0.4742424242424242,0.0257575757575757,False,0.8142,0.421,3
2,iso_total,honest,0.4772727272727273,0.0227272727272727,False,0.51,0.444,3
2,iso_total,honest,0.4803030303030303,0.0196969696969697,False,0.2506,0.458,3
2,iso_total,honest,0.4833333333333333,0.0166666666666666,False,0.9226,0.435,3
2,iso_total,honest,0.4863636363636363,0.0136363636363636,False,0.7178,0.485,3
2,iso_total,honest,0.4893939393939394,0.0106060606060606,False,0.9742,0.466,3
2,iso_total,honest,0.4924242424242424,0.0075757575757575,False,0.8766,0.492,3
2,iso_total,honest,0.4954545454545455,0.0045454545454545,False,0.9998,0.494,3
2,iso_total,honest,0.4984848484848485,0.0015151515151515,False,0.634,0.494,3
2,iso_total,honest,0.5015151515151515,0.0015151515151514,False,0.9902,0.496,3
2,iso_total,honest,0.5045454545454545,0.0045454545454545,False,0.982,0.498,3
2,iso_total,honest,0.5075757575757576,0.0075757575757575,False,0.9918,0.4549999999999999,2
2,iso_total,honest,0.5106060606060606,0.0106060606060606,False,0.775,0.481,3
2,iso_total,honest,0.5136363636363637,0.0136363636363636,False,0.9022,0.4449999999999999,3
2,iso_total,honest,0.5166666666666666,0.0166666666666666,False,0.964,0.4409999999999999,3
2,iso_total,honest,0.5196969696969698,0.0196969696969697,False,0.8952,0.4409999999999999,3
2,iso_total,honest,0.5227272727272727,0.0227272727272727,False,0.8004,0.437,3
2,iso_total,honest,0.5257575757575758,0.0257575757575757,False,0.8652,0.418,3
2,iso_total,honest,0.5287878787878788,0.0287878787878788,False,0.8502,0.421,3
2,iso_total,honest,0.5318181818181819,0.0318181818181818,False,0.6396,0.379,3
2,iso_total,honest,0.5348484848484849,0.0348484848484849,False,0.9162,0.399,3
2,iso_total,honest,0.5378787878787878,0.0378787878787878,False,0.9628,0.418,3
2,iso_total,honest,0.5409090909090909,0.0409090909090908,False,0.9816,0.396,3
2,iso_total,honest,0.543939393939394,0.0439393939393939,False,0.9226,0.377,3
2,iso_total,honest,0.546969696969697,0.0469696969696969,False,0.9974,0.401,3
2,iso_total,honest,0.55,0.05,False,0.9472,0.357,3
2,iso_total,honest,0.553030303030303,0.0530303030303029,False,0.7346,0.352,2
2,iso_total,honest,0.556060606060606,0.056060606060606,False,0.9696,0.353,3
2,iso_total,honest,0.5590909090909091,0.059090909090909,False,0.9754,0.3309999999999999,3
2,iso_total,honest,0.5621212121212121,0.0621212121212121,False,0.941,0.3299999999999999,3
2,iso_total,honest,0.5651515151515152,0.0651515151515151,False,0.9634,0.296,3
2,iso_total,honest,0.5681818181818181,0.0681818181818181,False,0.9382,0.3139999999999999,3
2,iso_total,honest,0.5712121212121213,0.0712121212121212,False,0.8808,0.289,3
2,iso_total,honest,0.5742424242424242,0.0742424242424242,False,0.9608,0.294,2
2,iso_total,honest,0.5772727272727273,0.0772727272727272,False,0.9392,0.293,3
2,iso_total,honest,0.5803030303030303,0.0803030303030303,False,0.9754,0.292,3
2,iso_total,honest,0.5833333333333334,0.0833333333333333,False,0.9258,0.259,3
2,iso_total,honest,0.5863636363636364,0.0863636363636364,False,0.9702,0.275,3
2,iso_total,honest,0.5893939393939394,0.0893939393939393,False,0.9858,0.255,3
2,iso_total,honest,0.5924242424242424,0.0924242424242424,False,0.9524,0.254,3
2,iso_total,honest,0.5954545454545455,0.0954545454545454,False,0.7884,0.245,3
2,iso_total,honest,0.5984848484848485,0.0984848484848485,False,0.7612,0.2299999999999999,3
2,iso_total,honest,0.6015151515151516,0.1015151515151515,False,0.8744,0.248,3
2,iso_total,honest,0.6045454545454545,0.1045454545454545,False,0.9692,0.2069999999999999,3
2,iso_total,honest,0.6075757575757577,0.1075757575757576,False,0.7974,0.256,3
2,iso_total,honest,0.6106060606060606,0.1106060606060606,False,0.8506,0.2229999999999999,3
2,iso_total,honest,0.6136363636363636,0.1136363636363636,False,0.966,0.1899999999999999,3
2,iso_total,honest,0.6166666666666667,0.1166666666666667,False,0.9534,0.2149999999999999,2
2,iso_total,honest,0.6196969696969696,0.1196969696969696,False,0.8062,0.2039999999999999,3
2,iso_total,honest,0.6227272727272728,0.1227272727272728,False,0.353,0.18,3
2,iso_total,honest,0.6257575757575757,0.1257575757575757,False,0.913,0.173,3
2,iso_total,honest,0.6287878787878788,0.1287878787878787,False,0.8866,0.179,3
2,iso_total,honest,0.6318181818181818,0.1318181818181818,False,0.9472,0.168,3
2,iso_total,honest,0.6348484848484849,0.1348484848484848,False,0.96,0.1899999999999999,3
2,iso_total,honest,0.6378787878787879,0.1378787878787879,False,0.9942,0.163,3
2,iso_total,honest,0.6409090909090909,0.1409090909090908,False,0.9936,0.166,3
2,iso_total,honest,0.643939393939394,0.143939393939394,False,0.5018,0.155,3
2,iso_total,honest,0.646969696969697,0.1469696969696969,False,0.5896,0.131,3
2,iso_total,honest,0.65,0.15,False,0.767,0.132,3
2,iso_coord,gated,0.35,0.15,True,0.0002,0.244,3
2,iso_coord,gated,0.353030303030303,0.1469696969696969,True,0.0002,0.228,3
2,iso_coord,gated,0.356060606060606,0.1439393939393939,True,0.0002,0.241,3
2,iso_coord,gated,0.359090909090909,0.1409090909090909,True,0.0002,0.235,3
2,iso_coord,gated,0.3621212121212121,0.1378787878787878,True,0.0002,0.257,3
2,iso_coord,gated,0.3651515151515151,0.1348484848484848,True,0.0002,0.287,3
2,iso_coord,gated,0.3681818181818181,0.1318181818181818,True,0.0002,0.263,3
2,iso_coord,gated,0.3712121212121212,0.1287878787878787,True,0.0002,0.284,3
2,iso_coord,gated,0.3742424242424242,0.1257575757575758,True,0.0002,0.295,3
2,iso_coord,gated,0.3772727272727272,0.1227272727272727,True,0.0002,0.268,3
2,iso_coord,gated,0.3803030303030303,0.1196969696969696,True,0.0002,0.256,3
2,iso_coord,gated,0.3833333333333333,0.1166666666666667,True,0.0002,0.279,3
2,iso_coord,gated,0.3863636363636363,0.1136363636363636,True,0.0002,0.287,3
2,iso_coord,gated,0.3893939393939394,0.1106060606060606,True,0.0002,0.299,3
2,iso_coord,gated,0.3924242424242424,0.1075757575757576,True,0.0002,0.315,3
2,iso_coord,gated,0.3954545454545454,0.1045454545454545,True,0.0002,0.301,3
2,iso_coord,gated,0.3984848484848484,0.1015151515151515,True,0.0002,0.301,3
2,iso_coord,gated,0.4015151515151515,0.0984848484848485,True,0.0002,0.307,3
2,iso_coord,gated,0.4045454545454545,0.0954545454545454,True,0.0002,0.336,3
2,iso_coord,gated,0.4075757575757576,0.0924242424242424,True,0.0002,0.319,3
2,iso_coord,gated,0.4106060606060606,0.0893939393939394,True,0.0002,0.34,3
2,iso_coord,gated,0.4136363636363636,0.0863636363636363,True,0.0002,0.367,3
2,iso_coord,gated,0.4166666666666666,0.0833333333333333,True,0.0002,0.325,3
2,iso_coord,gated,0.4196969696969697,0.0803030303030303,True,0.0002,0.329,3
2,iso_coord,gated,0.4227272727272727,0.0772727272727272,True,0.0002,0.332,3
2,iso_coord,gated,0.4257575757575758,0.0742424242424242,True,0.0002,0.37,3
2,iso_coord,gated,0.4287878787878788,0.0712121212121212,True,0.0002,0.349,3
2,iso_coord,gated,0.4318181818181818,0.0681818181818181,True,0.0002,0.367,3
2,iso_coord,gated,0.4348484848484848,0.0651515151515151,True,0.0002,0.358,3
2,iso_coord,gated,0.4378787878787878,0.0621212121212121,True,0.0002,0.388,3
2,iso_coord,gated,0.4409090909090909,0.059090909090909,True,0.0002,0.396,3
2,iso_coord,gated,0.4439393939393939,0.056060606060606,True,0.0002,0.385,3
2,iso_coord,gated,0.4469696969696969,0.053030303030303,True,0.0002,0.419,3
2,iso_coord,gated,0.45,0.0499999999999999,True,0.0002,0.401,3
2,iso_coord,gated,0.453030303030303,0.0469696969696969,True,0.0002,0.391,3
2,iso_coord,gated,0.456060606060606,0.0439393939393939,True,0.0002,0.408,3
2,iso_coord,gated,0.4590909090909091,0.0409090909090908,True,0.0002,0.428,3
2,iso_coord,gated,0.4621212121212121,0.0378787878787879,True,0.0002,0.421,3
2,iso_coord,gated,0.4651515151515151,0.0348484848484848,True,0.0002,0.434,3
2,iso_coord,gated,0.4681818181818181,0.0318181818181818,True,0.0002,0.45,3
2,iso_coord,gated,0.4712121212121212,0.0287878787878788,True,0.0002,0.436,3
2,iso_coord,gated,0.4742424242424242,0.0257575757575757,True,0.0002,0.42,3
2,iso_coord,gated,0.4772727272727273,0.0227272727272727,True,0.0002,0.446,3
2,iso_coord,gated,0.4803030303030303,0.0196969696969697,True,0.0002,0.46,3
2,iso_coord,gated,0.4833333333333333,0.0166666666666666,True,0.0002,0.465,3
2,iso_coord,gated,0.4863636363636363,0.0136363636363636,True,0.0002,0.455,3
2,iso_coord,gated,0.4893939393939394,0.0106060606060606,True,0.0002,0.484,3
2,iso_coord,gated,0.4924242424242424,0.0075757575757575,True,0.0002,0.499,3
2,iso_coord,gated,0.4954545454545455,0.0045454545454545,True,0.0002,0.493,3
2,iso_coord,gated,0.4984848484848485,0.0015151515151515,True,0.0002,0.49,3
2,iso_coord,gated,0.5015151515151515,0.0015151515151514,True,0.0002,0.487,3
2,iso_coord,gated,0.5045454545454545,0.0045454545454545,True,0.0002,0.494,3
2,iso_coord,gated,0.5075757575757576,0.0075757575757575,True,0.0002,0.49,3
2,iso_coord,gated,0.5106060606060606,0.0106060606060606,True,0.0002,0.492,3
2,iso_coord,gated,0.5136363636363637,0.0136363636363636,True,0.0002,0.491,3
2,iso_coord,gated,0.5166666666666666,0.0166666666666666,True,0.0002,0.4509999999999999,3
2,iso_coord,gated,0.5196969696969698,0.0196969696969697,True,0.0002,0.4679999999999999,3
2,iso_coord,gated,0.5227272727272727,0.0227272727272727,True,0.0002,0.4579999999999999,3
2,iso_coord,gated,0.5257575757575758,0.0257575757575757,True,0.0002,0.4669999999999999,3
2,iso_coord,gated,0.5287878787878788,0.0287878787878788,True,0.0002,0.4549999999999999,3
2,iso_coord,gated,0.5318181818181819,0.0318181818181818,True,0.0002,0.426,3
2,iso_coord,gated,0.5348484848484849,0.0348484848484849,True,0.0002,0.4419999999999999,3
2,iso_coord,gated,0.5378787878787878,0.0378787878787878,True,0.0002,0.433,3
2,iso_coord,gated,0.5409090909090909,0.0409090909090908,True,0.0002,0.428,3
2,iso_coord,gated,0.543939393939394,0.0439393939393939,True,0.0002,0.422,3
2,iso_coord,gated,0.546969696969697,0.0469696969696969,True,0.0002,0.415,3
2,iso_coord,gated,0.55,0.05,True,0.0002,0.389,3
2,iso_coord,gated,0.553030303030303,0.0530303030303029,True,0.0002,0.365,3
2,iso_coord,gated,0.556060606060606,0.056060606060606,True,0.0002,0.365,3
2,iso_coord,gated,0.5590909090909091,0.059090909090909,True,0.0002,0.384,3
2,iso_coord,gated,0.5621212121212121,0.0621212121212121,True,0.0002,0.394,3
2,iso_coord,gated,0.5651515151515152,0.0651515151515151,True,0.0002,0.375,3
2,iso_coord,gated,0.5681818181818181,0.0681818181818181,True,0.0002,0.3419999999999999,3
2,iso_coord,gated,0.5712121212121213,0.0712121212121212,True,0.0002,0.351,3
2,iso_coord,gated,0.5742424242424242,0.0742424242424242,True,0.0002,0.381,3
2,iso_coord,gated,0.5772727272727273,0.0772727272727272,True,0.0002,0.35,3
2,iso_coord,gated,0.5803030303030303,0.0803030303030303,True,0.0002,0.344,3
2,iso_coord,gated,0.5833333333333334,0.0833333333333333,True,0.0002,0.382,3
2,iso_coord,gated,0.5863636363636364,0.0863636363636364,True,0.0002,0.3279999999999999,3
2,iso_coord,gated,0.5893939393939394,0.0893939393939393,True,0.0002,0.3339999999999999,3
2,iso_coord,gated,0.5924242424242424,0.0924242424242424,True,0.0002,0.357,3
2,iso_coord,gated,0.5954545454545455,0.0954545454545454,True,0.0002,0.3299999999999999,3
2,iso_coord,gated,0.5984848484848485,0.0984848484848485,True,0.0002,0.303,3
2,iso_coord,gated,0.6015151515151516,0.1015151515151515,True,0.0002,0.3129999999999999,3
2,iso_coord,gated,0.6045454545454545,0.1045454545454545,True,0.0002,0.3219999999999999,3
2,iso_coord,gated,0.6075757575757577,0.1075757575757576,True,0.0002,0.291,3
2,iso_coord,gated,0.6106060606060606,0.1106060606060606,True,0.0002,0.283,3
2,iso_coord,gated,0.6136363636363636,0.1136363636363636,True,0.0002,0.259,3
2,iso_coord,gated,0.6166666666666667,0.1166666666666667,True,0.0002,0.277,3
2,iso_coord,gated,0.6196969696969696,0.1196969696969696,True,0.0002,0.286,3
2,iso_coord,gated,0.6227272727272728,0.1227272727272728,True,0.0002,0.272,3
2,iso_coord,gated,0.6257575757575757,0.1257575757575757,True,0.0002,0.264,3
2,iso_coord,gated,0.6287878787878788,0.1287878787878787,True,0.0002,0.264,3
2,iso_coord,gated,0.6318181818181818,0.1318181818181818,True,0.0002,0.245,3
2,iso_coord,gated,0.6348484848484849,0.1348484848484848,True,0.0002,0.243,3
2,iso_coord,gated,0.6378787878787879,0.1378787878787879,True,0.0002,0.241,3
2,iso_coord,gated,0.6409090909090909,0.1409090909090908,True,0.0002,0.2239999999999999,3
2,iso_coord,gated,0.643939393939394,0.143939393939394,True,0.0002,0.236,3
2,iso_coord,gated,0.646969696969697,0.1469696969696969,True,0.0002,0.242,3
2,iso_coord,gated,0.65,0.15,True,0.0002,0.2239999999999999,3
2,iso_coord,honest,0.35,0.15,False,0.5974,0.213,3
2,iso_coord,honest,0.353030303030303,0.1469696969696969,False,0.9526,0.208,3
2,iso_coord,honest,0.356060606060606,0.1439393939393939,False,0.2814,0.227,3
2,iso_coord,honest,0.359090909090909,0.1409090909090909,False,0.9956,0.229,3
2,iso_coord,honest,0.3621212121212121,0.1378787878787878,False,0.5408,0.225,3
2,iso_coord,honest,0.3651515151515151,0.1348484848484848,False,0.9566,0.248,3
2,iso_coord,honest,0.3681818181818181,0.1318181818181818,False,0.7868,0.253,3
2,iso_coord,honest,0.3712121212121212,0.1287878787878787,False,0.9726,0.286,3
2,iso_coord,honest,0.3742424242424242,0.1257575757575758,False,0.9726,0.271,3
2,iso_coord,honest,0.3772727272727272,0.1227272727272727,False,0.955,0.271,3
2,iso_coord,honest,0.3803030303030303,0.1196969696969696,False,0.861,0.282,3
2,iso_coord,honest,0.3833333333333333,0.1166666666666667,False,0.657,0.258,3
2,iso_coord,honest,0.3863636363636363,0.1136363636363636,False,0.7164,0.28,3
2,iso_coord,honest,0.3893939393939394,0.1106060606060606,False,0.9128,0.286,3
2,iso_coord,honest,0.3924242424242424,0.1075757575757576,False,0.9504,0.291,3
2,iso_coord,honest,0.3954545454545454,0.1045454545454545,False,0.928,0.294,3
2,iso_coord,honest,0.3984848484848484,0.1015151515151515,False,0.8478,0.266,3
2,iso_coord,honest,0.4015151515151515,0.0984848484848485,False,0.799,0.312,3
2,iso_coord,honest,0.4045454545454545,0.0954545454545454,False,0.9374,0.319,3
2,iso_coord,honest,0.4075757575757576,0.0924242424242424,False,0.988,0.33,3
2,iso_coord,honest,0.4106060606060606,0.0893939393939394,False,0.9936,0.297,3
2,iso_coord,honest,0.4136363636363636,0.0863636363636363,False,0.687,0.349,3
2,iso_coord,honest,0.4166666666666666,0.0833333333333333,False,0.8514,0.347,3
2,iso_coord,honest,0.4196969696969697,0.0803030303030303,False,0.9554,0.344,3
2,iso_coord,honest,0.4227272727272727,0.0772727272727272,False,0.9226,0.339,3
2,iso_coord,honest,0.4257575757575758,0.0742424242424242,False,0.9726,0.356,3
2,iso_coord,honest,0.4287878787878788,0.0712121212121212,False,0.8818,0.367,3
2,iso_coord,honest,0.4318181818181818,0.0681818181818181,False,0.9562,0.336,3
2,iso_coord,honest,0.4348484848484848,0.0651515151515151,False,0.9454,0.371,3
2,iso_coord,honest,0.4378787878787878,0.0621212121212121,False,0.8476,0.374,3
2,iso_coord,honest,0.4409090909090909,0.059090909090909,False,0.9974,0.395,3
2,iso_coord,honest,0.4439393939393939,0.056060606060606,False,0.813,0.377,3
2,iso_coord,honest,0.4469696969696969,0.053030303030303,False,0.9128,0.424,3
2,iso_coord,honest,0.45,0.0499999999999999,False,0.9264,0.414,3
2,iso_coord,honest,0.453030303030303,0.0469696969696969,False,0.9834,0.407,3
2,iso_coord,honest,0.456060606060606,0.0439393939393939,False,0.966,0.419,3
2,iso_coord,honest,0.4590909090909091,0.0409090909090908,False,0.9082,0.409,3
2,iso_coord,honest,0.4621212121212121,0.0378787878787879,False,0.5882,0.417,3
2,iso_coord,honest,0.4651515151515151,0.0348484848484848,False,0.9726,0.424,3
2,iso_coord,honest,0.4681818181818181,0.0318181818181818,False,0.7566,0.412,3
2,iso_coord,honest,0.4712121212121212,0.0287878787878788,False,0.9898,0.446,3
2,iso_coord,honest,0.4742424242424242,0.0257575757575757,False,0.7436,0.423,3
2,iso_coord,honest,0.4772727272727273,0.0227272727272727,False,0.9974,0.469,3
2,iso_coord,honest,0.4803030303030303,0.0196969696969697,False,0.3982,0.47,3
2,iso_coord,honest,0.4833333333333333,0.0166666666666666,False,0.524,0.464,3
2,iso_coord,honest,0.4863636363636363,0.0136363636363636,False,0.5296,0.474,3
2,iso_coord,honest,0.4893939393939394,0.0106060606060606,False,0.8708,0.484,3
2,iso_coord,honest,0.4924242424242424,0.0075757575757575,False,0.985,0.478,3
2,iso_coord,honest,0.4954545454545455,0.0045454545454545,False,0.9536,0.494,3
2,iso_coord,honest,0.4984848484848485,0.0015151515151515,False,0.5924,0.488,3
2,iso_coord,honest,0.5015151515151515,0.0015151515151514,False,0.9754,0.495,3
2,iso_coord,honest,0.5045454545454545,0.0045454545454545,False,0.9842,0.492,3
2,iso_coord,honest,0.5075757575757576,0.0075757575757575,False,0.7772,0.485,3
2,iso_coord,honest,0.5106060606060606,0.0106060606060606,False,0.9776,0.4619999999999999,3
2,iso_coord,honest,0.5136363636363637,0.0136363636363636,False,0.816,0.471,3
2,iso_coord,honest,0.5166666666666666,0.0166666666666666,False,0.807,0.476,3
2,iso_coord,honest,0.5196969696969698,0.0196969696969697,False,0.5814,0.4579999999999999,3
2,iso_coord,honest,0.5227272727272727,0.0227272727272727,False,0.9996,0.4469999999999999,3
2,iso_coord,honest,0.5257575757575758,0.0257575757575757,False,0.9536,0.411,3
2,iso_coord,honest,0.5287878787878788,0.0287878787878788,False,0.6982,0.431,3
2,iso_coord,honest,0.5318181818181819,0.0318181818181818,False,0.9896,0.43,3
2,iso_coord,honest,0.5348484848484849,0.0348484848484849,False,0.857,0.4509999999999999,3
2,iso_coord,honest,0.5378787878787878,0.0378787878787878,False,0.8414,0.4479999999999999,3
2,iso_coord,honest,0.5409090909090909,0.0409090909090908,False,0.966,0.42,3
2,iso_coord,honest,0.543939393939394,0.0439393939393939,False,0.6982,0.432,3
2,iso_coord,honest,0.546969696969697,0.0469696969696969,False,0.8974,0.413,3
2,iso_coord,honest,0.55,0.05,False,0.8912,0.398,3
2,iso_coord,honest,0.553030303030303,0.0530303030303029,False,0.9902,0.373,3
2,iso_coord,honest,0.556060606060606,0.056060606060606,False,0.9554,0.402,3
2,iso_coord,honest,0.5590909090909091,0.059090909090909,False,0.9634,0.383,3
2,iso_coord,honest,0.5621212121212121,0.0621212121212121,False,0.9432,0.394,3
2,iso_coord,honest,0.5651515151515152,0.0651515151515151,False,0.912,0.368,3
2,iso_coord,honest,0.5681818181818181,0.0681818181818181,False,0.6176,0.373,3
2,iso_coord,honest,0.5712121212121213,0.0712121212121212,False,0.8828,0.376,3
2,iso_coord,honest,0.5742424242424242,0.0742424242424242,False,0.9092,0.35,3
2,iso_coord,honest,0.5772727272727273,0.0772727272727272,False,0.985,0.3349999999999999,3
2,iso_coord,honest,0.5803030303030303,0.0803030303030303,False,0.6574,0.359,3
2,iso_coord,honest,0.5833333333333334,0.0833333333333333,False,0.9452,0.344,3
2,iso_coord,honest,0.5863636363636364,0.0863636363636364,False,0.8834,0.297,3
2,iso_coord,honest,0.5893939393939394,0.0893939393939393,False,0.4704,0.3279999999999999,3
2,iso_coord,honest,0.5924242424242424,0.0924242424242424,False,0.9234,0.3329999999999999,3
2,iso_coord,honest,0.5954545454545455,0.0954545454545454,False,0.991,0.3129999999999999,3
2,iso_coord,honest,0.5984848484848485,0.0984848484848485,False,0.869,0.3139999999999999,3
2,iso_coord,honest,0.6015151515151516,0.1015151515151515,False,0.9592,0.294,3
2,iso_coord,honest,0.6045454545454545,0.1045454545454545,False,0.7226,0.288,3
2,iso_coord,honest,0.6075757575757577,0.1075757575757576,False,0.9002,0.3209999999999999,3
2,iso_coord,honest,0.6106060606060606,0.1106060606060606,False,0.9854,0.279,3
2,iso_coord,honest,0.6136363636363636,0.1136363636363636,False,0.5024,0.294,3
2,iso_coord,honest,0.6166666666666667,0.1166666666666667,False,0.6598,0.285,3
2,iso_coord,honest,0.6196969696969696,0.1196969696969696,False,0.9324,0.303,3
2,iso_coord,honest,0.6227272727272728,0.1227272727272728,False,0.984,0.248,3
2,iso_coord,honest,0.6257575757575757,0.1257575757575757,False,0.4814,0.258,3
2,iso_coord,honest,0.6287878787878788,0.1287878787878787,False,0.4582,0.246,3
2,iso_coord,honest,0.6318181818181818,0.1318181818181818,False,0.7194,0.258,3
2,iso_coord,honest,0.6348484848484849,0.1348484848484848,False,0.9356,0.258,3
2,iso_coord,honest,0.6378787878787879,0.1378787878787879,False,0.8864,0.264,3
2,iso_coord,honest,0.6409090909090909,0.1409090909090908,False,0.8868,0.24,3
2,iso_coord,honest,0.643939393939394,0.143939393939394,False,0.5894,0.243,3
2,iso_coord,honest,0.646969696969697,0.1469696969696969,False,0.6708,0.2099999999999999,3
2,iso_coord,honest,0.65,0.15,False,0.869,0.2169999999999999,3
2,iso_resid,gated,0.35,0.15,False,0.0962,0.243,3
2,iso_resid,gated,0.353030303030303,0.1469696969696969,False,0.6238,0.238,3
2,iso_resid,gated,0.356060606060606,0.1439393939393939,False,0.2204,0.246,3
2,iso_resid,gated,0.359090909090909,0.1409090909090909,False,0.1272,0.245,3
2,iso_resid,gated,0.3621212121212121,0.1378787878787878,False,0.1466,0.245,3
2,iso_resid,gated,0.3651515151515151,0.1348484848484848,False,0.5896,0.261,3
2,iso_resid,gated,0.3681818181818181,0.1318181818181818,False,0.4354,0.269,3
2,iso_resid,gated,0.3712121212121212,0.1287878787878787,False,0.0984,0.275,3
2,iso_resid,gated,0.3742424242424242,0.1257575757575758,False,0.094,0.265,3
2,iso_resid,gated,0.3772727272727272,0.1227272727272727,False,0.9022,0.254,3
2,iso_resid,gated,0.3803030303030303,0.1196969696969696,False,0.2354,0.282,3
2,iso_resid,gated,0.3833333333333333,0.1166666666666667,False,0.14,0.278,3
2,iso_resid,gated,0.3863636363636363,0.1136363636363636,False,0.8258,0.267,3
2,iso_resid,gated,0.3893939393939394,0.1106060606060606,False,0.5224,0.294,3
2,iso_resid,gated,0.3924242424242424,0.1075757575757576,False,0.9166,0.278,3
2,iso_resid,gated,0.3954545454545454,0.1045454545454545,False,0.919,0.314,3
2,iso_resid,gated,0.3984848484848484,0.1015151515151515,False,0.526,0.309,3
2,iso_resid,gated,0.4015151515151515,0.0984848484848485,False,0.3622,0.318,3
2,iso_resid,gated,0.4045454545454545,0.0954545454545454,False,0.3876,0.319,3
2,iso_resid,gated,0.4075757575757576,0.0924242424242424,False,0.9046,0.324,3
2,iso_resid,gated,0.4106060606060606,0.0893939393939394,False,0.3784,0.338,3
2,iso_resid,gated,0.4136363636363636,0.0863636363636363,False,0.1226,0.329,3
2,iso_resid,gated,0.4166666666666666,0.0833333333333333,False,0.3766,0.319,3
2,iso_resid,gated,0.4196969696969697,0.0803030303030303,False,0.463,0.34,3
2,iso_resid,gated,0.4227272727272727,0.0772727272727272,False,0.1332,0.35,3
2,iso_resid,gated,0.4257575757575758,0.0742424242424242,False,0.5698,0.357,3
2,iso_resid,gated,0.4287878787878788,0.0712121212121212,False,0.1114,0.366,3
2,iso_resid,gated,0.4318181818181818,0.0681818181818181,False,0.1124,0.369,3
2,iso_resid,gated,0.4348484848484848,0.0651515151515151,False,0.1166,0.366,3
2,iso_resid,gated,0.4378787878787878,0.0621212121212121,False,0.2546,0.372,3
2,iso_resid,gated,0.4409090909090909,0.059090909090909,False,0.7816,0.366,3
2,iso_resid,gated,0.4439393939393939,0.056060606060606,False,0.4248,0.384,3
2,iso_resid,gated,0.4469696969696969,0.053030303030303,False,0.3762,0.398,3
2,iso_resid,gated,0.45,0.0499999999999999,False,0.3982,0.393,3
2,iso_resid,gated,0.453030303030303,0.0469696969696969,False,0.673,0.39,3
2,iso_resid,gated,0.456060606060606,0.0439393939393939,False,0.277,0.427,3
2,iso_resid,gated,0.4590909090909091,0.0409090909090908,False,0.5542,0.399,3
2,iso_resid,gated,0.4621212121212121,0.0378787878787879,False,0.0454,0.426,3
2,iso_resid,gated,0.4651515151515151,0.0348484848484848,False,0.7562,0.42,3
2,iso_resid,gated,0.4681818181818181,0.0318181818181818,False,0.447,0.46,3
2,iso_resid,gated,0.4712121212121212,0.0287878787878788,False,0.0848,0.45,3
2,iso_resid,gated,0.4742424242424242,0.0257575757575757,False,0.776,0.477,3
2,iso_resid,gated,0.4772727272727273,0.0227272727272727,False,0.0334,0.462,3
2,iso_resid,gated,0.4803030303030303,0.0196969696969697,True,0.0054,0.476,3
2,iso_resid,gated,0.4833333333333333,0.0166666666666666,False,0.1874,0.448,3
2,iso_resid,gated,0.4863636363636363,0.0136363636363636,True,0.0064,0.482,3
2,iso_resid,gated,0.4893939393939394,0.0106060606060606,True,0.0054,0.48,3
2,iso_resid,gated,0.4924242424242424,0.0075757575757575,False,0.1688,0.478,3
2,iso_resid,gated,0.4954545454545455,0.0045454545454545,False,0.0962,0.489,3
2,iso_resid,gated,0.4984848484848485,0.0015151515151515,False,0.0712,0.487,3
2,iso_resid,gated,0.5015151515151515,0.0015151515151514,False,0.505,0.496,3
2,iso_resid,gated,0.5045454545454545,0.0045454545454545,False,0.5578,0.491,3
2,iso_resid,gated,0.5075757575757576,0.0075757575757575,False,0.5216,0.47,3
2,iso_resid,gated,0.5106060606060606,0.0106060606060606,False,0.2826,0.478,3
2,iso_resid,gated,0.5136363636363637,0.0136363636363636,False,0.0348,0.482,3
2,iso_resid,gated,0.5166666666666666,0.0166666666666666,False,0.4462,0.4449999999999999,3
2,iso_resid,gated,0.5196969696969698,0.0196969696969697,False,0.615,0.469,3
2,iso_resid,gated,0.5227272727272727,0.0227272727272727,False,0.3506,0.4449999999999999,3
2,iso_resid,gated,0.5257575757575758,0.0257575757575757,False,0.1026,0.4479999999999999,3
2,iso_resid,gated,0.5287878787878788,0.0287878787878788,False,0.741,0.4419999999999999,3
2,iso_resid,gated,0.5318181818181819,0.0318181818181818,False,0.4284,0.426,3
2,iso_resid,gated,0.5348484848484849,0.0348484848484849,False,0.5428,0.426,3
2,iso_resid,gated,0.5378787878787878,0.0378787878787878,False,0.0772,0.427,3
2,iso_resid,gated,0.5409090909090909,0.0409090909090908,False,0.6636,0.422,3
2,iso_resid,gated,0.543939393939394,0.0439393939393939,False,0.2338,0.416,3
2,iso_resid,gated,0.546969696969697,0.0469696969696969,False,0.1892,0.425,3
2,iso_resid,gated,0.55,0.05,False,0.0884,0.4,3
2,iso_resid,gated,0.553030303030303,0.0530303030303029,False,0.4506,0.397,3
2,iso_resid,gated,0.556060606060606,0.056060606060606,False,0.4084,0.424,3
2,iso_resid,gated,0.5590909090909091,0.059090909090909,False,0.1374,0.365,3
2,iso_resid,gated,0.5621212121212121,0.0621212121212121,False,0.1252,0.386,3
2,iso_resid,gated,0.5651515151515152,0.0651515151515151,False,0.0942,0.361,3
2,iso_resid,gated,0.5681818181818181,0.0681818181818181,False,0.386,0.358,3
2,iso_resid,gated,0.5712121212121213,0.0712121212121212,False,0.077,0.364,3
2,iso_resid,gated,0.5742424242424242,0.0742424242424242,False,0.5372,0.375,3
2,iso_resid,gated,0.5772727272727273,0.0772727272727272,False,0.2488,0.3239999999999999,3
2,iso_resid,gated,0.5803030303030303,0.0803030303030303,False,0.2442,0.3419999999999999,3
2,iso_resid,gated,0.5833333333333334,0.0833333333333333,False,0.241,0.3399999999999999,3
2,iso_resid,gated,0.5863636363636364,0.0863636363636364,False,0.597,0.3249999999999999,3
2,iso_resid,gated,0.5893939393939394,0.0893939393939393,False,0.917,0.312,3
2,iso_resid,gated,0.5924242424242424,0.0924242424242424,False,0.4826,0.3249999999999999,3
2,iso_resid,gated,0.5954545454545455,0.0954545454545454,False,0.6652,0.347,3
2,iso_resid,gated,0.5984848484848485,0.0984848484848485,False,0.676,0.308,3
2,iso_resid,gated,0.6015151515151516,0.1015151515151515,False,0.8026,0.299,3
2,iso_resid,gated,0.6045454545454545,0.1045454545454545,False,0.8632,0.28,3
2,iso_resid,gated,0.6075757575757577,0.1075757575757576,False,0.1404,0.29,3
2,iso_resid,gated,0.6106060606060606,0.1106060606060606,False,0.4044,0.284,3
2,iso_resid,gated,0.6136363636363636,0.1136363636363636,False,0.5388,0.284,3
2,iso_resid,gated,0.6166666666666667,0.1166666666666667,False,0.0384,0.287,3
2,iso_resid,gated,0.6196969696969696,0.1196969696969696,False,0.0854,0.278,3
2,iso_resid,gated,0.6227272727272728,0.1227272727272728,False,0.449,0.263,3
2,iso_resid,gated,0.6257575757575757,0.1257575757575757,False,0.1292,0.262,3
2,iso_resid,gated,0.6287878787878788,0.1287878787878787,False,0.3526,0.239,3
2,iso_resid,gated,0.6318181818181818,0.1318181818181818,False,0.5126,0.26,3
2,iso_resid,gated,0.6348484848484849,0.1348484848484848,False,0.3478,0.2339999999999999,3
2,iso_resid,gated,0.6378787878787879,0.1378787878787879,False,0.2438,0.2249999999999999,3
2,iso_resid,gated,0.6409090909090909,0.1409090909090908,False,0.0238,0.2229999999999999,3
2,iso_resid,gated,0.643939393939394,0.143939393939394,False,0.0824,0.236,3
2,iso_resid,gated,0.646969696969697,0.1469696969696969,False,0.3576,0.2259999999999999,3
2,iso_resid,gated,0.65,0.15,False,0.172,0.2269999999999999,3
2,iso_resid,honest,0.35,0.15,False,0.5922,0.218,3
2,iso_resid,honest,0.353030303030303,0.1469696969696969,False,0.8552,0.248,3
2,iso_resid,honest,0.356060606060606,0.1439393939393939,False,0.9356,0.255,3
2,iso_resid,honest,0.359090909090909,0.1409090909090909,False,0.993,0.244,3
2,iso_resid,honest,0.3621212121212121,0.1378787878787878,False,0.992,0.245,3
2,iso_resid,honest,0.3651515151515151,0.1348484848484848,False,0.9994,0.237,3
2,iso_resid,honest,0.3681818181818181,0.1318181818181818,False,0.7968,0.282,3
2,iso_resid,honest,0.3712121212121212,0.1287878787878787,False,0.6414,0.256,3
2,iso_resid,honest,0.3742424242424242,0.1257575757575758,False,0.3036,0.252,3
2,iso_resid,honest,0.3772727272727272,0.1227272727272727,False,0.993,0.279,3
2,iso_resid,honest,0.3803030303030303,0.1196969696969696,False,0.9784,0.285,3
2,iso_resid,honest,0.3833333333333333,0.1166666666666667,False,0.9762,0.282,3
2,iso_resid,honest,0.3863636363636363,0.1136363636363636,False,0.8804,0.297,3
2,iso_resid,honest,0.3893939393939394,0.1106060606060606,False,0.9308,0.276,3
2,iso_resid,honest,0.3924242424242424,0.1075757575757576,False,0.9854,0.296,3
2,iso_resid,honest,0.3954545454545454,0.1045454545454545,False,0.8966,0.324,3
2,iso_resid,honest,0.3984848484848484,0.1015151515151515,False,0.951,0.29,3
2,iso_resid,honest,0.4015151515151515,0.0984848484848485,False,0.9922,0.32,3
2,iso_resid,honest,0.4045454545454545,0.0954545454545454,False,0.9566,0.311,3
2,iso_resid,honest,0.4075757575757576,0.0924242424242424,False,0.9128,0.333,3
2,iso_resid,honest,0.4106060606060606,0.0893939393939394,False,0.9494,0.326,3
2,iso_resid,honest,0.4136363636363636,0.0863636363636363,False,0.939,0.318,3
2,iso_resid,honest,0.4166666666666666,0.0833333333333333,False,0.769,0.335,3
2,iso_resid,honest,0.4196969696969697,0.0803030303030303,False,0.8858,0.333,3
2,iso_resid,honest,0.4227272727272727,0.0772727272727272,False,0.8776,0.327,3
2,iso_resid,honest,0.4257575757575758,0.0742424242424242,False,0.9624,0.347,3
2,iso_resid,honest,0.4287878787878788,0.0712121212121212,False,0.7958,0.353,3
2,iso_resid,honest,0.4318181818181818,0.0681818181818181,False,0.872,0.361,3
2,iso_resid,honest,0.4348484848484848,0.0651515151515151,False,0.9588,0.388,3
2,iso_resid,honest,0.4378787878787878,0.0621212121212121,False,0.9636,0.374,3
2,iso_resid,honest,0.4409090909090909,0.059090909090909,False,0.96,0.391,3
2,iso_resid,honest,0.4439393939393939,0.056060606060606,False,0.6998,0.384,3
2,iso_resid,honest,0.4469696969696969,0.053030303030303,False,0.5628,0.413,3
2,iso_resid,honest,0.45,0.0499999999999999,False,0.8624,0.406,3
2,iso_resid,honest,0.453030303030303,0.0469696969696969,False,0.9572,0.413,3
2,iso_resid,honest,0.456060606060606,0.0439393939393939,False,0.7214,0.406,3
2,iso_resid,honest,0.4590909090909091,0.0409090909090908,False,0.9936,0.417,3
2,iso_resid,honest,0.4621212121212121,0.0378787878787879,False,0.9,0.439,3
2,iso_resid,honest,0.4651515151515151,0.0348484848484848,False,0.927,0.399,3
2,iso_resid,honest,0.4681818181818181,0.0318181818181818,False,0.529,0.456,3
2,iso_resid,honest,0.4712121212121212,0.0287878787878788,False,0.5674,0.456,3
2,iso_resid,honest,0.4742424242424242,0.0257575757575757,False,0.2472,0.441,3
2,iso_resid,honest,0.4772727272727273,0.0227272727272727,False,0.682,0.433,3
2,iso_resid,honest,0.4803030303030303,0.0196969696969697,False,0.7724,0.467,3
2,iso_resid,honest,0.4833333333333333,0.0166666666666666,False,0.934,0.476,3
2,iso_resid,honest,0.4863636363636363,0.0136363636363636,False,0.9958,0.484,3
2,iso_resid,honest,0.4893939393939394,0.0106060606060606,False,0.7506,0.471,3
2,iso_resid,honest,0.4924242424242424,0.0075757575757575,False,0.4006,0.487,3
2,iso_resid,honest,0.4954545454545455,0.0045454545454545,False,0.947,0.491,3
2,iso_resid,honest,0.4984848484848485,0.0015151515151515,False,0.978,0.491,3
2,iso_resid,honest,0.5015151515151515,0.0015151515151514,False,0.986,0.495,3
2,iso_resid,honest,0.5045454545454545,0.0045454545454545,False,0.9926,0.489,3
2,iso_resid,honest,0.5075757575757576,0.0075757575757575,False,0.8296,0.497,3
2,iso_resid,honest,0.5106060606060606,0.0106060606060606,False,0.9506,0.489,3
2,iso_resid,honest,0.5136363636363637,0.0136363636363636,False,0.9576,0.4619999999999999,3
2,iso_resid,honest,0.5166666666666666,0.0166666666666666,False,0.4128,0.4599999999999999,3
2,iso_resid,honest,0.5196969696969698,0.0196969696969697,False,0.6942,0.471,3
2,iso_resid,honest,0.5227272727272727,0.0227272727272727,False,0.992,0.469,3
2,iso_resid,honest,0.5257575757575758,0.0257575757575757,False,0.9634,0.4429999999999999,3
2,iso_resid,honest,0.5287878787878788,0.0287878787878788,False,0.9888,0.4389999999999999,3
2,iso_resid,honest,0.5318181818181819,0.0318181818181818,False,0.8956,0.4449999999999999,3
2,iso_resid,honest,0.5348484848484849,0.0348484848484849,False,0.9582,0.403,3
2,iso_resid,honest,0.5378787878787878,0.0378787878787878,False,0.9456,0.425,3
2,iso_resid,honest,0.5409090909090909,0.0409090909090908,False,0.938,0.399,3
2,iso_resid,honest,0.543939393939394,0.0439393939393939,False,0.9998,0.414,3
2,iso_resid,honest,0.546969696969697,0.0469696969696969,False,0.6614,0.411,3
2,iso_resid,honest,0.55,0.05,False,0.9498,0.393,3
2,iso_resid,honest,0.553030303030303,0.0530303030303029,False,0.9008,0.398,3
2,iso_resid,honest,0.556060606060606,0.056060606060606,False,1.0,0.371,3
2,iso_resid,honest,0.5590909090909091,0.059090909090909,False,0.9266,0.366,3
2,iso_resid,honest,0.5621212121212121,0.0621212121212121,False,0.7662,0.371,3
2,iso_resid,honest,0.5651515151515152,0.0651515151515151,False,0.7896,0.372,3
2,iso_resid,honest,0.5681818181818181,0.0681818181818181,False,0.9258,0.369,3
2,iso_resid,honest,0.5712121212121213,0.0712121212121212,False,0.7692,0.356,3
2,iso_resid,honest,0.5742424242424242,0.0742424242424242,False,0.9424,0.3379999999999999,3
2,iso_resid,honest,0.5772727272727273,0.0772727272727272,False,0.8712,0.304,3
2,iso_resid,honest,0.5803030303030303,0.0803030303030303,False,0.5458,0.36,3
2,iso_resid,honest,0.5833333333333334,0.0833333333333333,False,0.628,0.3279999999999999,3
2,iso_resid,honest,0.5863636363636364,0.0863636363636364,False,0.9046,0.3369999999999999,3
2,iso_resid,honest,0.5893939393939394,0.0893939393939393,False,0.6968,0.348,3
2,iso_resid,honest,0.5924242424242424,0.0924242424242424,False,0.9956,0.3169999999999999,3
2,iso_resid,honest,0.5954545454545455,0.0954545454545454,False,0.9004,0.3259999999999999,3
2,iso_resid,honest,0.5984848484848485,0.0984848484848485,False,0.9668,0.3159999999999999,3
2,iso_resid,honest,0.6015151515151516,0.1015151515151515,False,0.958,0.3279999999999999,3
2,iso_resid,honest,0.6045454545454545,0.1045454545454545,False,0.8206,0.302,3
2,iso_resid,honest,0.6075757575757577,0.1075757575757576,False,0.971,0.286,3
2,iso_resid,honest,0.6106060606060606,0.1106060606060606,False,0.9974,0.308,3
2,iso_resid,honest,0.6136363636363636,0.1136363636363636,False,0.6246,0.276,3
2,iso_resid,honest,0.6166666666666667,0.1166666666666667,False,0.7738,0.297,3
2,iso_resid,honest,0.6196969696969696,0.1196969696969696,False,0.9894,0.256,3
2,iso_resid,honest,0.6227272727272728,0.1227272727272728,False,0.7756,0.267,3
2,iso_resid,honest,0.6257575757575757,0.1257575757575757,False,0.9934,0.26,3
2,iso_resid,honest,0.6287878787878788,0.1287878787878787,False,0.9576,0.251,3
2,iso_resid,honest,0.6318181818181818,0.1318181818181818,False,0.9934,0.264,3
2,iso_resid,honest,0.6348484848484849,0.1348484848484848,False,0.9928,0.265,3
2,iso_resid,honest,0.6378787878787879,0.1378787878787879,False,0.938,0.236,3
2,iso_resid,honest,0.6409090909090909,0.1409090909090908,False,0.6728,0.239,3
2,iso_resid,honest,0.643939393939394,0.143939393939394,False,0.9796,0.248,3
2,iso_resid,honest,0.646969696969697,0.1469696969696969,False,0.6854,0.254,3
2,iso_resid,honest,0.65,0.15,False,0.9188,0.2219999999999999,3
2,iso_resid_rob,gated,0.35,0.15,True,0.0004,0.225,3
2,iso_resid_rob,gated,0.353030303030303,0.1469696969696969,True,0.0002,0.244,3
2,iso_resid_rob,gated,0.356060606060606,0.1439393939393939,True,0.0002,0.248,3
2,iso_resid_rob,gated,0.359090909090909,0.1409090909090909,True,0.0002,0.224,3
2,iso_resid_rob,gated,0.3621212121212121,0.1378787878787878,True,0.0002,0.232,3
2,iso_resid_rob,gated,0.3651515151515151,0.1348484848484848,True,0.0002,0.247,3
2,iso_resid_rob,gated,0.3681818181818181,0.1318181818181818,True,0.0002,0.262,3
2,iso_resid_rob,gated,0.3712121212121212,0.1287878787878787,True,0.0002,0.27,3
2,iso_resid_rob,gated,0.3742424242424242,0.1257575757575758,True,0.0002,0.268,3
2,iso_resid_rob,gated,0.3772727272727272,0.1227272727272727,True,0.0002,0.269,3
2,iso_resid_rob,gated,0.3803030303030303,0.1196969696969696,True,0.0002,0.283,3
2,iso_resid_rob,gated,0.3833333333333333,0.1166666666666667,True,0.0002,0.281,3
2,iso_resid_rob,gated,0.3863636363636363,0.1136363636363636,True,0.0002,0.288,3
2,iso_resid_rob,gated,0.3893939393939394,0.1106060606060606,True,0.0002,0.307,3
2,iso_resid_rob,gated,0.3924242424242424,0.1075757575757576,True,0.0002,0.289,3
2,iso_resid_rob,gated,0.3954545454545454,0.1045454545454545,True,0.0002,0.301,3
2,iso_resid_rob,gated,0.3984848484848484,0.1015151515151515,True,0.0002,0.303,3
2,iso_resid_rob,gated,0.4015151515151515,0.0984848484848485,True,0.0002,0.325,3
2,iso_resid_rob,gated,0.4045454545454545,0.0954545454545454,True,0.0002,0.319,3
2,iso_resid_rob,gated,0.4075757575757576,0.0924242424242424,True,0.0002,0.339,3
2,iso_resid_rob,gated,0.4106060606060606,0.0893939393939394,True,0.0002,0.333,3
2,iso_resid_rob,gated,0.4136363636363636,0.0863636363636363,True,0.0002,0.33,3
2,iso_resid_rob,gated,0.4166666666666666,0.0833333333333333,True,0.0002,0.35,3
2,iso_resid_rob,gated,0.4196969696969697,0.0803030303030303,True,0.0002,0.343,3
2,iso_resid_rob,gated,0.4227272727272727,0.0772727272727272,True,0.0004,0.359,3
2,iso_resid_rob,gated,0.4257575757575758,0.0742424242424242,True,0.0002,0.355,3
2,iso_resid_rob,gated,0.4287878787878788,0.0712121212121212,True,0.0002,0.364,3
2,iso_resid_rob,gated,0.4318181818181818,0.0681818181818181,True,0.0002,0.377,3
2,iso_resid_rob,gated,0.4348484848484848,0.0651515151515151,True,0.0002,0.37,3
2,iso_resid_rob,gated,0.4378787878787878,0.0621212121212121,True,0.0002,0.363,3
2,iso_resid_rob,gated,0.4409090909090909,0.059090909090909,True,0.0002,0.387,3
2,iso_resid_rob,gated,0.4439393939393939,0.056060606060606,True,0.0002,0.387,3
2,iso_resid_rob,gated,0.4469696969696969,0.053030303030303,True,0.0002,0.396,3
2,iso_resid_rob,gated,0.45,0.0499999999999999,True,0.0002,0.399,3
2,iso_resid_rob,gated,0.453030303030303,0.0469696969696969,True,0.0002,0.391,3
2,iso_resid_rob,gated,0.456060606060606,0.0439393939393939,True,0.0002,0.413,3
2,iso_resid_rob,gated,0.4590909090909091,0.0409090909090908,True,0.0002,0.409,3
2,iso_resid_rob,gated,0.4621212121212121,0.0378787878787879,True,0.0002,0.4,3
2,iso_resid_rob,gated,0.4651515151515151,0.0348484848484848,False,0.2552,0.446,3
2,iso_resid_rob,gated,0.4681818181818181,0.0318181818181818,False,0.239,0.435,3
2,iso_resid_rob,gated,0.4712121212121212,0.0287878787878788,False,0.0464,0.447,3
2,iso_resid_rob,gated,0.4742424242424242,0.0257575757575757,False,0.1046,0.46,3
2,iso_resid_rob,gated,0.4772727272727273,0.0227272727272727,False,0.1638,0.474,3
2,iso_resid_rob,gated,0.4803030303030303,0.0196969696969697,False,0.2,0.435,3
2,iso_resid_rob,gated,0.4833333333333333,0.0166666666666666,False,0.2488,0.461,3
2,iso_resid_rob,gated,0.4863636363636363,0.0136363636363636,False,0.1008,0.47,3
2,iso_resid_rob,gated,0.4893939393939394,0.0106060606060606,False,0.079,0.498,3
2,iso_resid_rob,gated,0.4924242424242424,0.0075757575757575,False,0.8106,0.467,3
2,iso_resid_rob,gated,0.4954545454545455,0.0045454545454545,False,0.0858,0.49,3
2,iso_resid_rob,gated,0.4984848484848485,0.0015151515151515,False,0.3986,0.5,3
2,iso_resid_rob,gated,0.5015151515151515,0.0015151515151514,False,0.5368,0.486,3
2,iso_resid_rob,gated,0.5045454545454545,0.0045454545454545,False,0.9118,0.49,3
2,iso_resid_rob,gated,0.5075757575757576,0.0075757575757575,False,0.529,0.486,3
2,iso_resid_rob,gated,0.5106060606060606,0.0106060606060606,False,0.0572,0.4649999999999999,3
2,iso_resid_rob,gated,0.5136363636363637,0.0136363636363636,False,0.104,0.473,3
2,iso_resid_rob,gated,0.5166666666666666,0.0166666666666666,False,0.5994,0.4569999999999999,3
2,iso_resid_rob,gated,0.5196969696969698,0.0196969696969697,False,0.4834,0.4539999999999999,3
2,iso_resid_rob,gated,0.5227272727272727,0.0227272727272727,False,0.4598,0.4559999999999999,3
2,iso_resid_rob,gated,0.5257575757575758,0.0257575757575757,False,0.1444,0.4539999999999999,3
2,iso_resid_rob,gated,0.5287878787878788,0.0287878787878788,False,0.5496,0.4379999999999999,3
2,iso_resid_rob,gated,0.5318181818181819,0.0318181818181818,False,0.8128,0.41,3
2,iso_resid_rob,gated,0.5348484848484849,0.0348484848484849,False,0.06,0.4529999999999999,3
2,iso_resid_rob,gated,0.5378787878787878,0.0378787878787878,True,0.0002,0.43,3
2,iso_resid_rob,gated,0.5409090909090909,0.0409090909090908,True,0.001,0.423,3
2,iso_resid_rob,gated,0.543939393939394,0.0439393939393939,True,0.0002,0.43,3
2,iso_resid_rob,gated,0.546969696969697,0.0469696969696969,True,0.0002,0.427,3
2,iso_resid_rob,gated,0.55,0.05,True,0.0002,0.395,3
2,iso_resid_rob,gated,0.553030303030303,0.0530303030303029,True,0.0002,0.395,3
2,iso_resid_rob,gated,0.556060606060606,0.056060606060606,True,0.0002,0.381,3
2,iso_resid_rob,gated,0.5590909090909091,0.059090909090909,True,0.0002,0.401,3
2,iso_resid_rob,gated,0.5621212121212121,0.0621212121212121,True,0.0002,0.361,3
2,iso_resid_rob,gated,0.5651515151515152,0.0651515151515151,True,0.0002,0.344,3
2,iso_resid_rob,gated,0.5681818181818181,0.0681818181818181,True,0.0002,0.377,3
2,iso_resid_rob,gated,0.5712121212121213,0.0712121212121212,True,0.0002,0.359,3
2,iso_resid_rob,gated,0.5742424242424242,0.0742424242424242,True,0.0002,0.365,3
2,iso_resid_rob,gated,0.5772727272727273,0.0772727272727272,True,0.0002,0.386,3
2,iso_resid_rob,gated,0.5803030303030303,0.0803030303030303,True,0.0002,0.357,3
2,iso_resid_rob,gated,0.5833333333333334,0.0833333333333333,True,0.0002,0.3389999999999999,3
2,iso_resid_rob,gated,0.5863636363636364,0.0863636363636364,True,0.0002,0.369,3
2,iso_resid_rob,gated,0.5893939393939394,0.0893939393939393,True,0.0002,0.356,3
2,iso_resid_rob,gated,0.5924242424242424,0.0924242424242424,True,0.0002,0.3239999999999999,3
2,iso_resid_rob,gated,0.5954545454545455,0.0954545454545454,True,0.0002,0.3239999999999999,3
2,iso_resid_rob,gated,0.5984848484848485,0.0984848484848485,True,0.0002,0.308,3
2,iso_resid_rob,gated,0.6015151515151516,0.1015151515151515,True,0.0002,0.292,3
2,iso_resid_rob,gated,0.6045454545454545,0.1045454545454545,True,0.0002,0.308,3
2,iso_resid_rob,gated,0.6075757575757577,0.1075757575757576,True,0.0002,0.297,3
2,iso_resid_rob,gated,0.6106060606060606,0.1106060606060606,True,0.0002,0.306,3
2,iso_resid_rob,gated,0.6136363636363636,0.1136363636363636,True,0.0002,0.287,3
2,iso_resid_rob,gated,0.6166666666666667,0.1166666666666667,True,0.0002,0.281,3
2,iso_resid_rob,gated,0.6196969696969696,0.1196969696969696,True,0.0002,0.275,3
2,iso_resid_rob,gated,0.6227272727272728,0.1227272727272728,True,0.0002,0.261,3
2,iso_resid_rob,gated,0.6257575757575757,0.1257575757575757,True,0.0002,0.272,3
2,iso_resid_rob,gated,0.6287878787878788,0.1287878787878787,True,0.0002,0.268,3
2,iso_resid_rob,gated,0.6318181818181818,0.1318181818181818,True,0.0002,0.254,3
2,iso_resid_rob,gated,0.6348484848484849,0.1348484848484848,True,0.0002,0.258,3
2,iso_resid_rob,gated,0.6378787878787879,0.1378787878787879,True,0.0002,0.248,3
2,iso_resid_rob,gated,0.6409090909090909,0.1409090909090908,True,0.0002,0.258,3
2,iso_resid_rob,gated,0.643939393939394,0.143939393939394,True,0.0004,0.253,3
2,iso_resid_rob,gated,0.646969696969697,0.1469696969696969,True,0.0002,0.242,3
2,iso_resid_rob,gated,0.65,0.15,True,0.0002,0.2319999999999999,3
2,iso_resid_rob,honest,0.35,0.15,False,0.9916,0.235,3
2,iso_resid_rob,honest,0.353030303030303,0.1469696969696969,False,0.7656,0.226,3
2,iso_resid_rob,honest,0.356060606060606,0.1439393939393939,False,0.9704,0.23,3
2,iso_resid_rob,honest,0.359090909090909,0.1409090909090909,False,0.9672,0.267,3
2,iso_resid_rob,honest,0.3621212121212121,0.1378787878787878,False,0.739,0.24,3
2,iso_resid_rob,honest,0.3651515151515151,0.1348484848484848,False,0.9038,0.242,3
2,iso_resid_rob,honest,0.3681818181818181,0.1318181818181818,False,0.8694,0.256,3
2,iso_resid_rob,honest,0.3712121212121212,0.1287878787878787,False,0.9738,0.252,3
2,iso_resid_rob,honest,0.3742424242424242,0.1257575757575758,False,0.8078,0.245,3
2,iso_resid_rob,honest,0.3772727272727272,0.1227272727272727,False,0.9124,0.276,3
2,iso_resid_rob,honest,0.3803030303030303,0.1196969696969696,False,0.7808,0.279,3
2,iso_resid_rob,honest,0.3833333333333333,0.1166666666666667,False,0.9902,0.288,3
2,iso_resid_rob,honest,0.3863636363636363,0.1136363636363636,False,0.9222,0.314,3
2,iso_resid_rob,honest,0.3893939393939394,0.1106060606060606,False,0.7052,0.299,3
2,iso_resid_rob,honest,0.3924242424242424,0.1075757575757576,False,0.9948,0.278,3
2,iso_resid_rob,honest,0.3954545454545454,0.1045454545454545,False,0.7594,0.302,3
2,iso_resid_rob,honest,0.3984848484848484,0.1015151515151515,False,0.84,0.312,3
2,iso_resid_rob,honest,0.4015151515151515,0.0984848484848485,False,0.9374,0.313,3
2,iso_resid_rob,honest,0.4045454545454545,0.0954545454545454,False,0.9668,0.314,3
2,iso_resid_rob,honest,0.4075757575757576,0.0924242424242424,False,0.996,0.34,3
2,iso_resid_rob,honest,0.4106060606060606,0.0893939393939394,False,0.869,0.324,3
2,iso_resid_rob,honest,0.4136363636363636,0.0863636363636363,False,0.9934,0.351,3
2,iso_resid_rob,honest,0.4166666666666666,0.0833333333333333,False,0.869,0.348,3
2,iso_resid_rob,honest,0.4196969696969697,0.0803030303030303,False,0.7838,0.338,3
2,iso_resid_rob,honest,0.4227272727272727,0.0772727272727272,False,0.991,0.351,3
2,iso_resid_rob,honest,0.4257575757575758,0.0742424242424242,False,0.9266,0.354,3
2,iso_resid_rob,honest,0.4287878787878788,0.0712121212121212,False,0.9936,0.342,3
2,iso_resid_rob,honest,0.4318181818181818,0.0681818181818181,False,0.9614,0.345,3
2,iso_resid_rob,honest,0.4348484848484848,0.0651515151515151,False,0.9778,0.368,3
2,iso_resid_rob,honest,0.4378787878787878,0.0621212121212121,False,0.8818,0.369,3
2,iso_resid_rob,honest,0.4409090909090909,0.059090909090909,False,0.802,0.379,3
2,iso_resid_rob,honest,0.4439393939393939,0.056060606060606,False,0.7168,0.382,3
2,iso_resid_rob,honest,0.4469696969696969,0.053030303030303,False,0.8376,0.386,3
2,iso_resid_rob,honest,0.45,0.0499999999999999,False,0.997,0.428,3
2,iso_resid_rob,honest,0.453030303030303,0.0469696969696969,False,0.7368,0.404,3
2,iso_resid_rob,honest,0.456060606060606,0.0439393939393939,False,0.9722,0.412,3
2,iso_resid_rob,honest,0.4590909090909091,0.0409090909090908,False,0.951,0.428,3
2,iso_resid_rob,honest,0.4621212121212121,0.0378787878787879,False,0.9112,0.411,3
2,iso_resid_rob,honest,0.4651515151515151,0.0348484848484848,False,0.8636,0.43,3
2,iso_resid_rob,honest,0.4681818181818181,0.0318181818181818,False,1.0,0.419,3
2,iso_resid_rob,honest,0.4712121212121212,0.0287878787878788,False,0.8454,0.428,3
2,iso_resid_rob,honest,0.4742424242424242,0.0257575757575757,False,0.914,0.457,3
2,iso_resid_rob,honest,0.4772727272727273,0.0227272727272727,False,0.9688,0.45,3
2,iso_resid_rob,honest,0.4803030303030303,0.0196969696969697,False,1.0,0.455,3
2,iso_resid_rob,honest,0.4833333333333333,0.0166666666666666,False,0.8446,0.497,3
2,iso_resid_rob,honest,0.4863636363636363,0.0136363636363636,False,0.9784,0.47,3
2,iso_resid_rob,honest,0.4893939393939394,0.0106060606060606,False,0.9486,0.482,3
2,iso_resid_rob,honest,0.4924242424242424,0.0075757575757575,False,0.801,0.475,3
2,iso_resid_rob,honest,0.4954545454545455,0.0045454545454545,False,0.9694,0.497,3
2,iso_resid_rob,honest,0.4984848484848485,0.0015151515151515,False,0.9946,0.496,3
2,iso_resid_rob,honest,0.5015151515151515,0.0015151515151514,False,0.9428,0.496,3
2,iso_resid_rob,honest,0.5045454545454545,0.0045454545454545,False,0.7802,0.496,3
2,iso_resid_rob,honest,0.5075757575757576,0.0075757575757575,False,0.8652,0.477,3
2,iso_resid_rob,honest,0.5106060606060606,0.0106060606060606,False,0.8966,0.4459999999999999,3
2,iso_resid_rob,honest,0.5136363636363637,0.0136363636363636,False,0.7648,0.4449999999999999,3
2,iso_resid_rob,honest,0.5166666666666666,0.0166666666666666,False,0.7662,0.4619999999999999,3
2,iso_resid_rob,honest,0.5196969696969698,0.0196969696969697,False,0.9928,0.4579999999999999,3
2,iso_resid_rob,honest,0.5227272727272727,0.0227272727272727,False,0.9994,0.4679999999999999,3
2,iso_resid_rob,honest,0.5257575757575758,0.0257575757575757,False,0.9486,0.4479999999999999,3
2,iso_resid_rob,honest,0.5287878787878788,0.0287878787878788,False,0.8078,0.433,3
2,iso_resid_rob,honest,0.5318181818181819,0.0318181818181818,False,0.8774,0.4609999999999999,3
2,iso_resid_rob,honest,0.5348484848484849,0.0348484848484849,False,0.9416,0.434,3
2,iso_resid_rob,honest,0.5378787878787878,0.0378787878787878,False,0.5068,0.434,3
2,iso_resid_rob,honest,0.5409090909090909,0.0409090909090908,False,0.9924,0.431,3
2,iso_resid_rob,honest,0.543939393939394,0.0439393939393939,False,0.8922,0.422,3
2,iso_resid_rob,honest,0.546969696969697,0.0469696969696969,False,0.889,0.396,3
2,iso_resid_rob,honest,0.55,0.05,False,0.526,0.424,3
2,iso_resid_rob,honest,0.553030303030303,0.0530303030303029,False,0.8258,0.387,3
2,iso_resid_rob,honest,0.556060606060606,0.056060606060606,False,0.947,0.382,3
2,iso_resid_rob,honest,0.5590909090909091,0.059090909090909,False,0.9324,0.36,3
2,iso_resid_rob,honest,0.5621212121212121,0.0621212121212121,False,0.9506,0.374,3
2,iso_resid_rob,honest,0.5651515151515152,0.0651515151515151,False,0.982,0.389,3
2,iso_resid_rob,honest,0.5681818181818181,0.0681818181818181,False,0.9946,0.36,3
2,iso_resid_rob,honest,0.5712121212121213,0.0712121212121212,False,0.9768,0.365,3
2,iso_resid_rob,honest,0.5742424242424242,0.0742424242424242,False,0.735,0.369,3
2,iso_resid_rob,honest,0.5772727272727273,0.0772727272727272,False,0.5352,0.362,3
2,iso_resid_rob,honest,0.5803030303030303,0.0803030303030303,False,0.8072,0.345,3
2,iso_resid_rob,honest,0.5833333333333334,0.0833333333333333,False,0.5712,0.3299999999999999,3
2,iso_resid_rob,honest,0.5863636363636364,0.0863636363636364,False,0.634,0.3289999999999999,3
2,iso_resid_rob,honest,0.5893939393939394,0.0893939393939393,False,0.9964,0.3249999999999999,3
2,iso_resid_rob,honest,0.5924242424242424,0.0924242424242424,False,0.9902,0.3289999999999999,3
2,iso_resid_rob,honest,0.5954545454545455,0.0954545454545454,False,0.9868,0.3209999999999999,3
2,iso_resid_rob,honest,0.5984848484848485,0.0984848484848485,False,0.9212,0.291,3
2,iso_resid_rob,honest,0.6015151515151516,0.1015151515151515,False,0.9738,0.308,3
2,iso_resid_rob,honest,0.6045454545454545,0.1045454545454545,False,0.9956,0.29,3
2,iso_resid_rob,honest,0.6075757575757577,0.1075757575757576,False,0.8766,0.284,3
2,iso_resid_rob,honest,0.6106060606060606,0.1106060606060606,False,0.63,0.277,3
2,iso_resid_rob,honest,0.6136363636363636,0.1136363636363636,False,0.8606,0.276,3
2,iso_resid_rob,honest,0.6166666666666667,0.1166666666666667,False,0.3982,0.277,3
2,iso_resid_rob,honest,0.6196969696969696,0.1196969696969696,False,0.9784,0.291,3
2,iso_resid_rob,honest,0.6227272727272728,0.1227272727272728,False,0.7778,0.269,3
2,iso_resid_rob,honest,0.6257575757575757,0.1257575757575757,False,0.7264,0.26,3
2,iso_resid_rob,honest,0.6287878787878788,0.1287878787878787,False,0.7566,0.257,3
2,iso_resid_rob,honest,0.6318181818181818,0.1318181818181818,False,0.877,0.26,3
2,iso_resid_rob,honest,0.6348484848484849,0.1348484848484848,False,0.979,0.243,3
2,iso_resid_rob,honest,0.6378787878787879,0.1378787878787879,False,0.9834,0.251,3
2,iso_resid_rob,honest,0.6409090909090909,0.1409090909090908,False,0.9494,0.242,3
2,iso_resid_rob,honest,0.643939393939394,0.143939393939394,False,0.9206,0.253,3
2,iso_resid_rob,honest,0.646969696969697,0.1469696969696969,False,0.9496,0.2309999999999999,3
2,iso_resid_rob,honest,0.65,0.15,False,0.9652,0.2229999999999999,3
2,coord_scan,gated,0.35,0.15,True,0.0002,0.239,6
2,coord_scan,gated,0.353030303030303,0.1469696969696969,True,0.0002,0.216,6
2,coord_scan,gated,0.356060606060606,0.1439393939393939,True,0.0002,0.238,6
2,coord_scan,gated,0.359090909090909,0.1409090909090909,True,0.0002,0.243,6
2,coord_scan,gated,0.3621212121212121,0.1378787878787878,True,0.0002,0.23,6
2,coord_scan,gated,0.3651515151515151,0.1348484848484848,True,0.0002,0.258,6
2,coord_scan,gated,0.3681818181818181,0.1318181818181818,True,0.0002,0.217,6
2,coord_scan,gated,0.3712121212121212,0.1287878787878787,True,0.0002,0.267,5
2,coord_scan,gated,0.3742424242424242,0.1257575757575758,True,0.0002,0.261,5
2,coord_scan,gated,0.3772727272727272,0.1227272727272727,True,0.0002,0.269,6
2,coord_scan,gated,0.3803030303030303,0.1196969696969696,True,0.0002,0.265,6
2,coord_scan,gated,0.3833333333333333,0.1166666666666667,True,0.0002,0.273,6
2,coord_scan,gated,0.3863636363636363,0.1136363636363636,True,0.0002,0.282,6
2,coord_scan,gated,0.3893939393939394,0.1106060606060606,True,0.0002,0.295,6
2,coord_scan,gated,0.3924242424242424,0.1075757575757576,True,0.0002,0.287,6
2,coord_scan,gated,0.3954545454545454,0.1045454545454545,True,0.0002,0.288,6
2,coord_scan,gated,0.3984848484848484,0.1015151515151515,True,0.0002,0.316,6
2,coord_scan,gated,0.4015151515151515,0.0984848484848485,True,0.0002,0.3,6
2,coord_scan,gated,0.4045454545454545,0.0954545454545454,True,0.0002,0.306,6
2,coord_scan,gated,0.4075757575757576,0.0924242424242424,True,0.0002,0.287,6
2,coord_scan,gated,0.4106060606060606,0.0893939393939394,True,0.0002,0.348,6
2,coord_scan,gated,0.4136363636363636,0.0863636363636363,True,0.0002,0.359,6
2,coord_scan,gated,0.4166666666666666,0.0833333333333333,True,0.0002,0.358,6
2,coord_scan,gated,0.4196969696969697,0.0803030303030303,True,0.0002,0.343,6
2,coord_scan,gated,0.4227272727272727,0.0772727272727272,True,0.0002,0.382,6
2,coord_scan,gated,0.4257575757575758,0.0742424242424242,True,0.0002,0.348,6
2,coord_scan,gated,0.4287878787878788,0.0712121212121212,True,0.0002,0.354,6
2,coord_scan,gated,0.4318181818181818,0.0681818181818181,True,0.0002,0.357,6
2,coord_scan,gated,0.4348484848484848,0.0651515151515151,True,0.0002,0.379,6
2,coord_scan,gated,0.4378787878787878,0.0621212121212121,True,0.0002,0.395,6
2,coord_scan,gated,0.4409090909090909,0.059090909090909,True,0.0002,0.349,6
2,coord_scan,gated,0.4439393939393939,0.056060606060606,True,0.0002,0.378,6
2,coord_scan,gated,0.4469696969696969,0.053030303030303,True,0.0002,0.374,6
2,coord_scan,gated,0.45,0.0499999999999999,True,0.0002,0.411,6
2,coord_scan,gated,0.453030303030303,0.0469696969696969,True,0.0002,0.417,6
2,coord_scan,gated,0.456060606060606,0.0439393939393939,True,0.0002,0.42,6
2,coord_scan,gated,0.4590909090909091,0.0409090909090908,True,0.0002,0.427,6
2,coord_scan,gated,0.4621212121212121,0.0378787878787879,True,0.0002,0.427,6
2,coord_scan,gated,0.4651515151515151,0.0348484848484848,True,0.0002,0.428,6
2,coord_scan,gated,0.4681818181818181,0.0318181818181818,True,0.0002,0.417,6
2,coord_scan,gated,0.4712121212121212,0.0287878787878788,True,0.0002,0.429,6
2,coord_scan,gated,0.4742424242424242,0.0257575757575757,True,0.0002,0.46,6
2,coord_scan,gated,0.4772727272727273,0.0227272727272727,True,0.0002,0.456,6
2,coord_scan,gated,0.4803030303030303,0.0196969696969697,True,0.0002,0.445,6
2,coord_scan,gated,0.4833333333333333,0.0166666666666666,True,0.0002,0.478,6
2,coord_scan,gated,0.4863636363636363,0.0136363636363636,True,0.0002,0.478,6
2,coord_scan,gated,0.4893939393939394,0.0106060606060606,True,0.0002,0.499,6
2,coord_scan,gated,0.4924242424242424,0.0075757575757575,True,0.0002,0.493,6
2,coord_scan,gated,0.4954545454545455,0.0045454545454545,True,0.0002,0.482,6
2,coord_scan,gated,0.4984848484848485,0.0015151515151515,True,0.0002,0.491,6
2,coord_scan,gated,0.5015151515151515,0.0015151515151514,True,0.0002,0.494,6
2,coord_scan,gated,0.5045454545454545,0.0045454545454545,True,0.0002,0.492,6
2,coord_scan,gated,0.5075757575757576,0.0075757575757575,True,0.0002,0.495,6
2,coord_scan,gated,0.5106060606060606,0.0106060606060606,True,0.0002,0.474,6
2,coord_scan,gated,0.5136363636363637,0.0136363636363636,True,0.0002,0.474,6
2,coord_scan,gated,0.5166666666666666,0.0166666666666666,True,0.0002,0.4639999999999999,6
2,coord_scan,gated,0.5196969696969698,0.0196969696969697,True,0.0002,0.474,6
2,coord_scan,gated,0.5227272727272727,0.0227272727272727,True,0.0002,0.435,6
2,coord_scan,gated,0.5257575757575758,0.0257575757575757,True,0.0002,0.476,6
2,coord_scan,gated,0.5287878787878788,0.0287878787878788,True,0.0002,0.4399999999999999,6
2,coord_scan,gated,0.5318181818181819,0.0318181818181818,True,0.0002,0.424,6
2,coord_scan,gated,0.5348484848484849,0.0348484848484849,True,0.0002,0.437,6
2,coord_scan,gated,0.5378787878787878,0.0378787878787878,True,0.0002,0.4449999999999999,6
2,coord_scan,gated,0.5409090909090909,0.0409090909090908,True,0.0002,0.413,6
2,coord_scan,gated,0.543939393939394,0.0439393939393939,True,0.0002,0.424,6
2,coord_scan,gated,0.546969696969697,0.0469696969696969,True,0.0002,0.43,6
2,coord_scan,gated,0.55,0.05,True,0.0002,0.403,6
2,coord_scan,gated,0.553030303030303,0.0530303030303029,True,0.0002,0.413,6
2,coord_scan,gated,0.556060606060606,0.056060606060606,True,0.0002,0.386,5
2,coord_scan,gated,0.5590909090909091,0.059090909090909,True,0.0002,0.392,6
2,coord_scan,gated,0.5621212121212121,0.0621212121212121,True,0.0002,0.366,6
2,coord_scan,gated,0.5651515151515152,0.0651515151515151,True,0.0002,0.354,6
2,coord_scan,gated,0.5681818181818181,0.0681818181818181,True,0.0002,0.368,5
2,coord_scan,gated,0.5712121212121213,0.0712121212121212,True,0.0002,0.357,6
2,coord_scan,gated,0.5742424242424242,0.0742424242424242,True,0.0002,0.356,6
2,coord_scan,gated,0.5772727272727273,0.0772727272727272,True,0.0002,0.348,6
2,coord_scan,gated,0.5803030303030303,0.0803030303030303,True,0.0002,0.348,5
2,coord_scan,gated,0.5833333333333334,0.0833333333333333,True,0.0002,0.3359999999999999,6
2,coord_scan,gated,0.5863636363636364,0.0863636363636364,True,0.0002,0.3409999999999999,5
2,coord_scan,gated,0.5893939393939394,0.0893939393939393,True,0.0002,0.3209999999999999,6
2,coord_scan,gated,0.5924242424242424,0.0924242424242424,True,0.0002,0.3229999999999999,6
2,coord_scan,gated,0.5954545454545455,0.0954545454545454,True,0.0002,0.3159999999999999,6
2,coord_scan,gated,0.5984848484848485,0.0984848484848485,True,0.0002,0.3409999999999999,6
2,coord_scan,gated,0.6015151515151516,0.1015151515151515,True,0.0002,0.3199999999999999,5
2,coord_scan,gated,0.6045454545454545,0.1045454545454545,True,0.0002,0.3139999999999999,6
2,coord_scan,gated,0.6075757575757577,0.1075757575757576,True,0.0002,0.309,6
2,coord_scan,gated,0.6106060606060606,0.1106060606060606,True,0.0002,0.276,6
2,coord_scan,gated,0.6136363636363636,0.1136363636363636,True,0.0002,0.284,6
2,coord_scan,gated,0.6166666666666667,0.1166666666666667,True,0.0002,0.283,6
2,coord_scan,gated,0.6196969696969696,0.1196969696969696,True,0.0002,0.288,6
2,coord_scan,gated,0.6227272727272728,0.1227272727272728,True,0.0002,0.283,6
2,coord_scan,gated,0.6257575757575757,0.1257575757575757,True,0.0002,0.25,6
2,coord_scan,gated,0.6287878787878788,0.1287878787878787,True,0.0002,0.264,6
2,coord_scan,gated,0.6318181818181818,0.1318181818181818,True,0.0002,0.281,6
2,coord_scan,gated,0.6348484848484849,0.1348484848484848,True,0.0002,0.2289999999999999,6
2,coord_scan,gated,0.6378787878787879,0.1378787878787879,True,0.0002,0.2279999999999999,6
2,coord_scan,gated,0.6409090909090909,0.1409090909090908,True,0.0002,0.247,6
2,coord_scan,gated,0.643939393939394,0.143939393939394,True,0.0002,0.2309999999999999,6
2,coord_scan,gated,0.646969696969697,0.1469696969696969,True,0.0002,0.258,6
2,coord_scan,gated,0.65,0.15,True,0.0002,0.2189999999999999,6
2,coord_scan,honest,0.35,0.15,False,0.9496,0.206,6
2,coord_scan,honest,0.353030303030303,0.1469696969696969,False,0.7964,0.214,6
2,coord_scan,honest,0.356060606060606,0.1439393939393939,False,0.435,0.22,6
2,coord_scan,honest,0.359090909090909,0.1409090909090909,False,0.543,0.25,5
2,coord_scan,honest,0.3621212121212121,0.1378787878787878,False,0.9722,0.239,6
2,coord_scan,honest,0.3651515151515151,0.1348484848484848,False,0.5256,0.256,6
2,coord_scan,honest,0.3681818181818181,0.1318181818181818,False,0.8556,0.229,6
2,coord_scan,honest,0.3712121212121212,0.1287878787878787,False,0.9922,0.256,6
2,coord_scan,honest,0.3742424242424242,0.1257575757575758,False,0.9502,0.274,6
2,coord_scan,honest,0.3772727272727272,0.1227272727272727,False,0.7632,0.269,5
2,coord_scan,honest,0.3803030303030303,0.1196969696969696,False,0.9156,0.281,6
2,coord_scan,honest,0.3833333333333333,0.1166666666666667,False,0.8446,0.29,5
2,coord_scan,honest,0.3863636363636363,0.1136363636363636,False,0.834,0.285,6
2,coord_scan,honest,0.3893939393939394,0.1106060606060606,False,0.4772,0.288,6
2,coord_scan,honest,0.3924242424242424,0.1075757575757576,False,0.9138,0.28,6
2,coord_scan,honest,0.3954545454545454,0.1045454545454545,False,0.9504,0.304,5
2,coord_scan,honest,0.3984848484848484,0.1015151515151515,False,0.966,0.3,6
2,coord_scan,honest,0.4015151515151515,0.0984848484848485,False,0.937,0.323,6
2,coord_scan,honest,0.4045454545454545,0.0954545454545454,False,0.925,0.325,6
2,coord_scan,honest,0.4075757575757576,0.0924242424242424,False,0.855,0.324,5
2,coord_scan,honest,0.4106060606060606,0.0893939393939394,False,0.4292,0.351,6
2,coord_scan,honest,0.4136363636363636,0.0863636363636363,False,0.6678,0.299,5
2,coord_scan,honest,0.4166666666666666,0.0833333333333333,False,0.9266,0.348,4
2,coord_scan,honest,0.4196969696969697,0.0803030303030303,False,0.9376,0.347,6
2,coord_scan,honest,0.4227272727272727,0.0772727272727272,False,0.7582,0.341,6
2,coord_scan,honest,0.4257575757575758,0.0742424242424242,False,0.8166,0.367,6
2,coord_scan,honest,0.4287878787878788,0.0712121212121212,False,0.3336,0.401,6
2,coord_scan,honest,0.4318181818181818,0.0681818181818181,False,0.5836,0.382,6
2,coord_scan,honest,0.4348484848484848,0.0651515151515151,False,0.637,0.375,6
2,coord_scan,honest,0.4378787878787878,0.0621212121212121,False,0.4022,0.376,6
2,coord_scan,honest,0.4409090909090909,0.059090909090909,False,0.9,0.379,5
2,coord_scan,honest,0.4439393939393939,0.056060606060606,False,0.979,0.388,5
2,coord_scan,honest,0.4469696969696969,0.053030303030303,False,0.7506,0.378,6
2,coord_scan,honest,0.45,0.0499999999999999,False,0.7276,0.389,6
2,coord_scan,honest,0.453030303030303,0.0469696969696969,False,0.248,0.424,6
2,coord_scan,honest,0.456060606060606,0.0439393939393939,False,0.7626,0.386,6
2,coord_scan,honest,0.4590909090909091,0.0409090909090908,False,0.7164,0.445,5
2,coord_scan,honest,0.4621212121212121,0.0378787878787879,False,0.8334,0.446,6
2,coord_scan,honest,0.4651515151515151,0.0348484848484848,False,0.834,0.457,5
2,coord_scan,honest,0.4681818181818181,0.0318181818181818,False,0.5868,0.443,6
2,coord_scan,honest,0.4712121212121212,0.0287878787878788,False,0.982,0.457,6
2,coord_scan,honest,0.4742424242424242,0.0257575757575757,False,0.968,0.448,5
2,coord_scan,honest,0.4772727272727273,0.0227272727272727,False,0.8548,0.457,5
2,coord_scan,honest,0.4803030303030303,0.0196969696969697,False,0.927,0.473,6
2,coord_scan,honest,0.4833333333333333,0.0166666666666666,False,0.8964,0.448,5
2,coord_scan,honest,0.4863636363636363,0.0136363636363636,False,0.8358,0.48,6
2,coord_scan,honest,0.4893939393939394,0.0106060606060606,False,0.881,0.491,6
2,coord_scan,honest,0.4924242424242424,0.0075757575757575,False,0.997,0.48,6
2,coord_scan,honest,0.4954545454545455,0.0045454545454545,False,0.9852,0.49,6
2,coord_scan,honest,0.4984848484848485,0.0015151515151515,False,0.8134,0.499,5
2,coord_scan,honest,0.5015151515151515,0.0015151515151514,False,0.6842,0.494,6
2,coord_scan,honest,0.5045454545454545,0.0045454545454545,False,0.8844,0.487,5
2,coord_scan,honest,0.5075757575757576,0.0075757575757575,False,0.3282,0.48,6
2,coord_scan,honest,0.5106060606060606,0.0106060606060606,False,0.914,0.4519999999999999,6
2,coord_scan,honest,0.5136363636363637,0.0136363636363636,False,0.9356,0.4669999999999999,6
2,coord_scan,honest,0.5166666666666666,0.0166666666666666,False,0.9376,0.4539999999999999,5
2,coord_scan,honest,0.5196969696969698,0.0196969696969697,False,0.8616,0.4449999999999999,6
2,coord_scan,honest,0.5227272727272727,0.0227272727272727,False,0.8128,0.4459999999999999,6
2,coord_scan,honest,0.5257575757575758,0.0257575757575757,False,0.8912,0.4479999999999999,5
2,coord_scan,honest,0.5287878787878788,0.0287878787878788,False,0.8528,0.416,6
2,coord_scan,honest,0.5318181818181819,0.0318181818181818,False,0.8566,0.4389999999999999,6
2,coord_scan,honest,0.5348484848484849,0.0348484848484849,False,0.857,0.435,6
2,coord_scan,honest,0.5378787878787878,0.0378787878787878,False,0.9122,0.4549999999999999,6
2,coord_scan,honest,0.5409090909090909,0.0409090909090908,False,0.3186,0.401,6
2,coord_scan,honest,0.543939393939394,0.0439393939393939,False,0.7128,0.412,6
2,coord_scan,honest,0.546969696969697,0.0469696969696969,False,0.5352,0.397,6
2,coord_scan,honest,0.55,0.05,False,0.5994,0.4,6
2,coord_scan,honest,0.553030303030303,0.0530303030303029,False,0.739,0.391,6
2,coord_scan,honest,0.556060606060606,0.056060606060606,False,0.7808,0.388,6
2,coord_scan,honest,0.5590909090909091,0.059090909090909,False,0.7898,0.389,6
2,coord_scan,honest,0.5621212121212121,0.0621212121212121,False,0.721,0.391,6
2,coord_scan,honest,0.5651515151515152,0.0651515151515151,False,0.9128,0.384,6
2,coord_scan,honest,0.5681818181818181,0.0681818181818181,False,0.4448,0.3389999999999999,5
2,coord_scan,honest,0.5712121212121213,0.0712121212121212,False,0.6936,0.379,6
2,coord_scan,honest,0.5742424242424242,0.0742424242424242,False,0.6098,0.3409999999999999,5
2,coord_scan,honest,0.5772727272727273,0.0772727272727272,False,0.417,0.345,6
2,coord_scan,honest,0.5803030303030303,0.0803030303030303,False,0.8314,0.345,6
2,coord_scan,honest,0.5833333333333334,0.0833333333333333,False,0.6586,0.3279999999999999,6
2,coord_scan,honest,0.5863636363636364,0.0863636363636364,False,0.6284,0.3389999999999999,6
2,coord_scan,honest,0.5893939393939394,0.0893939393939393,False,0.902,0.3179999999999999,6
2,coord_scan,honest,0.5924242424242424,0.0924242424242424,False,0.919,0.3159999999999999,6
2,coord_scan,honest,0.5954545454545455,0.0954545454545454,False,0.9068,0.307,6
2,coord_scan,honest,0.5984848484848485,0.0984848484848485,False,0.9658,0.292,6
2,coord_scan,honest,0.6015151515151516,0.1015151515151515,False,0.8766,0.3139999999999999,6
2,coord_scan,honest,0.6045454545454545,0.1045454545454545,False,0.9776,0.297,6
2,coord_scan,honest,0.6075757575757577,0.1075757575757576,False,0.802,0.286,6
2,coord_scan,honest,0.6106060606060606,0.1106060606060606,False,0.1876,0.272,6
2,coord_scan,honest,0.6136363636363636,0.1136363636363636,False,0.8926,0.296,6
2,coord_scan,honest,0.6166666666666667,0.1166666666666667,False,0.4772,0.273,6
2,coord_scan,honest,0.6196969696969696,0.1196969696969696,False,0.966,0.282,6
2,coord_scan,honest,0.6227272727272728,0.1227272727272728,False,0.9878,0.261,5
2,coord_scan,honest,0.6257575757575757,0.1257575757575757,False,0.8776,0.259,6
2,coord_scan,honest,0.6287878787878788,0.1287878787878787,False,0.9356,0.275,5
2,coord_scan,honest,0.6318181818181818,0.1318181818181818,False,0.7052,0.249,6
2,coord_scan,honest,0.6348484848484849,0.1348484848484848,False,0.9424,0.259,6
2,coord_scan,honest,0.6378787878787879,0.1378787878787879,False,0.6958,0.237,5
2,coord_scan,honest,0.6409090909090909,0.1409090909090908,False,0.6944,0.2289999999999999,6
2,coord_scan,honest,0.643939393939394,0.143939393939394,False,0.7642,0.244,6
2,coord_scan,honest,0.646969696969697,0.1469696969696969,False,0.7898,0.242,6
2,coord_scan,honest,0.65,0.15,False,0.8592,0.248,6
4,iso_total,gated,0.35,0.15,False,0.0976,0.063,3
4,iso_total,gated,0.353030303030303,0.1469696969696969,False,0.5354,0.054,3
4,iso_total,gated,0.356060606060606,0.1439393939393939,True,0.0086,0.082,3
4,iso_total,gated,0.359090909090909,0.1409090909090909,True,0.0164,0.086,3
4,iso_total,gated,0.3621212121212121,0.1378787878787878,False,0.0772,0.068,3
4,iso_total,gated,0.3651515151515151,0.1348484848484848,True,0.0048,0.085,3
4,iso_total,gated,0.3681818181818181,0.1318181818181818,True,0.0004,0.104,3
4,iso_total,gated,0.3712121212121212,0.1287878787878787,True,0.0004,0.101,3
4,iso_total,gated,0.3742424242424242,0.1257575757575758,True,0.0004,0.1,3
4,iso_total,gated,0.3772727272727272,0.1227272727272727,True,0.0002,0.12,3
4,iso_total,gated,0.3803030303030303,0.1196969696969696,True,0.0004,0.104,3
4,iso_total,gated,0.3833333333333333,0.1166666666666667,True,0.0002,0.116,3
4,iso_total,gated,0.3863636363636363,0.1136363636363636,True,0.0002,0.142,3
4,iso_total,gated,0.3893939393939394,0.1106060606060606,True,0.0002,0.149,3
4,iso_total,gated,0.3924242424242424,0.1075757575757576,True,0.0002,0.136,2
4,iso_total,gated,0.3954545454545454,0.1045454545454545,True,0.0002,0.145,3
4,iso_total,gated,0.3984848484848484,0.1015151515151515,True,0.0002,0.166,3
4,iso_total,gated,0.4015151515151515,0.0984848484848485,True,0.0002,0.174,3
4,iso_total,gated,0.4045454545454545,0.0954545454545454,True,0.0002,0.178,3
4,iso_total,gated,0.4075757575757576,0.0924242424242424,True,0.0002,0.164,3
4,iso_total,gated,0.4106060606060606,0.0893939393939394,True,0.0002,0.18,3
4,iso_total,gated,0.4136363636363636,0.0863636363636363,True,0.0002,0.188,3
4,iso_total,gated,0.4166666666666666,0.0833333333333333,True,0.0002,0.192,3
4,iso_total,gated,0.4196969696969697,0.0803030303030303,True,0.0002,0.208,3
4,iso_total,gated,0.4227272727272727,0.0772727272727272,True,0.0002,0.231,3
4,iso_total,gated,0.4257575757575758,0.0742424242424242,True,0.0002,0.223,3
4,iso_total,gated,0.4287878787878788,0.0712121212121212,True,0.0002,0.218,3
4,iso_total,gated,0.4318181818181818,0.0681818181818181,True,0.0002,0.236,3
4,iso_total,gated,0.4348484848484848,0.0651515151515151,True,0.0002,0.255,3
4,iso_total,gated,0.4378787878787878,0.0621212121212121,True,0.0002,0.282,3
4,iso_total,gated,0.4409090909090909,0.059090909090909,True,0.0002,0.277,3
4,iso_total,gated,0.4439393939393939,0.056060606060606,True,0.0002,0.296,3
4,iso_total,gated,0.4469696969696969,0.053030303030303,True,0.0002,0.291,3
4,iso_total,gated,0.45,0.0499999999999999,True,0.0002,0.316,3
4,iso_total,gated,0.453030303030303,0.0469696969696969,True,0.0002,0.304,3
4,iso_total,gated,0.456060606060606,0.0439393939393939,True,0.0002,0.307,3
4,iso_total,gated,0.4590909090909091,0.0409090909090908,True,0.0002,0.322,3
4,iso_total,gated,0.4621212121212121,0.0378787878787879,True,0.0002,0.356,3
4,iso_total,gated,0.4651515151515151,0.0348484848484848,True,0.0002,0.345,3
4,iso_total,gated,0.4681818181818181,0.0318181818181818,True,0.0002,0.406,3
4,iso_total,gated,0.4712121212121212,0.0287878787878788,True,0.0002,0.386,3
4,iso_total,gated,0.4742424242424242,0.0257575757575757,True,0.0002,0.383,3
4,iso_total,gated,0.4772727272727273,0.0227272727272727,True,0.0002,0.424,3
4,iso_total,gated,0.4803030303030303,0.0196969696969697,True,0.0002,0.41,3
4,iso_total,gated,0.4833333333333333,0.0166666666666666,True,0.0002,0.453,3
4,iso_total,gated,0.4863636363636363,0.0136363636363636,True,0.0002,0.452,3
4,iso_total,gated,0.4893939393939394,0.0106060606060606,True,0.0002,0.466,3
4,iso_total,gated,0.4924242424242424,0.0075757575757575,True,0.0002,0.463,3
4,iso_total,gated,0.4954545454545455,0.0045454545454545,True,0.0002,0.481,3
4,iso_total,gated,0.4984848484848485,0.0015151515151515,True,0.0002,0.485,3
4,iso_total,gated,0.5015151515151515,0.0015151515151514,True,0.0002,0.49,3
4,iso_total,gated,0.5045454545454545,0.0045454545454545,True,0.0002,0.481,3
4,iso_total,gated,0.5075757575757576,0.0075757575757575,True,0.0002,0.4629999999999999,3
4,iso_total,gated,0.5106060606060606,0.0106060606060606,True,0.0002,0.4649999999999999,3
4,iso_total,gated,0.5136363636363637,0.0136363636363636,True,0.0002,0.4509999999999999,3
4,iso_total,gated,0.5166666666666666,0.0166666666666666,True,0.0002,0.421,3
4,iso_total,gated,0.5196969696969698,0.0196969696969697,True,0.0002,0.434,3
4,iso_total,gated,0.5227272727272727,0.0227272727272727,True,0.0002,0.414,3
4,iso_total,gated,0.5257575757575758,0.0257575757575757,True,0.0002,0.411,3
4,iso_total,gated,0.5287878787878788,0.0287878787878788,True,0.0002,0.39,3
4,iso_total,gated,0.5318181818181819,0.0318181818181818,True,0.0002,0.35,3
4,iso_total,gated,0.5348484848484849,0.0348484848484849,True,0.0002,0.3359999999999999,3
4,iso_total,gated,0.5378787878787878,0.0378787878787878,True,0.0002,0.348,3
4,iso_total,gated,0.5409090909090909,0.0409090909090908,True,0.0002,0.3349999999999999,3
4,iso_total,gated,0.543939393939394,0.0439393939393939,True,0.0002,0.3199999999999999,3
4,iso_total,gated,0.546969696969697,0.0469696969696969,True,0.0002,0.297,3
4,iso_total,gated,0.55,0.05,True,0.0002,0.3139999999999999,3
4,iso_total,gated,0.553030303030303,0.0530303030303029,True,0.0002,0.301,3
4,iso_total,gated,0.556060606060606,0.056060606060606,True,0.0002,0.308,3
4,iso_total,gated,0.5590909090909091,0.059090909090909,True,0.0002,0.277,3
4,iso_total,gated,0.5621212121212121,0.0621212121212121,True,0.0002,0.281,3
4,iso_total,gated,0.5651515151515152,0.0651515151515151,True,0.0002,0.265,3
4,iso_total,gated,0.5681818181818181,0.0681818181818181,True,0.0002,0.2299999999999999,3
4,iso_total,gated,0.5712121212121213,0.0712121212121212,True,0.0002,0.237,3
4,iso_total,gated,0.5742424242424242,0.0742424242424242,True,0.0002,0.2189999999999999,3
4,iso_total,gated,0.5772727272727273,0.0772727272727272,True,0.0002,0.2259999999999999,3
4,iso_total,gated,0.5803030303030303,0.0803030303030303,True,0.0002,0.2129999999999999,3
4,iso_total,gated,0.5833333333333334,0.0833333333333333,True,0.0002,0.2319999999999999,3
4,iso_total,gated,0.5863636363636364,0.0863636363636364,True,0.0002,0.184,3
4,iso_total,gated,0.5893939393939394,0.0893939393939393,True,0.0002,0.2009999999999999,3
4,iso_total,gated,0.5924242424242424,0.0924242424242424,True,0.0002,0.1949999999999999,3
4,iso_total,gated,0.5954545454545455,0.0954545454545454,True,0.0002,0.1889999999999999,3
4,iso_total,gated,0.5984848484848485,0.0984848484848485,True,0.0002,0.1939999999999999,3
4,iso_total,gated,0.6015151515151516,0.1015151515151515,True,0.0002,0.155,3
4,iso_total,gated,0.6045454545454545,0.1045454545454545,True,0.0002,0.14,3
4,iso_total,gated,0.6075757575757577,0.1075757575757576,True,0.0002,0.129,3
4,iso_total,gated,0.6106060606060606,0.1106060606060606,True,0.0002,0.15,3
4,iso_total,gated,0.6136363636363636,0.1136363636363636,True,0.0002,0.147,2
4,iso_total,gated,0.6166666666666667,0.1166666666666667,True,0.0002,0.139,3
4,iso_total,gated,0.6196969696969696,0.1196969696969696,True,0.0002,0.1129999999999999,3
4,iso_total,gated,0.6227272727272728,0.1227272727272728,True,0.0004,0.12,2
4,iso_total,gated,0.6257575757575757,0.1257575757575757,True,0.001,0.1109999999999999,3
4,iso_total,gated,0.6287878787878788,0.1287878787878787,True,0.0008,0.1019999999999999,3
4,iso_total,gated,0.6318181818181818,0.1318181818181818,True,0.002,0.0939999999999999,3
4,iso_total,gated,0.6348484848484849,0.1348484848484848,True,0.001,0.0949999999999999,3
4,iso_total,gated,0.6378787878787879,0.1378787878787879,True,0.0006,0.0899999999999999,3
4,iso_total,gated,0.6409090909090909,0.1409090909090908,True,0.0094,0.0829999999999999,3
4,iso_total,gated,0.643939393939394,0.143939393939394,True,0.001,0.0939999999999999,2
4,iso_total,gated,0.646969696969697,0.1469696969696969,False,0.1344,0.058,3
4,iso_total,gated,0.65,0.15,False,0.0654,0.0699999999999999,3
4,iso_total,honest,0.35,0.15,False,0.9934,0.054,3
4,iso_total,honest,0.353030303030303,0.1469696969696969,False,0.961,0.06,3
4,iso_total,honest,0.356060606060606,0.1439393939393939,False,0.9942,0.077,3
4,iso_total,honest,0.359090909090909,0.1409090909090909,False,0.991,0.075,3
4,iso_total,honest,0.3621212121212121,0.1378787878787878,False,0.5502,0.087,3
4,iso_total,honest,0.3651515151515151,0.1348484848484848,False,0.6818,0.082,3
4,iso_total,honest,0.3681818181818181,0.1318181818181818,False,0.9198,0.1,3
4,iso_total,honest,0.3712121212121212,0.1287878787878787,False,0.7922,0.097,3
4,iso_total,honest,0.3742424242424242,0.1257575757575758,False,0.7476,0.117,3
4,iso_total,honest,0.3772727272727272,0.1227272727272727,False,0.834,0.124,3
4,iso_total,honest,0.3803030303030303,0.1196969696969696,False,0.9852,0.106,3
4,iso_total,honest,0.3833333333333333,0.1166666666666667,False,0.7186,0.116,3
4,iso_total,honest,0.3863636363636363,0.1136363636363636,False,0.8826,0.135,3
4,iso_total,honest,0.3893939393939394,0.1106060606060606,False,0.9952,0.127,3
4,iso_total,honest,0.3924242424242424,0.1075757575757576,False,0.979,0.149,3
4,iso_total,honest,0.3954545454545454,0.1045454545454545,False,0.9174,0.146,2
4,iso_total,honest,0.3984848484848484,0.1015151515151515,False,0.9592,0.155,2
4,iso_total,honest,0.4015151515151515,0.0984848484848485,False,0.3032,0.168,3
4,iso_total,honest,0.4045454545454545,0.0954545454545454,False,0.9942,0.156,3
4,iso_total,honest,0.4075757575757576,0.0924242424242424,False,0.7758,0.17,3
4,iso_total,honest,0.4106060606060606,0.0893939393939394,False,0.9886,0.181,3
4,iso_total,honest,0.4136363636363636,0.0863636363636363,False,0.8982,0.187,3
4,iso_total,honest,0.4166666666666666,0.0833333333333333,False,0.9694,0.204,3
4,iso_total,honest,0.4196969696969697,0.0803030303030303,False,0.9986,0.209,3
4,iso_total,honest,0.4227272727272727,0.0772727272727272,False,0.8858,0.221,3
4,iso_total,honest,0.4257575757575758,0.0742424242424242,False,0.7626,0.239,3
4,iso_total,honest,0.4287878787878788,0.0712121212121212,False,0.8986,0.238,3
4,iso_total,honest,0.4318181818181818,0.0681818181818181,False,0.4934,0.257,3
4,iso_total,honest,0.4348484848484848,0.0651515151515151,False,0.8284,0.235,3
4,iso_total,honest,0.4378787878787878,0.0621212121212121,False,0.9638,0.277,3
4,iso_total,honest,0.4409090909090909,0.059090909090909,False,0.9934,0.26,3
4,iso_total,honest,0.4439393939393939,0.056060606060606,False,0.9534,0.275,3
4,iso_total,honest,0.4469696969696969,0.053030303030303,False,0.994,0.304,3
4,iso_total,honest,0.45,0.0499999999999999,False,0.918,0.306,3
4,iso_total,honest,0.453030303030303,0.0469696969696969,False,0.9716,0.351,3
4,iso_total,honest,0.456060606060606,0.0439393939393939,False,0.968,0.317,3
4,iso_total,honest,0.4590909090909091,0.0409090909090908,False,0.9678,0.336,3
4,iso_total,honest,0.4621212121212121,0.0378787878787879,False,0.7484,0.359,3
4,iso_total,honest,0.4651515151515151,0.0348484848484848,False,0.4992,0.36,3
4,iso_total,honest,0.4681818181818181,0.0318181818181818,False,0.9056,0.392,3
4,iso_total,honest,0.4712121212121212,0.0287878787878788,False,0.9458,0.406,3
4,iso_total,honest,0.4742424242424242,0.0257575757575757,False,0.8806,0.424,3
4,iso_total,honest,0.4772727272727273,0.0227272727272727,False,0.8678,0.409,3
4,iso_total,honest,0.4803030303030303,0.0196969696969697,False,0.979,0.417,3
4,iso_total,honest,0.4833333333333333,0.0166666666666666,False,0.9834,0.432,3
4,iso_total,honest,0.4863636363636363,0.0136363636363636,False,0.8078,0.424,3
4,iso_total,honest,0.4893939393939394,0.0106060606060606,False,0.9356,0.444,3
4,iso_total,honest,0.4924242424242424,0.0075757575757575,False,0.9964,0.473,3
4,iso_total,honest,0.4954545454545455,0.0045454545454545,False,0.882,0.479,3
4,iso_total,honest,0.4984848484848485,0.0015151515151515,False,0.8784,0.496,3
4,iso_total,honest,0.5015151515151515,0.0015151515151514,False,0.9998,0.488,2
4,iso_total,honest,0.5045454545454545,0.0045454545454545,False,0.9852,0.4649999999999999,3
4,iso_total,honest,0.5075757575757576,0.0075757575757575,False,0.945,0.4559999999999999,3
4,iso_total,honest,0.5106060606060606,0.0106060606060606,False,0.966,0.4529999999999999,3
4,iso_total,honest,0.5136363636363637,0.0136363636363636,False,0.6202,0.4469999999999999,3
4,iso_total,honest,0.5166666666666666,0.0166666666666666,False,0.739,0.416,3
4,iso_total,honest,0.5196969696969698,0.0196969696969697,False,0.9776,0.407,3
4,iso_total,honest,0.5227272727272727,0.0227272727272727,False,0.5046,0.433,3
4,iso_total,honest,0.5257575757575758,0.0257575757575757,False,0.909,0.398,3
4,iso_total,honest,0.5287878787878788,0.0287878787878788,False,0.9696,0.386,3
4,iso_total,honest,0.5318181818181819,0.0318181818181818,False,0.9934,0.354,3
4,iso_total,honest,0.5348484848484849,0.0348484848484849,False,0.971,0.353,3
4,iso_total,honest,0.5378787878787878,0.0378787878787878,False,0.9498,0.389,3
4,iso_total,honest,0.5409090909090909,0.0409090909090908,False,0.7758,0.3419999999999999,3
4,iso_total,honest,0.543939393939394,0.0439393939393939,False,0.8382,0.301,3
4,iso_total,honest,0.546969696969697,0.0469696969696969,False,0.9376,0.3259999999999999,3
4,iso_total,honest,0.55,0.05,False,0.942,0.295,3
4,iso_total,honest,0.553030303030303,0.0530303030303029,False,0.966,0.296,3
4,iso_total,honest,0.556060606060606,0.056060606060606,False,0.9022,0.3,3
4,iso_total,honest,0.5590909090909091,0.059090909090909,False,0.9212,0.24,3
4,iso_total,honest,0.5621212121212121,0.0621212121212121,False,0.988,0.24,2
4,iso_total,honest,0.5651515151515152,0.0651515151515151,False,0.9996,0.274,2
4,iso_total,honest,0.5681818181818181,0.0681818181818181,False,0.9766,0.246,3
4,iso_total,honest,0.5712121212121213,0.0712121212121212,False,0.8854,0.243,3
4,iso_total,honest,0.5742424242424242,0.0742424242424242,False,0.968,0.2179999999999999,3
4,iso_total,honest,0.5772727272727273,0.0772727272727272,False,0.9994,0.242,3
4,iso_total,honest,0.5803030303030303,0.0803030303030303,False,0.9128,0.2059999999999999,3
4,iso_total,honest,0.5833333333333334,0.0833333333333333,False,0.8666,0.2009999999999999,3
4,iso_total,honest,0.5863636363636364,0.0863636363636364,False,0.9652,0.183,3
4,iso_total,honest,0.5893939393939394,0.0893939393939393,False,0.9766,0.186,3
4,iso_total,honest,0.5924242424242424,0.0924242424242424,False,0.942,0.1899999999999999,2
4,iso_total,honest,0.5954545454545455,0.0954545454545454,False,0.9608,0.183,3
4,iso_total,honest,0.5984848484848485,0.0984848484848485,False,0.9742,0.149,3
4,iso_total,honest,0.6015151515151516,0.1015151515151515,False,0.5724,0.128,3
4,iso_total,honest,0.6045454545454545,0.1045454545454545,False,0.9766,0.152,3
4,iso_total,honest,0.6075757575757577,0.1075757575757576,False,0.998,0.138,2
4,iso_total,honest,0.6106060606060606,0.1106060606060606,False,0.376,0.137,3
4,iso_total,honest,0.6136363636363636,0.1136363636363636,False,0.9786,0.125,3
4,iso_total,honest,0.6166666666666667,0.1166666666666667,False,0.9494,0.1059999999999999,3
4,iso_total,honest,0.6196969696969696,0.1196969696969696,False,0.7332,0.1039999999999999,3
4,iso_total,honest,0.6227272727272728,0.1227272727272728,False,0.844,0.1159999999999999,3
4,iso_total,honest,0.6257575757575757,0.1257575757575757,False,0.6602,0.0959999999999999,3
4,iso_total,honest,0.6287878787878788,0.1287878787878787,False,0.8232,0.0999999999999999,3
4,iso_total,honest,0.6318181818181818,0.1318181818181818,False,0.887,0.0939999999999999,3
4,iso_total,honest,0.6348484848484849,0.1348484848484848,False,0.9576,0.0859999999999999,3
4,iso_total,honest,0.6378787878787879,0.1378787878787879,False,0.9934,0.0819999999999999,2
4,iso_total,honest,0.6409090909090909,0.1409090909090908,False,0.9856,0.0759999999999999,3
4,iso_total,honest,0.643939393939394,0.143939393939394,False,0.8694,0.0759999999999999,3
4,iso_total,honest,0.646969696969697,0.1469696969696969,False,0.9128,0.0779999999999999,3
4,iso_total,honest,0.65,0.15,False,0.73,0.0769999999999999,3
4,iso_coord,gated,0.35,0.15,False,0.0232,0.228,3
4,iso_coord,gated,0.353030303030303,0.1469696969696969,False,0.0292,0.239,3
4,iso_coord,gated,0.356060606060606,0.1439393939393939,True,0.001,0.235,3
4,iso_coord,gated,0.359090909090909,0.1409090909090909,True,0.004,0.237,3
4,iso_coord,gated,0.3621212121212121,0.1378787878787878,True,0.0102,0.224,3
4,iso_coord,gated,0.3651515151515151,0.1348484848484848,True,0.0016,0.237,3
4,iso_coord,gated,0.3681818181818181,0.1318181818181818,True,0.0004,0.247,3
4,iso_coord,gated,0.3712121212121212,0.1287878787878787,True,0.005,0.272,3
4,iso_coord,gated,0.3742424242424242,0.1257575757575758,True,0.0002,0.253,3
4,iso_coord,gated,0.3772727272727272,0.1227272727272727,True,0.0004,0.284,3
4,iso_coord,gated,0.3803030303030303,0.1196969696969696,True,0.0002,0.292,3
4,iso_coord,gated,0.3833333333333333,0.1166666666666667,True,0.0002,0.278,3
4,iso_coord,gated,0.3863636363636363,0.1136363636363636,True,0.0002,0.286,3
4,iso_coord,gated,0.3893939393939394,0.1106060606060606,True,0.0002,0.281,3
4,iso_coord,gated,0.3924242424242424,0.1075757575757576,True,0.0002,0.289,3
4,iso_coord,gated,0.3954545454545454,0.1045454545454545,True,0.0002,0.303,3
4,iso_coord,gated,0.3984848484848484,0.1015151515151515,True,0.0002,0.3,3
4,iso_coord,gated,0.4015151515151515,0.0984848484848485,True,0.0002,0.365,3
4,iso_coord,gated,0.4045454545454545,0.0954545454545454,True,0.0002,0.314,3
4,iso_coord,gated,0.4075757575757576,0.0924242424242424,True,0.0002,0.315,3
4,iso_coord,gated,0.4106060606060606,0.0893939393939394,True,0.0002,0.336,3
4,iso_coord,gated,0.4136363636363636,0.0863636363636363,True,0.0002,0.364,3
4,iso_coord,gated,0.4166666666666666,0.0833333333333333,True,0.0002,0.346,3
4,iso_coord,gated,0.4196969696969697,0.0803030303030303,True,0.0002,0.352,3
4,iso_coord,gated,0.4227272727272727,0.0772727272727272,True,0.0002,0.372,3
4,iso_coord,gated,0.4257575757575758,0.0742424242424242,True,0.0002,0.337,3
4,iso_coord,gated,0.4287878787878788,0.0712121212121212,True,0.0002,0.362,3
4,iso_coord,gated,0.4318181818181818,0.0681818181818181,True,0.0002,0.38,3
4,iso_coord,gated,0.4348484848484848,0.0651515151515151,True,0.0002,0.366,3
4,iso_coord,gated,0.4378787878787878,0.0621212121212121,True,0.0002,0.387,3
4,iso_coord,gated,0.4409090909090909,0.059090909090909,True,0.0002,0.393,3
4,iso_coord,gated,0.4439393939393939,0.056060606060606,True,0.0002,0.37,3
4,iso_coord,gated,0.4469696969696969,0.053030303030303,True,0.0002,0.422,3
4,iso_coord,gated,0.45,0.0499999999999999,True,0.0002,0.389,3
4,iso_coord,gated,0.453030303030303,0.0469696969696969,True,0.0002,0.396,3
4,iso_coord,gated,0.456060606060606,0.0439393939393939,True,0.0002,0.4,3
4,iso_coord,gated,0.4590909090909091,0.0409090909090908,True,0.0002,0.429,3
4,iso_coord,gated,0.4621212121212121,0.0378787878787879,True,0.0002,0.416,3
4,iso_coord,gated,0.4651515151515151,0.0348484848484848,True,0.0002,0.434,3
4,iso_coord,gated,0.4681818181818181,0.0318181818181818,True,0.0002,0.43,3
4,iso_coord,gated,0.4712121212121212,0.0287878787878788,True,0.0002,0.453,3
4,iso_coord,gated,0.4742424242424242,0.0257575757575757,True,0.0002,0.44,3
4,iso_coord,gated,0.4772727272727273,0.0227272727272727,True,0.0002,0.462,3
4,iso_coord,gated,0.4803030303030303,0.0196969696969697,True,0.0002,0.467,3
4,iso_coord,gated,0.4833333333333333,0.0166666666666666,True,0.0002,0.466,3
4,iso_coord,gated,0.4863636363636363,0.0136363636363636,True,0.0002,0.482,3
4,iso_coord,gated,0.4893939393939394,0.0106060606060606,True,0.0002,0.496,3
4,iso_coord,gated,0.4924242424242424,0.0075757575757575,True,0.0002,0.492,3
4,iso_coord,gated,0.4954545454545455,0.0045454545454545,True,0.0002,0.49,3
4,iso_coord,gated,0.4984848484848485,0.0015151515151515,True,0.0002,0.496,3
4,iso_coord,gated,0.5015151515151515,0.0015151515151514,True,0.0002,0.495,3
4,iso_coord,gated,0.5045454545454545,0.0045454545454545,True,0.0002,0.488,3
4,iso_coord,gated,0.5075757575757576,0.0075757575757575,True,0.0002,0.491,3
4,iso_coord,gated,0.5106060606060606,0.0106060606060606,True,0.0002,0.493,3
4,iso_coord,gated,0.5136363636363637,0.0136363636363636,True,0.0002,0.472,3
4,iso_coord,gated,0.5166666666666666,0.0166666666666666,True,0.0002,0.4599999999999999,3
4,iso_coord,gated,0.5196969696969698,0.0196969696969697,True,0.0002,0.4599999999999999,3
4,iso_coord,gated,0.5227272727272727,0.0227272727272727,True,0.0002,0.4459999999999999,3
4,iso_coord,gated,0.5257575757575758,0.0257575757575757,True,0.0002,0.424,3
4,iso_coord,gated,0.5287878787878788,0.0287878787878788,True,0.0002,0.4379999999999999,3
4,iso_coord,gated,0.5318181818181819,0.0318181818181818,True,0.0002,0.473,3
4,iso_coord,gated,0.5348484848484849,0.0348484848484849,True,0.0002,0.425,3
4,iso_coord,gated,0.5378787878787878,0.0378787878787878,True,0.0002,0.4659999999999999,3
4,iso_coord,gated,0.5409090909090909,0.0409090909090908,True,0.0002,0.4479999999999999,3
4,iso_coord,gated,0.543939393939394,0.0439393939393939,True,0.0002,0.38,3
4,iso_coord,gated,0.546969696969697,0.0469696969696969,True,0.0002,0.392,3
4,iso_coord,gated,0.55,0.05,True,0.0002,0.41,3
4,iso_coord,gated,0.553030303030303,0.0530303030303029,True,0.0002,0.401,3
4,iso_coord,gated,0.556060606060606,0.056060606060606,True,0.0002,0.357,3
4,iso_coord,gated,0.5590909090909091,0.059090909090909,True,0.0002,0.407,3
4,iso_coord,gated,0.5621212121212121,0.0621212121212121,True,0.0002,0.389,3
4,iso_coord,gated,0.5651515151515152,0.0651515151515151,True,0.0002,0.353,3
4,iso_coord,gated,0.5681818181818181,0.0681818181818181,True,0.0002,0.389,3
4,iso_coord,gated,0.5712121212121213,0.0712121212121212,True,0.0002,0.366,3
4,iso_coord,gated,0.5742424242424242,0.0742424242424242,True,0.0002,0.353,3
4,iso_coord,gated,0.5772727272727273,0.0772727272727272,True,0.0002,0.3319999999999999,3
4,iso_coord,gated,0.5803030303030303,0.0803030303030303,True,0.0002,0.3399999999999999,3
4,iso_coord,gated,0.5833333333333334,0.0833333333333333,True,0.0002,0.344,3
4,iso_coord,gated,0.5863636363636364,0.0863636363636364,True,0.0002,0.345,3
4,iso_coord,gated,0.5893939393939394,0.0893939393939393,True,0.0002,0.3169999999999999,3
4,iso_coord,gated,0.5924242424242424,0.0924242424242424,True,0.0002,0.284,3
4,iso_coord,gated,0.5954545454545455,0.0954545454545454,True,0.0002,0.3169999999999999,3
4,iso_coord,gated,0.5984848484848485,0.0984848484848485,True,0.0002,0.3259999999999999,3
4,iso_coord,gated,0.6015151515151516,0.1015151515151515,True,0.0002,0.3149999999999999,3
4,iso_coord,gated,0.6045454545454545,0.1045454545454545,True,0.0002,0.285,3
4,iso_coord,gated,0.6075757575757577,0.1075757575757576,True,0.0002,0.297,3
4,iso_coord,gated,0.6106060606060606,0.1106060606060606,True,0.0002,0.288,3
4,iso_coord,gated,0.6136363636363636,0.1136363636363636,True,0.0002,0.287,3
4,iso_coord,gated,0.6166666666666667,0.1166666666666667,True,0.0002,0.289,3
4,iso_coord,gated,0.6196969696969696,0.1196969696969696,True,0.0002,0.286,3
4,iso_coord,gated,0.6227272727272728,0.1227272727272728,True,0.0002,0.291,3
4,iso_coord,gated,0.6257575757575757,0.1257575757575757,True,0.0002,0.289,3
4,iso_coord,gated,0.6287878787878788,0.1287878787878787,True,0.0002,0.284,3
4,iso_coord,gated,0.6318181818181818,0.1318181818181818,True,0.001,0.257,3
4,iso_coord,gated,0.6348484848484849,0.1348484848484848,True,0.0008,0.272,3
4,iso_coord,gated,0.6378787878787879,0.1378787878787879,True,0.0084,0.261,3
4,iso_coord,gated,0.6409090909090909,0.1409090909090908,True,0.001,0.267,3
4,iso_coord,gated,0.643939393939394,0.143939393939394,True,0.001,0.254,3
4,iso_coord,gated,0.646969696969697,0.1469696969696969,True,0.0014,0.2299999999999999,3
4,iso_coord,gated,0.65,0.15,True,0.0058,0.2199999999999999,3
4,iso_coord,honest,0.35,0.15,False,0.9902,0.205,3
4,iso_coord,honest,0.353030303030303,0.1469696969696969,False,0.9938,0.246,3
4,iso_coord,honest,0.356060606060606,0.1439393939393939,False,0.9956,0.223,3
4,iso_coord,honest,0.359090909090909,0.1409090909090909,False,0.8998,0.244,3
4,iso_coord,honest,0.3621212121212121,0.1378787878787878,False,0.6088,0.205,3
4,iso_coord,honest,0.3651515151515151,0.1348484848484848,False,0.943,0.269,3
4,iso_coord,honest,0.3681818181818181,0.1318181818181818,False,0.9128,0.264,3
4,iso_coord,honest,0.3712121212121212,0.1287878787878787,False,0.9158,0.258,3
4,iso_coord,honest,0.3742424242424242,0.1257575757575758,False,0.907,0.253,3
4,iso_coord,honest,0.3772727272727272,0.1227272727272727,False,0.861,0.263,3
4,iso_coord,honest,0.3803030303030303,0.1196969696969696,False,0.9902,0.288,3
4,iso_coord,honest,0.3833333333333333,0.1166666666666667,False,0.9614,0.315,3
4,iso_coord,honest,0.3863636363636363,0.1136363636363636,False,0.9226,0.298,3
4,iso_coord,honest,0.3893939393939394,0.1106060606060606,False,0.9374,0.301,3
4,iso_coord,honest,0.3924242424242424,0.1075757575757576,False,0.992,0.279,3
4,iso_coord,honest,0.3954545454545454,0.1045454545454545,False,0.9532,0.289,3
4,iso_coord,honest,0.3984848484848484,0.1015151515151515,False,0.8868,0.332,3
4,iso_coord,honest,0.4015151515151515,0.0984848484848485,False,0.6986,0.307,3
4,iso_coord,honest,0.4045454545454545,0.0954545454545454,False,0.9298,0.312,3
4,iso_coord,honest,0.4075757575757576,0.0924242424242424,False,0.7188,0.307,3
4,iso_coord,honest,0.4106060606060606,0.0893939393939394,False,0.9784,0.329,3
4,iso_coord,honest,0.4136363636363636,0.0863636363636363,False,0.51,0.367,3
4,iso_coord,honest,0.4166666666666666,0.0833333333333333,False,0.9296,0.318,3
4,iso_coord,honest,0.4196969696969697,0.0803030303030303,False,0.774,0.35,3
4,iso_coord,honest,0.4227272727272727,0.0772727272727272,False,0.9,0.348,3
4,iso_coord,honest,0.4257575757575758,0.0742424242424242,False,0.869,0.345,3
4,iso_coord,honest,0.4287878787878788,0.0712121212121212,False,0.9924,0.38,3
4,iso_coord,honest,0.4318181818181818,0.0681818181818181,False,0.9156,0.354,3
4,iso_coord,honest,0.4348484848484848,0.0651515151515151,False,0.6738,0.385,3
4,iso_coord,honest,0.4378787878787878,0.0621212121212121,False,0.966,0.373,3
4,iso_coord,honest,0.4409090909090909,0.059090909090909,False,0.3372,0.405,3
4,iso_coord,honest,0.4439393939393939,0.056060606060606,False,0.9154,0.396,3
4,iso_coord,honest,0.4469696969696969,0.053030303030303,False,0.6132,0.413,3
4,iso_coord,honest,0.45,0.0499999999999999,False,0.6856,0.401,3
4,iso_coord,honest,0.453030303030303,0.0469696969696969,False,0.9424,0.396,3
4,iso_coord,honest,0.456060606060606,0.0439393939393939,False,0.5542,0.398,3
4,iso_coord,honest,0.4590909090909091,0.0409090909090908,False,0.9812,0.443,3
4,iso_coord,honest,0.4621212121212121,0.0378787878787879,False,0.9534,0.425,3
4,iso_coord,honest,0.4651515151515151,0.0348484848484848,False,0.6942,0.4,3
4,iso_coord,honest,0.4681818181818181,0.0318181818181818,False,0.6508,0.432,3
4,iso_coord,honest,0.4712121212121212,0.0287878787878788,False,0.62,0.458,3
4,iso_coord,honest,0.4742424242424242,0.0257575757575757,False,0.908,0.43,3
4,iso_coord,honest,0.4772727272727273,0.0227272727272727,False,0.7764,0.46,3
4,iso_coord,honest,0.4803030303030303,0.0196969696969697,False,0.9586,0.483,3
4,iso_coord,honest,0.4833333333333333,0.0166666666666666,False,0.8412,0.488,3
4,iso_coord,honest,0.4863636363636363,0.0136363636363636,False,0.832,0.472,3
4,iso_coord,honest,0.4893939393939394,0.0106060606060606,False,0.9716,0.492,3
4,iso_coord,honest,0.4924242424242424,0.0075757575757575,False,0.9992,0.485,3
4,iso_coord,honest,0.4954545454545455,0.0045454545454545,False,0.5742,0.487,3
4,iso_coord,honest,0.4984848484848485,0.0015151515151515,False,0.801,0.493,3
4,iso_coord,honest,0.5015151515151515,0.0015151515151514,False,0.9144,0.497,3
4,iso_coord,honest,0.5045454545454545,0.0045454545454545,False,0.956,0.489,3
4,iso_coord,honest,0.5075757575757576,0.0075757575757575,False,0.9536,0.5,3
4,iso_coord,honest,0.5106060606060606,0.0106060606060606,False,0.937,0.496,3
4,iso_coord,honest,0.5136363636363637,0.0136363636363636,False,0.9936,0.4659999999999999,3
4,iso_coord,honest,0.5166666666666666,0.0166666666666666,False,0.8952,0.474,3
4,iso_coord,honest,0.5196969696969698,0.0196969696969697,False,0.9198,0.4509999999999999,3
4,iso_coord,honest,0.5227272727272727,0.0227272727272727,False,0.914,0.433,3
4,iso_coord,honest,0.5257575757575758,0.0257575757575757,False,0.985,0.4419999999999999,3
4,iso_coord,honest,0.5287878787878788,0.0287878787878788,False,0.992,0.4649999999999999,3
4,iso_coord,honest,0.5318181818181819,0.0318181818181818,False,0.951,0.422,3
4,iso_coord,honest,0.5348484848484849,0.0348484848484849,False,0.9902,0.4409999999999999,3
4,iso_coord,honest,0.5378787878787878,0.0378787878787878,False,0.9764,0.43,3
4,iso_coord,honest,0.5409090909090909,0.0409090909090908,False,0.9754,0.422,3
4,iso_coord,honest,0.543939393939394,0.0439393939393939,False,0.7714,0.42,3
4,iso_coord,honest,0.546969696969697,0.0469696969696969,False,0.9854,0.407,3
4,iso_coord,honest,0.55,0.05,False,0.9496,0.42,3
4,iso_coord,honest,0.553030303030303,0.0530303030303029,False,0.8952,0.378,3
4,iso_coord,honest,0.556060606060606,0.056060606060606,False,0.9764,0.39,3
4,iso_coord,honest,0.5590909090909091,0.059090909090909,False,0.715,0.375,3
4,iso_coord,honest,0.5621212121212121,0.0621212121212121,False,0.9958,0.388,3
4,iso_coord,honest,0.5651515151515152,0.0651515151515151,False,0.6796,0.38,3
4,iso_coord,honest,0.5681818181818181,0.0681818181818181,False,0.9428,0.373,3
4,iso_coord,honest,0.5712121212121213,0.0712121212121212,False,0.9796,0.375,3
4,iso_coord,honest,0.5742424242424242,0.0742424242424242,False,0.9494,0.3419999999999999,3
4,iso_coord,honest,0.5772727272727273,0.0772727272727272,False,0.8388,0.357,3
4,iso_coord,honest,0.5803030303030303,0.0803030303030303,False,0.7134,0.345,3
4,iso_coord,honest,0.5833333333333334,0.0833333333333333,False,0.9806,0.3239999999999999,3
4,iso_coord,honest,0.5863636363636364,0.0863636363636364,False,0.9508,0.354,3
4,iso_coord,honest,0.5893939393939394,0.0893939393939393,False,0.985,0.3199999999999999,3
4,iso_coord,honest,0.5924242424242424,0.0924242424242424,False,0.961,0.287,3
4,iso_coord,honest,0.5954545454545455,0.0954545454545454,False,0.943,0.3249999999999999,3
4,iso_coord,honest,0.5984848484848485,0.0984848484848485,False,0.9858,0.291,3
4,iso_coord,honest,0.6015151515151516,0.1015151515151515,False,0.8128,0.3179999999999999,3
4,iso_coord,honest,0.6045454545454545,0.1045454545454545,False,0.9858,0.3129999999999999,3
4,iso_coord,honest,0.6075757575757577,0.1075757575757576,False,0.943,0.308,3
4,iso_coord,honest,0.6106060606060606,0.1106060606060606,False,0.5636,0.284,3
4,iso_coord,honest,0.6136363636363636,0.1136363636363636,False,0.896,0.279,3
4,iso_coord,honest,0.6166666666666667,0.1166666666666667,False,0.9324,0.263,3
4,iso_coord,honest,0.6196969696969696,0.1196969696969696,False,0.9266,0.269,3
4,iso_coord,honest,0.6227272727272728,0.1227272727272728,False,0.9762,0.263,3
4,iso_coord,honest,0.6257575757575757,0.1257575757575757,False,0.9936,0.254,3
4,iso_coord,honest,0.6287878787878788,0.1287878787878787,False,0.8618,0.255,3
4,iso_coord,honest,0.6318181818181818,0.1318181818181818,False,0.988,0.259,3
4,iso_coord,honest,0.6348484848484849,0.1348484848484848,False,0.9428,0.252,3
4,iso_coord,honest,0.6378787878787879,0.1378787878787879,False,0.9812,0.2329999999999999,3
4,iso_coord,honest,0.6409090909090909,0.1409090909090908,False,0.5216,0.244,3
4,iso_coord,honest,0.643939393939394,0.143939393939394,False,0.4238,0.241,3
4,iso_coord,honest,0.646969696969697,0.1469696969696969,False,0.8028,0.2149999999999999,3
4,iso_coord,honest,0.65,0.15,False,0.9934,0.2279999999999999,3
4,iso_resid,gated,0.35,0.15,False,0.2888,0.219,3
4,iso_resid,gated,0.353030303030303,0.1469696969696969,False,0.285,0.229,3
4,iso_resid,gated,0.356060606060606,0.1439393939393939,False,0.3392,0.225,3
4,iso_resid,gated,0.359090909090909,0.1409090909090909,False,0.1648,0.252,3
4,iso_resid,gated,0.3621212121212121,0.1378787878787878,False,0.2706,0.239,3
4,iso_resid,gated,0.3651515151515151,0.1348484848484848,False,0.5404,0.259,3
4,iso_resid,gated,0.3681818181818181,0.1318181818181818,False,0.3472,0.261,3
4,iso_resid,gated,0.3712121212121212,0.1287878787878787,False,0.8296,0.269,3
4,iso_resid,gated,0.3742424242424242,0.1257575757575758,False,0.4348,0.296,3
4,iso_resid,gated,0.3772727272727272,0.1227272727272727,False,0.511,0.281,3
4,iso_resid,gated,0.3803030303030303,0.1196969696969696,False,0.2068,0.28,3
4,iso_resid,gated,0.3833333333333333,0.1166666666666667,False,0.276,0.302,3
4,iso_resid,gated,0.3863636363636363,0.1136363636363636,False,0.4958,0.286,3
4,iso_resid,gated,0.3893939393939394,0.1106060606060606,False,0.043,0.305,3
4,iso_resid,gated,0.3924242424242424,0.1075757575757576,False,0.5268,0.284,3
4,iso_resid,gated,0.3954545454545454,0.1045454545454545,False,0.0898,0.299,3
4,iso_resid,gated,0.3984848484848484,0.1015151515151515,False,0.9284,0.31,3
4,iso_resid,gated,0.4015151515151515,0.0984848484848485,False,0.6438,0.333,3
4,iso_resid,gated,0.4045454545454545,0.0954545454545454,False,0.1894,0.327,3
4,iso_resid,gated,0.4075757575757576,0.0924242424242424,False,0.5822,0.344,3
4,iso_resid,gated,0.4106060606060606,0.0893939393939394,False,0.2136,0.323,3
4,iso_resid,gated,0.4136363636363636,0.0863636363636363,False,0.1228,0.342,3
4,iso_resid,gated,0.4166666666666666,0.0833333333333333,False,0.2678,0.355,3
4,iso_resid,gated,0.4196969696969697,0.0803030303030303,False,0.15,0.335,3
4,iso_resid,gated,0.4227272727272727,0.0772727272727272,False,0.23,0.375,3
4,iso_resid,gated,0.4257575757575758,0.0742424242424242,False,0.3522,0.375,3
4,iso_resid,gated,0.4287878787878788,0.0712121212121212,False,0.0568,0.397,3
4,iso_resid,gated,0.4318181818181818,0.0681818181818181,False,0.2276,0.363,3
4,iso_resid,gated,0.4348484848484848,0.0651515151515151,False,0.1958,0.381,3
4,iso_resid,gated,0.4378787878787878,0.0621212121212121,False,0.0278,0.385,3
4,iso_resid,gated,0.4409090909090909,0.059090909090909,False,0.6558,0.396,3
4,iso_resid,gated,0.4439393939393939,0.056060606060606,False,0.0654,0.391,3
4,iso_resid,gated,0.4469696969696969,0.053030303030303,False,0.377,0.379,3
4,iso_resid,gated,0.45,0.0499999999999999,False,0.3562,0.41,3
4,iso_resid,gated,0.453030303030303,0.0469696969696969,False,0.3408,0.427,3
4,iso_resid,gated,0.456060606060606,0.0439393939393939,False,0.4442,0.428,3
4,iso_resid,gated,0.4590909090909091,0.0409090909090908,False,0.239,0.418,3
4,iso_resid,gated,0.4621212121212121,0.0378787878787879,False,0.133,0.434,3
4,iso_resid,gated,0.4651515151515151,0.0348484848484848,False,0.1418,0.446,3
4,iso_resid,gated,0.4681818181818181,0.0318181818181818,False,0.3836,0.463,3
4,iso_resid,gated,0.4712121212121212,0.0287878787878788,False,0.249,0.455,3
4,iso_resid,gated,0.4742424242424242,0.0257575757575757,False,0.0556,0.441,3
4,iso_resid,gated,0.4772727272727273,0.0227272727272727,False,0.4134,0.472,3
4,iso_resid,gated,0.4803030303030303,0.0196969696969697,False,0.2752,0.464,3
4,iso_resid,gated,0.4833333333333333,0.0166666666666666,False,0.3668,0.461,3
4,iso_resid,gated,0.4863636363636363,0.0136363636363636,False,0.1018,0.467,3
4,iso_resid,gated,0.4893939393939394,0.0106060606060606,False,0.0426,0.485,3
4,iso_resid,gated,0.4924242424242424,0.0075757575757575,False,0.159,0.473,3
4,iso_resid,gated,0.4954545454545455,0.0045454545454545,False,0.3902,0.492,3
4,iso_resid,gated,0.4984848484848485,0.0015151515151515,False,0.4446,0.498,3
4,iso_resid,gated,0.5015151515151515,0.0015151515151514,True,0.0016,0.49,3
4,iso_resid,gated,0.5045454545454545,0.0045454545454545,False,0.053,0.483,3
4,iso_resid,gated,0.5075757575757576,0.0075757575757575,False,0.0796,0.471,3
4,iso_resid,gated,0.5106060606060606,0.0106060606060606,False,0.0446,0.491,3
4,iso_resid,gated,0.5136363636363637,0.0136363636363636,False,0.1724,0.4659999999999999,3
4,iso_resid,gated,0.5166666666666666,0.0166666666666666,True,0.0156,0.4589999999999999,3
4,iso_resid,gated,0.5196969696969698,0.0196969696969697,False,0.274,0.4599999999999999,3
4,iso_resid,gated,0.5227272727272727,0.0227272727272727,True,0.0136,0.433,3
4,iso_resid,gated,0.5257575757575758,0.0257575757575757,False,0.0842,0.4429999999999999,3
4,iso_resid,gated,0.5287878787878788,0.0287878787878788,False,0.449,0.433,3
4,iso_resid,gated,0.5318181818181819,0.0318181818181818,False,0.4212,0.4479999999999999,3
4,iso_resid,gated,0.5348484848484849,0.0348484848484849,False,0.3634,0.416,3
4,iso_resid,gated,0.5378787878787878,0.0378787878787878,False,0.3268,0.404,3
4,iso_resid,gated,0.5409090909090909,0.0409090909090908,False,0.1412,0.4529999999999999,3
4,iso_resid,gated,0.543939393939394,0.0439393939393939,False,0.051,0.409,3
4,iso_resid,gated,0.546969696969697,0.0469696969696969,False,0.1876,0.391,3
4,iso_resid,gated,0.55,0.05,False,0.315,0.373,3
4,iso_resid,gated,0.553030303030303,0.0530303030303029,True,0.002,0.394,3
4,iso_resid,gated,0.556060606060606,0.056060606060606,False,0.3008,0.381,3
4,iso_resid,gated,0.5590909090909091,0.059090909090909,False,0.571,0.401,3
4,iso_resid,gated,0.5621212121212121,0.0621212121212121,True,0.0078,0.375,3
4,iso_resid,gated,0.5651515151515152,0.0651515151515151,False,0.224,0.374,3
4,iso_resid,gated,0.5681818181818181,0.0681818181818181,False,0.1642,0.362,3
4,iso_resid,gated,0.5712121212121213,0.0712121212121212,False,0.0678,0.347,3
4,iso_resid,gated,0.5742424242424242,0.0742424242424242,False,0.076,0.352,3
4,iso_resid,gated,0.5772727272727273,0.0772727272727272,False,0.091,0.3349999999999999,3
4,iso_resid,gated,0.5803030303030303,0.0803030303030303,False,0.4674,0.3259999999999999,3
4,iso_resid,gated,0.5833333333333334,0.0833333333333333,False,0.4296,0.358,3
4,iso_resid,gated,0.5863636363636364,0.0863636363636364,False,0.3366,0.3289999999999999,3
4,iso_resid,gated,0.5893939393939394,0.0893939393939393,False,0.574,0.3369999999999999,3
4,iso_resid,gated,0.5924242424242424,0.0924242424242424,False,0.9416,0.3199999999999999,3
4,iso_resid,gated,0.5954545454545455,0.0954545454545454,False,0.3392,0.3209999999999999,3
4,iso_resid,gated,0.5984848484848485,0.0984848484848485,False,0.7966,0.3139999999999999,3
4,iso_resid,gated,0.6015151515151516,0.1015151515151515,False,0.3238,0.291,3
4,iso_resid,gated,0.6045454545454545,0.1045454545454545,False,0.2686,0.3159999999999999,3
4,iso_resid,gated,0.6075757575757577,0.1075757575757576,False,0.7482,0.3209999999999999,3
4,iso_resid,gated,0.6106060606060606,0.1106060606060606,False,0.4954,0.278,3
4,iso_resid,gated,0.6136363636363636,0.1136363636363636,False,0.6792,0.292,3
4,iso_resid,gated,0.6166666666666667,0.1166666666666667,False,0.0464,0.287,3
4,iso_resid,gated,0.6196969696969696,0.1196969696969696,False,0.3824,0.253,3
4,iso_resid,gated,0.6227272727272728,0.1227272727272728,False,0.4398,0.274,3
4,iso_resid,gated,0.6257575757575757,0.1257575757575757,False,0.1134,0.269,3
4,iso_resid,gated,0.6287878787878788,0.1287878787878787,False,0.2006,0.282,3
4,iso_resid,gated,0.6318181818181818,0.1318181818181818,False,0.039,0.25,3
4,iso_resid,gated,0.6348484848484849,0.1348484848484848,False,0.339,0.236,3
4,iso_resid,gated,0.6378787878787879,0.1378787878787879,False,0.4262,0.274,3
4,iso_resid,gated,0.6409090909090909,0.1409090909090908,False,0.3588,0.2299999999999999,3
4,iso_resid,gated,0.643939393939394,0.143939393939394,False,0.0744,0.238,3
4,iso_resid,gated,0.646969696969697,0.1469696969696969,False,0.2162,0.2149999999999999,3
4,iso_resid,gated,0.65,0.15,False,0.3696,0.2289999999999999,3
4,iso_resid,honest,0.35,0.15,False,0.9546,0.235,3
4,iso_resid,honest,0.353030303030303,0.1469696969696969,False,0.657,0.21,3
4,iso_resid,honest,0.356060606060606,0.1439393939393939,False,0.996,0.227,3
4,iso_resid,honest,0.359090909090909,0.1409090909090909,False,0.9974,0.241,3
4,iso_resid,honest,0.3621212121212121,0.1378787878787878,False,0.9708,0.253,3
4,iso_resid,honest,0.3651515151515151,0.1348484848484848,False,0.9392,0.253,3
4,iso_resid,honest,0.3681818181818181,0.1318181818181818,False,0.9106,0.268,3
4,iso_resid,honest,0.3712121212121212,0.1287878787878787,False,0.9946,0.266,3
4,iso_resid,honest,0.3742424242424242,0.1257575757575758,False,0.9712,0.253,3
4,iso_resid,honest,0.3772727272727272,0.1227272727272727,False,0.9356,0.32,3
4,iso_resid,honest,0.3803030303030303,0.1196969696969696,False,0.9664,0.256,3
4,iso_resid,honest,0.3833333333333333,0.1166666666666667,False,0.4762,0.292,3
4,iso_resid,honest,0.3863636363636363,0.1136363636363636,False,0.753,0.283,3
4,iso_resid,honest,0.3893939393939394,0.1106060606060606,False,0.849,0.299,3
4,iso_resid,honest,0.3924242424242424,0.1075757575757576,False,0.659,0.283,3
4,iso_resid,honest,0.3954545454545454,0.1045454545454545,False,0.7766,0.31,3
4,iso_resid,honest,0.3984848484848484,0.1015151515151515,False,0.8698,0.325,3
4,iso_resid,honest,0.4015151515151515,0.0984848484848485,False,0.985,0.299,3
4,iso_resid,honest,0.4045454545454545,0.0954545454545454,False,0.8622,0.293,3
4,iso_resid,honest,0.4075757575757576,0.0924242424242424,False,0.7418,0.329,3
4,iso_resid,honest,0.4106060606060606,0.0893939393939394,False,0.8224,0.353,3
4,iso_resid,honest,0.4136363636363636,0.0863636363636363,False,0.966,0.325,3
4,iso_resid,honest,0.4166666666666666,0.0833333333333333,False,0.9556,0.343,3
4,iso_resid,honest,0.4196969696969697,0.0803030303030303,False,0.992,0.348,3
4,iso_resid,honest,0.4227272727272727,0.0772727272727272,False,0.9848,0.349,3
4,iso_resid,honest,0.4257575757575758,0.0742424242424242,False,0.1578,0.355,3
4,iso_resid,honest,0.4287878787878788,0.0712121212121212,False,0.9754,0.349,3
4,iso_resid,honest,0.4318181818181818,0.0681818181818181,False,0.8556,0.371,3
4,iso_resid,honest,0.4348484848484848,0.0651515151515151,False,0.75,0.365,3
4,iso_resid,honest,0.4378787878787878,0.0621212121212121,False,0.9298,0.363,3
4,iso_resid,honest,0.4409090909090909,0.059090909090909,False,0.8872,0.377,3
4,iso_resid,honest,0.4439393939393939,0.056060606060606,False,0.966,0.377,3
4,iso_resid,honest,0.4469696969696969,0.053030303030303,False,0.8882,0.369,3
4,iso_resid,honest,0.45,0.0499999999999999,False,0.9168,0.431,3
4,iso_resid,honest,0.453030303030303,0.0469696969696969,False,0.9452,0.386,3
4,iso_resid,honest,0.456060606060606,0.0439393939393939,False,0.9918,0.449,3
4,iso_resid,honest,0.4590909090909091,0.0409090909090908,False,0.9814,0.423,3
4,iso_resid,honest,0.4621212121212121,0.0378787878787879,False,0.7224,0.421,3
4,iso_resid,honest,0.4651515151515151,0.0348484848484848,False,0.9922,0.415,3
4,iso_resid,honest,0.4681818181818181,0.0318181818181818,False,0.9128,0.449,3
4,iso_resid,honest,0.4712121212121212,0.0287878787878788,False,0.918,0.424,3
4,iso_resid,honest,0.4742424242424242,0.0257575757575757,False,0.9626,0.448,3
4,iso_resid,honest,0.4772727272727273,0.0227272727272727,False,0.9024,0.479,3
4,iso_resid,honest,0.4803030303030303,0.0196969696969697,False,0.9762,0.433,3
4,iso_resid,honest,0.4833333333333333,0.0166666666666666,False,0.9592,0.445,3
4,iso_resid,honest,0.4863636363636363,0.0136363636363636,False,0.9916,0.474,3
4,iso_resid,honest,0.4893939393939394,0.0106060606060606,False,0.8974,0.476,3
4,iso_resid,honest,0.4924242424242424,0.0075757575757575,False,0.9754,0.487,3
4,iso_resid,honest,0.4954545454545455,0.0045454545454545,False,0.8774,0.497,3
4,iso_resid,honest,0.4984848484848485,0.0015151515151515,False,0.9784,0.495,3
4,iso_resid,honest,0.5015151515151515,0.0015151515151514,False,0.6694,0.494,3
4,iso_resid,honest,0.5045454545454545,0.0045454545454545,False,0.9056,0.494,3
4,iso_resid,honest,0.5075757575757576,0.0075757575757575,False,0.9854,0.483,3
4,iso_resid,honest,0.5106060606060606,0.0106060606060606,False,0.8626,0.488,3
4,iso_resid,honest,0.5136363636363637,0.0136363636363636,False,0.8488,0.47,3
4,iso_resid,honest,0.5166666666666666,0.0166666666666666,False,0.6732,0.4629999999999999,3
4,iso_resid,honest,0.5196969696969698,0.0196969696969697,False,0.7404,0.4619999999999999,3
4,iso_resid,honest,0.5227272727272727,0.0227272727272727,False,0.9128,0.4429999999999999,3
4,iso_resid,honest,0.5257575757575758,0.0257575757575757,False,0.953,0.42,3
4,iso_resid,honest,0.5287878787878788,0.0287878787878788,False,0.8886,0.4579999999999999,3
4,iso_resid,honest,0.5318181818181819,0.0318181818181818,False,0.9974,0.4419999999999999,3
4,iso_resid,honest,0.5348484848484849,0.0348484848484849,False,0.9928,0.4569999999999999,3
4,iso_resid,honest,0.5378787878787878,0.0378787878787878,False,0.9738,0.432,3
4,iso_resid,honest,0.5409090909090909,0.0409090909090908,False,0.9796,0.414,3
4,iso_resid,honest,0.543939393939394,0.0439393939393939,False,0.8632,0.409,3
4,iso_resid,honest,0.546969696969697,0.0469696969696969,False,0.756,0.402,3
4,iso_resid,honest,0.55,0.05,False,0.9932,0.404,3
4,iso_resid,honest,0.553030303030303,0.0530303030303029,False,0.9946,0.375,3
4,iso_resid,honest,0.556060606060606,0.056060606060606,False,0.9022,0.365,3
4,iso_resid,honest,0.5590909090909091,0.059090909090909,False,0.9922,0.375,3
4,iso_resid,honest,0.5621212121212121,0.0621212121212121,False,0.9748,0.388,3
4,iso_resid,honest,0.5651515151515152,0.0651515151515151,False,0.985,0.404,3
4,iso_resid,honest,0.5681818181818181,0.0681818181818181,False,0.986,0.362,3
4,iso_resid,honest,0.5712121212121213,0.0712121212121212,False,0.913,0.381,3
4,iso_resid,honest,0.5742424242424242,0.0742424242424242,False,0.948,0.355,3
4,iso_resid,honest,0.5772727272727273,0.0772727272727272,False,0.9498,0.358,3
4,iso_resid,honest,0.5803030303030303,0.0803030303030303,False,0.6584,0.355,3
4,iso_resid,honest,0.5833333333333334,0.0833333333333333,False,0.6728,0.3369999999999999,3
4,iso_resid,honest,0.5863636363636364,0.0863636363636364,False,0.844,0.346,3
4,iso_resid,honest,0.5893939393939394,0.0893939393939393,False,0.9762,0.3209999999999999,3
4,iso_resid,honest,0.5924242424242424,0.0924242424242424,False,0.7246,0.3369999999999999,3
4,iso_resid,honest,0.5954545454545455,0.0954545454545454,False,0.901,0.3149999999999999,3
4,iso_resid,honest,0.5984848484848485,0.0984848484848485,False,0.8368,0.307,3
4,iso_resid,honest,0.6015151515151516,0.1015151515151515,False,0.841,0.298,3
4,iso_resid,honest,0.6045454545454545,0.1045454545454545,False,0.741,0.277,3
4,iso_resid,honest,0.6075757575757577,0.1075757575757576,False,0.7458,0.294,3
4,iso_resid,honest,0.6106060606060606,0.1106060606060606,False,0.936,0.3169999999999999,3
4,iso_resid,honest,0.6136363636363636,0.1136363636363636,False,0.9146,0.301,3
4,iso_resid,honest,0.6166666666666667,0.1166666666666667,False,0.9778,0.296,3
4,iso_resid,honest,0.6196969696969696,0.1196969696969696,False,0.9896,0.266,3
4,iso_resid,honest,0.6227272727272728,0.1227272727272728,False,0.943,0.264,3
4,iso_resid,honest,0.6257575757575757,0.1257575757575757,False,0.972,0.272,3
4,iso_resid,honest,0.6287878787878788,0.1287878787878787,False,0.6474,0.249,3
4,iso_resid,honest,0.6318181818181818,0.1318181818181818,False,0.9766,0.237,3
4,iso_resid,honest,0.6348484848484849,0.1348484848484848,False,0.9498,0.255,3
4,iso_resid,honest,0.6378787878787879,0.1378787878787879,False,0.9364,0.241,3
4,iso_resid,honest,0.6409090909090909,0.1409090909090908,False,0.9356,0.251,3
4,iso_resid,honest,0.643939393939394,0.143939393939394,False,0.7766,0.241,3
4,iso_resid,honest,0.646969696969697,0.1469696969696969,False,0.9922,0.2129999999999999,3
4,iso_resid,honest,0.65,0.15,False,0.985,0.2109999999999999,3
4,iso_resid_rob,gated,0.35,0.15,True,0.0004,0.234,3
4,iso_resid_rob,gated,0.353030303030303,0.1469696969696969,True,0.004,0.235,3
4,iso_resid_rob,gated,0.356060606060606,0.1439393939393939,True,0.015,0.257,3
4,iso_resid_rob,gated,0.359090909090909,0.1409090909090909,True,0.0002,0.246,3
4,iso_resid_rob,gated,0.3621212121212121,0.1378787878787878,True,0.0004,0.253,3
4,iso_resid_rob,gated,0.3651515151515151,0.1348484848484848,True,0.0002,0.228,3
4,iso_resid_rob,gated,0.3681818181818181,0.1318181818181818,True,0.0002,0.283,3
4,iso_resid_rob,gated,0.3712121212121212,0.1287878787878787,True,0.0002,0.256,3
4,iso_resid_rob,gated,0.3742424242424242,0.1257575757575758,True,0.0002,0.271,3
4,iso_resid_rob,gated,0.3772727272727272,0.1227272727272727,True,0.0002,0.275,3
4,iso_resid_rob,gated,0.3803030303030303,0.1196969696969696,True,0.0002,0.287,3
4,iso_resid_rob,gated,0.3833333333333333,0.1166666666666667,True,0.0002,0.263,3
4,iso_resid_rob,gated,0.3863636363636363,0.1136363636363636,True,0.0002,0.276,3
4,iso_resid_rob,gated,0.3893939393939394,0.1106060606060606,True,0.0002,0.279,3
4,iso_resid_rob,gated,0.3924242424242424,0.1075757575757576,True,0.0002,0.306,3
4,iso_resid_rob,gated,0.3954545454545454,0.1045454545454545,True,0.0002,0.303,3
4,iso_resid_rob,gated,0.3984848484848484,0.1015151515151515,True,0.0002,0.336,3
4,iso_resid_rob,gated,0.4015151515151515,0.0984848484848485,True,0.0002,0.311,3
4,iso_resid_rob,gated,0.4045454545454545,0.0954545454545454,True,0.0002,0.294,3
4,iso_resid_rob,gated,0.4075757575757576,0.0924242424242424,True,0.0002,0.334,3
4,iso_resid_rob,gated,0.4106060606060606,0.0893939393939394,True,0.0002,0.33,3
4,iso_resid_rob,gated,0.4136363636363636,0.0863636363636363,True,0.0002,0.349,3
4,iso_resid_rob,gated,0.4166666666666666,0.0833333333333333,True,0.0002,0.328,3
4,iso_resid_rob,gated,0.4196969696969697,0.0803030303030303,True,0.0002,0.334,3
4,iso_resid_rob,gated,0.4227272727272727,0.0772727272727272,True,0.0002,0.364,3
4,iso_resid_rob,gated,0.4257575757575758,0.0742424242424242,True,0.0002,0.35,3
4,iso_resid_rob,gated,0.4287878787878788,0.0712121212121212,True,0.0002,0.39,3
4,iso_resid_rob,gated,0.4318181818181818,0.0681818181818181,True,0.0002,0.358,3
4,iso_resid_rob,gated,0.4348484848484848,0.0651515151515151,True,0.0002,0.362,3
4,iso_resid_rob,gated,0.4378787878787878,0.0621212121212121,True,0.0002,0.371,3
4,iso_resid_rob,gated,0.4409090909090909,0.059090909090909,True,0.0002,0.401,3
4,iso_resid_rob,gated,0.4439393939393939,0.056060606060606,True,0.0002,0.411,3
4,iso_resid_rob,gated,0.4469696969696969,0.053030303030303,True,0.0002,0.397,3
4,iso_resid_rob,gated,0.45,0.0499999999999999,True,0.0002,0.416,3
4,iso_resid_rob,gated,0.453030303030303,0.0469696969696969,True,0.0002,0.413,3
4,iso_resid_rob,gated,0.456060606060606,0.0439393939393939,True,0.0002,0.401,3
4,iso_resid_rob,gated,0.4590909090909091,0.0409090909090908,False,0.7638,0.436,3
4,iso_resid_rob,gated,0.4621212121212121,0.0378787878787879,True,0.0002,0.446,3
4,iso_resid_rob,gated,0.4651515151515151,0.0348484848484848,False,0.318,0.418,3
4,iso_resid_rob,gated,0.4681818181818181,0.0318181818181818,False,0.361,0.419,3
4,iso_resid_rob,gated,0.4712121212121212,0.0287878787878788,False,0.0572,0.44,3
4,iso_resid_rob,gated,0.4742424242424242,0.0257575757575757,False,0.901,0.46,3
4,iso_resid_rob,gated,0.4772727272727273,0.0227272727272727,False,0.4084,0.449,3
4,iso_resid_rob,gated,0.4803030303030303,0.0196969696969697,False,0.6164,0.47,3
4,iso_resid_rob,gated,0.4833333333333333,0.0166666666666666,False,0.5436,0.456,3
4,iso_resid_rob,gated,0.4863636363636363,0.0136363636363636,False,0.1926,0.454,3
4,iso_resid_rob,gated,0.4893939393939394,0.0106060606060606,False,0.4226,0.5,3
4,iso_resid_rob,gated,0.4924242424242424,0.0075757575757575,True,0.0102,0.493,3
4,iso_resid_rob,gated,0.4954545454545455,0.0045454545454545,False,0.5856,0.48,3
4,iso_resid_rob,gated,0.4984848484848485,0.0015151515151515,False,0.0368,0.498,3
4,iso_resid_rob,gated,0.5015151515151515,0.0015151515151514,False,0.675,0.5,3
4,iso_resid_rob,gated,0.5045454545454545,0.0045454545454545,False,0.1544,0.491,3
4,iso_resid_rob,gated,0.5075757575757576,0.0075757575757575,False,0.1058,0.487,3
4,iso_resid_rob,gated,0.5106060606060606,0.0106060606060606,False,0.0752,0.497,3
4,iso_resid_rob,gated,0.5136363636363637,0.0136363636363636,False,0.0828,0.475,3
4,iso_resid_rob,gated,0.5166666666666666,0.0166666666666666,False,0.0306,0.4629999999999999,3
4,iso_resid_rob,gated,0.5196969696969698,0.0196969696969697,False,0.678,0.49,3
4,iso_resid_rob,gated,0.5227272727272727,0.0227272727272727,False,0.489,0.4629999999999999,3
4,iso_resid_rob,gated,0.5257575757575758,0.0257575757575757,False,0.7724,0.4559999999999999,3
4,iso_resid_rob,gated,0.5287878787878788,0.0287878787878788,False,0.872,0.433,3
4,iso_resid_rob,gated,0.5318181818181819,0.0318181818181818,False,0.6744,0.4399999999999999,3
4,iso_resid_rob,gated,0.5348484848484849,0.0348484848484849,False,0.368,0.426,3
4,iso_resid_rob,gated,0.5378787878787878,0.0378787878787878,True,0.0004,0.413,3
4,iso_resid_rob,gated,0.5409090909090909,0.0409090909090908,True,0.0002,0.433,3
4,iso_resid_rob,gated,0.543939393939394,0.0439393939393939,True,0.0002,0.392,3
4,iso_resid_rob,gated,0.546969696969697,0.0469696969696969,True,0.0002,0.426,3
4,iso_resid_rob,gated,0.55,0.05,True,0.0002,0.417,3
4,iso_resid_rob,gated,0.553030303030303,0.0530303030303029,True,0.0002,0.415,3
4,iso_resid_rob,gated,0.556060606060606,0.056060606060606,True,0.0002,0.403,3
4,iso_resid_rob,gated,0.5590909090909091,0.059090909090909,True,0.0002,0.395,3
4,iso_resid_rob,gated,0.5621212121212121,0.0621212121212121,True,0.0002,0.354,3
4,iso_resid_rob,gated,0.5651515151515152,0.0651515151515151,True,0.0002,0.365,3
4,iso_resid_rob,gated,0.5681818181818181,0.0681818181818181,True,0.0002,0.37,3
4,iso_resid_rob,gated,0.5712121212121213,0.0712121212121212,True,0.0002,0.346,3
4,iso_resid_rob,gated,0.5742424242424242,0.0742424242424242,False,0.0176,0.371,3
4,iso_resid_rob,gated,0.5772727272727273,0.0772727272727272,True,0.0002,0.3379999999999999,3
4,iso_resid_rob,gated,0.5803030303030303,0.0803030303030303,True,0.0002,0.364,3
4,iso_resid_rob,gated,0.5833333333333334,0.0833333333333333,True,0.0002,0.346,3
4,iso_resid_rob,gated,0.5863636363636364,0.0863636363636364,True,0.0002,0.31,3
4,iso_resid_rob,gated,0.5893939393939394,0.0893939393939393,True,0.0002,0.3399999999999999,3
4,iso_resid_rob,gated,0.5924242424242424,0.0924242424242424,True,0.0002,0.3349999999999999,3
4,iso_resid_rob,gated,0.5954545454545455,0.0954545454545454,True,0.0002,0.3229999999999999,3
4,iso_resid_rob,gated,0.5984848484848485,0.0984848484848485,True,0.0002,0.284,3
4,iso_resid_rob,gated,0.6015151515151516,0.1015151515151515,True,0.0002,0.3289999999999999,3
4,iso_resid_rob,gated,0.6045454545454545,0.1045454545454545,True,0.0002,0.3169999999999999,3
4,iso_resid_rob,gated,0.6075757575757577,0.1075757575757576,True,0.0002,0.306,3
4,iso_resid_rob,gated,0.6106060606060606,0.1106060606060606,True,0.0002,0.3189999999999999,3
4,iso_resid_rob,gated,0.6136363636363636,0.1136363636363636,True,0.0002,0.292,3
4,iso_resid_rob,gated,0.6166666666666667,0.1166666666666667,True,0.0002,0.28,3
4,iso_resid_rob,gated,0.6196969696969696,0.1196969696969696,True,0.0002,0.263,3
4,iso_resid_rob,gated,0.6227272727272728,0.1227272727272728,True,0.0002,0.265,3
4,iso_resid_rob,gated,0.6257575757575757,0.1257575757575757,True,0.0002,0.256,3
4,iso_resid_rob,gated,0.6287878787878788,0.1287878787878787,True,0.0002,0.278,3
4,iso_resid_rob,gated,0.6318181818181818,0.1318181818181818,True,0.0002,0.256,3
4,iso_resid_rob,gated,0.6348484848484849,0.1348484848484848,True,0.0002,0.275,3
4,iso_resid_rob,gated,0.6378787878787879,0.1378787878787879,True,0.0004,0.2209999999999999,3
4,iso_resid_rob,gated,0.6409090909090909,0.1409090909090908,True,0.0002,0.256,3
4,iso_resid_rob,gated,0.643939393939394,0.143939393939394,True,0.0002,0.2159999999999999,3
4,iso_resid_rob,gated,0.646969696969697,0.1469696969696969,True,0.0154,0.238,3
4,iso_resid_rob,gated,0.65,0.15,True,0.0004,0.235,3
4,iso_resid_rob,honest,0.35,0.15,False,1.0,0.215,3
4,iso_resid_rob,honest,0.353030303030303,0.1469696969696969,False,0.7126,0.222,3
4,iso_resid_rob,honest,0.356060606060606,0.1439393939393939,False,0.9942,0.229,3
4,iso_resid_rob,honest,0.359090909090909,0.1409090909090909,False,0.8706,0.246,3
4,iso_resid_rob,honest,0.3621212121212121,0.1378787878787878,False,0.9966,0.224,3
4,iso_resid_rob,honest,0.3651515151515151,0.1348484848484848,False,0.6726,0.209,3
4,iso_resid_rob,honest,0.3681818181818181,0.1318181818181818,False,0.7034,0.245,3
4,iso_resid_rob,honest,0.3712121212121212,0.1287878787878787,False,0.9616,0.284,3
4,iso_resid_rob,honest,0.3742424242424242,0.1257575757575758,False,0.982,0.278,3
4,iso_resid_rob,honest,0.3772727272727272,0.1227272727272727,False,0.938,0.284,3
4,iso_resid_rob,honest,0.3803030303030303,0.1196969696969696,False,0.8712,0.294,3
4,iso_resid_rob,honest,0.3833333333333333,0.1166666666666667,False,0.534,0.292,3
4,iso_resid_rob,honest,0.3863636363636363,0.1136363636363636,False,0.7772,0.302,3
4,iso_resid_rob,honest,0.3893939393939394,0.1106060606060606,False,0.982,0.267,3
4,iso_resid_rob,honest,0.3924242424242424,0.1075757575757576,False,0.987,0.278,3
4,iso_resid_rob,honest,0.3954545454545454,0.1045454545454545,False,0.6358,0.307,3
4,iso_resid_rob,honest,0.3984848484848484,0.1015151515151515,False,0.9586,0.299,3
4,iso_resid_rob,honest,0.4015151515151515,0.0984848484848485,False,0.9852,0.31,3
4,iso_resid_rob,honest,0.4045454545454545,0.0954545454545454,False,0.972,0.298,3
4,iso_resid_rob,honest,0.4075757575757576,0.0924242424242424,False,0.9986,0.323,3
4,iso_resid_rob,honest,0.4106060606060606,0.0893939393939394,False,0.8826,0.331,3
4,iso_resid_rob,honest,0.4136363636363636,0.0863636363636363,False,0.7634,0.336,3
4,iso_resid_rob,honest,0.4166666666666666,0.0833333333333333,False,0.6422,0.355,3
4,iso_resid_rob,honest,0.4196969696969697,0.0803030303030303,False,0.9354,0.359,3
4,iso_resid_rob,honest,0.4227272727272727,0.0772727272727272,False,0.997,0.357,3
4,iso_resid_rob,honest,0.4257575757575758,0.0742424242424242,False,0.6694,0.386,3
4,iso_resid_rob,honest,0.4287878787878788,0.0712121212121212,False,0.8584,0.358,3
4,iso_resid_rob,honest,0.4318181818181818,0.0681818181818181,False,0.4312,0.371,3
4,iso_resid_rob,honest,0.4348484848484848,0.0651515151515151,False,0.986,0.414,3
4,iso_resid_rob,honest,0.4378787878787878,0.0621212121212121,False,0.9692,0.39,3
4,iso_resid_rob,honest,0.4409090909090909,0.059090909090909,False,0.9992,0.382,3
4,iso_resid_rob,honest,0.4439393939393939,0.056060606060606,False,0.8678,0.377,3
4,iso_resid_rob,honest,0.4469696969696969,0.053030303030303,False,0.987,0.371,3
4,iso_resid_rob,honest,0.45,0.0499999999999999,False,0.7992,0.39,3
4,iso_resid_rob,honest,0.453030303030303,0.0469696969696969,False,0.6974,0.417,3
4,iso_resid_rob,honest,0.456060606060606,0.0439393939393939,False,0.8266,0.418,3
4,iso_resid_rob,honest,0.4590909090909091,0.0409090909090908,False,0.9702,0.407,3
4,iso_resid_rob,honest,0.4621212121212121,0.0378787878787879,False,0.9796,0.408,3
4,iso_resid_rob,honest,0.4651515151515151,0.0348484848484848,False,0.968,0.448,3
4,iso_resid_rob,honest,0.4681818181818181,0.0318181818181818,False,0.668,0.432,3
4,iso_resid_rob,honest,0.4712121212121212,0.0287878787878788,False,0.9634,0.437,3
4,iso_resid_rob,honest,0.4742424242424242,0.0257575757575757,False,0.9354,0.455,3
4,iso_resid_rob,honest,0.4772727272727273,0.0227272727272727,False,0.993,0.452,3
4,iso_resid_rob,honest,0.4803030303030303,0.0196969696969697,False,0.981,0.494,3
4,iso_resid_rob,honest,0.4833333333333333,0.0166666666666666,False,0.866,0.467,3
4,iso_resid_rob,honest,0.4863636363636363,0.0136363636363636,False,0.872,0.461,3
4,iso_resid_rob,honest,0.4893939393939394,0.0106060606060606,False,0.8532,0.455,3
4,iso_resid_rob,honest,0.4924242424242424,0.0075757575757575,False,0.6872,0.493,3
4,iso_resid_rob,honest,0.4954545454545455,0.0045454545454545,False,0.6164,0.496,3
4,iso_resid_rob,honest,0.4984848484848485,0.0015151515151515,False,0.966,0.495,3
4,iso_resid_rob,honest,0.5015151515151515,0.0015151515151514,False,0.9892,0.496,3
4,iso_resid_rob,honest,0.5045454545454545,0.0045454545454545,False,0.9162,0.498,3
4,iso_resid_rob,honest,0.5075757575757576,0.0075757575757575,False,0.9088,0.492,3
4,iso_resid_rob,honest,0.5106060606060606,0.0106060606060606,False,0.543,0.494,3
4,iso_resid_rob,honest,0.5136363636363637,0.0136363636363636,False,0.7668,0.4539999999999999,3
4,iso_resid_rob,honest,0.5166666666666666,0.0166666666666666,False,0.7838,0.482,3
4,iso_resid_rob,honest,0.5196969696969698,0.0196969696969697,False,0.8196,0.4579999999999999,3
4,iso_resid_rob,honest,0.5227272727272727,0.0227272727272727,False,0.8354,0.4499999999999999,3
4,iso_resid_rob,honest,0.5257575757575758,0.0257575757575757,False,0.9936,0.431,3
4,iso_resid_rob,honest,0.5287878787878788,0.0287878787878788,False,0.6642,0.4559999999999999,3
4,iso_resid_rob,honest,0.5318181818181819,0.0318181818181818,False,1.0,0.418,3
4,iso_resid_rob,honest,0.5348484848484849,0.0348484848484849,False,0.6366,0.431,3
4,iso_resid_rob,honest,0.5378787878787878,0.0378787878787878,False,0.4422,0.424,3
4,iso_resid_rob,honest,0.5409090909090909,0.0409090909090908,False,0.77,0.402,3
4,iso_resid_rob,honest,0.543939393939394,0.0439393939393939,False,0.8248,0.413,3
4,iso_resid_rob,honest,0.546969696969697,0.0469696969696969,False,0.9536,0.404,3
4,iso_resid_rob,honest,0.55,0.05,False,0.9942,0.426,3
4,iso_resid_rob,honest,0.553030303030303,0.0530303030303029,False,0.9856,0.417,3
4,iso_resid_rob,honest,0.556060606060606,0.056060606060606,False,0.88,0.41,3
4,iso_resid_rob,honest,0.5590909090909091,0.059090909090909,False,0.4528,0.388,3
4,iso_resid_rob,honest,0.5621212121212121,0.0621212121212121,False,0.9268,0.392,3
4,iso_resid_rob,honest,0.5651515151515152,0.0651515151515151,False,0.7838,0.391,3
4,iso_resid_rob,honest,0.5681818181818181,0.0681818181818181,False,0.8604,0.368,3
4,iso_resid_rob,honest,0.5712121212121213,0.0712121212121212,False,0.9118,0.401,3
4,iso_resid_rob,honest,0.5742424242424242,0.0742424242424242,False,0.9588,0.365,3
4,iso_resid_rob,honest,0.5772727272727273,0.0772727272727272,False,0.8484,0.3369999999999999,3
4,iso_resid_rob,honest,0.5803030303030303,0.0803030303030303,False,0.987,0.374,3
4,iso_resid_rob,honest,0.5833333333333334,0.0833333333333333,False,0.979,0.3239999999999999,3
4,iso_resid_rob,honest,0.5863636363636364,0.0863636363636364,False,0.8982,0.3249999999999999,3
4,iso_resid_rob,honest,0.5893939393939394,0.0893939393939393,False,0.7758,0.3239999999999999,3
4,iso_resid_rob,honest,0.5924242424242424,0.0924242424242424,False,0.9356,0.304,3
4,iso_resid_rob,honest,0.5954545454545455,0.0954545454545454,False,0.9994,0.311,3
4,iso_resid_rob,honest,0.5984848484848485,0.0984848484848485,False,0.7634,0.293,3
4,iso_resid_rob,honest,0.6015151515151516,0.1015151515151515,False,0.9934,0.3279999999999999,3
4,iso_resid_rob,honest,0.6045454545454545,0.1045454545454545,False,0.7454,0.307,3
4,iso_resid_rob,honest,0.6075757575757577,0.1075757575757576,False,0.691,0.272,3
4,iso_resid_rob,honest,0.6106060606060606,0.1106060606060606,False,0.985,0.297,3
4,iso_resid_rob,honest,0.6136363636363636,0.1136363636363636,False,0.992,0.29,3
4,iso_resid_rob,honest,0.6166666666666667,0.1166666666666667,False,0.9432,0.283,3
4,iso_resid_rob,honest,0.6196969696969696,0.1196969696969696,False,0.9784,0.3,3
4,iso_resid_rob,honest,0.6227272727272728,0.1227272727272728,False,0.9942,0.274,3
4,iso_resid_rob,honest,0.6257575757575757,0.1257575757575757,False,0.886,0.253,3
4,iso_resid_rob,honest,0.6287878787878788,0.1287878787878787,False,0.9776,0.267,3
4,iso_resid_rob,honest,0.6318181818181818,0.1318181818181818,False,0.987,0.265,3
4,iso_resid_rob,honest,0.6348484848484849,0.1348484848484848,False,0.264,0.249,3
4,iso_resid_rob,honest,0.6378787878787879,0.1378787878787879,False,0.8912,0.249,3
4,iso_resid_rob,honest,0.6409090909090909,0.1409090909090908,False,0.9104,0.2319999999999999,3
4,iso_resid_rob,honest,0.643939393939394,0.143939393939394,False,0.9794,0.2249999999999999,3
4,iso_resid_rob,honest,0.646969696969697,0.1469696969696969,False,0.898,0.2159999999999999,3
4,iso_resid_rob,honest,0.65,0.15,False,0.9842,0.2259999999999999,3
4,coord_scan,gated,0.35,0.15,True,0.0002,0.225,11
4,coord_scan,gated,0.353030303030303,0.1469696969696969,True,0.0002,0.221,12
4,coord_scan,gated,0.356060606060606,0.1439393939393939,True,0.0002,0.23,11
4,coord_scan,gated,0.359090909090909,0.1409090909090909,True,0.0002,0.239,12
4,coord_scan,gated,0.3621212121212121,0.1378787878787878,True,0.0002,0.23,12
4,coord_scan,gated,0.3651515151515151,0.1348484848484848,True,0.0002,0.234,11
4,coord_scan,gated,0.3681818181818181,0.1318181818181818,True,0.0002,0.265,12
4,coord_scan,gated,0.3712121212121212,0.1287878787878787,True,0.0002,0.267,12
4,coord_scan,gated,0.3742424242424242,0.1257575757575758,True,0.0002,0.265,11
4,coord_scan,gated,0.3772727272727272,0.1227272727272727,True,0.0002,0.237,12
4,coord_scan,gated,0.3803030303030303,0.1196969696969696,True,0.0002,0.303,11
4,coord_scan,gated,0.3833333333333333,0.1166666666666667,True,0.0002,0.308,12
4,coord_scan,gated,0.3863636363636363,0.1136363636363636,True,0.0002,0.307,12
4,coord_scan,gated,0.3893939393939394,0.1106060606060606,True,0.0002,0.281,12
4,coord_scan,gated,0.3924242424242424,0.1075757575757576,True,0.0002,0.296,12
4,coord_scan,gated,0.3954545454545454,0.1045454545454545,True,0.0002,0.31,12
4,coord_scan,gated,0.3984848484848484,0.1015151515151515,True,0.0002,0.273,12
4,coord_scan,gated,0.4015151515151515,0.0984848484848485,True,0.0002,0.308,12
4,coord_scan,gated,0.4045454545454545,0.0954545454545454,True,0.0002,0.3,12
4,coord_scan,gated,0.4075757575757576,0.0924242424242424,True,0.0002,0.305,10
4,coord_scan,gated,0.4106060606060606,0.0893939393939394,True,0.0002,0.318,12
4,coord_scan,gated,0.4136363636363636,0.0863636363636363,True,0.0002,0.345,11
4,coord_scan,gated,0.4166666666666666,0.0833333333333333,True,0.0002,0.342,12
4,coord_scan,gated,0.4196969696969697,0.0803030303030303,True,0.0002,0.331,12
4,coord_scan,gated,0.4227272727272727,0.0772727272727272,True,0.0002,0.346,12
4,coord_scan,gated,0.4257575757575758,0.0742424242424242,True,0.0002,0.368,11
4,coord_scan,gated,0.4287878787878788,0.0712121212121212,True,0.0002,0.35,12
4,coord_scan,gated,0.4318181818181818,0.0681818181818181,True,0.0002,0.353,11
4,coord_scan,gated,0.4348484848484848,0.0651515151515151,True,0.0002,0.391,11
4,coord_scan,gated,0.4378787878787878,0.0621212121212121,True,0.0002,0.36,11
4,coord_scan,gated,0.4409090909090909,0.059090909090909,True,0.0002,0.351,12
4,coord_scan,gated,0.4439393939393939,0.056060606060606,True,0.0002,0.404,12
4,coord_scan,gated,0.4469696969696969,0.053030303030303,True,0.0002,0.387,12
4,coord_scan,gated,0.45,0.0499999999999999,True,0.0002,0.389,12
4,coord_scan,gated,0.453030303030303,0.0469696969696969,True,0.0002,0.417,12
4,coord_scan,gated,0.456060606060606,0.0439393939393939,True,0.0002,0.414,12
4,coord_scan,gated,0.4590909090909091,0.0409090909090908,True,0.0002,0.455,12
4,coord_scan,gated,0.4621212121212121,0.0378787878787879,True,0.0002,0.437,12
4,coord_scan,gated,0.4651515151515151,0.0348484848484848,True,0.0002,0.426,12
4,coord_scan,gated,0.4681818181818181,0.0318181818181818,True,0.0002,0.43,12
4,coord_scan,gated,0.4712121212121212,0.0287878787878788,True,0.0002,0.43,12
4,coord_scan,gated,0.4742424242424242,0.0257575757575757,True,0.0002,0.447,12
4,coord_scan,gated,0.4772727272727273,0.0227272727272727,True,0.0002,0.434,11
4,coord_scan,gated,0.4803030303030303,0.0196969696969697,True,0.0002,0.441,11
4,coord_scan,gated,0.4833333333333333,0.0166666666666666,True,0.0002,0.448,11
4,coord_scan,gated,0.4863636363636363,0.0136363636363636,True,0.0002,0.463,11
4,coord_scan,gated,0.4893939393939394,0.0106060606060606,True,0.0002,0.492,12
4,coord_scan,gated,0.4924242424242424,0.0075757575757575,True,0.0002,0.49,12
4,coord_scan,gated,0.4954545454545455,0.0045454545454545,True,0.0002,0.497,12
4,coord_scan,gated,0.4984848484848485,0.0015151515151515,True,0.0002,0.499,11
4,coord_scan,gated,0.5015151515151515,0.0015151515151514,True,0.0002,0.484,12
4,coord_scan,gated,0.5045454545454545,0.0045454545454545,True,0.0002,0.487,12
4,coord_scan,gated,0.5075757575757576,0.0075757575757575,True,0.0002,0.491,12
4,coord_scan,gated,0.5106060606060606,0.0106060606060606,True,0.0002,0.494,12
4,coord_scan,gated,0.5136363636363637,0.0136363636363636,True,0.0002,0.471,12
4,coord_scan,gated,0.5166666666666666,0.0166666666666666,True,0.0002,0.437,12
4,coord_scan,gated,0.5196969696969698,0.0196969696969697,True,0.0002,0.471,11
4,coord_scan,gated,0.5227272727272727,0.0227272727272727,True,0.0002,0.47,12
4,coord_scan,gated,0.5257575757575758,0.0257575757575757,True,0.0002,0.4629999999999999,12
4,coord_scan,gated,0.5287878787878788,0.0287878787878788,True,0.0002,0.432,12
4,coord_scan,gated,0.5318181818181819,0.0318181818181818,True,0.0002,0.4489999999999999,12
4,coord_scan,gated,0.5348484848484849,0.0348484848484849,True,0.0002,0.4619999999999999,12
4,coord_scan,gated,0.5378787878787878,0.0378787878787878,True,0.0002,0.417,12
4,coord_scan,gated,0.5409090909090909,0.0409090909090908,True,0.0002,0.42,11
4,coord_scan,gated,0.543939393939394,0.0439393939393939,True,0.0002,0.401,12
4,coord_scan,gated,0.546969696969697,0.0469696969696969,True,0.0002,0.4419999999999999,11
4,coord_scan,gated,0.55,0.05,True,0.0002,0.396,12
4,coord_scan,gated,0.553030303030303,0.0530303030303029,True,0.0002,0.393,12
4,coord_scan,gated,0.556060606060606,0.056060606060606,True,0.0002,0.371,12
4,coord_scan,gated,0.5590909090909091,0.059090909090909,True,0.0002,0.395,12
4,coord_scan,gated,0.5621212121212121,0.0621212121212121,True,0.0002,0.364,12
4,coord_scan,gated,0.5651515151515152,0.0651515151515151,True,0.0002,0.381,12
4,coord_scan,gated,0.5681818181818181,0.0681818181818181,True,0.0002,0.353,12
4,coord_scan,gated,0.5712121212121213,0.0712121212121212,True,0.0002,0.36,12
4,coord_scan,gated,0.5742424242424242,0.0742424242424242,True,0.0002,0.346,12
4,coord_scan,gated,0.5772727272727273,0.0772727272727272,True,0.0002,0.3209999999999999,12
4,coord_scan,gated,0.5803030303030303,0.0803030303030303,True,0.0002,0.3379999999999999,12
4,coord_scan,gated,0.5833333333333334,0.0833333333333333,True,0.0002,0.3339999999999999,12
4,coord_scan,gated,0.5863636363636364,0.0863636363636364,True,0.0002,0.3129999999999999,11
4,coord_scan,gated,0.5893939393939394,0.0893939393939393,True,0.0002,0.3359999999999999,11
4,coord_scan,gated,0.5924242424242424,0.0924242424242424,True,0.0002,0.3309999999999999,11
4,coord_scan,gated,0.5954545454545455,0.0954545454545454,True,0.0002,0.304,12
4,coord_scan,gated,0.5984848484848485,0.0984848484848485,True,0.0002,0.3209999999999999,12
4,coord_scan,gated,0.6015151515151516,0.1015151515151515,True,0.0002,0.312,12
4,coord_scan,gated,0.6045454545454545,0.1045454545454545,True,0.0002,0.3259999999999999,12
4,coord_scan,gated,0.6075757575757577,0.1075757575757576,True,0.0002,0.308,12
4,coord_scan,gated,0.6106060606060606,0.1106060606060606,True,0.0002,0.284,11
4,coord_scan,gated,0.6136363636363636,0.1136363636363636,True,0.0002,0.3189999999999999,11
4,coord_scan,gated,0.6166666666666667,0.1166666666666667,True,0.0002,0.279,11
4,coord_scan,gated,0.6196969696969696,0.1196969696969696,True,0.0002,0.25,12
4,coord_scan,gated,0.6227272727272728,0.1227272727272728,True,0.0002,0.275,12
4,coord_scan,gated,0.6257575757575757,0.1257575757575757,True,0.0002,0.255,12
4,coord_scan,gated,0.6287878787878788,0.1287878787878787,True,0.0002,0.266,12
4,coord_scan,gated,0.6318181818181818,0.1318181818181818,True,0.0002,0.243,12
4,coord_scan,gated,0.6348484848484849,0.1348484848484848,True,0.0002,0.251,12
4,coord_scan,gated,0.6378787878787879,0.1378787878787879,True,0.0002,0.2189999999999999,12
4,coord_scan,gated,0.6409090909090909,0.1409090909090908,True,0.0002,0.254,11
4,coord_scan,gated,0.643939393939394,0.143939393939394,True,0.0002,0.248,11
4,coord_scan,gated,0.646969696969697,0.1469696969696969,True,0.0002,0.237,12
4,coord_scan,gated,0.65,0.15,True,0.0002,0.2179999999999999,12
4,coord_scan,honest,0.35,0.15,False,0.6552,0.233,11
4,coord_scan,honest,0.353030303030303,0.1469696969696969,False,0.416,0.203,12
4,coord_scan,honest,0.356060606060606,0.1439393939393939,False,0.5148,0.24,12
4,coord_scan,honest,0.359090909090909,0.1409090909090909,False,0.9174,0.233,12
4,coord_scan,honest,0.3621212121212121,0.1378787878787878,False,0.7708,0.239,12
4,coord_scan,honest,0.3651515151515151,0.1348484848484848,False,0.9156,0.241,10
4,coord_scan,honest,0.3681818181818181,0.1318181818181818,False,0.5152,0.269,12
4,coord_scan,honest,0.3712121212121212,0.1287878787878787,False,0.4958,0.266,12
4,coord_scan,honest,0.3742424242424242,0.1257575757575758,False,0.5042,0.25,11
4,coord_scan,honest,0.3772727272727272,0.1227272727272727,False,0.6202,0.274,11
4,coord_scan,honest,0.3803030303030303,0.1196969696969696,False,0.8422,0.291,11
4,coord_scan,honest,0.3833333333333333,0.1166666666666667,False,0.5688,0.275,11
4,coord_scan,honest,0.3863636363636363,0.1136363636363636,False,0.5754,0.293,12
4,coord_scan,honest,0.3893939393939394,0.1106060606060606,False,0.6492,0.301,12
4,coord_scan,honest,0.3924242424242424,0.1075757575757576,False,0.8608,0.293,12
4,coord_scan,honest,0.3954545454545454,0.1045454545454545,False,0.643,0.319,11
4,coord_scan,honest,0.3984848484848484,0.1015151515151515,False,0.7794,0.317,12
4,coord_scan,honest,0.4015151515151515,0.0984848484848485,False,0.702,0.3,12
4,coord_scan,honest,0.4045454545454545,0.0954545454545454,False,0.7178,0.33,12
4,coord_scan,honest,0.4075757575757576,0.0924242424242424,False,0.3094,0.301,12
4,coord_scan,honest,0.4106060606060606,0.0893939393939394,False,0.252,0.32,11
4,coord_scan,honest,0.4136363636363636,0.0863636363636363,False,0.9162,0.344,11
4,coord_scan,honest,0.4166666666666666,0.0833333333333333,False,0.8608,0.388,12
4,coord_scan,honest,0.4196969696969697,0.0803030303030303,False,0.5702,0.351,12
4,coord_scan,honest,0.4227272727272727,0.0772727272727272,False,0.9094,0.356,11
4,coord_scan,honest,0.4257575757575758,0.0742424242424242,False,0.537,0.339,12
4,coord_scan,honest,0.4287878787878788,0.0712121212121212,False,0.9118,0.376,12
4,coord_scan,honest,0.4318181818181818,0.0681818181818181,False,0.4262,0.372,11
4,coord_scan,honest,0.4348484848484848,0.0651515151515151,False,0.7834,0.37,12
4,coord_scan,honest,0.4378787878787878,0.0621212121212121,False,0.9356,0.376,12
4,coord_scan,honest,0.4409090909090909,0.059090909090909,False,0.9268,0.391,12
4,coord_scan,honest,0.4439393939393939,0.056060606060606,False,0.6686,0.369,12
4,coord_scan,honest,0.4469696969696969,0.053030303030303,False,0.7698,0.381,12
4,coord_scan,honest,0.45,0.0499999999999999,False,0.842,0.405,11
4,coord_scan,honest,0.453030303030303,0.0469696969696969,False,0.6458,0.423,12
4,coord_scan,honest,0.456060606060606,0.0439393939393939,False,0.7518,0.425,12
4,coord_scan,honest,0.4590909090909091,0.0409090909090908,False,0.5542,0.41,12
4,coord_scan,honest,0.4621212121212121,0.0378787878787879,False,0.4304,0.442,12
4,coord_scan,honest,0.4651515151515151,0.0348484848484848,False,0.6184,0.448,12
4,coord_scan,honest,0.4681818181818181,0.0318181818181818,False,0.7522,0.437,12
4,coord_scan,honest,0.4712121212121212,0.0287878787878788,False,0.5624,0.445,11
4,coord_scan,honest,0.4742424242424242,0.0257575757575757,False,0.5684,0.459,12
4,coord_scan,honest,0.4772727272727273,0.0227272727272727,False,0.7656,0.464,12
4,coord_scan,honest,0.4803030303030303,0.0196969696969697,False,0.9542,0.464,12
4,coord_scan,honest,0.4833333333333333,0.0166666666666666,False,0.855,0.495,12
4,coord_scan,honest,0.4863636363636363,0.0136363636363636,False,0.7222,0.462,12
4,coord_scan,honest,0.4893939393939394,0.0106060606060606,False,0.7884,0.489,11
4,coord_scan,honest,0.4924242424242424,0.0075757575757575,False,0.8202,0.492,11
4,coord_scan,honest,0.4954545454545455,0.0045454545454545,False,0.6738,0.487,12
4,coord_scan,honest,0.4984848484848485,0.0015151515151515,False,0.9402,0.494,11
4,coord_scan,honest,0.5015151515151515,0.0015151515151514,False,0.8774,0.497,12
4,coord_scan,honest,0.5045454545454545,0.0045454545454545,False,0.73,0.491,11
4,coord_scan,honest,0.5075757575757576,0.0075757575757575,False,0.6974,0.471,11
4,coord_scan,honest,0.5106060606060606,0.0106060606060606,False,0.5748,0.4499999999999999,11
4,coord_scan,honest,0.5136363636363637,0.0136363636363636,False,0.5638,0.485,11
4,coord_scan,honest,0.5166666666666666,0.0166666666666666,False,0.9056,0.477,12
4,coord_scan,honest,0.5196969696969698,0.0196969696969697,False,0.9188,0.4379999999999999,11
4,coord_scan,honest,0.5227272727272727,0.0227272727272727,False,0.8774,0.4479999999999999,11
4,coord_scan,honest,0.5257575757575758,0.0257575757575757,False,0.3916,0.4499999999999999,12
4,coord_scan,honest,0.5287878787878788,0.0287878787878788,False,0.832,0.424,12
4,coord_scan,honest,0.5318181818181819,0.0318181818181818,False,0.5388,0.4469999999999999,12
4,coord_scan,honest,0.5348484848484849,0.0348484848484849,False,0.9128,0.4479999999999999,11
4,coord_scan,honest,0.5378787878787878,0.0378787878787878,False,0.813,0.4429999999999999,12
4,coord_scan,honest,0.5409090909090909,0.0409090909090908,False,0.7044,0.4379999999999999,12
4,coord_scan,honest,0.543939393939394,0.0439393939393939,False,0.5472,0.418,11
4,coord_scan,honest,0.546969696969697,0.0469696969696969,False,0.209,0.402,12
4,coord_scan,honest,0.55,0.05,False,0.7652,0.399,11
4,coord_scan,honest,0.553030303030303,0.0530303030303029,False,0.7506,0.39,12
4,coord_scan,honest,0.556060606060606,0.056060606060606,False,0.9302,0.418,12
4,coord_scan,honest,0.5590909090909091,0.059090909090909,False,0.4906,0.371,11
4,coord_scan,honest,0.5621212121212121,0.0621212121212121,False,0.672,0.365,12
4,coord_scan,honest,0.5651515151515152,0.0651515151515151,False,0.4086,0.383,12
4,coord_scan,honest,0.5681818181818181,0.0681818181818181,False,0.8296,0.371,11
4,coord_scan,honest,0.5712121212121213,0.0712121212121212,False,0.554,0.368,12
4,coord_scan,honest,0.5742424242424242,0.0742424242424242,False,0.8706,0.365,12
4,coord_scan,honest,0.5772727272727273,0.0772727272727272,False,0.7054,0.345,12
4,coord_scan,honest,0.5803030303030303,0.0803030303030303,False,0.8242,0.3419999999999999,12
4,coord_scan,honest,0.5833333333333334,0.0833333333333333,False,0.5536,0.357,12
4,coord_scan,honest,0.5863636363636364,0.0863636363636364,False,0.811,0.3149999999999999,11
4,coord_scan,honest,0.5893939393939394,0.0893939393939393,False,0.3878,0.297,12
4,coord_scan,honest,0.5924242424242424,0.0924242424242424,False,0.514,0.347,10
4,coord_scan,honest,0.5954545454545455,0.0954545454545454,False,0.509,0.3189999999999999,11
4,coord_scan,honest,0.5984848484848485,0.0984848484848485,False,0.7188,0.296,12
4,coord_scan,honest,0.6015151515151516,0.1015151515151515,False,0.8644,0.292,11
4,coord_scan,honest,0.6045454545454545,0.1045454545454545,False,0.8458,0.311,12
4,coord_scan,honest,0.6075757575757577,0.1075757575757576,False,0.7276,0.308,12
4,coord_scan,honest,0.6106060606060606,0.1106060606060606,False,0.489,0.292,11
4,coord_scan,honest,0.6136363636363636,0.1136363636363636,False,0.8966,0.296,12
4,coord_scan,honest,0.6166666666666667,0.1166666666666667,False,0.3588,0.275,12
4,coord_scan,honest,0.6196969696969696,0.1196969696969696,False,0.1292,0.243,12
4,coord_scan,honest,0.6227272727272728,0.1227272727272728,False,0.8706,0.277,12
4,coord_scan,honest,0.6257575757575757,0.1257575757575757,False,0.459,0.267,11
4,coord_scan,honest,0.6287878787878788,0.1287878787878787,False,0.4012,0.265,12
4,coord_scan,honest,0.6318181818181818,0.1318181818181818,False,0.607,0.268,10
4,coord_scan,honest,0.6348484848484849,0.1348484848484848,False,0.8232,0.252,12
4,coord_scan,honest,0.6378787878787879,0.1378787878787879,False,0.7922,0.249,12
4,coord_scan,honest,0.6409090909090909,0.1409090909090908,False,0.866,0.258,11
4,coord_scan,honest,0.643939393939394,0.143939393939394,False,0.311,0.2149999999999999,12
4,coord_scan,honest,0.646969696969697,0.1469696969696969,False,0.4626,0.256,12
4,coord_scan,honest,0.65,0.15,False,0.5984,0.246,12
8,iso_total,gated,0.35,0.15,False,0.9804,0.015,3
8,iso_total,gated,0.353030303030303,0.1469696969696969,False,0.9968,0.02,2
8,iso_total,gated,0.356060606060606,0.1439393939393939,False,0.9636,0.02,3
8,iso_total,gated,0.359090909090909,0.1409090909090909,False,0.9748,0.021,3
8,iso_total,gated,0.3621212121212121,0.1378787878787878,False,0.9784,0.024,3
8,iso_total,gated,0.3651515151515151,0.1348484848484848,False,0.966,0.02,3
8,iso_total,gated,0.3681818181818181,0.1318181818181818,False,0.9636,0.031,3
8,iso_total,gated,0.3712121212121212,0.1287878787878787,False,0.8342,0.03,3
8,iso_total,gated,0.3742424242424242,0.1257575757575758,False,0.8866,0.033,3
8,iso_total,gated,0.3772727272727272,0.1227272727272727,False,0.6828,0.054,2
8,iso_total,gated,0.3803030303030303,0.1196969696969696,False,0.5046,0.05,3
8,iso_total,gated,0.3833333333333333,0.1166666666666667,False,0.4128,0.057,3
8,iso_total,gated,0.3863636363636363,0.1136363636363636,False,0.585,0.052,3
8,iso_total,gated,0.3893939393939394,0.1106060606060606,False,0.6476,0.048,3
8,iso_total,gated,0.3924242424242424,0.1075757575757576,False,0.42,0.053,3
8,iso_total,gated,0.3954545454545454,0.1045454545454545,False,0.0694,0.07,3
8,iso_total,gated,0.3984848484848484,0.1015151515151515,True,0.0054,0.081,3
8,iso_total,gated,0.4015151515151515,0.0984848484848485,False,0.0858,0.057,3
8,iso_total,gated,0.4045454545454545,0.0954545454545454,True,0.0038,0.089,3
8,iso_total,gated,0.4075757575757576,0.0924242424242424,False,0.057,0.066,3
8,iso_total,gated,0.4106060606060606,0.0893939393939394,True,0.0002,0.118,2
8,iso_total,gated,0.4136363636363636,0.0863636363636363,True,0.0014,0.094,2
8,iso_total,gated,0.4166666666666666,0.0833333333333333,True,0.0002,0.126,3
8,iso_total,gated,0.4196969696969697,0.0803030303030303,True,0.0002,0.12,3
8,iso_total,gated,0.4227272727272727,0.0772727272727272,True,0.0002,0.137,3
8,iso_total,gated,0.4257575757575758,0.0742424242424242,True,0.0002,0.147,3
8,iso_total,gated,0.4287878787878788,0.0712121212121212,True,0.0002,0.152,3
8,iso_total,gated,0.4318181818181818,0.0681818181818181,True,0.0002,0.182,3
8,iso_total,gated,0.4348484848484848,0.0651515151515151,True,0.0002,0.207,3
8,iso_total,gated,0.4378787878787878,0.0621212121212121,True,0.0002,0.204,3
8,iso_total,gated,0.4409090909090909,0.059090909090909,True,0.0002,0.2,3
8,iso_total,gated,0.4439393939393939,0.056060606060606,True,0.0002,0.216,3
8,iso_total,gated,0.4469696969696969,0.053030303030303,True,0.0002,0.244,3
8,iso_total,gated,0.45,0.0499999999999999,True,0.0002,0.247,3
8,iso_total,gated,0.453030303030303,0.0469696969696969,True,0.0002,0.241,3
8,iso_total,gated,0.456060606060606,0.0439393939393939,True,0.0002,0.268,3
8,iso_total,gated,0.4590909090909091,0.0409090909090908,True,0.0002,0.277,3
8,iso_total,gated,0.4621212121212121,0.0378787878787879,True,0.0002,0.298,3
8,iso_total,gated,0.4651515151515151,0.0348484848484848,True,0.0002,0.301,3
8,iso_total,gated,0.4681818181818181,0.0318181818181818,True,0.0002,0.331,3
8,iso_total,gated,0.4712121212121212,0.0287878787878788,True,0.0002,0.341,3
8,iso_total,gated,0.4742424242424242,0.0257575757575757,True,0.0002,0.332,3
8,iso_total,gated,0.4772727272727273,0.0227272727272727,True,0.0002,0.379,3
8,iso_total,gated,0.4803030303030303,0.0196969696969697,True,0.0002,0.398,3
8,iso_total,gated,0.4833333333333333,0.0166666666666666,True,0.0002,0.377,3
8,iso_total,gated,0.4863636363636363,0.0136363636363636,True,0.0002,0.432,3
8,iso_total,gated,0.4893939393939394,0.0106060606060606,True,0.0002,0.444,3
8,iso_total,gated,0.4924242424242424,0.0075757575757575,True,0.0002,0.468,3
8,iso_total,gated,0.4954545454545455,0.0045454545454545,True,0.0002,0.471,3
8,iso_total,gated,0.4984848484848485,0.0015151515151515,True,0.0002,0.5,3
8,iso_total,gated,0.5015151515151515,0.0015151515151514,True,0.0002,0.494,3
8,iso_total,gated,0.5045454545454545,0.0045454545454545,True,0.0002,0.475,3
8,iso_total,gated,0.5075757575757576,0.0075757575757575,True,0.0002,0.4569999999999999,3
8,iso_total,gated,0.5106060606060606,0.0106060606060606,True,0.0002,0.437,3
8,iso_total,gated,0.5136363636363637,0.0136363636363636,True,0.0002,0.404,3
8,iso_total,gated,0.5166666666666666,0.0166666666666666,True,0.0002,0.403,3
8,iso_total,gated,0.5196969696969698,0.0196969696969697,True,0.0002,0.399,3
8,iso_total,gated,0.5227272727272727,0.0227272727272727,True,0.0002,0.385,3
8,iso_total,gated,0.5257575757575758,0.0257575757575757,True,0.0002,0.364,3
8,iso_total,gated,0.5287878787878788,0.0287878787878788,True,0.0002,0.3309999999999999,3
8,iso_total,gated,0.5318181818181819,0.0318181818181818,True,0.0002,0.3399999999999999,3
8,iso_total,gated,0.5348484848484849,0.0348484848484849,True,0.0002,0.303,3
8,iso_total,gated,0.5378787878787878,0.0378787878787878,True,0.0002,0.278,3
8,iso_total,gated,0.5409090909090909,0.0409090909090908,True,0.0002,0.296,3
8,iso_total,gated,0.543939393939394,0.0439393939393939,True,0.0002,0.264,3
8,iso_total,gated,0.546969696969697,0.0469696969696969,True,0.0002,0.2339999999999999,3
8,iso_total,gated,0.55,0.05,True,0.0002,0.239,3
8,iso_total,gated,0.553030303030303,0.0530303030303029,True,0.0002,0.2209999999999999,3
8,iso_total,gated,0.556060606060606,0.056060606060606,True,0.0002,0.2089999999999999,3
8,iso_total,gated,0.5590909090909091,0.059090909090909,True,0.0002,0.2029999999999999,3
8,iso_total,gated,0.5621212121212121,0.0621212121212121,True,0.0002,0.18,3
8,iso_total,gated,0.5651515151515152,0.0651515151515151,True,0.0002,0.1969999999999999,3
8,iso_total,gated,0.5681818181818181,0.0681818181818181,True,0.0002,0.14,3
8,iso_total,gated,0.5712121212121213,0.0712121212121212,True,0.0002,0.153,3
8,iso_total,gated,0.5742424242424242,0.0742424242424242,True,0.0002,0.161,2
8,iso_total,gated,0.5772727272727273,0.0772727272727272,True,0.0002,0.143,2
8,iso_total,gated,0.5803030303030303,0.0803030303030303,True,0.0002,0.138,3
8,iso_total,gated,0.5833333333333334,0.0833333333333333,True,0.0002,0.126,3
8,iso_total,gated,0.5863636363636364,0.0863636363636364,True,0.0002,0.1129999999999999,3
8,iso_total,gated,0.5893939393939394,0.0893939393939393,True,0.0004,0.1059999999999999,3
8,iso_total,gated,0.5924242424242424,0.0924242424242424,True,0.0032,0.0979999999999999,3
8,iso_total,gated,0.5954545454545455,0.0954545454545454,True,0.0058,0.0879999999999999,3
8,iso_total,gated,0.5984848484848485,0.0984848484848485,True,0.0064,0.0779999999999999,3
8,iso_total,gated,0.6015151515151516,0.1015151515151515,False,0.1162,0.0639999999999999,3
8,iso_total,gated,0.6045454545454545,0.1045454545454545,False,0.339,0.06,3
8,iso_total,gated,0.6075757575757577,0.1075757575757576,False,0.1102,0.059,2
8,iso_total,gated,0.6106060606060606,0.1106060606060606,False,0.1548,0.0649999999999999,2
8,iso_total,gated,0.6136363636363636,0.1136363636363636,False,0.413,0.05,3
8,iso_total,gated,0.6166666666666667,0.1166666666666667,False,0.5708,0.046,3
8,iso_total,gated,0.6196969696969696,0.1196969696969696,False,0.3002,0.048,3
8,iso_total,gated,0.6227272727272728,0.1227272727272728,False,0.912,0.032,3
8,iso_total,gated,0.6257575757575757,0.1257575757575757,False,0.6036,0.039,3
8,iso_total,gated,0.6287878787878788,0.1287878787878787,False,0.9236,0.038,3
8,iso_total,gated,0.6318181818181818,0.1318181818181818,False,0.7508,0.035,3
8,iso_total,gated,0.6348484848484849,0.1348484848484848,False,0.8046,0.036,3
8,iso_total,gated,0.6378787878787879,0.1378787878787879,False,0.9768,0.023,3
8,iso_total,gated,0.6409090909090909,0.1409090909090908,False,0.8098,0.015,3
8,iso_total,gated,0.643939393939394,0.143939393939394,False,0.8406,0.02,3
8,iso_total,gated,0.646969696969697,0.1469696969696969,False,0.9566,0.02,3
8,iso_total,gated,0.65,0.15,False,0.7368,0.019,3
8,iso_total,honest,0.35,0.15,False,0.9954,0.015,3
8,iso_total,honest,0.353030303030303,0.1469696969696969,False,0.9902,0.009,3
8,iso_total,honest,0.356060606060606,0.1439393939393939,False,0.9074,0.019,2
8,iso_total,honest,0.359090909090909,0.1409090909090909,False,0.9994,0.023,3
8,iso_total,honest,0.3621212121212121,0.1378787878787878,False,0.961,0.026,3
8,iso_total,honest,0.3651515151515151,0.1348484848484848,False,0.9956,0.029,3
8,iso_total,honest,0.3681818181818181,0.1318181818181818,False,0.8452,0.024,3
8,iso_total,honest,0.3712121212121212,0.1287878787878787,False,0.9948,0.038,3
8,iso_total,honest,0.3742424242424242,0.1257575757575758,False,0.9168,0.035,3
8,iso_total,honest,0.3772727272727272,0.1227272727272727,False,0.4518,0.053,2
8,iso_total,honest,0.3803030303030303,0.1196969696969696,False,0.9856,0.044,3
8,iso_total,honest,0.3833333333333333,0.1166666666666667,False,0.4728,0.05,3
8,iso_total,honest,0.3863636363636363,0.1136363636363636,False,0.8488,0.068,3
8,iso_total,honest,0.3893939393939394,0.1106060606060606,False,0.9424,0.063,3
8,iso_total,honest,0.3924242424242424,0.1075757575757576,False,0.762,0.059,3
8,iso_total,honest,0.3954545454545454,0.1045454545454545,False,0.9604,0.073,3
8,iso_total,honest,0.3984848484848484,0.1015151515151515,False,0.7748,0.085,3
8,iso_total,honest,0.4015151515151515,0.0984848484848485,False,0.917,0.08,3
8,iso_total,honest,0.4045454545454545,0.0954545454545454,False,0.8384,0.083,3
8,iso_total,honest,0.4075757575757576,0.0924242424242424,False,0.8366,0.102,3
8,iso_total,honest,0.4106060606060606,0.0893939393939394,False,0.947,0.111,3
8,iso_total,honest,0.4136363636363636,0.0863636363636363,False,0.9418,0.121,3
8,iso_total,honest,0.4166666666666666,0.0833333333333333,False,0.863,0.131,3
8,iso_total,honest,0.4196969696969697,0.0803030303030303,False,0.8142,0.147,3
8,iso_total,honest,0.4227272727272727,0.0772727272727272,False,0.4122,0.154,3
8,iso_total,honest,0.4257575757575758,0.0742424242424242,False,0.9456,0.15,3
8,iso_total,honest,0.4287878787878788,0.0712121212121212,False,0.9356,0.139,3
8,iso_total,honest,0.4318181818181818,0.0681818181818181,False,0.6432,0.181,3
8,iso_total,honest,0.4348484848484848,0.0651515151515151,False,0.7188,0.167,3
8,iso_total,honest,0.4378787878787878,0.0621212121212121,False,0.9022,0.189,3
8,iso_total,honest,0.4409090909090909,0.059090909090909,False,0.8608,0.213,3
8,iso_total,honest,0.4439393939393939,0.056060606060606,False,0.998,0.209,3
8,iso_total,honest,0.4469696969696969,0.053030303030303,False,0.9004,0.211,3
8,iso_total,honest,0.45,0.0499999999999999,False,0.8834,0.252,3
8,iso_total,honest,0.453030303030303,0.0469696969696969,False,0.8966,0.263,3
8,iso_total,honest,0.456060606060606,0.0439393939393939,False,0.9514,0.288,3
8,iso_total,honest,0.4590909090909091,0.0409090909090908,False,0.9586,0.287,3
8,iso_total,honest,0.4621212121212121,0.0378787878787879,False,0.9858,0.293,3
8,iso_total,honest,0.4651515151515151,0.0348484848484848,False,0.5502,0.333,3
8,iso_total,honest,0.4681818181818181,0.0318181818181818,False,0.9452,0.337,3
8,iso_total,honest,0.4712121212121212,0.0287878787878788,False,0.4846,0.379,2
8,iso_total,honest,0.4742424242424242,0.0257575757575757,False,0.9022,0.339,3
8,iso_total,honest,0.4772727272727273,0.0227272727272727,False,0.9892,0.369,3
8,iso_total,honest,0.4803030303030303,0.0196969696969697,False,0.8712,0.39,3
8,iso_total,honest,0.4833333333333333,0.0166666666666666,False,0.8212,0.431,3
8,iso_total,honest,0.4863636363636363,0.0136363636363636,False,0.9732,0.417,3
8,iso_total,honest,0.4893939393939394,0.0106060606060606,False,0.8588,0.438,3
8,iso_total,honest,0.4924242424242424,0.0075757575757575,False,0.9788,0.462,3
8,iso_total,honest,0.4954545454545455,0.0045454545454545,False,0.9118,0.482,2
8,iso_total,honest,0.4984848484848485,0.0015151515151515,False,0.691,0.499,3
8,iso_total,honest,0.5015151515151515,0.0015151515151514,False,0.9022,0.496,2
8,iso_total,honest,0.5045454545454545,0.0045454545454545,False,0.69,0.475,3
8,iso_total,honest,0.5075757575757576,0.0075757575757575,False,0.8324,0.4609999999999999,3
8,iso_total,honest,0.5106060606060606,0.0106060606060606,False,0.9922,0.4549999999999999,3
8,iso_total,honest,0.5136363636363637,0.0136363636363636,False,0.9968,0.417,3
8,iso_total,honest,0.5166666666666666,0.0166666666666666,False,0.9196,0.405,3
8,iso_total,honest,0.5196969696969698,0.0196969696969697,False,0.9298,0.406,3
8,iso_total,honest,0.5227272727272727,0.0227272727272727,False,0.8678,0.375,3
8,iso_total,honest,0.5257575757575758,0.0257575757575757,False,0.9452,0.3309999999999999,3
8,iso_total,honest,0.5287878787878788,0.0287878787878788,False,0.3848,0.3279999999999999,2
8,iso_total,honest,0.5318181818181819,0.0318181818181818,False,0.8316,0.3329999999999999,3
8,iso_total,honest,0.5348484848484849,0.0348484848484849,False,0.7304,0.303,3
8,iso_total,honest,0.5378787878787878,0.0378787878787878,False,0.7576,0.359,3
8,iso_total,honest,0.5409090909090909,0.0409090909090908,False,0.986,0.285,3
8,iso_total,honest,0.543939393939394,0.0439393939393939,False,0.7482,0.282,3
8,iso_total,honest,0.546969696969697,0.0469696969696969,False,0.9902,0.26,3
8,iso_total,honest,0.55,0.05,False,0.9468,0.255,3
8,iso_total,honest,0.553030303030303,0.0530303030303029,False,0.9608,0.2319999999999999,3
8,iso_total,honest,0.556060606060606,0.056060606060606,False,0.861,0.2199999999999999,3
8,iso_total,honest,0.5590909090909091,0.059090909090909,False,0.9576,0.2019999999999999,3
8,iso_total,honest,0.5621212121212121,0.0621212121212121,False,0.909,0.186,3
8,iso_total,honest,0.5651515151515152,0.0651515151515151,False,0.9612,0.174,3
8,iso_total,honest,0.5681818181818181,0.0681818181818181,False,0.9024,0.1959999999999999,3
8,iso_total,honest,0.5712121212121213,0.0712121212121212,False,0.89,0.183,3
8,iso_total,honest,0.5742424242424242,0.0742424242424242,False,0.9828,0.154,3
8,iso_total,honest,0.5772727272727273,0.0772727272727272,False,0.3448,0.133,3
8,iso_total,honest,0.5803030303030303,0.0803030303030303,False,0.9598,0.125,3
8,iso_total,honest,0.5833333333333334,0.0833333333333333,False,0.968,0.123,2
8,iso_total,honest,0.5863636363636364,0.0863636363636364,False,0.9982,0.1089999999999999,3
8,iso_total,honest,0.5893939393939394,0.0893939393939393,False,0.947,0.0919999999999999,3
8,iso_total,honest,0.5924242424242424,0.0924242424242424,False,0.7706,0.1049999999999999,3
8,iso_total,honest,0.5954545454545455,0.0954545454545454,False,0.8452,0.0849999999999999,3
8,iso_total,honest,0.5984848484848485,0.0984848484848485,False,0.9402,0.0709999999999999,3
8,iso_total,honest,0.6015151515151516,0.1015151515151515,False,0.775,0.0669999999999999,3
8,iso_total,honest,0.6045454545454545,0.1045454545454545,False,0.999,0.0819999999999999,3
8,iso_total,honest,0.6075757575757577,0.1075757575757576,False,0.694,0.0709999999999999,3
8,iso_total,honest,0.6106060606060606,0.1106060606060606,False,0.3876,0.059,3
8,iso_total,honest,0.6136363636363636,0.1136363636363636,False,0.8368,0.058,3
8,iso_total,honest,0.6166666666666667,0.1166666666666667,False,0.9674,0.06,3
8,iso_total,honest,0.6196969696969696,0.1196969696969696,False,0.8556,0.05,3
8,iso_total,honest,0.6227272727272728,0.1227272727272728,False,0.9002,0.041,3
8,iso_total,honest,0.6257575757575757,0.1257575757575757,False,0.8816,0.031,3
8,iso_total,honest,0.6287878787878788,0.1287878787878787,False,0.9894,0.044,3
8,iso_total,honest,0.6318181818181818,0.1318181818181818,False,0.8794,0.031,3
8,iso_total,honest,0.6348484848484849,0.1348484848484848,False,0.9176,0.034,3
8,iso_total,honest,0.6378787878787879,0.1378787878787879,False,0.9974,0.023,3
8,iso_total,honest,0.6409090909090909,0.1409090909090908,False,0.8736,0.022,3
8,iso_total,honest,0.643939393939394,0.143939393939394,False,0.724,0.019,3
8,iso_total,honest,0.646969696969697,0.1469696969696969,False,0.186,0.019,3
8,iso_total,honest,0.65,0.15,False,0.7272,0.02,3
8,iso_coord,gated,0.35,0.15,False,0.9616,0.229,3
8,iso_coord,gated,0.353030303030303,0.1469696969696969,False,0.7792,0.238,3
8,iso_coord,gated,0.356060606060606,0.1439393939393939,False,0.468,0.237,3
8,iso_coord,gated,0.359090909090909,0.1409090909090909,False,0.2784,0.243,3
8,iso_coord,gated,0.3621212121212121,0.1378787878787878,False,0.0622,0.229,3
8,iso_coord,gated,0.3651515151515151,0.1348484848484848,False,0.3058,0.231,3
8,iso_coord,gated,0.3681818181818181,0.1318181818181818,False,0.2912,0.248,3
8,iso_coord,gated,0.3712121212121212,0.1287878787878787,False,0.0572,0.231,3
8,iso_coord,gated,0.3742424242424242,0.1257575757575758,False,0.474,0.278,3
8,iso_coord,gated,0.3772727272727272,0.1227272727272727,True,0.0044,0.247,3
8,iso_coord,gated,0.3803030303030303,0.1196969696969696,False,0.093,0.251,3
8,iso_coord,gated,0.3833333333333333,0.1166666666666667,True,0.0138,0.284,3
8,iso_coord,gated,0.3863636363636363,0.1136363636363636,True,0.0004,0.277,3
8,iso_coord,gated,0.3893939393939394,0.1106060606060606,True,0.0004,0.293,3
8,iso_coord,gated,0.3924242424242424,0.1075757575757576,True,0.0138,0.297,3
8,iso_coord,gated,0.3954545454545454,0.1045454545454545,True,0.001,0.321,3
8,iso_coord,gated,0.3984848484848484,0.1015151515151515,True,0.0004,0.32,3
8,iso_coord,gated,0.4015151515151515,0.0984848484848485,True,0.0002,0.314,3
8,iso_coord,gated,0.4045454545454545,0.0954545454545454,True,0.0002,0.328,3
8,iso_coord,gated,0.4075757575757576,0.0924242424242424,True,0.0002,0.321,3
8,iso_coord,gated,0.4106060606060606,0.0893939393939394,True,0.0002,0.318,3
8,iso_coord,gated,0.4136363636363636,0.0863636363636363,True,0.0002,0.329,3
8,iso_coord,gated,0.4166666666666666,0.0833333333333333,True,0.0002,0.339,3
8,iso_coord,gated,0.4196969696969697,0.0803030303030303,True,0.0002,0.313,3
8,iso_coord,gated,0.4227272727272727,0.0772727272727272,True,0.0002,0.342,3
8,iso_coord,gated,0.4257575757575758,0.0742424242424242,True,0.0002,0.34,3
8,iso_coord,gated,0.4287878787878788,0.0712121212121212,True,0.0002,0.339,3
8,iso_coord,gated,0.4318181818181818,0.0681818181818181,True,0.0002,0.366,3
8,iso_coord,gated,0.4348484848484848,0.0651515151515151,True,0.0002,0.393,3
8,iso_coord,gated,0.4378787878787878,0.0621212121212121,True,0.0002,0.374,3
8,iso_coord,gated,0.4409090909090909,0.059090909090909,True,0.0002,0.379,3
8,iso_coord,gated,0.4439393939393939,0.056060606060606,True,0.0002,0.372,3
8,iso_coord,gated,0.4469696969696969,0.053030303030303,True,0.0002,0.402,3
8,iso_coord,gated,0.45,0.0499999999999999,True,0.0002,0.416,3
8,iso_coord,gated,0.453030303030303,0.0469696969696969,True,0.0002,0.418,3
8,iso_coord,gated,0.456060606060606,0.0439393939393939,True,0.0002,0.413,3
8,iso_coord,gated,0.4590909090909091,0.0409090909090908,True,0.0002,0.402,3
8,iso_coord,gated,0.4621212121212121,0.0378787878787879,True,0.0002,0.407,3
8,iso_coord,gated,0.4651515151515151,0.0348484848484848,True,0.0002,0.445,3
8,iso_coord,gated,0.4681818181818181,0.0318181818181818,True,0.0002,0.438,3
8,iso_coord,gated,0.4712121212121212,0.0287878787878788,True,0.0002,0.432,3
8,iso_coord,gated,0.4742424242424242,0.0257575757575757,True,0.0002,0.432,3
8,iso_coord,gated,0.4772727272727273,0.0227272727272727,True,0.0002,0.452,3
8,iso_coord,gated,0.4803030303030303,0.0196969696969697,True,0.0002,0.476,3
8,iso_coord,gated,0.4833333333333333,0.0166666666666666,True,0.0002,0.486,3
8,iso_coord,gated,0.4863636363636363,0.0136363636363636,True,0.0002,0.485,3
8,iso_coord,gated,0.4893939393939394,0.0106060606060606,True,0.0002,0.496,3
8,iso_coord,gated,0.4924242424242424,0.0075757575757575,True,0.0002,0.473,3
8,iso_coord,gated,0.4954545454545455,0.0045454545454545,True,0.0002,0.496,3
8,iso_coord,gated,0.4984848484848485,0.0015151515151515,True,0.0002,0.494,3
8,iso_coord,gated,0.5015151515151515,0.0015151515151514,True,0.0002,0.497,3
8,iso_coord,gated,0.5045454545454545,0.0045454545454545,True,0.0002,0.49,3
8,iso_coord,gated,0.5075757575757576,0.0075757575757575,True,0.0002,0.493,3
8,iso_coord,gated,0.5106060606060606,0.0106060606060606,True,0.0002,0.499,3
8,iso_coord,gated,0.5136363636363637,0.0136363636363636,True,0.0002,0.479,3
8,iso_coord,gated,0.5166666666666666,0.0166666666666666,True,0.0002,0.47,3
8,iso_coord,gated,0.5196969696969698,0.0196969696969697,True,0.0002,0.4459999999999999,3
8,iso_coord,gated,0.5227272727272727,0.0227272727272727,True,0.0002,0.48,3
8,iso_coord,gated,0.5257575757575758,0.0257575757575757,True,0.0002,0.4569999999999999,3
8,iso_coord,gated,0.5287878787878788,0.0287878787878788,True,0.0002,0.429,3
8,iso_coord,gated,0.5318181818181819,0.0318181818181818,True,0.0002,0.428,3
8,iso_coord,gated,0.5348484848484849,0.0348484848484849,True,0.0002,0.394,3
8,iso_coord,gated,0.5378787878787878,0.0378787878787878,True,0.0002,0.433,3
8,iso_coord,gated,0.5409090909090909,0.0409090909090908,True,0.0002,0.422,3
8,iso_coord,gated,0.543939393939394,0.0439393939393939,True,0.0002,0.405,3
8,iso_coord,gated,0.546969696969697,0.0469696969696969,True,0.0002,0.4,3
8,iso_coord,gated,0.55,0.05,True,0.0002,0.39,3
8,iso_coord,gated,0.553030303030303,0.0530303030303029,True,0.0002,0.369,3
8,iso_coord,gated,0.556060606060606,0.056060606060606,True,0.0002,0.397,3
8,iso_coord,gated,0.5590909090909091,0.059090909090909,True,0.0002,0.385,3
8,iso_coord,gated,0.5621212121212121,0.0621212121212121,True,0.0002,0.407,3
8,iso_coord,gated,0.5651515151515152,0.0651515151515151,True,0.0002,0.3349999999999999,3
8,iso_coord,gated,0.5681818181818181,0.0681818181818181,True,0.0002,0.369,3
8,iso_coord,gated,0.5712121212121213,0.0712121212121212,True,0.0002,0.364,3
8,iso_coord,gated,0.5742424242424242,0.0742424242424242,True,0.0002,0.367,3
8,iso_coord,gated,0.5772727272727273,0.0772727272727272,True,0.0002,0.351,3
8,iso_coord,gated,0.5803030303030303,0.0803030303030303,True,0.0002,0.349,3
8,iso_coord,gated,0.5833333333333334,0.0833333333333333,True,0.0002,0.348,3
8,iso_coord,gated,0.5863636363636364,0.0863636363636364,True,0.0002,0.3149999999999999,3
8,iso_coord,gated,0.5893939393939394,0.0893939393939393,True,0.0002,0.3239999999999999,3
8,iso_coord,gated,0.5924242424242424,0.0924242424242424,True,0.0002,0.3249999999999999,3
8,iso_coord,gated,0.5954545454545455,0.0954545454545454,True,0.0002,0.3189999999999999,3
8,iso_coord,gated,0.5984848484848485,0.0984848484848485,True,0.0002,0.296,3
8,iso_coord,gated,0.6015151515151516,0.1015151515151515,True,0.0002,0.305,3
8,iso_coord,gated,0.6045454545454545,0.1045454545454545,True,0.0004,0.3359999999999999,3
8,iso_coord,gated,0.6075757575757577,0.1075757575757576,True,0.0014,0.305,3
8,iso_coord,gated,0.6106060606060606,0.1106060606060606,True,0.0038,0.292,3
8,iso_coord,gated,0.6136363636363636,0.1136363636363636,True,0.0044,0.273,3
8,iso_coord,gated,0.6166666666666667,0.1166666666666667,True,0.0064,0.27,3
8,iso_coord,gated,0.6196969696969696,0.1196969696969696,False,0.0172,0.275,3
8,iso_coord,gated,0.6227272727272728,0.1227272727272728,True,0.0128,0.27,3
8,iso_coord,gated,0.6257575757575757,0.1257575757575757,False,0.0854,0.276,3
8,iso_coord,gated,0.6287878787878788,0.1287878787878787,False,0.0524,0.25,3
8,iso_coord,gated,0.6318181818181818,0.1318181818181818,False,0.2134,0.255,3
8,iso_coord,gated,0.6348484848484849,0.1348484848484848,False,0.2196,0.272,3
8,iso_coord,gated,0.6378787878787879,0.1378787878787879,False,0.1132,0.264,3
8,iso_coord,gated,0.6409090909090909,0.1409090909090908,False,0.449,0.244,3
8,iso_coord,gated,0.643939393939394,0.143939393939394,False,0.7458,0.2309999999999999,3
8,iso_coord,gated,0.646969696969697,0.1469696969696969,False,0.3268,0.238,3
8,iso_coord,gated,0.65,0.15,False,0.5326,0.2299999999999999,3
8,iso_coord,honest,0.35,0.15,False,0.725,0.207,3
8,iso_coord,honest,0.353030303030303,0.1469696969696969,False,0.964,0.245,3
8,iso_coord,honest,0.356060606060606,0.1439393939393939,False,0.9754,0.226,3
8,iso_coord,honest,0.359090909090909,0.1409090909090909,False,0.9494,0.257,3
8,iso_coord,honest,0.3621212121212121,0.1378787878787878,False,0.9648,0.247,3
8,iso_coord,honest,0.3651515151515151,0.1348484848484848,False,0.9658,0.242,3
8,iso_coord,honest,0.3681818181818181,0.1318181818181818,False,0.8934,0.264,3
8,iso_coord,honest,0.3712121212121212,0.1287878787878787,False,0.955,0.255,3
8,iso_coord,honest,0.3742424242424242,0.1257575757575758,False,0.9374,0.263,3
8,iso_coord,honest,0.3772727272727272,0.1227272727272727,False,0.9884,0.286,3
8,iso_coord,honest,0.3803030303030303,0.1196969696969696,False,0.9398,0.281,3
8,iso_coord,honest,0.3833333333333333,0.1166666666666667,False,0.4304,0.273,3
8,iso_coord,honest,0.3863636363636363,0.1136363636363636,False,0.9934,0.281,3
8,iso_coord,honest,0.3893939393939394,0.1106060606060606,False,0.9062,0.266,3
8,iso_coord,honest,0.3924242424242424,0.1075757575757576,False,0.8452,0.301,3
8,iso_coord,honest,0.3954545454545454,0.1045454545454545,False,0.955,0.311,3
8,iso_coord,honest,0.3984848484848484,0.1015151515151515,False,0.9568,0.324,3
8,iso_coord,honest,0.4015151515151515,0.0984848484848485,False,0.9902,0.308,3
8,iso_coord,honest,0.4045454545454545,0.0954545454545454,False,0.8382,0.326,3
8,iso_coord,honest,0.4075757575757576,0.0924242424242424,False,0.766,0.306,3
8,iso_coord,honest,0.4106060606060606,0.0893939393939394,False,0.4086,0.326,3
8,iso_coord,honest,0.4136363636363636,0.0863636363636363,False,0.8,0.356,3
8,iso_coord,honest,0.4166666666666666,0.0833333333333333,False,0.889,0.323,3
8,iso_coord,honest,0.4196969696969697,0.0803030303030303,False,0.998,0.321,3
8,iso_coord,honest,0.4227272727272727,0.0772727272727272,False,0.8556,0.359,3
8,iso_coord,honest,0.4257575757575758,0.0742424242424242,False,0.9576,0.357,3
8,iso_coord,honest,0.4287878787878788,0.0712121212121212,False,0.6238,0.369,3
8,iso_coord,honest,0.4318181818181818,0.0681818181818181,False,0.7458,0.366,3
8,iso_coord,honest,0.4348484848484848,0.0651515151515151,False,0.7458,0.388,3
8,iso_coord,honest,0.4378787878787878,0.0621212121212121,False,0.9242,0.382,3
8,iso_coord,honest,0.4409090909090909,0.059090909090909,False,0.9552,0.395,3
8,iso_coord,honest,0.4439393939393939,0.056060606060606,False,0.6694,0.386,3
8,iso_coord,honest,0.4469696969696969,0.053030303030303,False,0.8698,0.397,3
8,iso_coord,honest,0.45,0.0499999999999999,False,0.9422,0.39,3
8,iso_coord,honest,0.453030303030303,0.0469696969696969,False,0.9598,0.412,3
8,iso_coord,honest,0.456060606060606,0.0439393939393939,False,0.6926,0.395,3
8,iso_coord,honest,0.4590909090909091,0.0409090909090908,False,0.4814,0.431,3
8,iso_coord,honest,0.4621212121212121,0.0378787878787879,False,0.737,0.446,3
8,iso_coord,honest,0.4651515151515151,0.0348484848484848,False,0.9716,0.42,3
8,iso_coord,honest,0.4681818181818181,0.0318181818181818,False,0.9136,0.43,3
8,iso_coord,honest,0.4712121212121212,0.0287878787878788,False,0.9916,0.45,3
8,iso_coord,honest,0.4742424242424242,0.0257575757575757,False,0.4632,0.453,3
8,iso_coord,honest,0.4772727272727273,0.0227272727272727,False,0.9942,0.438,3
8,iso_coord,honest,0.4803030303030303,0.0196969696969697,False,0.9994,0.46,3
8,iso_coord,honest,0.4833333333333333,0.0166666666666666,False,0.9452,0.493,3
8,iso_coord,honest,0.4863636363636363,0.0136363636363636,False,0.9774,0.49,3
8,iso_coord,honest,0.4893939393939394,0.0106060606060606,False,0.9842,0.48,3
8,iso_coord,honest,0.4924242424242424,0.0075757575757575,False,0.8444,0.492,3
8,iso_coord,honest,0.4954545454545455,0.0045454545454545,False,0.777,0.499,3
8,iso_coord,honest,0.4984848484848485,0.0015151515151515,False,0.4934,0.494,3
8,iso_coord,honest,0.5015151515151515,0.0015151515151514,False,0.9118,0.497,3
8,iso_coord,honest,0.5045454545454545,0.0045454545454545,False,0.5794,0.494,3
8,iso_coord,honest,0.5075757575757576,0.0075757575757575,False,0.986,0.494,3
8,iso_coord,honest,0.5106060606060606,0.0106060606060606,False,0.8528,0.478,3
8,iso_coord,honest,0.5136363636363637,0.0136363636363636,False,0.961,0.4659999999999999,3
8,iso_coord,honest,0.5166666666666666,0.0166666666666666,False,0.7348,0.4619999999999999,3
8,iso_coord,honest,0.5196969696969698,0.0196969696969697,False,0.8546,0.474,3
8,iso_coord,honest,0.5227272727272727,0.0227272727272727,False,0.861,0.429,3
8,iso_coord,honest,0.5257575757575758,0.0257575757575757,False,0.9816,0.4499999999999999,3
8,iso_coord,honest,0.5287878787878788,0.0287878787878788,False,0.3892,0.4379999999999999,3
8,iso_coord,honest,0.5318181818181819,0.0318181818181818,False,0.9248,0.43,3
8,iso_coord,honest,0.5348484848484849,0.0348484848484849,False,0.923,0.4539999999999999,3
8,iso_coord,honest,0.5378787878787878,0.0378787878787878,False,0.978,0.412,3
8,iso_coord,honest,0.5409090909090909,0.0409090909090908,False,0.991,0.388,3
8,iso_coord,honest,0.543939393939394,0.0439393939393939,False,0.9712,0.399,3
8,iso_coord,honest,0.546969696969697,0.0469696969696969,False,0.4948,0.407,3
8,iso_coord,honest,0.55,0.05,False,0.9888,0.407,3
8,iso_coord,honest,0.553030303030303,0.0530303030303029,False,0.6654,0.387,3
8,iso_coord,honest,0.556060606060606,0.056060606060606,False,0.993,0.387,3
8,iso_coord,honest,0.5590909090909091,0.059090909090909,False,0.8028,0.386,3
8,iso_coord,honest,0.5621212121212121,0.0621212121212121,False,0.7838,0.393,3
8,iso_coord,honest,0.5651515151515152,0.0651515151515151,False,0.632,0.382,3
8,iso_coord,honest,0.5681818181818181,0.0681818181818181,False,0.9942,0.373,3
8,iso_coord,honest,0.5712121212121213,0.0712121212121212,False,0.7802,0.358,3
8,iso_coord,honest,0.5742424242424242,0.0742424242424242,False,0.7668,0.352,3
8,iso_coord,honest,0.5772727272727273,0.0772727272727272,False,0.9382,0.347,3
8,iso_coord,honest,0.5803030303030303,0.0803030303030303,False,0.978,0.3269999999999999,3
8,iso_coord,honest,0.5833333333333334,0.0833333333333333,False,0.9994,0.3379999999999999,3
8,iso_coord,honest,0.5863636363636364,0.0863636363636364,False,0.8026,0.345,3
8,iso_coord,honest,0.5893939393939394,0.0893939393939393,False,0.9936,0.3319999999999999,3
8,iso_coord,honest,0.5924242424242424,0.0924242424242424,False,0.962,0.3229999999999999,3
8,iso_coord,honest,0.5954545454545455,0.0954545454545454,False,0.9822,0.285,3
8,iso_coord,honest,0.5984848484848485,0.0984848484848485,False,0.9734,0.299,3
8,iso_coord,honest,0.6015151515151516,0.1015151515151515,False,0.7132,0.293,3
8,iso_coord,honest,0.6045454545454545,0.1045454545454545,False,0.9684,0.289,3
8,iso_coord,honest,0.6075757575757577,0.1075757575757576,False,0.9032,0.3239999999999999,3
8,iso_coord,honest,0.6106060606060606,0.1106060606060606,False,0.9994,0.3159999999999999,3
8,iso_coord,honest,0.6136363636363636,0.1136363636363636,False,0.941,0.311,3
8,iso_coord,honest,0.6166666666666667,0.1166666666666667,False,0.9802,0.265,3
8,iso_coord,honest,0.6196969696969696,0.1196969696969696,False,0.9356,0.269,3
8,iso_coord,honest,0.6227272727272728,0.1227272727272728,False,0.955,0.26,3
8,iso_coord,honest,0.6257575757575757,0.1257575757575757,False,0.8096,0.251,3
8,iso_coord,honest,0.6287878787878788,0.1287878787878787,False,0.9486,0.268,3
8,iso_coord,honest,0.6318181818181818,0.1318181818181818,False,0.758,0.256,3
8,iso_coord,honest,0.6348484848484849,0.1348484848484848,False,0.9416,0.261,3
8,iso_coord,honest,0.6378787878787879,0.1378787878787879,False,0.9342,0.2259999999999999,3
8,iso_coord,honest,0.6409090909090909,0.1409090909090908,False,0.849,0.2179999999999999,3
8,iso_coord,honest,0.643939393939394,0.143939393939394,False,0.82,0.2339999999999999,3
8,iso_coord,honest,0.646969696969697,0.1469696969696969,False,0.7338,0.247,3
8,iso_coord,honest,0.65,0.15,False,0.925,0.2239999999999999,3
8,iso_resid,gated,0.35,0.15,False,0.2682,0.209,3
8,iso_resid,gated,0.353030303030303,0.1469696969696969,False,0.2676,0.233,3
8,iso_resid,gated,0.356060606060606,0.1439393939393939,False,0.2206,0.224,3
8,iso_resid,gated,0.359090909090909,0.1409090909090909,False,0.1648,0.247,3
8,iso_resid,gated,0.3621212121212121,0.1378787878787878,False,0.1264,0.253,3
8,iso_resid,gated,0.3651515151515151,0.1348484848484848,False,0.2754,0.243,3
8,iso_resid,gated,0.3681818181818181,0.1318181818181818,False,0.1772,0.261,3
8,iso_resid,gated,0.3712121212121212,0.1287878787878787,False,0.1376,0.247,3
8,iso_resid,gated,0.3742424242424242,0.1257575757575758,False,0.675,0.241,3
8,iso_resid,gated,0.3772727272727272,0.1227272727272727,False,0.3794,0.279,3
8,iso_resid,gated,0.3803030303030303,0.1196969696969696,False,0.4428,0.291,3
8,iso_resid,gated,0.3833333333333333,0.1166666666666667,False,0.7534,0.264,3
8,iso_resid,gated,0.3863636363636363,0.1136363636363636,False,0.1102,0.264,3
8,iso_resid,gated,0.3893939393939394,0.1106060606060606,False,0.7758,0.267,3
8,iso_resid,gated,0.3924242424242424,0.1075757575757576,False,0.7038,0.297,3
8,iso_resid,gated,0.3954545454545454,0.1045454545454545,False,0.5654,0.319,3
8,iso_resid,gated,0.3984848484848484,0.1015151515151515,False,0.2354,0.325,3
8,iso_resid,gated,0.4015151515151515,0.0984848484848485,False,0.525,0.322,3
8,iso_resid,gated,0.4045454545454545,0.0954545454545454,False,0.5268,0.296,3
8,iso_resid,gated,0.4075757575757576,0.0924242424242424,False,0.276,0.34,3
8,iso_resid,gated,0.4106060606060606,0.0893939393939394,False,0.6624,0.332,3
8,iso_resid,gated,0.4136363636363636,0.0863636363636363,False,0.3436,0.356,3
8,iso_resid,gated,0.4166666666666666,0.0833333333333333,False,0.0866,0.35,3
8,iso_resid,gated,0.4196969696969697,0.0803030303030303,False,0.3484,0.377,3
8,iso_resid,gated,0.4227272727272727,0.0772727272727272,False,0.5152,0.313,3
8,iso_resid,gated,0.4257575757575758,0.0742424242424242,False,0.1332,0.36,3
8,iso_resid,gated,0.4287878787878788,0.0712121212121212,False,0.3278,0.371,3
8,iso_resid,gated,0.4318181818181818,0.0681818181818181,False,0.06,0.371,3
8,iso_resid,gated,0.4348484848484848,0.0651515151515151,False,0.182,0.376,3
8,iso_resid,gated,0.4378787878787878,0.0621212121212121,False,0.0732,0.38,3
8,iso_resid,gated,0.4409090909090909,0.059090909090909,False,0.1488,0.393,3
8,iso_resid,gated,0.4439393939393939,0.056060606060606,False,0.3208,0.411,3
8,iso_resid,gated,0.4469696969696969,0.053030303030303,False,0.0408,0.398,3
8,iso_resid,gated,0.45,0.0499999999999999,False,0.9198,0.432,3
8,iso_resid,gated,0.453030303030303,0.0469696969696969,False,0.2986,0.381,3
8,iso_resid,gated,0.456060606060606,0.0439393939393939,False,0.5342,0.406,3
8,iso_resid,gated,0.4590909090909091,0.0409090909090908,True,0.0054,0.432,3
8,iso_resid,gated,0.4621212121212121,0.0378787878787879,False,0.1286,0.412,3
8,iso_resid,gated,0.4651515151515151,0.0348484848484848,False,0.1348,0.421,3
8,iso_resid,gated,0.4681818181818181,0.0318181818181818,False,0.149,0.455,3
8,iso_resid,gated,0.4712121212121212,0.0287878787878788,False,0.2692,0.476,3
8,iso_resid,gated,0.4742424242424242,0.0257575757575757,False,0.4696,0.423,3
8,iso_resid,gated,0.4772727272727273,0.0227272727272727,False,0.7164,0.458,3
8,iso_resid,gated,0.4803030303030303,0.0196969696969697,False,0.1304,0.472,3
8,iso_resid,gated,0.4833333333333333,0.0166666666666666,False,0.3662,0.468,3
8,iso_resid,gated,0.4863636363636363,0.0136363636363636,False,0.4854,0.437,3
8,iso_resid,gated,0.4893939393939394,0.0106060606060606,False,0.7642,0.474,3
8,iso_resid,gated,0.4924242424242424,0.0075757575757575,False,0.0926,0.493,3
8,iso_resid,gated,0.4954545454545455,0.0045454545454545,False,0.0272,0.487,3
8,iso_resid,gated,0.4984848484848485,0.0015151515151515,False,0.1656,0.482,3
8,iso_resid,gated,0.5015151515151515,0.0015151515151514,False,0.5258,0.497,3
8,iso_resid,gated,0.5045454545454545,0.0045454545454545,False,0.0612,0.499,3
8,iso_resid,gated,0.5075757575757576,0.0075757575757575,False,0.1754,0.479,3
8,iso_resid,gated,0.5106060606060606,0.0106060606060606,False,0.1152,0.495,3
8,iso_resid,gated,0.5136363636363637,0.0136363636363636,False,0.1516,0.47,3
8,iso_resid,gated,0.5166666666666666,0.0166666666666666,False,0.0374,0.4479999999999999,3
8,iso_resid,gated,0.5196969696969698,0.0196969696969697,False,0.1106,0.4529999999999999,3
8,iso_resid,gated,0.5227272727272727,0.0227272727272727,False,0.4304,0.4579999999999999,3
8,iso_resid,gated,0.5257575757575758,0.0257575757575757,False,0.2584,0.4609999999999999,3
8,iso_resid,gated,0.5287878787878788,0.0287878787878788,False,0.2552,0.426,3
8,iso_resid,gated,0.5318181818181819,0.0318181818181818,False,0.0322,0.4399999999999999,3
8,iso_resid,gated,0.5348484848484849,0.0348484848484849,False,0.7214,0.417,3
8,iso_resid,gated,0.5378787878787878,0.0378787878787878,False,0.3624,0.42,3
8,iso_resid,gated,0.5409090909090909,0.0409090909090908,False,0.1742,0.423,3
8,iso_resid,gated,0.543939393939394,0.0439393939393939,False,0.834,0.413,3
8,iso_resid,gated,0.546969696969697,0.0469696969696969,False,0.5038,0.4569999999999999,3
8,iso_resid,gated,0.55,0.05,False,0.158,0.383,3
8,iso_resid,gated,0.553030303030303,0.0530303030303029,False,0.4656,0.406,3
8,iso_resid,gated,0.556060606060606,0.056060606060606,False,0.2806,0.406,3
8,iso_resid,gated,0.5590909090909091,0.059090909090909,False,0.2612,0.377,3
8,iso_resid,gated,0.5621212121212121,0.0621212121212121,False,0.4056,0.379,3
8,iso_resid,gated,0.5651515151515152,0.0651515151515151,False,0.167,0.362,3
8,iso_resid,gated,0.5681818181818181,0.0681818181818181,False,0.0204,0.383,3
8,iso_resid,gated,0.5712121212121213,0.0712121212121212,False,0.2516,0.38,3
8,iso_resid,gated,0.5742424242424242,0.0742424242424242,False,0.1138,0.357,3
8,iso_resid,gated,0.5772727272727273,0.0772727272727272,False,0.2168,0.346,3
8,iso_resid,gated,0.5803030303030303,0.0803030303030303,False,0.0968,0.367,3
8,iso_resid,gated,0.5833333333333334,0.0833333333333333,False,0.6132,0.348,3
8,iso_resid,gated,0.5863636363636364,0.0863636363636364,False,0.801,0.3279999999999999,3
8,iso_resid,gated,0.5893939393939394,0.0893939393939393,False,0.6332,0.349,3
8,iso_resid,gated,0.5924242424242424,0.0924242424242424,False,0.5368,0.3299999999999999,3
8,iso_resid,gated,0.5954545454545455,0.0954545454545454,False,0.4138,0.3209999999999999,3
8,iso_resid,gated,0.5984848484848485,0.0984848484848485,False,0.1656,0.3,3
8,iso_resid,gated,0.6015151515151516,0.1015151515151515,False,0.9558,0.299,3
8,iso_resid,gated,0.6045454545454545,0.1045454545454545,False,0.2172,0.3199999999999999,3
8,iso_resid,gated,0.6075757575757577,0.1075757575757576,False,0.3468,0.297,3
8,iso_resid,gated,0.6106060606060606,0.1106060606060606,False,0.5806,0.278,3
8,iso_resid,gated,0.6136363636363636,0.1136363636363636,False,0.3974,0.271,3
8,iso_resid,gated,0.6166666666666667,0.1166666666666667,False,0.7802,0.29,3
8,iso_resid,gated,0.6196969696969696,0.1196969696969696,False,0.6592,0.281,3
8,iso_resid,gated,0.6227272727272728,0.1227272727272728,False,0.7884,0.285,3
8,iso_resid,gated,0.6257575757575757,0.1257575757575757,False,0.4498,0.273,3
8,iso_resid,gated,0.6287878787878788,0.1287878787878787,False,0.0722,0.236,3
8,iso_resid,gated,0.6318181818181818,0.1318181818181818,False,0.4528,0.248,3
8,iso_resid,gated,0.6348484848484849,0.1348484848484848,False,0.0968,0.237,3
8,iso_resid,gated,0.6378787878787879,0.1378787878787879,False,0.432,0.2249999999999999,3
8,iso_resid,gated,0.6409090909090909,0.1409090909090908,False,0.2136,0.242,3
8,iso_resid,gated,0.643939393939394,0.143939393939394,False,0.678,0.247,3
8,iso_resid,gated,0.646969696969697,0.1469696969696969,False,0.4494,0.2259999999999999,3
8,iso_resid,gated,0.65,0.15,False,0.0292,0.2339999999999999,3
8,iso_resid,honest,0.35,0.15,False,0.8938,0.231,3
8,iso_resid,honest,0.353030303030303,0.1469696969696969,False,0.988,0.228,3
8,iso_resid,honest,0.356060606060606,0.1439393939393939,False,0.965,0.216,3
8,iso_resid,honest,0.359090909090909,0.1409090909090909,False,0.8966,0.233,3
8,iso_resid,honest,0.3621212121212121,0.1378787878787878,False,0.734,0.216,3
8,iso_resid,honest,0.3651515151515151,0.1348484848484848,False,0.9198,0.246,3
8,iso_resid,honest,0.3681818181818181,0.1318181818181818,False,0.9902,0.255,3
8,iso_resid,honest,0.3712121212121212,0.1287878787878787,False,0.9208,0.272,3
8,iso_resid,honest,0.3742424242424242,0.1257575757575758,False,0.9904,0.27,3
8,iso_resid,honest,0.3772727272727272,0.1227272727272727,False,0.883,0.289,3
8,iso_resid,honest,0.3803030303030303,0.1196969696969696,False,0.646,0.28,3
8,iso_resid,honest,0.3833333333333333,0.1166666666666667,False,0.9128,0.259,3
8,iso_resid,honest,0.3863636363636363,0.1136363636363636,False,0.937,0.316,3
8,iso_resid,honest,0.3893939393939394,0.1106060606060606,False,0.992,0.285,3
8,iso_resid,honest,0.3924242424242424,0.1075757575757576,False,0.6996,0.311,3
8,iso_resid,honest,0.3954545454545454,0.1045454545454545,False,0.8492,0.336,3
8,iso_resid,honest,0.3984848484848484,0.1015151515151515,False,0.978,0.313,3
8,iso_resid,honest,0.4015151515151515,0.0984848484848485,False,0.8518,0.297,3
8,iso_resid,honest,0.4045454545454545,0.0954545454545454,False,0.969,0.323,3
8,iso_resid,honest,0.4075757575757576,0.0924242424242424,False,0.9934,0.31,3
8,iso_resid,honest,0.4106060606060606,0.0893939393939394,False,0.9232,0.325,3
8,iso_resid,honest,0.4136363636363636,0.0863636363636363,False,0.8346,0.354,3
8,iso_resid,honest,0.4166666666666666,0.0833333333333333,False,0.3974,0.344,3
8,iso_resid,honest,0.4196969696969697,0.0803030303030303,False,0.9042,0.326,3
8,iso_resid,honest,0.4227272727272727,0.0772727272727272,False,0.7328,0.34,3
8,iso_resid,honest,0.4257575757575758,0.0742424242424242,False,0.9168,0.344,3
8,iso_resid,honest,0.4287878787878788,0.0712121212121212,False,0.8984,0.368,3
8,iso_resid,honest,0.4318181818181818,0.0681818181818181,False,0.7458,0.388,3
8,iso_resid,honest,0.4348484848484848,0.0651515151515151,False,0.706,0.382,3
8,iso_resid,honest,0.4378787878787878,0.0621212121212121,False,0.8126,0.363,3
8,iso_resid,honest,0.4409090909090909,0.059090909090909,False,0.869,0.362,3
8,iso_resid,honest,0.4439393939393939,0.056060606060606,False,0.9464,0.392,3
8,iso_resid,honest,0.4469696969696969,0.053030303030303,False,0.9632,0.412,3
8,iso_resid,honest,0.45,0.0499999999999999,False,0.515,0.381,3
8,iso_resid,honest,0.453030303030303,0.0469696969696969,False,0.9616,0.425,3
8,iso_resid,honest,0.456060606060606,0.0439393939393939,False,0.8018,0.43,3
8,iso_resid,honest,0.4590909090909091,0.0409090909090908,False,0.8982,0.444,3
8,iso_resid,honest,0.4621212121212121,0.0378787878787879,False,0.988,0.406,3
8,iso_resid,honest,0.4651515151515151,0.0348484848484848,False,0.8172,0.402,3
8,iso_resid,honest,0.4681818181818181,0.0318181818181818,False,0.9084,0.444,3
8,iso_resid,honest,0.4712121212121212,0.0287878787878788,False,0.8824,0.443,3
8,iso_resid,honest,0.4742424242424242,0.0257575757575757,False,0.5048,0.474,3
8,iso_resid,honest,0.4772727272727273,0.0227272727272727,False,0.64,0.463,3
8,iso_resid,honest,0.4803030303030303,0.0196969696969697,False,0.989,0.473,3
8,iso_resid,honest,0.4833333333333333,0.0166666666666666,False,0.985,0.446,3
8,iso_resid,honest,0.4863636363636363,0.0136363636363636,False,0.8036,0.488,3
8,iso_resid,honest,0.4893939393939394,0.0106060606060606,False,0.936,0.47,3
8,iso_resid,honest,0.4924242424242424,0.0075757575757575,False,0.9934,0.499,3
8,iso_resid,honest,0.4954545454545455,0.0045454545454545,False,0.8546,0.478,3
8,iso_resid,honest,0.4984848484848485,0.0015151515151515,False,0.946,0.492,3
8,iso_resid,honest,0.5015151515151515,0.0015151515151514,False,0.7998,0.494,3
8,iso_resid,honest,0.5045454545454545,0.0045454545454545,False,0.9554,0.495,3
8,iso_resid,honest,0.5075757575757576,0.0075757575757575,False,0.5552,0.5,3
8,iso_resid,honest,0.5106060606060606,0.0106060606060606,False,0.8916,0.48,3
8,iso_resid,honest,0.5136363636363637,0.0136363636363636,False,0.7814,0.496,3
8,iso_resid,honest,0.5166666666666666,0.0166666666666666,False,0.8758,0.4399999999999999,3
8,iso_resid,honest,0.5196969696969698,0.0196969696969697,False,0.7752,0.469,3
8,iso_resid,honest,0.5227272727272727,0.0227272727272727,False,0.9892,0.4399999999999999,3
8,iso_resid,honest,0.5257575757575758,0.0257575757575757,False,0.9834,0.4489999999999999,3
8,iso_resid,honest,0.5287878787878788,0.0287878787878788,False,0.7114,0.417,3
8,iso_resid,honest,0.5318181818181819,0.0318181818181818,False,0.9066,0.4409999999999999,3
8,iso_resid,honest,0.5348484848484849,0.0348484848484849,False,0.998,0.4419999999999999,3
8,iso_resid,honest,0.5378787878787878,0.0378787878787878,False,0.987,0.435,3
8,iso_resid,honest,0.5409090909090909,0.0409090909090908,False,0.9208,0.382,3
8,iso_resid,honest,0.543939393939394,0.0439393939393939,False,0.609,0.421,3
8,iso_resid,honest,0.546969696969697,0.0469696969696969,False,0.8134,0.406,3
8,iso_resid,honest,0.55,0.05,False,0.8714,0.407,3
8,iso_resid,honest,0.553030303030303,0.0530303030303029,False,0.9984,0.395,3
8,iso_resid,honest,0.556060606060606,0.056060606060606,False,0.855,0.392,3
8,iso_resid,honest,0.5590909090909091,0.059090909090909,False,0.5352,0.393,3
8,iso_resid,honest,0.5621212121212121,0.0621212121212121,False,0.9902,0.368,3
8,iso_resid,honest,0.5651515151515152,0.0651515151515151,False,0.9916,0.392,3
8,iso_resid,honest,0.5681818181818181,0.0681818181818181,False,0.5616,0.369,3
8,iso_resid,honest,0.5712121212121213,0.0712121212121212,False,0.9468,0.35,3
8,iso_resid,honest,0.5742424242424242,0.0742424242424242,False,0.8072,0.368,3
8,iso_resid,honest,0.5772727272727273,0.0772727272727272,False,0.9974,0.345,3
8,iso_resid,honest,0.5803030303030303,0.0803030303030303,False,0.9038,0.36,3
8,iso_resid,honest,0.5833333333333334,0.0833333333333333,False,0.7434,0.359,3
8,iso_resid,honest,0.5863636363636364,0.0863636363636364,False,0.891,0.3299999999999999,3
8,iso_resid,honest,0.5893939393939394,0.0893939393939393,False,0.721,0.3319999999999999,3
8,iso_resid,honest,0.5924242424242424,0.0924242424242424,False,0.6982,0.3209999999999999,3
8,iso_resid,honest,0.5954545454545455,0.0954545454545454,False,0.9994,0.307,3
8,iso_resid,honest,0.5984848484848485,0.0984848484848485,False,0.9502,0.31,3
8,iso_resid,honest,0.6015151515151516,0.1015151515151515,False,0.958,0.306,3
8,iso_resid,honest,0.6045454545454545,0.1045454545454545,False,0.868,0.3,3
8,iso_resid,honest,0.6075757575757577,0.1075757575757576,False,0.9026,0.3149999999999999,3
8,iso_resid,honest,0.6106060606060606,0.1106060606060606,False,0.6118,0.292,3
8,iso_resid,honest,0.6136363636363636,0.1136363636363636,False,0.923,0.282,3
8,iso_resid,honest,0.6166666666666667,0.1166666666666667,False,0.937,0.286,3
8,iso_resid,honest,0.6196969696969696,0.1196969696969696,False,0.625,0.285,3
8,iso_resid,honest,0.6227272727272728,0.1227272727272728,False,0.9694,0.26,3
8,iso_resid,honest,0.6257575757575757,0.1257575757575757,False,0.9818,0.266,3
8,iso_resid,honest,0.6287878787878788,0.1287878787878787,False,0.7662,0.26,3
8,iso_resid,honest,0.6318181818181818,0.1318181818181818,False,0.6848,0.2329999999999999,3
8,iso_resid,honest,0.6348484848484849,0.1348484848484848,False,0.8992,0.269,3
8,iso_resid,honest,0.6378787878787879,0.1378787878787879,False,0.9128,0.244,3
8,iso_resid,honest,0.6409090909090909,0.1409090909090908,False,0.8998,0.258,3
8,iso_resid,honest,0.643939393939394,0.143939393939394,False,0.9968,0.242,3
8,iso_resid,honest,0.646969696969697,0.1469696969696969,False,0.9716,0.241,3
8,iso_resid,honest,0.65,0.15,False,0.996,0.2309999999999999,3
8,iso_resid_rob,gated,0.35,0.15,False,0.027,0.231,3
8,iso_resid_rob,gated,0.353030303030303,0.1469696969696969,True,0.0002,0.221,3
8,iso_resid_rob,gated,0.356060606060606,0.1439393939393939,True,0.0002,0.218,3
8,iso_resid_rob,gated,0.359090909090909,0.1409090909090909,True,0.0008,0.231,3
8,iso_resid_rob,gated,0.3621212121212121,0.1378787878787878,True,0.0002,0.253,3
8,iso_resid_rob,gated,0.3651515151515151,0.1348484848484848,True,0.0002,0.241,3
8,iso_resid_rob,gated,0.3681818181818181,0.1318181818181818,True,0.0002,0.269,3
8,iso_resid_rob,gated,0.3712121212121212,0.1287878787878787,True,0.0002,0.252,3
8,iso_resid_rob,gated,0.3742424242424242,0.1257575757575758,True,0.0002,0.26,3
8,iso_resid_rob,gated,0.3772727272727272,0.1227272727272727,True,0.0002,0.248,3
8,iso_resid_rob,gated,0.3803030303030303,0.1196969696969696,True,0.0002,0.278,3
8,iso_resid_rob,gated,0.3833333333333333,0.1166666666666667,True,0.0002,0.284,3
8,iso_resid_rob,gated,0.3863636363636363,0.1136363636363636,True,0.0002,0.288,3
8,iso_resid_rob,gated,0.3893939393939394,0.1106060606060606,True,0.0002,0.282,3
8,iso_resid_rob,gated,0.3924242424242424,0.1075757575757576,True,0.0002,0.325,3
8,iso_resid_rob,gated,0.3954545454545454,0.1045454545454545,True,0.0002,0.3,3
8,iso_resid_rob,gated,0.3984848484848484,0.1015151515151515,True,0.0002,0.285,3
8,iso_resid_rob,gated,0.4015151515151515,0.0984848484848485,True,0.0002,0.316,3
8,iso_resid_rob,gated,0.4045454545454545,0.0954545454545454,True,0.0002,0.332,3
8,iso_resid_rob,gated,0.4075757575757576,0.0924242424242424,True,0.0002,0.321,3
8,iso_resid_rob,gated,0.4106060606060606,0.0893939393939394,True,0.0002,0.323,3
8,iso_resid_rob,gated,0.4136363636363636,0.0863636363636363,True,0.0002,0.329,3
8,iso_resid_rob,gated,0.4166666666666666,0.0833333333333333,True,0.0002,0.317,3
8,iso_resid_rob,gated,0.4196969696969697,0.0803030303030303,True,0.0002,0.357,3
8,iso_resid_rob,gated,0.4227272727272727,0.0772727272727272,True,0.0002,0.391,3
8,iso_resid_rob,gated,0.4257575757575758,0.0742424242424242,True,0.0008,0.386,3
8,iso_resid_rob,gated,0.4287878787878788,0.0712121212121212,True,0.001,0.373,3
8,iso_resid_rob,gated,0.4318181818181818,0.0681818181818181,True,0.0002,0.367,3
8,iso_resid_rob,gated,0.4348484848484848,0.0651515151515151,True,0.0002,0.357,3
8,iso_resid_rob,gated,0.4378787878787878,0.0621212121212121,True,0.0002,0.354,3
8,iso_resid_rob,gated,0.4409090909090909,0.059090909090909,True,0.0002,0.398,3
8,iso_resid_rob,gated,0.4439393939393939,0.056060606060606,True,0.0002,0.361,3
8,iso_resid_rob,gated,0.4469696969696969,0.053030303030303,True,0.0002,0.388,3
8,iso_resid_rob,gated,0.45,0.0499999999999999,True,0.0002,0.407,3
8,iso_resid_rob,gated,0.453030303030303,0.0469696969696969,True,0.0002,0.414,3
8,iso_resid_rob,gated,0.456060606060606,0.0439393939393939,True,0.0002,0.428,3
8,iso_resid_rob,gated,0.4590909090909091,0.0409090909090908,True,0.0002,0.424,3
8,iso_resid_rob,gated,0.4621212121212121,0.0378787878787879,True,0.0004,0.427,3
8,iso_resid_rob,gated,0.4651515151515151,0.0348484848484848,False,0.2722,0.424,3
8,iso_resid_rob,gated,0.4681818181818181,0.0318181818181818,False,0.172,0.443,3
8,iso_resid_rob,gated,0.4712121212121212,0.0287878787878788,False,0.06,0.428,3
8,iso_resid_rob,gated,0.4742424242424242,0.0257575757575757,False,0.7124,0.418,3
8,iso_resid_rob,gated,0.4772727272727273,0.0227272727272727,False,0.6726,0.464,3
8,iso_resid_rob,gated,0.4803030303030303,0.0196969696969697,False,0.365,0.437,3
8,iso_resid_rob,gated,0.4833333333333333,0.0166666666666666,False,0.8046,0.464,3
8,iso_resid_rob,gated,0.4863636363636363,0.0136363636363636,False,0.808,0.474,3
8,iso_resid_rob,gated,0.4893939393939394,0.0106060606060606,False,0.4612,0.48,3
8,iso_resid_rob,gated,0.4924242424242424,0.0075757575757575,False,0.782,0.474,3
8,iso_resid_rob,gated,0.4954545454545455,0.0045454545454545,False,0.3186,0.487,3
8,iso_resid_rob,gated,0.4984848484848485,0.0015151515151515,False,0.776,0.497,3
8,iso_resid_rob,gated,0.5015151515151515,0.0015151515151514,False,0.6476,0.493,3
8,iso_resid_rob,gated,0.5045454545454545,0.0045454545454545,False,0.8588,0.492,3
8,iso_resid_rob,gated,0.5075757575757576,0.0075757575757575,False,0.1346,0.496,3
8,iso_resid_rob,gated,0.5106060606060606,0.0106060606060606,False,0.3456,0.471,3
8,iso_resid_rob,gated,0.5136363636363637,0.0136363636363636,False,0.6232,0.48,3
8,iso_resid_rob,gated,0.5166666666666666,0.0166666666666666,False,0.234,0.4639999999999999,3
8,iso_resid_rob,gated,0.5196969696969698,0.0196969696969697,False,0.4882,0.4599999999999999,3
8,iso_resid_rob,gated,0.5227272727272727,0.0227272727272727,False,0.7252,0.4469999999999999,3
8,iso_resid_rob,gated,0.5257575757575758,0.0257575757575757,False,0.234,0.416,3
8,iso_resid_rob,gated,0.5287878787878788,0.0287878787878788,False,0.1166,0.4609999999999999,3
8,iso_resid_rob,gated,0.5318181818181819,0.0318181818181818,False,0.302,0.4419999999999999,3
8,iso_resid_rob,gated,0.5348484848484849,0.0348484848484849,False,0.5406,0.396,3
8,iso_resid_rob,gated,0.5378787878787878,0.0378787878787878,True,0.0016,0.434,3
8,iso_resid_rob,gated,0.5409090909090909,0.0409090909090908,True,0.0002,0.421,3
8,iso_resid_rob,gated,0.543939393939394,0.0439393939393939,True,0.0002,0.409,3
8,iso_resid_rob,gated,0.546969696969697,0.0469696969696969,True,0.0002,0.408,3
8,iso_resid_rob,gated,0.55,0.05,True,0.0002,0.404,3
8,iso_resid_rob,gated,0.553030303030303,0.0530303030303029,True,0.0002,0.372,3
8,iso_resid_rob,gated,0.556060606060606,0.056060606060606,True,0.0002,0.404,3
8,iso_resid_rob,gated,0.5590909090909091,0.059090909090909,True,0.0002,0.385,3
8,iso_resid_rob,gated,0.5621212121212121,0.0621212121212121,True,0.0002,0.37,3
8,iso_resid_rob,gated,0.5651515151515152,0.0651515151515151,True,0.0002,0.366,3
8,iso_resid_rob,gated,0.5681818181818181,0.0681818181818181,True,0.0004,0.36,3
8,iso_resid_rob,gated,0.5712121212121213,0.0712121212121212,True,0.0016,0.363,3
8,iso_resid_rob,gated,0.5742424242424242,0.0742424242424242,True,0.0004,0.3429999999999999,3
8,iso_resid_rob,gated,0.5772727272727273,0.0772727272727272,True,0.0004,0.36,3
8,iso_resid_rob,gated,0.5803030303030303,0.0803030303030303,True,0.0002,0.3179999999999999,3
8,iso_resid_rob,gated,0.5833333333333334,0.0833333333333333,True,0.0002,0.3409999999999999,3
8,iso_resid_rob,gated,0.5863636363636364,0.0863636363636364,True,0.0002,0.3279999999999999,3
8,iso_resid_rob,gated,0.5893939393939394,0.0893939393939393,True,0.0002,0.3279999999999999,3
8,iso_resid_rob,gated,0.5924242424242424,0.0924242424242424,True,0.0002,0.3399999999999999,3
8,iso_resid_rob,gated,0.5954545454545455,0.0954545454545454,True,0.0002,0.286,3
8,iso_resid_rob,gated,0.5984848484848485,0.0984848484848485,True,0.0002,0.3219999999999999,3
8,iso_resid_rob,gated,0.6015151515151516,0.1015151515151515,True,0.0002,0.303,3
8,iso_resid_rob,gated,0.6045454545454545,0.1045454545454545,True,0.0002,0.298,3
8,iso_resid_rob,gated,0.6075757575757577,0.1075757575757576,True,0.0002,0.282,3
8,iso_resid_rob,gated,0.6106060606060606,0.1106060606060606,True,0.0002,0.285,3
8,iso_resid_rob,gated,0.6136363636363636,0.1136363636363636,True,0.0002,0.271,3
8,iso_resid_rob,gated,0.6166666666666667,0.1166666666666667,True,0.0002,0.278,3
8,iso_resid_rob,gated,0.6196969696969696,0.1196969696969696,True,0.0002,0.266,3
8,iso_resid_rob,gated,0.6227272727272728,0.1227272727272728,True,0.0002,0.26,3
8,iso_resid_rob,gated,0.6257575757575757,0.1257575757575757,True,0.0002,0.246,3
8,iso_resid_rob,gated,0.6287878787878788,0.1287878787878787,True,0.0002,0.243,3
8,iso_resid_rob,gated,0.6318181818181818,0.1318181818181818,True,0.0002,0.246,3
8,iso_resid_rob,gated,0.6348484848484849,0.1348484848484848,True,0.0002,0.2229999999999999,3
8,iso_resid_rob,gated,0.6378787878787879,0.1378787878787879,True,0.0002,0.246,3
8,iso_resid_rob,gated,0.6409090909090909,0.1409090909090908,True,0.0002,0.2339999999999999,3
8,iso_resid_rob,gated,0.643939393939394,0.143939393939394,True,0.0006,0.2289999999999999,3
8,iso_resid_rob,gated,0.646969696969697,0.1469696969696969,False,0.0278,0.246,3
8,iso_resid_rob,gated,0.65,0.15,True,0.0006,0.2169999999999999,3
8,iso_resid_rob,honest,0.35,0.15,False,0.9922,0.223,3
8,iso_resid_rob,honest,0.353030303030303,0.1469696969696969,False,0.9804,0.227,3
8,iso_resid_rob,honest,0.356060606060606,0.1439393939393939,False,0.5812,0.237,3
8,iso_resid_rob,honest,0.359090909090909,0.1409090909090909,False,0.9952,0.244,3
8,iso_resid_rob,honest,0.3621212121212121,0.1378787878787878,False,0.989,0.241,3
8,iso_resid_rob,honest,0.3651515151515151,0.1348484848484848,False,0.9926,0.265,3
8,iso_resid_rob,honest,0.3681818181818181,0.1318181818181818,False,0.601,0.233,3
8,iso_resid_rob,honest,0.3712121212121212,0.1287878787878787,False,0.992,0.27,3
8,iso_resid_rob,honest,0.3742424242424242,0.1257575757575758,False,0.9796,0.256,3
8,iso_resid_rob,honest,0.3772727272727272,0.1227272727272727,False,0.9504,0.268,3
8,iso_resid_rob,honest,0.3803030303030303,0.1196969696969696,False,0.9934,0.281,3
8,iso_resid_rob,honest,0.3833333333333333,0.1166666666666667,False,0.7756,0.3,3
8,iso_resid_rob,honest,0.3863636363636363,0.1136363636363636,False,0.6796,0.26,3
8,iso_resid_rob,honest,0.3893939393939394,0.1106060606060606,False,0.9356,0.274,3
8,iso_resid_rob,honest,0.3924242424242424,0.1075757575757576,False,0.8018,0.287,3
8,iso_resid_rob,honest,0.3954545454545454,0.1045454545454545,False,0.8126,0.31,3
8,iso_resid_rob,honest,0.3984848484848484,0.1015151515151515,False,0.7302,0.292,3
8,iso_resid_rob,honest,0.4015151515151515,0.0984848484848485,False,0.9954,0.331,3
8,iso_resid_rob,honest,0.4045454545454545,0.0954545454545454,False,0.9176,0.324,3
8,iso_resid_rob,honest,0.4075757575757576,0.0924242424242424,False,0.5006,0.307,3
8,iso_resid_rob,honest,0.4106060606060606,0.0893939393939394,False,0.8494,0.32,3
8,iso_resid_rob,honest,0.4136363636363636,0.0863636363636363,False,0.9942,0.331,3
8,iso_resid_rob,honest,0.4166666666666666,0.0833333333333333,False,0.8142,0.347,3
8,iso_resid_rob,honest,0.4196969696969697,0.0803030303030303,False,0.994,0.342,3
8,iso_resid_rob,honest,0.4227272727272727,0.0772727272727272,False,0.7368,0.356,3
8,iso_resid_rob,honest,0.4257575757575758,0.0742424242424242,False,0.9786,0.351,3
8,iso_resid_rob,honest,0.4287878787878788,0.0712121212121212,False,0.6202,0.357,3
8,iso_resid_rob,honest,0.4318181818181818,0.0681818181818181,False,0.6494,0.357,3
8,iso_resid_rob,honest,0.4348484848484848,0.0651515151515151,False,0.7776,0.387,3
8,iso_resid_rob,honest,0.4378787878787878,0.0621212121212121,False,0.9858,0.356,3
8,iso_resid_rob,honest,0.4409090909090909,0.059090909090909,False,0.9956,0.401,3
8,iso_resid_rob,honest,0.4439393939393939,0.056060606060606,False,0.7878,0.401,3
8,iso_resid_rob,honest,0.4469696969696969,0.053030303030303,False,0.9964,0.392,3
8,iso_resid_rob,honest,0.45,0.0499999999999999,False,0.938,0.411,3
8,iso_resid_rob,honest,0.453030303030303,0.0469696969696969,False,0.9504,0.39,3
8,iso_resid_rob,honest,0.456060606060606,0.0439393939393939,False,0.8096,0.419,3
8,iso_resid_rob,honest,0.4590909090909091,0.0409090909090908,False,0.6276,0.413,3
8,iso_resid_rob,honest,0.4621212121212121,0.0378787878787879,False,0.9408,0.416,3
8,iso_resid_rob,honest,0.4651515151515151,0.0348484848484848,False,0.707,0.424,3
8,iso_resid_rob,honest,0.4681818181818181,0.0318181818181818,False,0.9842,0.42,3
8,iso_resid_rob,honest,0.4712121212121212,0.0287878787878788,False,0.9472,0.455,3
8,iso_resid_rob,honest,0.4742424242424242,0.0257575757575757,False,0.8046,0.431,3
8,iso_resid_rob,honest,0.4772727272727273,0.0227272727272727,False,0.6858,0.467,3
8,iso_resid_rob,honest,0.4803030303030303,0.0196969696969697,False,0.9774,0.474,3
8,iso_resid_rob,honest,0.4833333333333333,0.0166666666666666,False,0.714,0.482,3
8,iso_resid_rob,honest,0.4863636363636363,0.0136363636363636,False,1.0,0.464,3
8,iso_resid_rob,honest,0.4893939393939394,0.0106060606060606,False,0.8488,0.454,3
8,iso_resid_rob,honest,0.4924242424242424,0.0075757575757575,False,0.9858,0.477,3
8,iso_resid_rob,honest,0.4954545454545455,0.0045454545454545,False,0.6314,0.495,3
8,iso_resid_rob,honest,0.4984848484848485,0.0015151515151515,False,0.9658,0.499,3
8,iso_resid_rob,honest,0.5015151515151515,0.0015151515151514,False,0.966,0.493,3
8,iso_resid_rob,honest,0.5045454545454545,0.0045454545454545,False,0.9566,0.494,3
8,iso_resid_rob,honest,0.5075757575757576,0.0075757575757575,False,0.9468,0.495,3
8,iso_resid_rob,honest,0.5106060606060606,0.0106060606060606,False,0.9882,0.469,3
8,iso_resid_rob,honest,0.5136363636363637,0.0136363636363636,False,0.8948,0.4649999999999999,3
8,iso_resid_rob,honest,0.5166666666666666,0.0166666666666666,False,0.9502,0.4529999999999999,3
8,iso_resid_rob,honest,0.5196969696969698,0.0196969696969697,False,0.9816,0.4559999999999999,3
8,iso_resid_rob,honest,0.5227272727272727,0.0227272727272727,False,0.9336,0.4529999999999999,3
8,iso_resid_rob,honest,0.5257575757575758,0.0257575757575757,False,0.8726,0.424,3
8,iso_resid_rob,honest,0.5287878787878788,0.0287878787878788,False,0.9556,0.415,3
8,iso_resid_rob,honest,0.5318181818181819,0.0318181818181818,False,0.769,0.4589999999999999,3
8,iso_resid_rob,honest,0.5348484848484849,0.0348484848484849,False,0.8638,0.4609999999999999,3
8,iso_resid_rob,honest,0.5378787878787878,0.0378787878787878,False,0.7094,0.436,3
8,iso_resid_rob,honest,0.5409090909090909,0.0409090909090908,False,0.7846,0.425,3
8,iso_resid_rob,honest,0.543939393939394,0.0439393939393939,False,0.6812,0.402,3
8,iso_resid_rob,honest,0.546969696969697,0.0469696969696969,False,0.3506,0.427,3
8,iso_resid_rob,honest,0.55,0.05,False,0.7204,0.395,3
8,iso_resid_rob,honest,0.553030303030303,0.0530303030303029,False,0.5428,0.421,3
8,iso_resid_rob,honest,0.556060606060606,0.056060606060606,False,0.8096,0.402,3
8,iso_resid_rob,honest,0.5590909090909091,0.059090909090909,False,0.9576,0.37,3
8,iso_resid_rob,honest,0.5621212121212121,0.0621212121212121,False,0.9882,0.377,3
8,iso_resid_rob,honest,0.5651515151515152,0.0651515151515151,False,0.979,0.344,3
8,iso_resid_rob,honest,0.5681818181818181,0.0681818181818181,False,0.9784,0.378,3
8,iso_resid_rob,honest,0.5712121212121213,0.0712121212121212,False,0.9968,0.35,3
8,iso_resid_rob,honest,0.5742424242424242,0.0742424242424242,False,0.7386,0.366,3
8,iso_resid_rob,honest,0.5772727272727273,0.0772727272727272,False,0.9684,0.346,3
8,iso_resid_rob,honest,0.5803030303030303,0.0803030303030303,False,0.9516,0.35,3
8,iso_resid_rob,honest,0.5833333333333334,0.0833333333333333,False,0.9976,0.348,3
8,iso_resid_rob,honest,0.5863636363636364,0.0863636363636364,False,0.915,0.344,3
8,iso_resid_rob,honest,0.5893939393939394,0.0893939393939393,False,0.7764,0.3199999999999999,3
8,iso_resid_rob,honest,0.5924242424242424,0.0924242424242424,False,0.5588,0.3409999999999999,3
8,iso_resid_rob,honest,0.5954545454545455,0.0954545454545454,False,0.982,0.293,3
8,iso_resid_rob,honest,0.5984848484848485,0.0984848484848485,False,0.7622,0.3,3
8,iso_resid_rob,honest,0.6015151515151516,0.1015151515151515,False,0.859,0.303,3
8,iso_resid_rob,honest,0.6045454545454545,0.1045454545454545,False,0.9016,0.295,3
8,iso_resid_rob,honest,0.6075757575757577,0.1075757575757576,False,0.8942,0.296,3
8,iso_resid_rob,honest,0.6106060606060606,0.1106060606060606,False,0.8128,0.295,3
8,iso_resid_rob,honest,0.6136363636363636,0.1136363636363636,False,0.8956,0.268,3
8,iso_resid_rob,honest,0.6166666666666667,0.1166666666666667,False,0.9668,0.27,3
8,iso_resid_rob,honest,0.6196969696969696,0.1196969696969696,False,0.88,0.287,3
8,iso_resid_rob,honest,0.6227272727272728,0.1227272727272728,False,0.9896,0.266,3
8,iso_resid_rob,honest,0.6257575757575757,0.1257575757575757,False,0.987,0.251,3
8,iso_resid_rob,honest,0.6287878787878788,0.1287878787878787,False,0.9636,0.274,3
8,iso_resid_rob,honest,0.6318181818181818,0.1318181818181818,False,0.9366,0.284,3
8,iso_resid_rob,honest,0.6348484848484849,0.1348484848484848,False,0.993,0.251,3
8,iso_resid_rob,honest,0.6378787878787879,0.1378787878787879,False,0.9856,0.266,3
8,iso_resid_rob,honest,0.6409090909090909,0.1409090909090908,False,0.9974,0.2329999999999999,3
8,iso_resid_rob,honest,0.643939393939394,0.143939393939394,False,0.7912,0.2189999999999999,3
8,iso_resid_rob,honest,0.646969696969697,0.1469696969696969,False,0.8614,0.248,3
8,iso_resid_rob,honest,0.65,0.15,False,0.9536,0.2329999999999999,3
8,coord_scan,gated,0.35,0.15,True,0.0002,0.223,23
8,coord_scan,gated,0.353030303030303,0.1469696969696969,True,0.0002,0.227,24
8,coord_scan,gated,0.356060606060606,0.1439393939393939,True,0.0002,0.233,24
8,coord_scan,gated,0.359090909090909,0.1409090909090909,True,0.0002,0.245,24
8,coord_scan,gated,0.3621212121212121,0.1378787878787878,True,0.0002,0.24,24
8,coord_scan,gated,0.3651515151515151,0.1348484848484848,True,0.0002,0.261,22
8,coord_scan,gated,0.3681818181818181,0.1318181818181818,True,0.0002,0.251,23
8,coord_scan,gated,0.3712121212121212,0.1287878787878787,True,0.0002,0.245,23
8,coord_scan,gated,0.3742424242424242,0.1257575757575758,True,0.0002,0.245,23
8,coord_scan,gated,0.3772727272727272,0.1227272727272727,True,0.0002,0.276,22
8,coord_scan,gated,0.3803030303030303,0.1196969696969696,True,0.0002,0.266,22
8,coord_scan,gated,0.3833333333333333,0.1166666666666667,True,0.0002,0.297,24
8,coord_scan,gated,0.3863636363636363,0.1136363636363636,True,0.0002,0.271,24
8,coord_scan,gated,0.3893939393939394,0.1106060606060606,True,0.0002,0.279,22
8,coord_scan,gated,0.3924242424242424,0.1075757575757576,True,0.0002,0.323,22
8,coord_scan,gated,0.3954545454545454,0.1045454545454545,True,0.0002,0.293,22
8,coord_scan,gated,0.3984848484848484,0.1015151515151515,True,0.0002,0.309,24
8,coord_scan,gated,0.4015151515151515,0.0984848484848485,True,0.0002,0.301,23
8,coord_scan,gated,0.4045454545454545,0.0954545454545454,True,0.0002,0.298,23
8,coord_scan,gated,0.4075757575757576,0.0924242424242424,True,0.0002,0.325,24
8,coord_scan,gated,0.4106060606060606,0.0893939393939394,True,0.0002,0.346,24
8,coord_scan,gated,0.4136363636363636,0.0863636363636363,True,0.0002,0.334,24
8,coord_scan,gated,0.4166666666666666,0.0833333333333333,True,0.0002,0.325,24
8,coord_scan,gated,0.4196969696969697,0.0803030303030303,True,0.0002,0.355,22
8,coord_scan,gated,0.4227272727272727,0.0772727272727272,True,0.0002,0.339,24
8,coord_scan,gated,0.4257575757575758,0.0742424242424242,True,0.0002,0.373,24
8,coord_scan,gated,0.4287878787878788,0.0712121212121212,True,0.0002,0.363,24
8,coord_scan,gated,0.4318181818181818,0.0681818181818181,True,0.0002,0.35,23
8,coord_scan,gated,0.4348484848484848,0.0651515151515151,True,0.0002,0.387,22
8,coord_scan,gated,0.4378787878787878,0.0621212121212121,True,0.0002,0.346,23
8,coord_scan,gated,0.4409090909090909,0.059090909090909,True,0.0002,0.384,24
8,coord_scan,gated,0.4439393939393939,0.056060606060606,True,0.0002,0.382,24
8,coord_scan,gated,0.4469696969696969,0.053030303030303,True,0.0002,0.403,24
8,coord_scan,gated,0.45,0.0499999999999999,True,0.0002,0.44,24
8,coord_scan,gated,0.453030303030303,0.0469696969696969,True,0.0002,0.403,22
8,coord_scan,gated,0.456060606060606,0.0439393939393939,True,0.0002,0.415,22
8,coord_scan,gated,0.4590909090909091,0.0409090909090908,True,0.0002,0.41,24
8,coord_scan,gated,0.4621212121212121,0.0378787878787879,True,0.0002,0.412,24
8,coord_scan,gated,0.4651515151515151,0.0348484848484848,True,0.0002,0.414,24
8,coord_scan,gated,0.4681818181818181,0.0318181818181818,True,0.0002,0.441,24
8,coord_scan,gated,0.4712121212121212,0.0287878787878788,True,0.0002,0.463,24
8,coord_scan,gated,0.4742424242424242,0.0257575757575757,True,0.0002,0.475,23
8,coord_scan,gated,0.4772727272727273,0.0227272727272727,True,0.0002,0.466,23
8,coord_scan,gated,0.4803030303030303,0.0196969696969697,True,0.0002,0.448,24
8,coord_scan,gated,0.4833333333333333,0.0166666666666666,True,0.0002,0.445,24
8,coord_scan,gated,0.4863636363636363,0.0136363636363636,True,0.0002,0.464,24
8,coord_scan,gated,0.4893939393939394,0.0106060606060606,True,0.0002,0.474,24
8,coord_scan,gated,0.4924242424242424,0.0075757575757575,True,0.0002,0.468,23
8,coord_scan,gated,0.4954545454545455,0.0045454545454545,True,0.0002,0.497,23
8,coord_scan,gated,0.4984848484848485,0.0015151515151515,True,0.0002,0.487,24
8,coord_scan,gated,0.5015151515151515,0.0015151515151514,True,0.0002,0.493,23
8,coord_scan,gated,0.5045454545454545,0.0045454545454545,True,0.0002,0.489,23
8,coord_scan,gated,0.5075757575757576,0.0075757575757575,True,0.0002,0.484,23
8,coord_scan,gated,0.5106060606060606,0.0106060606060606,True,0.0002,0.478,23
8,coord_scan,gated,0.5136363636363637,0.0136363636363636,True,0.0002,0.477,24
8,coord_scan,gated,0.5166666666666666,0.0166666666666666,True,0.0002,0.482,22
8,coord_scan,gated,0.5196969696969698,0.0196969696969697,True,0.0002,0.4399999999999999,24
8,coord_scan,gated,0.5227272727272727,0.0227272727272727,True,0.0002,0.499,24
8,coord_scan,gated,0.5257575757575758,0.0257575757575757,True,0.0002,0.4649999999999999,23
8,coord_scan,gated,0.5287878787878788,0.0287878787878788,True,0.0002,0.4479999999999999,24
8,coord_scan,gated,0.5318181818181819,0.0318181818181818,True,0.0002,0.426,23
8,coord_scan,gated,0.5348484848484849,0.0348484848484849,True,0.0002,0.437,24
8,coord_scan,gated,0.5378787878787878,0.0378787878787878,True,0.0002,0.417,24
8,coord_scan,gated,0.5409090909090909,0.0409090909090908,True,0.0002,0.429,24
8,coord_scan,gated,0.543939393939394,0.0439393939393939,True,0.0002,0.419,24
8,coord_scan,gated,0.546969696969697,0.0469696969696969,True,0.0002,0.392,24
8,coord_scan,gated,0.55,0.05,True,0.0002,0.399,22
8,coord_scan,gated,0.553030303030303,0.0530303030303029,True,0.0002,0.375,24
8,coord_scan,gated,0.556060606060606,0.056060606060606,True,0.0002,0.395,23
8,coord_scan,gated,0.5590909090909091,0.059090909090909,True,0.0002,0.368,23
8,coord_scan,gated,0.5621212121212121,0.0621212121212121,True,0.0002,0.357,24
8,coord_scan,gated,0.5651515151515152,0.0651515151515151,True,0.0002,0.355,24
8,coord_scan,gated,0.5681818181818181,0.0681818181818181,True,0.0002,0.373,24
8,coord_scan,gated,0.5712121212121213,0.0712121212121212,True,0.0002,0.377,23
8,coord_scan,gated,0.5742424242424242,0.0742424242424242,True,0.0002,0.385,23
8,coord_scan,gated,0.5772727272727273,0.0772727272727272,True,0.0002,0.367,24
8,coord_scan,gated,0.5803030303030303,0.0803030303030303,True,0.0002,0.3239999999999999,24
8,coord_scan,gated,0.5833333333333334,0.0833333333333333,True,0.0002,0.3329999999999999,22
8,coord_scan,gated,0.5863636363636364,0.0863636363636364,True,0.0002,0.35,22
8,coord_scan,gated,0.5893939393939394,0.0893939393939393,True,0.0002,0.3129999999999999,24
8,coord_scan,gated,0.5924242424242424,0.0924242424242424,True,0.0002,0.3209999999999999,23
8,coord_scan,gated,0.5954545454545455,0.0954545454545454,True,0.0002,0.3169999999999999,24
8,coord_scan,gated,0.5984848484848485,0.0984848484848485,True,0.0002,0.3269999999999999,24
8,coord_scan,gated,0.6015151515151516,0.1015151515151515,True,0.0002,0.3159999999999999,23
8,coord_scan,gated,0.6045454545454545,0.1045454545454545,True,0.0002,0.286,24
8,coord_scan,gated,0.6075757575757577,0.1075757575757576,True,0.0002,0.287,22
8,coord_scan,gated,0.6106060606060606,0.1106060606060606,True,0.0002,0.289,23
8,coord_scan,gated,0.6136363636363636,0.1136363636363636,True,0.0002,0.271,23
8,coord_scan,gated,0.6166666666666667,0.1166666666666667,True,0.0002,0.254,23
8,coord_scan,gated,0.6196969696969696,0.1196969696969696,True,0.0002,0.27,24
8,coord_scan,gated,0.6227272727272728,0.1227272727272728,True,0.0002,0.287,24
8,coord_scan,gated,0.6257575757575757,0.1257575757575757,True,0.0002,0.286,24
8,coord_scan,gated,0.6287878787878788,0.1287878787878787,True,0.0002,0.244,22
8,coord_scan,gated,0.6318181818181818,0.1318181818181818,True,0.0002,0.247,23
8,coord_scan,gated,0.6348484848484849,0.1348484848484848,True,0.0002,0.2189999999999999,23
8,coord_scan,gated,0.6378787878787879,0.1378787878787879,True,0.0002,0.263,23
8,coord_scan,gated,0.6409090909090909,0.1409090909090908,True,0.0002,0.2339999999999999,24
8,coord_scan,gated,0.643939393939394,0.143939393939394,True,0.0002,0.2249999999999999,23
8,coord_scan,gated,0.646969696969697,0.1469696969696969,True,0.0002,0.2079999999999999,22
8,coord_scan,gated,0.65,0.15,True,0.0002,0.2269999999999999,24
8,coord_scan,honest,0.35,0.15,False,0.3506,0.221,22
8,coord_scan,honest,0.353030303030303,0.1469696969696969,False,0.5078,0.253,23
8,coord_scan,honest,0.356060606060606,0.1439393939393939,False,0.8618,0.243,21
8,coord_scan,honest,0.359090909090909,0.1409090909090909,False,0.6716,0.253,24
8,coord_scan,honest,0.3621212121212121,0.1378787878787878,False,0.1566,0.234,24
8,coord_scan,honest,0.3651515151515151,0.1348484848484848,False,0.472,0.241,24
8,coord_scan,honest,0.3681818181818181,0.1318181818181818,False,0.5038,0.229,23
8,coord_scan,honest,0.3712121212121212,0.1287878787878787,False,0.6974,0.238,24
8,coord_scan,honest,0.3742424242424242,0.1257575757575758,False,0.8262,0.261,24
8,coord_scan,honest,0.3772727272727272,0.1227272727272727,False,0.6996,0.228,24
8,coord_scan,honest,0.3803030303030303,0.1196969696969696,False,0.649,0.251,24
8,coord_scan,honest,0.3833333333333333,0.1166666666666667,False,0.785,0.303,24
8,coord_scan,honest,0.3863636363636363,0.1136363636363636,False,0.272,0.26,24
8,coord_scan,honest,0.3893939393939394,0.1106060606060606,False,0.6682,0.296,24
8,coord_scan,honest,0.3924242424242424,0.1075757575757576,False,0.3286,0.269,22
8,coord_scan,honest,0.3954545454545454,0.1045454545454545,False,0.8422,0.328,24
8,coord_scan,honest,0.3984848484848484,0.1015151515151515,False,0.766,0.315,24
8,coord_scan,honest,0.4015151515151515,0.0984848484848485,False,0.5928,0.312,24
8,coord_scan,honest,0.4045454545454545,0.0954545454545454,False,0.1688,0.314,24
8,coord_scan,honest,0.4075757575757576,0.0924242424242424,False,0.7328,0.306,24
8,coord_scan,honest,0.4106060606060606,0.0893939393939394,False,0.8166,0.305,23
8,coord_scan,honest,0.4136363636363636,0.0863636363636363,False,0.6534,0.332,23
8,coord_scan,honest,0.4166666666666666,0.0833333333333333,False,0.5698,0.332,22
8,coord_scan,honest,0.4196969696969697,0.0803030303030303,False,0.3982,0.364,22
8,coord_scan,honest,0.4227272727272727,0.0772727272727272,False,0.7642,0.362,24
8,coord_scan,honest,0.4257575757575758,0.0742424242424242,False,0.8458,0.373,24
8,coord_scan,honest,0.4287878787878788,0.0712121212121212,False,0.5266,0.365,24
8,coord_scan,honest,0.4318181818181818,0.0681818181818181,False,0.4948,0.375,23
8,coord_scan,honest,0.4348484848484848,0.0651515151515151,False,0.8302,0.379,24
8,coord_scan,honest,0.4378787878787878,0.0621212121212121,False,0.0884,0.395,23
8,coord_scan,honest,0.4409090909090909,0.059090909090909,False,0.3748,0.393,24
8,coord_scan,honest,0.4439393939393939,0.056060606060606,False,0.5006,0.396,24
8,coord_scan,honest,0.4469696969696969,0.053030303030303,False,0.3656,0.389,24
8,coord_scan,honest,0.45,0.0499999999999999,False,0.3672,0.401,23
8,coord_scan,honest,0.453030303030303,0.0469696969696969,False,0.6944,0.414,23
8,coord_scan,honest,0.456060606060606,0.0439393939393939,False,0.6106,0.41,22
8,coord_scan,honest,0.4590909090909091,0.0409090909090908,False,0.3914,0.405,24
8,coord_scan,honest,0.4621212121212121,0.0378787878787879,False,0.6226,0.434,24
8,coord_scan,honest,0.4651515151515151,0.0348484848484848,False,0.4982,0.439,23
8,coord_scan,honest,0.4681818181818181,0.0318181818181818,False,0.1574,0.434,24
8,coord_scan,honest,0.4712121212121212,0.0287878787878788,False,0.59,0.414,23
8,coord_scan,honest,0.4742424242424242,0.0257575757575757,False,0.6352,0.489,22
8,coord_scan,honest,0.4772727272727273,0.0227272727272727,False,0.6114,0.448,23
8,coord_scan,honest,0.4803030303030303,0.0196969696969697,False,0.74,0.455,21
8,coord_scan,honest,0.4833333333333333,0.0166666666666666,False,0.7484,0.481,22
8,coord_scan,honest,0.4863636363636363,0.0136363636363636,False,0.6198,0.484,23
8,coord_scan,honest,0.4893939393939394,0.0106060606060606,False,0.6294,0.472,23
8,coord_scan,honest,0.4924242424242424,0.0075757575757575,False,0.6894,0.492,23
8,coord_scan,honest,0.4954545454545455,0.0045454545454545,False,0.3528,0.487,23
8,coord_scan,honest,0.4984848484848485,0.0015151515151515,False,0.9128,0.499,23
8,coord_scan,honest,0.5015151515151515,0.0015151515151514,False,0.5264,0.484,23
8,coord_scan,honest,0.5045454545454545,0.0045454545454545,False,0.8642,0.483,24
8,coord_scan,honest,0.5075757575757576,0.0075757575757575,False,0.3052,0.4599999999999999,24
8,coord_scan,honest,0.5106060606060606,0.0106060606060606,False,0.3514,0.476,23
8,coord_scan,honest,0.5136363636363637,0.0136363636363636,False,0.6678,0.47,24
8,coord_scan,honest,0.5166666666666666,0.0166666666666666,False,0.4422,0.497,24
8,coord_scan,honest,0.5196969696969698,0.0196969696969697,False,0.571,0.4489999999999999,22
8,coord_scan,honest,0.5227272727272727,0.0227272727272727,False,0.2706,0.4679999999999999,23
8,coord_scan,honest,0.5257575757575758,0.0257575757575757,False,0.4884,0.4449999999999999,24
8,coord_scan,honest,0.5287878787878788,0.0287878787878788,False,0.53,0.4409999999999999,24
8,coord_scan,honest,0.5318181818181819,0.0318181818181818,False,0.7878,0.409,23
8,coord_scan,honest,0.5348484848484849,0.0348484848484849,False,0.637,0.435,24
8,coord_scan,honest,0.5378787878787878,0.0378787878787878,False,0.5368,0.427,24
8,coord_scan,honest,0.5409090909090909,0.0409090909090908,False,0.8096,0.412,23
8,coord_scan,honest,0.543939393939394,0.0439393939393939,False,0.6588,0.394,23
8,coord_scan,honest,0.546969696969697,0.0469696969696969,False,0.7852,0.435,23
8,coord_scan,honest,0.55,0.05,False,0.5126,0.391,24
8,coord_scan,honest,0.553030303030303,0.0530303030303029,False,0.7086,0.392,24
8,coord_scan,honest,0.556060606060606,0.056060606060606,False,0.471,0.391,22
8,coord_scan,honest,0.5590909090909091,0.059090909090909,False,0.8832,0.367,24
8,coord_scan,honest,0.5621212121212121,0.0621212121212121,False,0.8242,0.379,23
8,coord_scan,honest,0.5651515151515152,0.0651515151515151,False,0.6732,0.353,24
8,coord_scan,honest,0.5681818181818181,0.0681818181818181,False,0.588,0.3399999999999999,22
8,coord_scan,honest,0.5712121212121213,0.0712121212121212,False,0.4906,0.355,24
8,coord_scan,honest,0.5742424242424242,0.0742424242424242,False,0.5148,0.3339999999999999,24
8,coord_scan,honest,0.5772727272727273,0.0772727272727272,False,0.256,0.3419999999999999,24
8,coord_scan,honest,0.5803030303030303,0.0803030303030303,False,0.7074,0.3269999999999999,24
8,coord_scan,honest,0.5833333333333334,0.0833333333333333,False,0.7054,0.345,23
8,coord_scan,honest,0.5863636363636364,0.0863636363636364,False,0.6302,0.347,23
8,coord_scan,honest,0.5893939393939394,0.0893939393939393,False,0.1134,0.3349999999999999,24
8,coord_scan,honest,0.5924242424242424,0.0924242424242424,False,0.8894,0.297,24
8,coord_scan,honest,0.5954545454545455,0.0954545454545454,False,0.6274,0.3129999999999999,24
8,coord_scan,honest,0.5984848484848485,0.0984848484848485,False,0.6506,0.3309999999999999,23
8,coord_scan,honest,0.6015151515151516,0.1015151515151515,False,0.8654,0.294,23
8,coord_scan,honest,0.6045454545454545,0.1045454545454545,False,0.5542,0.307,24
8,coord_scan,honest,0.6075757575757577,0.1075757575757576,False,0.6582,0.303,24
8,coord_scan,honest,0.6106060606060606,0.1106060606060606,False,0.6614,0.276,23
8,coord_scan,honest,0.6136363636363636,0.1136363636363636,False,0.403,0.285,24
8,coord_scan,honest,0.6166666666666667,0.1166666666666667,False,0.8608,0.261,22
8,coord_scan,honest,0.6196969696969696,0.1196969696969696,False,0.633,0.256,22
8,coord_scan,honest,0.6227272727272728,0.1227272727272728,False,0.3914,0.26,24
8,coord_scan,honest,0.6257575757575757,0.1257575757575757,False,0.6686,0.261,24
8,coord_scan,honest,0.6287878787878788,0.1287878787878787,False,0.2952,0.267,21
8,coord_scan,honest,0.6318181818181818,0.1318181818181818,False,0.3994,0.259,24
8,coord_scan,honest,0.6348484848484849,0.1348484848484848,False,0.4772,0.251,23
8,coord_scan,honest,0.6378787878787879,0.1378787878787879,False,0.464,0.257,23
8,coord_scan,honest,0.6409090909090909,0.1409090909090908,False,0.5712,0.258,24
8,coord_scan,honest,0.643939393939394,0.143939393939394,False,0.5606,0.2329999999999999,22
8,coord_scan,honest,0.646969696969697,0.1469696969696969,False,0.7246,0.2309999999999999,24
8,coord_scan,honest,0.65,0.15,False,0.7216,0.2229999999999999,24
16,iso_total,gated,0.35,0.15,False,0.9384,0.001,3
16,iso_total,gated,0.353030303030303,0.1469696969696969,False,0.7652,0.0,3
16,iso_total,gated,0.356060606060606,0.1439393939393939,False,0.945,0.003,3
16,iso_total,gated,0.359090909090909,0.1409090909090909,False,0.9456,0.003,3
16,iso_total,gated,0.3621212121212121,0.1378787878787878,False,0.9998,0.005,3
16,iso_total,gated,0.3651515151515151,0.1348484848484848,False,0.9028,0.006,3
16,iso_total,gated,0.3681818181818181,0.1318181818181818,False,0.936,0.008,3
16,iso_total,gated,0.3712121212121212,0.1287878787878787,False,0.8712,0.005,3
16,iso_total,gated,0.3742424242424242,0.1257575757575758,False,0.988,0.006,3
16,iso_total,gated,0.3772727272727272,0.1227272727272727,False,0.9802,0.01,3
16,iso_total,gated,0.3803030303030303,0.1196969696969696,False,0.9946,0.011,3
16,iso_total,gated,0.3833333333333333,0.1166666666666667,False,0.6246,0.008,3
16,iso_total,gated,0.3863636363636363,0.1136363636363636,False,0.8316,0.016,3
16,iso_total,gated,0.3893939393939394,0.1106060606060606,False,0.9868,0.01,3
16,iso_total,gated,0.3924242424242424,0.1075757575757576,False,0.9974,0.017,2
16,iso_total,gated,0.3954545454545454,0.1045454545454545,False,0.9356,0.023,3
16,iso_total,gated,0.3984848484848484,0.1015151515151515,False,0.6054,0.015,3
16,iso_total,gated,0.4015151515151515,0.0984848484848485,False,0.8344,0.023,3
16,iso_total,gated,0.4045454545454545,0.0954545454545454,False,0.9902,0.031,3
16,iso_total,gated,0.4075757575757576,0.0924242424242424,False,0.972,0.03,3
16,iso_total,gated,0.4106060606060606,0.0893939393939394,False,0.6758,0.043,3
16,iso_total,gated,0.4136363636363636,0.0863636363636363,False,0.901,0.035,3
16,iso_total,gated,0.4166666666666666,0.0833333333333333,False,0.7246,0.043,3
16,iso_total,gated,0.4196969696969697,0.0803030303030303,False,0.2026,0.058,3
16,iso_total,gated,0.4227272727272727,0.0772727272727272,False,0.2604,0.057,3
16,iso_total,gated,0.4257575757575758,0.0742424242424242,False,0.1356,0.067,3
16,iso_total,gated,0.4287878787878788,0.0712121212121212,False,0.0238,0.083,3
16,iso_total,gated,0.4318181818181818,0.0681818181818181,True,0.0038,0.091,3
16,iso_total,gated,0.4348484848484848,0.0651515151515151,True,0.0022,0.086,3
16,iso_total,gated,0.4378787878787878,0.0621212121212121,True,0.0002,0.121,3
16,iso_total,gated,0.4409090909090909,0.059090909090909,True,0.0002,0.115,3
16,iso_total,gated,0.4439393939393939,0.056060606060606,True,0.0002,0.131,3
16,iso_total,gated,0.4469696969696969,0.053030303030303,True,0.0002,0.149,3
16,iso_total,gated,0.45,0.0499999999999999,True,0.0002,0.15,3
16,iso_total,gated,0.453030303030303,0.0469696969696969,True,0.0002,0.169,3
16,iso_total,gated,0.456060606060606,0.0439393939393939,True,0.0002,0.196,3
16,iso_total,gated,0.4590909090909091,0.0409090909090908,True,0.0002,0.207,3
16,iso_total,gated,0.4621212121212121,0.0378787878787879,True,0.0002,0.197,3
16,iso_total,gated,0.4651515151515151,0.0348484848484848,True,0.0002,0.246,3
16,iso_total,gated,0.4681818181818181,0.0318181818181818,True,0.0002,0.264,3
16,iso_total,gated,0.4712121212121212,0.0287878787878788,True,0.0002,0.261,3
16,iso_total,gated,0.4742424242424242,0.0257575757575757,True,0.0002,0.314,3
16,iso_total,gated,0.4772727272727273,0.0227272727272727,True,0.0002,0.322,3
16,iso_total,gated,0.4803030303030303,0.0196969696969697,True,0.0002,0.341,3
16,iso_total,gated,0.4833333333333333,0.0166666666666666,True,0.0002,0.395,3
16,iso_total,gated,0.4863636363636363,0.0136363636363636,True,0.0002,0.392,3
16,iso_total,gated,0.4893939393939394,0.0106060606060606,True,0.0002,0.408,3
16,iso_total,gated,0.4924242424242424,0.0075757575757575,True,0.0002,0.429,3
16,iso_total,gated,0.4954545454545455,0.0045454545454545,True,0.0002,0.453,3
16,iso_total,gated,0.4984848484848485,0.0015151515151515,True,0.0002,0.494,3
16,iso_total,gated,0.5015151515151515,0.0015151515151514,True,0.0002,0.488,3
16,iso_total,gated,0.5045454545454545,0.0045454545454545,True,0.0002,0.4459999999999999,3
16,iso_total,gated,0.5075757575757576,0.0075757575757575,True,0.0002,0.4409999999999999,3
16,iso_total,gated,0.5106060606060606,0.0106060606060606,True,0.0002,0.368,3
16,iso_total,gated,0.5136363636363637,0.0136363636363636,True,0.0002,0.398,3
16,iso_total,gated,0.5166666666666666,0.0166666666666666,True,0.0002,0.372,3
16,iso_total,gated,0.5196969696969698,0.0196969696969697,True,0.0002,0.345,3
16,iso_total,gated,0.5227272727272727,0.0227272727272727,True,0.0002,0.312,3
16,iso_total,gated,0.5257575757575758,0.0257575757575757,True,0.0002,0.295,3
16,iso_total,gated,0.5287878787878788,0.0287878787878788,True,0.0002,0.279,3
16,iso_total,gated,0.5318181818181819,0.0318181818181818,True,0.0002,0.279,3
16,iso_total,gated,0.5348484848484849,0.0348484848484849,True,0.0002,0.253,3
16,iso_total,gated,0.5378787878787878,0.0378787878787878,True,0.0002,0.2129999999999999,3
16,iso_total,gated,0.5409090909090909,0.0409090909090908,True,0.0002,0.2129999999999999,3
16,iso_total,gated,0.543939393939394,0.0439393939393939,True,0.0002,0.186,2
16,iso_total,gated,0.546969696969697,0.0469696969696969,True,0.0002,0.1999999999999999,3
16,iso_total,gated,0.55,0.05,True,0.0002,0.161,3
16,iso_total,gated,0.553030303030303,0.0530303030303029,True,0.0002,0.132,3
16,iso_total,gated,0.556060606060606,0.056060606060606,True,0.0002,0.136,3
16,iso_total,gated,0.5590909090909091,0.059090909090909,True,0.0002,0.1109999999999999,3
16,iso_total,gated,0.5621212121212121,0.0621212121212121,True,0.0004,0.1019999999999999,3
16,iso_total,gated,0.5651515151515152,0.0651515151515151,True,0.0004,0.0939999999999999,3
16,iso_total,gated,0.5681818181818181,0.0681818181818181,True,0.0004,0.0879999999999999,3
16,iso_total,gated,0.5712121212121213,0.0712121212121212,True,0.0106,0.0769999999999999,3
16,iso_total,gated,0.5742424242424242,0.0742424242424242,True,0.0158,0.0809999999999999,3
16,iso_total,gated,0.5772727272727273,0.0772727272727272,False,0.4308,0.056,3
16,iso_total,gated,0.5803030303030303,0.0803030303030303,False,0.1556,0.059,3
16,iso_total,gated,0.5833333333333334,0.0833333333333333,False,0.1692,0.052,3
16,iso_total,gated,0.5863636363636364,0.0863636363636364,False,0.382,0.05,3
16,iso_total,gated,0.5893939393939394,0.0893939393939393,False,0.7838,0.032,3
16,iso_total,gated,0.5924242424242424,0.0924242424242424,False,0.8996,0.036,3
16,iso_total,gated,0.5954545454545455,0.0954545454545454,False,0.7898,0.035,3
16,iso_total,gated,0.5984848484848485,0.0984848484848485,False,0.9864,0.019,3
16,iso_total,gated,0.6015151515151516,0.1015151515151515,False,0.885,0.023,3
16,iso_total,gated,0.6045454545454545,0.1045454545454545,False,0.9834,0.021,3
16,iso_total,gated,0.6075757575757577,0.1075757575757576,False,0.9424,0.018,3
16,iso_total,gated,0.6106060606060606,0.1106060606060606,False,0.755,0.009,3
16,iso_total,gated,0.6136363636363636,0.1136363636363636,False,0.9742,0.012,3
16,iso_total,gated,0.6166666666666667,0.1166666666666667,False,0.8106,0.007,3
16,iso_total,gated,0.6196969696969696,0.1196969696969696,False,0.9712,0.011,3
16,iso_total,gated,0.6227272727272728,0.1227272727272728,False,0.2952,0.005,3
16,iso_total,gated,0.6257575757575757,0.1257575757575757,False,0.9898,0.006,3
16,iso_total,gated,0.6287878787878788,0.1287878787878787,False,0.901,0.009,3
16,iso_total,gated,0.6318181818181818,0.1318181818181818,False,0.982,0.004,3
16,iso_total,gated,0.6348484848484849,0.1348484848484848,False,0.9722,0.003,3
16,iso_total,gated,0.6378787878787879,0.1378787878787879,False,0.723,0.001,3
16,iso_total,gated,0.6409090909090909,0.1409090909090908,False,0.7454,0.001,3
16,iso_total,gated,0.643939393939394,0.143939393939394,False,0.9258,0.004,3
16,iso_total,gated,0.646969696969697,0.1469696969696969,False,0.8988,0.001,3
16,iso_total,gated,0.65,0.15,False,0.7462,0.002,3
16,iso_total,honest,0.35,0.15,False,0.9996,0.001,3
16,iso_total,honest,0.353030303030303,0.1469696969696969,False,0.845,0.002,3
16,iso_total,honest,0.356060606060606,0.1439393939393939,False,0.9648,0.001,3
16,iso_total,honest,0.359090909090909,0.1409090909090909,False,0.913,0.002,3
16,iso_total,honest,0.3621212121212121,0.1378787878787878,False,0.966,0.002,3
16,iso_total,honest,0.3651515151515151,0.1348484848484848,False,0.8984,0.007,2
16,iso_total,honest,0.3681818181818181,0.1318181818181818,False,0.7786,0.01,3
16,iso_total,honest,0.3712121212121212,0.1287878787878787,False,0.988,0.005,3
16,iso_total,honest,0.3742424242424242,0.1257575757575758,False,0.907,0.007,3
16,iso_total,honest,0.3772727272727272,0.1227272727272727,False,0.8922,0.016,3
16,iso_total,honest,0.3803030303030303,0.1196969696969696,False,0.9806,0.008,3
16,iso_total,honest,0.3833333333333333,0.1166666666666667,False,0.987,0.004,3
16,iso_total,honest,0.3863636363636363,0.1136363636363636,False,0.9922,0.008,3
16,iso_total,honest,0.3893939393939394,0.1106060606060606,False,0.8142,0.005,3
16,iso_total,honest,0.3924242424242424,0.1075757575757576,False,0.985,0.019,3
16,iso_total,honest,0.3954545454545454,0.1045454545454545,False,0.9584,0.031,3
16,iso_total,honest,0.3984848484848484,0.1015151515151515,False,0.9156,0.017,3
16,iso_total,honest,0.4015151515151515,0.0984848484848485,False,0.9962,0.023,3
16,iso_total,honest,0.4045454545454545,0.0954545454545454,False,0.7342,0.038,3
16,iso_total,honest,0.4075757575757576,0.0924242424242424,False,0.962,0.025,3
16,iso_total,honest,0.4106060606060606,0.0893939393939394,False,0.8248,0.04,3
16,iso_total,honest,0.4136363636363636,0.0863636363636363,False,0.9802,0.043,3
16,iso_total,honest,0.4166666666666666,0.0833333333333333,False,0.9986,0.047,3
16,iso_total,honest,0.4196969696969697,0.0803030303030303,False,0.807,0.061,3
16,iso_total,honest,0.4227272727272727,0.0772727272727272,False,0.9938,0.077,3
16,iso_total,honest,0.4257575757575758,0.0742424242424242,False,0.9936,0.077,3
16,iso_total,honest,0.4287878787878788,0.0712121212121212,False,0.9332,0.088,3
16,iso_total,honest,0.4318181818181818,0.0681818181818181,False,0.9608,0.084,3
16,iso_total,honest,0.4348484848484848,0.0651515151515151,False,0.8522,0.102,3
16,iso_total,honest,0.4378787878787878,0.0621212121212121,False,0.9624,0.102,2
16,iso_total,honest,0.4409090909090909,0.059090909090909,False,0.916,0.115,3
16,iso_total,honest,0.4439393939393939,0.056060606060606,False,0.985,0.136,3
16,iso_total,honest,0.4469696969696969,0.053030303030303,False,0.8646,0.164,3
16,iso_total,honest,0.45,0.0499999999999999,False,0.9858,0.148,3
16,iso_total,honest,0.453030303030303,0.0469696969696969,False,0.758,0.168,3
16,iso_total,honest,0.456060606060606,0.0439393939393939,False,0.9902,0.189,3
16,iso_total,honest,0.4590909090909091,0.0409090909090908,False,0.6232,0.203,3
16,iso_total,honest,0.4621212121212121,0.0378787878787879,False,0.6492,0.216,3
16,iso_total,honest,0.4651515151515151,0.0348484848484848,False,0.9974,0.256,3
16,iso_total,honest,0.4681818181818181,0.0318181818181818,False,0.3472,0.264,3
16,iso_total,honest,0.4712121212121212,0.0287878787878788,False,0.7624,0.281,3
16,iso_total,honest,0.4742424242424242,0.0257575757575757,False,0.9424,0.292,3
16,iso_total,honest,0.4772727272727273,0.0227272727272727,False,0.9024,0.34,3
16,iso_total,honest,0.4803030303030303,0.0196969696969697,False,0.7522,0.364,3
16,iso_total,honest,0.4833333333333333,0.0166666666666666,False,0.9058,0.366,3
16,iso_total,honest,0.4863636363636363,0.0136363636363636,False,0.968,0.422,3
16,iso_total,honest,0.4893939393939394,0.0106060606060606,False,0.968,0.419,3
16,iso_total,honest,0.4924242424242424,0.0075757575757575,False,0.987,0.427,3
16,iso_total,honest,0.4954545454545455,0.0045454545454545,False,0.9402,0.481,3
16,iso_total,honest,0.4984848484848485,0.0015151515151515,False,0.885,0.499,3
16,iso_total,honest,0.5015151515151515,0.0015151515151514,False,0.4596,0.479,3
16,iso_total,honest,0.5045454545454545,0.0045454545454545,False,0.9694,0.469,3
16,iso_total,honest,0.5075757575757576,0.0075757575757575,False,0.7948,0.4459999999999999,3
16,iso_total,honest,0.5106060606060606,0.0106060606060606,False,0.982,0.416,3
16,iso_total,honest,0.5136363636363637,0.0136363636363636,False,0.2196,0.38,3
16,iso_total,honest,0.5166666666666666,0.0166666666666666,False,0.9614,0.378,3
16,iso_total,honest,0.5196969696969698,0.0196969696969697,False,0.9494,0.3399999999999999,3
16,iso_total,honest,0.5227272727272727,0.0227272727272727,False,0.96,0.31,3
16,iso_total,honest,0.5257575757575758,0.0257575757575757,False,0.8326,0.291,3
16,iso_total,honest,0.5287878787878788,0.0287878787878788,False,0.9614,0.289,3
16,iso_total,honest,0.5318181818181819,0.0318181818181818,False,0.7264,0.246,3
16,iso_total,honest,0.5348484848484849,0.0348484848484849,False,0.9204,0.2289999999999999,3
16,iso_total,honest,0.5378787878787878,0.0378787878787878,False,0.9498,0.2169999999999999,3
16,iso_total,honest,0.5409090909090909,0.0409090909090908,False,0.8164,0.1929999999999999,3
16,iso_total,honest,0.543939393939394,0.0439393939393939,False,0.9542,0.172,3
16,iso_total,honest,0.546969696969697,0.0469696969696969,False,0.877,0.173,3
16,iso_total,honest,0.55,0.05,False,0.897,0.166,2
16,iso_total,honest,0.553030303030303,0.0530303030303029,False,0.972,0.136,3
16,iso_total,honest,0.556060606060606,0.056060606060606,False,0.9722,0.123,3
16,iso_total,honest,0.5590909090909091,0.059090909090909,False,0.6402,0.1019999999999999,3
16,iso_total,honest,0.5621212121212121,0.0621212121212121,False,0.9762,0.1069999999999999,2
16,iso_total,honest,0.5651515151515152,0.0651515151515151,False,0.9428,0.1019999999999999,3
16,iso_total,honest,0.5681818181818181,0.0681818181818181,False,0.6132,0.0879999999999999,3
16,iso_total,honest,0.5712121212121213,0.0712121212121212,False,0.6932,0.0769999999999999,3
16,iso_total,honest,0.5742424242424242,0.0742424242424242,False,0.988,0.0659999999999999,3
16,iso_total,honest,0.5772727272727273,0.0772727272727272,False,0.8506,0.06,3
16,iso_total,honest,0.5803030303030303,0.0803030303030303,False,0.5892,0.05,3
16,iso_total,honest,0.5833333333333334,0.0833333333333333,False,0.4198,0.057,3
16,iso_total,honest,0.5863636363636364,0.0863636363636364,False,0.9902,0.046,2
16,iso_total,honest,0.5893939393939394,0.0893939393939393,False,0.868,0.037,2
16,iso_total,honest,0.5924242424242424,0.0924242424242424,False,0.8966,0.019,3
16,iso_total,honest,0.5954545454545455,0.0954545454545454,False,0.987,0.03,3
16,iso_total,honest,0.5984848484848485,0.0984848484848485,False,0.9902,0.024,3
16,iso_total,honest,0.6015151515151516,0.1015151515151515,False,0.8632,0.014,3
16,iso_total,honest,0.6045454545454545,0.1045454545454545,False,0.5754,0.013,3
16,iso_total,honest,0.6075757575757577,0.1075757575757576,False,0.8766,0.018,3
16,iso_total,honest,0.6106060606060606,0.1106060606060606,False,0.5598,0.011,2
16,iso_total,honest,0.6136363636363636,0.1136363636363636,False,0.867,0.011,3
16,iso_total,honest,0.6166666666666667,0.1166666666666667,False,0.9994,0.009,3
16,iso_total,honest,0.6196969696969696,0.1196969696969696,False,0.9226,0.006,3
16,iso_total,honest,0.6227272727272728,0.1227272727272728,False,0.958,0.006,3
16,iso_total,honest,0.6257575757575757,0.1257575757575757,False,0.6012,0.005,3
16,iso_total,honest,0.6287878787878788,0.1287878787878787,False,0.877,0.004,2
16,iso_total,honest,0.6318181818181818,0.1318181818181818,False,0.8078,0.004,3
16,iso_total,honest,0.6348484848484849,0.1348484848484848,False,0.811,0.002,3
16,iso_total,honest,0.6378787878787879,0.1378787878787879,False,0.998,0.004,3
16,iso_total,honest,0.6409090909090909,0.1409090909090908,False,0.912,0.003,3
16,iso_total,honest,0.643939393939394,0.143939393939394,False,0.5294,0.001,3
16,iso_total,honest,0.646969696969697,0.1469696969696969,False,0.8484,0.001,3
16,iso_total,honest,0.65,0.15,False,0.9066,0.001,3
16,iso_coord,gated,0.35,0.15,False,0.9794,0.252,3
16,iso_coord,gated,0.353030303030303,0.1469696969696969,False,0.9506,0.236,3
16,iso_coord,gated,0.356060606060606,0.1439393939393939,False,0.7518,0.245,3
16,iso_coord,gated,0.359090909090909,0.1409090909090909,False,0.9952,0.228,3
16,iso_coord,gated,0.3621212121212121,0.1378787878787878,False,0.9974,0.253,3
16,iso_coord,gated,0.3651515151515151,0.1348484848484848,False,0.969,0.297,3
16,iso_coord,gated,0.3681818181818181,0.1318181818181818,False,0.957,0.244,3
16,iso_coord,gated,0.3712121212121212,0.1287878787878787,False,0.628,0.279,3
16,iso_coord,gated,0.3742424242424242,0.1257575757575758,False,0.85,0.256,3
16,iso_coord,gated,0.3772727272727272,0.1227272727272727,False,0.6478,0.28,3
16,iso_coord,gated,0.3803030303030303,0.1196969696969696,False,0.7584,0.262,3
16,iso_coord,gated,0.3833333333333333,0.1166666666666667,False,0.844,0.265,3
16,iso_coord,gated,0.3863636363636363,0.1136363636363636,False,0.9248,0.291,3
16,iso_coord,gated,0.3893939393939394,0.1106060606060606,False,0.447,0.28,3
16,iso_coord,gated,0.3924242424242424,0.1075757575757576,False,0.6038,0.288,3
16,iso_coord,gated,0.3954545454545454,0.1045454545454545,False,0.9554,0.302,3
16,iso_coord,gated,0.3984848484848484,0.1015151515151515,False,0.496,0.316,3
16,iso_coord,gated,0.4015151515151515,0.0984848484848485,False,0.1436,0.291,3
16,iso_coord,gated,0.4045454545454545,0.0954545454545454,False,0.2166,0.324,3
16,iso_coord,gated,0.4075757575757576,0.0924242424242424,False,0.0316,0.348,3
16,iso_coord,gated,0.4106060606060606,0.0893939393939394,False,0.0356,0.349,3
16,iso_coord,gated,0.4136363636363636,0.0863636363636363,False,0.135,0.326,3
16,iso_coord,gated,0.4166666666666666,0.0833333333333333,False,0.0214,0.327,3
16,iso_coord,gated,0.4196969696969697,0.0803030303030303,False,0.0778,0.335,3
16,iso_coord,gated,0.4227272727272727,0.0772727272727272,True,0.0046,0.379,3
16,iso_coord,gated,0.4257575757575758,0.0742424242424242,True,0.0014,0.38,3
16,iso_coord,gated,0.4287878787878788,0.0712121212121212,True,0.0004,0.371,3
16,iso_coord,gated,0.4318181818181818,0.0681818181818181,True,0.001,0.36,3
16,iso_coord,gated,0.4348484848484848,0.0651515151515151,True,0.0008,0.376,3
16,iso_coord,gated,0.4378787878787878,0.0621212121212121,True,0.0004,0.365,3
16,iso_coord,gated,0.4409090909090909,0.059090909090909,True,0.0002,0.392,3
16,iso_coord,gated,0.4439393939393939,0.056060606060606,True,0.0002,0.352,3
16,iso_coord,gated,0.4469696969696969,0.053030303030303,True,0.0002,0.379,3
16,iso_coord,gated,0.45,0.0499999999999999,True,0.0002,0.387,3
16,iso_coord,gated,0.453030303030303,0.0469696969696969,True,0.0002,0.433,3
16,iso_coord,gated,0.456060606060606,0.0439393939393939,True,0.0002,0.411,3
16,iso_coord,gated,0.4590909090909091,0.0409090909090908,True,0.0002,0.405,3
16,iso_coord,gated,0.4621212121212121,0.0378787878787879,True,0.0002,0.423,3
16,iso_coord,gated,0.4651515151515151,0.0348484848484848,True,0.0002,0.463,3
16,iso_coord,gated,0.4681818181818181,0.0318181818181818,True,0.0002,0.439,3
16,iso_coord,gated,0.4712121212121212,0.0287878787878788,True,0.0002,0.384,3
16,iso_coord,gated,0.4742424242424242,0.0257575757575757,True,0.0002,0.441,3
16,iso_coord,gated,0.4772727272727273,0.0227272727272727,True,0.0002,0.453,3
16,iso_coord,gated,0.4803030303030303,0.0196969696969697,True,0.0002,0.48,3
16,iso_coord,gated,0.4833333333333333,0.0166666666666666,True,0.0002,0.444,3
16,iso_coord,gated,0.4863636363636363,0.0136363636363636,True,0.0002,0.447,3
16,iso_coord,gated,0.4893939393939394,0.0106060606060606,True,0.0002,0.49,3
16,iso_coord,gated,0.4924242424242424,0.0075757575757575,True,0.0002,0.488,3
16,iso_coord,gated,0.4954545454545455,0.0045454545454545,True,0.0002,0.495,3
16,iso_coord,gated,0.4984848484848485,0.0015151515151515,True,0.0002,0.495,3
16,iso_coord,gated,0.5015151515151515,0.0015151515151514,True,0.0002,0.499,3
16,iso_coord,gated,0.5045454545454545,0.0045454545454545,True,0.0002,0.499,3
16,iso_coord,gated,0.5075757575757576,0.0075757575757575,True,0.0002,0.491,3
16,iso_coord,gated,0.5106060606060606,0.0106060606060606,True,0.0002,0.489,3
16,iso_coord,gated,0.5136363636363637,0.0136363636363636,True,0.0002,0.4639999999999999,3
16,iso_coord,gated,0.5166666666666666,0.0166666666666666,True,0.0002,0.478,3
16,iso_coord,gated,0.5196969696969698,0.0196969696969697,True,0.0002,0.4419999999999999,3
16,iso_coord,gated,0.5227272727272727,0.0227272727272727,True,0.0002,0.4609999999999999,3
16,iso_coord,gated,0.5257575757575758,0.0257575757575757,True,0.0002,0.486,3
16,iso_coord,gated,0.5287878787878788,0.0287878787878788,True,0.0002,0.4529999999999999,3
16,iso_coord,gated,0.5318181818181819,0.0318181818181818,True,0.0002,0.4449999999999999,3
16,iso_coord,gated,0.5348484848484849,0.0348484848484849,True,0.0002,0.4589999999999999,3
16,iso_coord,gated,0.5378787878787878,0.0378787878787878,True,0.0002,0.4469999999999999,3
16,iso_coord,gated,0.5409090909090909,0.0409090909090908,True,0.0002,0.412,3
16,iso_coord,gated,0.543939393939394,0.0439393939393939,True,0.0002,0.411,3
16,iso_coord,gated,0.546969696969697,0.0469696969696969,True,0.0002,0.421,3
16,iso_coord,gated,0.55,0.05,True,0.0002,0.423,3
16,iso_coord,gated,0.553030303030303,0.0530303030303029,True,0.0002,0.405,3
16,iso_coord,gated,0.556060606060606,0.056060606060606,True,0.0002,0.404,3
16,iso_coord,gated,0.5590909090909091,0.059090909090909,True,0.0002,0.397,3
16,iso_coord,gated,0.5621212121212121,0.0621212121212121,True,0.0004,0.373,3
16,iso_coord,gated,0.5651515151515152,0.0651515151515151,True,0.0004,0.35,3
16,iso_coord,gated,0.5681818181818181,0.0681818181818181,True,0.0002,0.367,3
16,iso_coord,gated,0.5712121212121213,0.0712121212121212,True,0.0002,0.363,3
16,iso_coord,gated,0.5742424242424242,0.0742424242424242,False,0.0168,0.358,3
16,iso_coord,gated,0.5772727272727273,0.0772727272727272,False,0.0732,0.355,3
16,iso_coord,gated,0.5803030303030303,0.0803030303030303,True,0.0004,0.344,3
16,iso_coord,gated,0.5833333333333334,0.0833333333333333,True,0.0006,0.3349999999999999,3
16,iso_coord,gated,0.5863636363636364,0.0863636363636364,True,0.0004,0.3289999999999999,3
16,iso_coord,gated,0.5893939393939394,0.0893939393939393,True,0.001,0.3179999999999999,3
16,iso_coord,gated,0.5924242424242424,0.0924242424242424,False,0.1942,0.312,3
16,iso_coord,gated,0.5954545454545455,0.0954545454545454,True,0.0148,0.3309999999999999,3
16,iso_coord,gated,0.5984848484848485,0.0984848484848485,False,0.1442,0.3289999999999999,3
16,iso_coord,gated,0.6015151515151516,0.1015151515151515,False,0.3784,0.307,3
16,iso_coord,gated,0.6045454545454545,0.1045454545454545,False,0.924,0.306,3
16,iso_coord,gated,0.6075757575757577,0.1075757575757576,False,0.9128,0.312,3
16,iso_coord,gated,0.6106060606060606,0.1106060606060606,False,0.96,0.303,3
16,iso_coord,gated,0.6136363636363636,0.1136363636363636,False,0.6572,0.27,3
16,iso_coord,gated,0.6166666666666667,0.1166666666666667,False,0.3328,0.279,3
16,iso_coord,gated,0.6196969696969696,0.1196969696969696,False,0.857,0.28,3
16,iso_coord,gated,0.6227272727272728,0.1227272727272728,False,0.7478,0.257,3
16,iso_coord,gated,0.6257575757575757,0.1257575757575757,False,0.757,0.25,3
16,iso_coord,gated,0.6287878787878788,0.1287878787878787,False,0.7742,0.244,3
16,iso_coord,gated,0.6318181818181818,0.1318181818181818,False,0.8718,0.258,3
16,iso_coord,gated,0.6348484848484849,0.1348484848484848,False,0.9156,0.269,3
16,iso_coord,gated,0.6378787878787879,0.1378787878787879,False,0.7348,0.2339999999999999,3
16,iso_coord,gated,0.6409090909090909,0.1409090909090908,False,0.8746,0.261,3
16,iso_coord,gated,0.643939393939394,0.143939393939394,False,0.9248,0.236,3
16,iso_coord,gated,0.646969696969697,0.1469696969696969,False,0.9796,0.252,3
16,iso_coord,gated,0.65,0.15,False,0.9278,0.2029999999999999,3
16,iso_coord,honest,0.35,0.15,False,0.7726,0.244,3
16,iso_coord,honest,0.353030303030303,0.1469696969696969,False,0.7458,0.223,3
16,iso_coord,honest,0.356060606060606,0.1439393939393939,False,0.7264,0.237,3
16,iso_coord,honest,0.359090909090909,0.1409090909090909,False,0.7474,0.24,3
16,iso_coord,honest,0.3621212121212121,0.1378787878787878,False,0.8564,0.242,3
16,iso_coord,honest,0.3651515151515151,0.1348484848484848,False,0.8956,0.237,3
16,iso_coord,honest,0.3681818181818181,0.1318181818181818,False,0.887,0.238,3
16,iso_coord,honest,0.3712121212121212,0.1287878787878787,False,0.5918,0.262,3
16,iso_coord,honest,0.3742424242424242,0.1257575757575758,False,0.9738,0.27,3
16,iso_coord,honest,0.3772727272727272,0.1227272727272727,False,0.5098,0.267,3
16,iso_coord,honest,0.3803030303030303,0.1196969696969696,False,0.993,0.262,3
16,iso_coord,honest,0.3833333333333333,0.1166666666666667,False,0.7664,0.264,3
16,iso_coord,honest,0.3863636363636363,0.1136363636363636,False,0.994,0.296,3
16,iso_coord,honest,0.3893939393939394,0.1106060606060606,False,0.991,0.274,3
16,iso_coord,honest,0.3924242424242424,0.1075757575757576,False,0.9824,0.307,3
16,iso_coord,honest,0.3954545454545454,0.1045454545454545,False,0.9994,0.296,3
16,iso_coord,honest,0.3984848484848484,0.1015151515151515,False,0.8932,0.342,3
16,iso_coord,honest,0.4015151515151515,0.0984848484848485,False,0.7004,0.325,3
16,iso_coord,honest,0.4045454545454545,0.0954545454545454,False,0.9596,0.315,3
16,iso_coord,honest,0.4075757575757576,0.0924242424242424,False,0.9102,0.318,3
16,iso_coord,honest,0.4106060606060606,0.0893939393939394,False,0.7758,0.3,3
16,iso_coord,honest,0.4136363636363636,0.0863636363636363,False,0.7882,0.317,3
16,iso_coord,honest,0.4166666666666666,0.0833333333333333,False,0.9284,0.341,3
16,iso_coord,honest,0.4196969696969697,0.0803030303030303,False,0.9856,0.315,3
16,iso_coord,honest,0.4227272727272727,0.0772727272727272,False,0.9934,0.347,3
16,iso_coord,honest,0.4257575757575758,0.0742424242424242,False,0.5816,0.358,3
16,iso_coord,honest,0.4287878787878788,0.0712121212121212,False,0.5554,0.359,3
16,iso_coord,honest,0.4318181818181818,0.0681818181818181,False,0.487,0.363,3
16,iso_coord,honest,0.4348484848484848,0.0651515151515151,False,0.919,0.369,3
16,iso_coord,honest,0.4378787878787878,0.0621212121212121,False,0.77,0.377,3
16,iso_coord,honest,0.4409090909090909,0.059090909090909,False,0.968,0.397,3
16,iso_coord,honest,0.4439393939393939,0.056060606060606,False,0.6988,0.388,3
16,iso_coord,honest,0.4469696969696969,0.053030303030303,False,0.7808,0.42,3
16,iso_coord,honest,0.45,0.0499999999999999,False,0.918,0.399,3
16,iso_coord,honest,0.453030303030303,0.0469696969696969,False,0.8598,0.426,3
16,iso_coord,honest,0.456060606060606,0.0439393939393939,False,0.9384,0.386,3
16,iso_coord,honest,0.4590909090909091,0.0409090909090908,False,0.9696,0.42,3
16,iso_coord,honest,0.4621212121212121,0.0378787878787879,False,0.917,0.417,3
16,iso_coord,honest,0.4651515151515151,0.0348484848484848,False,0.9002,0.431,3
16,iso_coord,honest,0.4681818181818181,0.0318181818181818,False,0.463,0.459,3
16,iso_coord,honest,0.4712121212121212,0.0287878787878788,False,0.943,0.422,3
16,iso_coord,honest,0.4742424242424242,0.0257575757575757,False,0.946,0.476,3
16,iso_coord,honest,0.4772727272727273,0.0227272727272727,False,0.8106,0.455,3
16,iso_coord,honest,0.4803030303030303,0.0196969696969697,False,0.8302,0.491,3
16,iso_coord,honest,0.4833333333333333,0.0166666666666666,False,0.9916,0.489,3
16,iso_coord,honest,0.4863636363636363,0.0136363636363636,False,0.91,0.455,3
16,iso_coord,honest,0.4893939393939394,0.0106060606060606,False,0.8922,0.482,3
16,iso_coord,honest,0.4924242424242424,0.0075757575757575,False,0.9712,0.474,3
16,iso_coord,honest,0.4954545454545455,0.0045454545454545,False,0.7998,0.486,3
16,iso_coord,honest,0.4984848484848485,0.0015151515151515,False,0.9374,0.489,3
16,iso_coord,honest,0.5015151515151515,0.0015151515151514,False,0.734,0.498,3
16,iso_coord,honest,0.5045454545454545,0.0045454545454545,False,0.8638,0.486,3
16,iso_coord,honest,0.5075757575757576,0.0075757575757575,False,0.9196,0.475,3
16,iso_coord,honest,0.5106060606060606,0.0106060606060606,False,0.7972,0.487,3
16,iso_coord,honest,0.5136363636363637,0.0136363636363636,False,0.9924,0.4629999999999999,3
16,iso_coord,honest,0.5166666666666666,0.0166666666666666,False,0.987,0.4599999999999999,3
16,iso_coord,honest,0.5196969696969698,0.0196969696969697,False,0.6206,0.4649999999999999,3
16,iso_coord,honest,0.5227272727272727,0.0227272727272727,False,0.9548,0.4669999999999999,3
16,iso_coord,honest,0.5257575757575758,0.0257575757575757,False,0.755,0.4489999999999999,3
16,iso_coord,honest,0.5287878787878788,0.0287878787878788,False,0.8128,0.425,3
16,iso_coord,honest,0.5318181818181819,0.0318181818181818,False,0.9128,0.4399999999999999,3
16,iso_coord,honest,0.5348484848484849,0.0348484848484849,False,0.8344,0.4379999999999999,3
16,iso_coord,honest,0.5378787878787878,0.0378787878787878,False,0.7894,0.399,3
16,iso_coord,honest,0.5409090909090909,0.0409090909090908,False,0.9526,0.398,3
16,iso_coord,honest,0.543939393939394,0.0439393939393939,False,0.866,0.432,3
16,iso_coord,honest,0.546969696969697,0.0469696969696969,False,0.6828,0.413,3
16,iso_coord,honest,0.55,0.05,False,0.7178,0.413,3
16,iso_coord,honest,0.553030303030303,0.0530303030303029,False,0.9416,0.397,3
16,iso_coord,honest,0.556060606060606,0.056060606060606,False,0.891,0.386,3
16,iso_coord,honest,0.5590909090909091,0.059090909090909,False,0.7246,0.391,3
16,iso_coord,honest,0.5621212121212121,0.0621212121212121,False,0.9398,0.363,3
16,iso_coord,honest,0.5651515151515152,0.0651515151515151,False,0.836,0.38,3
16,iso_coord,honest,0.5681818181818181,0.0681818181818181,False,0.7566,0.381,3
16,iso_coord,honest,0.5712121212121213,0.0712121212121212,False,0.7466,0.36,3
16,iso_coord,honest,0.5742424242424242,0.0742424242424242,False,0.997,0.397,3
16,iso_coord,honest,0.5772727272727273,0.0772727272727272,False,0.5358,0.355,3
16,iso_coord,honest,0.5803030303030303,0.0803030303030303,False,0.7932,0.3349999999999999,3
16,iso_coord,honest,0.5833333333333334,0.0833333333333333,False,0.9668,0.351,3
16,iso_coord,honest,0.5863636363636364,0.0863636363636364,False,0.721,0.349,3
16,iso_coord,honest,0.5893939393939394,0.0893939393939393,False,0.8092,0.3,3
16,iso_coord,honest,0.5924242424242424,0.0924242424242424,False,0.9954,0.3259999999999999,3
16,iso_coord,honest,0.5954545454545455,0.0954545454545454,False,0.9476,0.3129999999999999,3
16,iso_coord,honest,0.5984848484848485,0.0984848484848485,False,0.8368,0.311,3
16,iso_coord,honest,0.6015151515151516,0.1015151515151515,False,0.9624,0.312,3
16,iso_coord,honest,0.6045454545454545,0.1045454545454545,False,0.9768,0.274,3
16,iso_coord,honest,0.6075757575757577,0.1075757575757576,False,0.9658,0.284,3
16,iso_coord,honest,0.6106060606060606,0.1106060606060606,False,0.9986,0.278,3
16,iso_coord,honest,0.6136363636363636,0.1136363636363636,False,0.9776,0.3,3
16,iso_coord,honest,0.6166666666666667,0.1166666666666667,False,0.9854,0.292,3
16,iso_coord,honest,0.6196969696969696,0.1196969696969696,False,0.9264,0.252,3
16,iso_coord,honest,0.6227272727272728,0.1227272727272728,False,0.4692,0.275,3
16,iso_coord,honest,0.6257575757575757,0.1257575757575757,False,0.9806,0.28,3
16,iso_coord,honest,0.6287878787878788,0.1287878787878787,False,0.9628,0.248,3
16,iso_coord,honest,0.6318181818181818,0.1318181818181818,False,0.9894,0.245,3
16,iso_coord,honest,0.6348484848484849,0.1348484848484848,False,0.9452,0.28,3
16,iso_coord,honest,0.6378787878787879,0.1378787878787879,False,0.777,0.252,3
16,iso_coord,honest,0.6409090909090909,0.1409090909090908,False,0.8846,0.236,3
16,iso_coord,honest,0.643939393939394,0.143939393939394,False,0.9174,0.236,3
16,iso_coord,honest,0.646969696969697,0.1469696969696969,False,0.9698,0.2209999999999999,3
16,iso_coord,honest,0.65,0.15,False,0.1436,0.2259999999999999,3
16,iso_resid,gated,0.35,0.15,False,0.542,0.207,3
16,iso_resid,gated,0.353030303030303,0.1469696969696969,False,0.2584,0.241,3
16,iso_resid,gated,0.356060606060606,0.1439393939393939,False,0.1172,0.206,3
16,iso_resid,gated,0.359090909090909,0.1409090909090909,False,0.3366,0.252,3
16,iso_resid,gated,0.3621212121212121,0.1378787878787878,False,0.2678,0.244,3
16,iso_resid,gated,0.3651515151515151,0.1348484848484848,False,0.3954,0.251,3
16,iso_resid,gated,0.3681818181818181,0.1318181818181818,False,0.2522,0.264,3
16,iso_resid,gated,0.3712121212121212,0.1287878787878787,False,0.726,0.261,3
16,iso_resid,gated,0.3742424242424242,0.1257575757575758,False,0.5794,0.282,3
16,iso_resid,gated,0.3772727272727272,0.1227272727272727,False,0.5204,0.271,3
16,iso_resid,gated,0.3803030303030303,0.1196969696969696,False,0.4616,0.261,3
16,iso_resid,gated,0.3833333333333333,0.1166666666666667,False,0.9934,0.274,3
16,iso_resid,gated,0.3863636363636363,0.1136363636363636,False,0.9468,0.277,3
16,iso_resid,gated,0.3893939393939394,0.1106060606060606,False,0.914,0.281,3
16,iso_resid,gated,0.3924242424242424,0.1075757575757576,False,0.8966,0.277,3
16,iso_resid,gated,0.3954545454545454,0.1045454545454545,False,0.6594,0.306,3
16,iso_resid,gated,0.3984848484848484,0.1015151515151515,False,0.9554,0.298,3
16,iso_resid,gated,0.4015151515151515,0.0984848484848485,False,0.9128,0.276,3
16,iso_resid,gated,0.4045454545454545,0.0954545454545454,False,0.461,0.325,3
16,iso_resid,gated,0.4075757575757576,0.0924242424242424,False,0.637,0.315,3
16,iso_resid,gated,0.4106060606060606,0.0893939393939394,False,0.6278,0.326,3
16,iso_resid,gated,0.4136363636363636,0.0863636363636363,False,0.0768,0.339,3
16,iso_resid,gated,0.4166666666666666,0.0833333333333333,True,0.0078,0.364,3
16,iso_resid,gated,0.4196969696969697,0.0803030303030303,False,0.239,0.332,3
16,iso_resid,gated,0.4227272727272727,0.0772727272727272,False,0.4086,0.343,3
16,iso_resid,gated,0.4257575757575758,0.0742424242424242,False,0.1138,0.353,3
16,iso_resid,gated,0.4287878787878788,0.0712121212121212,False,0.159,0.351,3
16,iso_resid,gated,0.4318181818181818,0.0681818181818181,False,0.306,0.391,3
16,iso_resid,gated,0.4348484848484848,0.0651515151515151,False,0.212,0.365,3
16,iso_resid,gated,0.4378787878787878,0.0621212121212121,False,0.4712,0.384,3
16,iso_resid,gated,0.4409090909090909,0.059090909090909,False,0.3918,0.383,3
16,iso_resid,gated,0.4439393939393939,0.056060606060606,False,0.0912,0.396,3
16,iso_resid,gated,0.4469696969696969,0.053030303030303,False,0.4462,0.373,3
16,iso_resid,gated,0.45,0.0499999999999999,False,0.3098,0.391,3
16,iso_resid,gated,0.453030303030303,0.0469696969696969,False,0.2082,0.394,3
16,iso_resid,gated,0.456060606060606,0.0439393939393939,False,0.1488,0.412,3
16,iso_resid,gated,0.4590909090909091,0.0409090909090908,False,0.079,0.409,3
16,iso_resid,gated,0.4621212121212121,0.0378787878787879,False,0.3312,0.437,3
16,iso_resid,gated,0.4651515151515151,0.0348484848484848,False,0.0336,0.446,3
16,iso_resid,gated,0.4681818181818181,0.0318181818181818,False,0.4546,0.428,3
16,iso_resid,gated,0.4712121212121212,0.0287878787878788,False,0.6726,0.42,3
16,iso_resid,gated,0.4742424242424242,0.0257575757575757,False,0.515,0.445,3
16,iso_resid,gated,0.4772727272727273,0.0227272727272727,False,0.1306,0.46,3
16,iso_resid,gated,0.4803030303030303,0.0196969696969697,False,0.1292,0.458,3
16,iso_resid,gated,0.4833333333333333,0.0166666666666666,False,0.104,0.479,3
16,iso_resid,gated,0.4863636363636363,0.0136363636363636,False,0.1042,0.452,3
16,iso_resid,gated,0.4893939393939394,0.0106060606060606,False,0.2494,0.483,3
16,iso_resid,gated,0.4924242424242424,0.0075757575757575,False,0.152,0.498,3
16,iso_resid,gated,0.4954545454545455,0.0045454545454545,False,0.4954,0.492,3
16,iso_resid,gated,0.4984848484848485,0.0015151515151515,False,0.6858,0.492,3
16,iso_resid,gated,0.5015151515151515,0.0015151515151514,False,0.142,0.497,3
16,iso_resid,gated,0.5045454545454545,0.0045454545454545,False,0.1378,0.493,3
16,iso_resid,gated,0.5075757575757576,0.0075757575757575,False,0.138,0.479,3
16,iso_resid,gated,0.5106060606060606,0.0106060606060606,False,0.2734,0.4679999999999999,3
16,iso_resid,gated,0.5136363636363637,0.0136363636363636,False,0.2824,0.4619999999999999,3
16,iso_resid,gated,0.5166666666666666,0.0166666666666666,False,0.3228,0.4619999999999999,3
16,iso_resid,gated,0.5196969696969698,0.0196969696969697,False,0.292,0.4599999999999999,3
16,iso_resid,gated,0.5227272727272727,0.0227272727272727,False,0.1272,0.4459999999999999,3
16,iso_resid,gated,0.5257575757575758,0.0257575757575757,True,0.0038,0.485,3
16,iso_resid,gated,0.5287878787878788,0.0287878787878788,False,0.0712,0.4519999999999999,3
16,iso_resid,gated,0.5318181818181819,0.0318181818181818,False,0.1664,0.4389999999999999,3
16,iso_resid,gated,0.5348484848484849,0.0348484848484849,False,0.9308,0.432,3
16,iso_resid,gated,0.5378787878787878,0.0378787878787878,False,0.634,0.402,3
16,iso_resid,gated,0.5409090909090909,0.0409090909090908,False,0.1638,0.417,3
16,iso_resid,gated,0.543939393939394,0.0439393939393939,False,0.6378,0.426,3
16,iso_resid,gated,0.546969696969697,0.0469696969696969,False,0.2776,0.43,3
16,iso_resid,gated,0.55,0.05,False,0.0538,0.408,3
16,iso_resid,gated,0.553030303030303,0.0530303030303029,False,0.1706,0.403,3
16,iso_resid,gated,0.556060606060606,0.056060606060606,False,0.4518,0.375,3
16,iso_resid,gated,0.5590909090909091,0.059090909090909,False,0.2676,0.368,3
16,iso_resid,gated,0.5621212121212121,0.0621212121212121,False,0.294,0.393,3
16,iso_resid,gated,0.5651515151515152,0.0651515151515151,False,0.09,0.385,3
16,iso_resid,gated,0.5681818181818181,0.0681818181818181,False,0.767,0.358,3
16,iso_resid,gated,0.5712121212121213,0.0712121212121212,False,0.1748,0.365,3
16,iso_resid,gated,0.5742424242424242,0.0742424242424242,False,0.3626,0.358,3
16,iso_resid,gated,0.5772727272727273,0.0772727272727272,False,0.0494,0.368,3
16,iso_resid,gated,0.5803030303030303,0.0803030303030303,False,0.293,0.358,3
16,iso_resid,gated,0.5833333333333334,0.0833333333333333,False,0.024,0.355,3
16,iso_resid,gated,0.5863636363636364,0.0863636363636364,False,0.4982,0.3419999999999999,3
16,iso_resid,gated,0.5893939393939394,0.0893939393939393,False,0.7758,0.3259999999999999,3
16,iso_resid,gated,0.5924242424242424,0.0924242424242424,False,0.548,0.3279999999999999,3
16,iso_resid,gated,0.5954545454545455,0.0954545454545454,False,0.9506,0.3169999999999999,3
16,iso_resid,gated,0.5984848484848485,0.0984848484848485,False,0.3232,0.3409999999999999,3
16,iso_resid,gated,0.6015151515151516,0.1015151515151515,False,0.9,0.311,3
16,iso_resid,gated,0.6045454545454545,0.1045454545454545,False,0.7244,0.286,3
16,iso_resid,gated,0.6075757575757577,0.1075757575757576,False,0.7328,0.299,3
16,iso_resid,gated,0.6106060606060606,0.1106060606060606,False,0.9572,0.295,3
16,iso_resid,gated,0.6136363636363636,0.1136363636363636,False,0.6184,0.277,3
16,iso_resid,gated,0.6166666666666667,0.1166666666666667,False,0.2488,0.278,3
16,iso_resid,gated,0.6196969696969696,0.1196969696969696,False,0.248,0.267,3
16,iso_resid,gated,0.6227272727272728,0.1227272727272728,False,0.7566,0.277,3
16,iso_resid,gated,0.6257575757575757,0.1257575757575757,False,0.3186,0.268,3
16,iso_resid,gated,0.6287878787878788,0.1287878787878787,False,0.523,0.25,3
16,iso_resid,gated,0.6318181818181818,0.1318181818181818,False,0.295,0.241,3
16,iso_resid,gated,0.6348484848484849,0.1348484848484848,False,0.312,0.242,3
16,iso_resid,gated,0.6378787878787879,0.1378787878787879,False,0.5108,0.246,3
16,iso_resid,gated,0.6409090909090909,0.1409090909090908,False,0.3052,0.257,3
16,iso_resid,gated,0.643939393939394,0.143939393939394,False,0.1532,0.256,3
16,iso_resid,gated,0.646969696969697,0.1469696969696969,False,0.3312,0.2339999999999999,3
16,iso_resid,gated,0.65,0.15,False,0.2784,0.24,3
16,iso_resid,honest,0.35,0.15,False,0.9594,0.215,3
16,iso_resid,honest,0.353030303030303,0.1469696969696969,False,0.941,0.232,3
16,iso_resid,honest,0.356060606060606,0.1439393939393939,False,0.9688,0.225,3
16,iso_resid,honest,0.359090909090909,0.1409090909090909,False,0.984,0.256,3
16,iso_resid,honest,0.3621212121212121,0.1378787878787878,False,0.9784,0.26,3
16,iso_resid,honest,0.3651515151515151,0.1348484848484848,False,0.8248,0.249,3
16,iso_resid,honest,0.3681818181818181,0.1318181818181818,False,0.968,0.26,3
16,iso_resid,honest,0.3712121212121212,0.1287878787878787,False,0.9114,0.247,3
16,iso_resid,honest,0.3742424242424242,0.1257575757575758,False,0.994,0.268,3
16,iso_resid,honest,0.3772727272727272,0.1227272727272727,False,0.7758,0.261,3
16,iso_resid,honest,0.3803030303030303,0.1196969696969696,False,0.8314,0.281,3
16,iso_resid,honest,0.3833333333333333,0.1166666666666667,False,0.7032,0.24,3
16,iso_resid,honest,0.3863636363636363,0.1136363636363636,False,0.3688,0.282,3
16,iso_resid,honest,0.3893939393939394,0.1106060606060606,False,0.9896,0.3,3
16,iso_resid,honest,0.3924242424242424,0.1075757575757576,False,0.5542,0.279,3
16,iso_resid,honest,0.3954545454545454,0.1045454545454545,False,0.8778,0.308,3
16,iso_resid,honest,0.3984848484848484,0.1015151515151515,False,0.9258,0.312,3
16,iso_resid,honest,0.4015151515151515,0.0984848484848485,False,0.944,0.318,3
16,iso_resid,honest,0.4045454545454545,0.0954545454545454,False,0.997,0.332,3
16,iso_resid,honest,0.4075757575757576,0.0924242424242424,False,0.988,0.319,3
16,iso_resid,honest,0.4106060606060606,0.0893939393939394,False,0.9512,0.308,3
16,iso_resid,honest,0.4136363636363636,0.0863636363636363,False,0.8678,0.329,3
16,iso_resid,honest,0.4166666666666666,0.0833333333333333,False,0.9128,0.327,3
16,iso_resid,honest,0.4196969696969697,0.0803030303030303,False,0.9204,0.328,3
16,iso_resid,honest,0.4227272727272727,0.0772727272727272,False,0.973,0.355,3
16,iso_resid,honest,0.4257575757575758,0.0742424242424242,False,0.857,0.372,3
16,iso_resid,honest,0.4287878787878788,0.0712121212121212,False,0.752,0.364,3
16,iso_resid,honest,0.4318181818181818,0.0681818181818181,False,0.5646,0.383,3
16,iso_resid,honest,0.4348484848484848,0.0651515151515151,False,0.7328,0.399,3
16,iso_resid,honest,0.4378787878787878,0.0621212121212121,False,0.9598,0.365,3
16,iso_resid,honest,0.4409090909090909,0.059090909090909,False,0.9574,0.411,3
16,iso_resid,honest,0.4439393939393939,0.056060606060606,False,0.9956,0.388,3
16,iso_resid,honest,0.4469696969696969,0.053030303030303,False,0.936,0.375,3
16,iso_resid,honest,0.45,0.0499999999999999,False,0.9996,0.384,3
16,iso_resid,honest,0.453030303030303,0.0469696969696969,False,0.7758,0.395,3
16,iso_resid,honest,0.456060606060606,0.0439393939393939,False,0.2706,0.417,3
16,iso_resid,honest,0.4590909090909091,0.0409090909090908,False,0.901,0.412,3
16,iso_resid,honest,0.4621212121212121,0.0378787878787879,False,0.802,0.43,3
16,iso_resid,honest,0.4651515151515151,0.0348484848484848,False,0.9496,0.451,3
16,iso_resid,honest,0.4681818181818181,0.0318181818181818,False,0.9128,0.425,3
16,iso_resid,honest,0.4712121212121212,0.0287878787878788,False,0.9934,0.453,3
16,iso_resid,honest,0.4742424242424242,0.0257575757575757,False,0.9638,0.451,3
16,iso_resid,honest,0.4772727272727273,0.0227272727272727,False,0.9408,0.452,3
16,iso_resid,honest,0.4803030303030303,0.0196969696969697,False,0.9968,0.45,3
16,iso_resid,honest,0.4833333333333333,0.0166666666666666,False,0.9022,0.461,3
16,iso_resid,honest,0.4863636363636363,0.0136363636363636,False,0.897,0.482,3
16,iso_resid,honest,0.4893939393939394,0.0106060606060606,False,0.9898,0.478,3
16,iso_resid,honest,0.4924242424242424,0.0075757575757575,False,0.947,0.478,3
16,iso_resid,honest,0.4954545454545455,0.0045454545454545,False,0.6286,0.499,3
16,iso_resid,honest,0.4984848484848485,0.0015151515151515,False,0.4316,0.496,3
16,iso_resid,honest,0.5015151515151515,0.0015151515151514,False,0.9214,0.489,3
16,iso_resid,honest,0.5045454545454545,0.0045454545454545,False,0.3708,0.488,3
16,iso_resid,honest,0.5075757575757576,0.0075757575757575,False,0.9042,0.489,3
16,iso_resid,honest,0.5106060606060606,0.0106060606060606,False,0.9144,0.489,3
16,iso_resid,honest,0.5136363636363637,0.0136363636363636,False,0.6116,0.4599999999999999,3
16,iso_resid,honest,0.5166666666666666,0.0166666666666666,False,0.9498,0.4609999999999999,3
16,iso_resid,honest,0.5196969696969698,0.0196969696969697,False,0.8272,0.4589999999999999,3
16,iso_resid,honest,0.5227272727272727,0.0227272727272727,False,0.9802,0.4479999999999999,3
16,iso_resid,honest,0.5257575757575758,0.0257575757575757,False,0.9892,0.4519999999999999,3
16,iso_resid,honest,0.5287878787878788,0.0287878787878788,False,0.939,0.4509999999999999,3
16,iso_resid,honest,0.5318181818181819,0.0318181818181818,False,0.7898,0.423,3
16,iso_resid,honest,0.5348484848484849,0.0348484848484849,False,0.9896,0.414,3
16,iso_resid,honest,0.5378787878787878,0.0378787878787878,False,0.936,0.379,3
16,iso_resid,honest,0.5409090909090909,0.0409090909090908,False,0.9974,0.405,3
16,iso_resid,honest,0.543939393939394,0.0439393939393939,False,0.8322,0.401,3
16,iso_resid,honest,0.546969696969697,0.0469696969696969,False,0.3262,0.406,3
16,iso_resid,honest,0.55,0.05,False,0.8116,0.43,3
16,iso_resid,honest,0.553030303030303,0.0530303030303029,False,0.9854,0.396,3
16,iso_resid,honest,0.556060606060606,0.056060606060606,False,0.9332,0.377,3
16,iso_resid,honest,0.5590909090909091,0.059090909090909,False,0.9896,0.367,3
16,iso_resid,honest,0.5621212121212121,0.0621212121212121,False,0.9214,0.387,3
16,iso_resid,honest,0.5651515151515152,0.0651515151515151,False,0.6814,0.382,3
16,iso_resid,honest,0.5681818181818181,0.0681818181818181,False,0.84,0.37,3
16,iso_resid,honest,0.5712121212121213,0.0712121212121212,False,0.978,0.3419999999999999,3
16,iso_resid,honest,0.5742424242424242,0.0742424242424242,False,0.9324,0.3329999999999999,3
16,iso_resid,honest,0.5772727272727273,0.0772727272727272,False,0.8944,0.378,3
16,iso_resid,honest,0.5803030303030303,0.0803030303030303,False,0.9952,0.3389999999999999,3
16,iso_resid,honest,0.5833333333333334,0.0833333333333333,False,0.8746,0.3269999999999999,3
16,iso_resid,honest,0.5863636363636364,0.0863636363636364,False,0.6974,0.3259999999999999,3
16,iso_resid,honest,0.5893939393939394,0.0893939393939393,False,0.9948,0.3389999999999999,3
16,iso_resid,honest,0.5924242424242424,0.0924242424242424,False,0.9828,0.3369999999999999,3
16,iso_resid,honest,0.5954545454545455,0.0954545454545454,False,0.966,0.3289999999999999,3
16,iso_resid,honest,0.5984848484848485,0.0984848484848485,False,0.2118,0.309,3
16,iso_resid,honest,0.6015151515151516,0.1015151515151515,False,0.8952,0.297,3
16,iso_resid,honest,0.6045454545454545,0.1045454545454545,False,0.9666,0.295,3
16,iso_resid,honest,0.6075757575757577,0.1075757575757576,False,0.663,0.308,3
16,iso_resid,honest,0.6106060606060606,0.1106060606060606,False,0.8178,0.275,3
16,iso_resid,honest,0.6136363636363636,0.1136363636363636,False,0.941,0.267,3
16,iso_resid,honest,0.6166666666666667,0.1166666666666667,False,0.9198,0.277,3
16,iso_resid,honest,0.6196969696969696,0.1196969696969696,False,0.5748,0.262,3
16,iso_resid,honest,0.6227272727272728,0.1227272727272728,False,0.9356,0.2339999999999999,3
16,iso_resid,honest,0.6257575757575757,0.1257575757575757,False,0.5466,0.254,3
16,iso_resid,honest,0.6287878787878788,0.1287878787878787,False,0.5916,0.273,3
16,iso_resid,honest,0.6318181818181818,0.1318181818181818,False,0.9,0.274,3
16,iso_resid,honest,0.6348484848484849,0.1348484848484848,False,0.7462,0.249,3
16,iso_resid,honest,0.6378787878787879,0.1378787878787879,False,0.8504,0.2339999999999999,3
16,iso_resid,honest,0.6409090909090909,0.1409090909090908,False,0.844,0.252,3
16,iso_resid,honest,0.643939393939394,0.143939393939394,False,0.5806,0.236,3
16,iso_resid,honest,0.646969696969697,0.1469696969696969,False,0.987,0.239,3
16,iso_resid,honest,0.65,0.15,False,0.9768,0.248,3
16,iso_resid_rob,gated,0.35,0.15,True,0.0004,0.224,3
16,iso_resid_rob,gated,0.353030303030303,0.1469696969696969,True,0.0002,0.225,3
16,iso_resid_rob,gated,0.356060606060606,0.1439393939393939,True,0.0004,0.247,3
16,iso_resid_rob,gated,0.359090909090909,0.1409090909090909,True,0.0002,0.235,3
16,iso_resid_rob,gated,0.3621212121212121,0.1378787878787878,True,0.0002,0.245,3
16,iso_resid_rob,gated,0.3651515151515151,0.1348484848484848,True,0.0002,0.243,3
16,iso_resid_rob,gated,0.3681818181818181,0.1318181818181818,True,0.0002,0.255,3
16,iso_resid_rob,gated,0.3712121212121212,0.1287878787878787,True,0.0002,0.238,3
16,iso_resid_rob,gated,0.3742424242424242,0.1257575757575758,True,0.0002,0.252,3
16,iso_resid_rob,gated,0.3772727272727272,0.1227272727272727,True,0.0002,0.252,3
16,iso_resid_rob,gated,0.3803030303030303,0.1196969696969696,True,0.0002,0.278,3
16,iso_resid_rob,gated,0.3833333333333333,0.1166666666666667,True,0.0002,0.297,3
16,iso_resid_rob,gated,0.3863636363636363,0.1136363636363636,True,0.0002,0.313,3
16,iso_resid_rob,gated,0.3893939393939394,0.1106060606060606,True,0.0002,0.29,3
16,iso_resid_rob,gated,0.3924242424242424,0.1075757575757576,True,0.0002,0.271,3
16,iso_resid_rob,gated,0.3954545454545454,0.1045454545454545,True,0.0002,0.316,3
16,iso_resid_rob,gated,0.3984848484848484,0.1015151515151515,True,0.0002,0.316,3
16,iso_resid_rob,gated,0.4015151515151515,0.0984848484848485,True,0.0002,0.308,3
16,iso_resid_rob,gated,0.4045454545454545,0.0954545454545454,True,0.0002,0.296,3
16,iso_resid_rob,gated,0.4075757575757576,0.0924242424242424,True,0.0002,0.329,3
16,iso_resid_rob,gated,0.4106060606060606,0.0893939393939394,True,0.0002,0.31,3
16,iso_resid_rob,gated,0.4136363636363636,0.0863636363636363,True,0.0002,0.335,3
16,iso_resid_rob,gated,0.4166666666666666,0.0833333333333333,True,0.0002,0.326,3
16,iso_resid_rob,gated,0.4196969696969697,0.0803030303030303,True,0.0002,0.369,3
16,iso_resid_rob,gated,0.4227272727272727,0.0772727272727272,True,0.0002,0.335,3
16,iso_resid_rob,gated,0.4257575757575758,0.0742424242424242,True,0.0004,0.34,3
16,iso_resid_rob,gated,0.4287878787878788,0.0712121212121212,True,0.0002,0.336,3
16,iso_resid_rob,gated,0.4318181818181818,0.0681818181818181,True,0.0002,0.376,3
16,iso_resid_rob,gated,0.4348484848484848,0.0651515151515151,True,0.0002,0.385,3
16,iso_resid_rob,gated,0.4378787878787878,0.0621212121212121,True,0.0002,0.386,3
16,iso_resid_rob,gated,0.4409090909090909,0.059090909090909,True,0.0002,0.381,3
16,iso_resid_rob,gated,0.4439393939393939,0.056060606060606,True,0.0002,0.389,3
16,iso_resid_rob,gated,0.4469696969696969,0.053030303030303,True,0.0002,0.398,3
16,iso_resid_rob,gated,0.45,0.0499999999999999,True,0.0002,0.397,3
16,iso_resid_rob,gated,0.453030303030303,0.0469696969696969,True,0.0002,0.386,3
16,iso_resid_rob,gated,0.456060606060606,0.0439393939393939,True,0.0002,0.408,3
16,iso_resid_rob,gated,0.4590909090909091,0.0409090909090908,True,0.0002,0.394,3
16,iso_resid_rob,gated,0.4621212121212121,0.0378787878787879,False,0.0434,0.408,3
16,iso_resid_rob,gated,0.4651515151515151,0.0348484848484848,True,0.0002,0.412,3
16,iso_resid_rob,gated,0.4681818181818181,0.0318181818181818,False,0.7098,0.446,3
16,iso_resid_rob,gated,0.4712121212121212,0.0287878787878788,False,0.801,0.464,3
16,iso_resid_rob,gated,0.4742424242424242,0.0257575757575757,False,0.5134,0.455,3
16,iso_resid_rob,gated,0.4772727272727273,0.0227272727272727,False,0.5276,0.46,3
16,iso_resid_rob,gated,0.4803030303030303,0.0196969696969697,False,0.4832,0.494,3
16,iso_resid_rob,gated,0.4833333333333333,0.0166666666666666,False,0.6694,0.439,3
16,iso_resid_rob,gated,0.4863636363636363,0.0136363636363636,False,0.3934,0.44,3
16,iso_resid_rob,gated,0.4893939393939394,0.0106060606060606,False,0.6778,0.472,3
16,iso_resid_rob,gated,0.4924242424242424,0.0075757575757575,False,0.6976,0.493,3
16,iso_resid_rob,gated,0.4954545454545455,0.0045454545454545,False,0.3052,0.499,3
16,iso_resid_rob,gated,0.4984848484848485,0.0015151515151515,True,0.0154,0.497,3
16,iso_resid_rob,gated,0.5015151515151515,0.0015151515151514,False,0.2758,0.494,3
16,iso_resid_rob,gated,0.5045454545454545,0.0045454545454545,False,0.9128,0.487,3
16,iso_resid_rob,gated,0.5075757575757576,0.0075757575757575,False,0.9416,0.4649999999999999,3
16,iso_resid_rob,gated,0.5106060606060606,0.0106060606060606,False,0.3436,0.486,3
16,iso_resid_rob,gated,0.5136363636363637,0.0136363636363636,False,0.6386,0.497,3
16,iso_resid_rob,gated,0.5166666666666666,0.0166666666666666,False,0.3862,0.473,3
16,iso_resid_rob,gated,0.5196969696969698,0.0196969696969697,False,0.5294,0.476,3
16,iso_resid_rob,gated,0.5227272727272727,0.0227272727272727,False,0.4594,0.4669999999999999,3
16,iso_resid_rob,gated,0.5257575757575758,0.0257575757575757,False,0.3986,0.469,3
16,iso_resid_rob,gated,0.5287878787878788,0.0287878787878788,False,0.3892,0.4419999999999999,3
16,iso_resid_rob,gated,0.5318181818181819,0.0318181818181818,False,0.9214,0.4469999999999999,3
16,iso_resid_rob,gated,0.5348484848484849,0.0348484848484849,False,0.857,0.41,3
16,iso_resid_rob,gated,0.5378787878787878,0.0378787878787878,True,0.0002,0.4379999999999999,3
16,iso_resid_rob,gated,0.5409090909090909,0.0409090909090908,False,0.0176,0.436,3
16,iso_resid_rob,gated,0.543939393939394,0.0439393939393939,True,0.0002,0.419,3
16,iso_resid_rob,gated,0.546969696969697,0.0469696969696969,True,0.0002,0.41,3
16,iso_resid_rob,gated,0.55,0.05,True,0.0002,0.402,3
16,iso_resid_rob,gated,0.553030303030303,0.0530303030303029,True,0.0002,0.399,3
16,iso_resid_rob,gated,0.556060606060606,0.056060606060606,True,0.0002,0.347,3
16,iso_resid_rob,gated,0.5590909090909091,0.059090909090909,True,0.0002,0.407,3
16,iso_resid_rob,gated,0.5621212121212121,0.0621212121212121,True,0.0002,0.35,3
16,iso_resid_rob,gated,0.5651515151515152,0.0651515151515151,True,0.0002,0.364,3
16,iso_resid_rob,gated,0.5681818181818181,0.0681818181818181,True,0.0002,0.402,3
16,iso_resid_rob,gated,0.5712121212121213,0.0712121212121212,True,0.0002,0.386,3
16,iso_resid_rob,gated,0.5742424242424242,0.0742424242424242,True,0.0004,0.345,3
16,iso_resid_rob,gated,0.5772727272727273,0.0772727272727272,False,0.0822,0.356,3
16,iso_resid_rob,gated,0.5803030303030303,0.0803030303030303,True,0.0002,0.3379999999999999,3
16,iso_resid_rob,gated,0.5833333333333334,0.0833333333333333,True,0.0002,0.365,3
16,iso_resid_rob,gated,0.5863636363636364,0.0863636363636364,True,0.0002,0.3309999999999999,3
16,iso_resid_rob,gated,0.5893939393939394,0.0893939393939393,True,0.0002,0.3219999999999999,3
16,iso_resid_rob,gated,0.5924242424242424,0.0924242424242424,True,0.0002,0.3379999999999999,3
16,iso_resid_rob,gated,0.5954545454545455,0.0954545454545454,True,0.0002,0.3329999999999999,3
16,iso_resid_rob,gated,0.5984848484848485,0.0984848484848485,True,0.0002,0.311,3
16,iso_resid_rob,gated,0.6015151515151516,0.1015151515151515,True,0.0002,0.3219999999999999,3
16,iso_resid_rob,gated,0.6045454545454545,0.1045454545454545,True,0.0002,0.296,3
16,iso_resid_rob,gated,0.6075757575757577,0.1075757575757576,True,0.0002,0.292,3
16,iso_resid_rob,gated,0.6106060606060606,0.1106060606060606,True,0.0002,0.3199999999999999,3
16,iso_resid_rob,gated,0.6136363636363636,0.1136363636363636,True,0.0002,0.296,3
16,iso_resid_rob,gated,0.6166666666666667,0.1166666666666667,True,0.0002,0.286,3
16,iso_resid_rob,gated,0.6196969696969696,0.1196969696969696,True,0.0002,0.27,3
16,iso_resid_rob,gated,0.6227272727272728,0.1227272727272728,True,0.0002,0.272,3
16,iso_resid_rob,gated,0.6257575757575757,0.1257575757575757,True,0.0002,0.259,3
16,iso_resid_rob,gated,0.6287878787878788,0.1287878787878787,True,0.0002,0.268,3
16,iso_resid_rob,gated,0.6318181818181818,0.1318181818181818,True,0.0002,0.259,3
16,iso_resid_rob,gated,0.6348484848484849,0.1348484848484848,True,0.0004,0.254,3
16,iso_resid_rob,gated,0.6378787878787879,0.1378787878787879,True,0.0008,0.252,3
16,iso_resid_rob,gated,0.6409090909090909,0.1409090909090908,True,0.0004,0.2269999999999999,3
16,iso_resid_rob,gated,0.643939393939394,0.143939393939394,False,0.0242,0.241,3
16,iso_resid_rob,gated,0.646969696969697,0.1469696969696969,True,0.0004,0.257,3
16,iso_resid_rob,gated,0.65,0.15,True,0.0002,0.1979999999999999,3
16,iso_resid_rob,honest,0.35,0.15,False,0.966,0.222,3
16,iso_resid_rob,honest,0.353030303030303,0.1469696969696969,False,0.966,0.226,3
16,iso_resid_rob,honest,0.356060606060606,0.1439393939393939,False,0.2276,0.24,3
16,iso_resid_rob,honest,0.359090909090909,0.1409090909090909,False,0.5776,0.24,3
16,iso_resid_rob,honest,0.3621212121212121,0.1378787878787878,False,0.8922,0.248,3
16,iso_resid_rob,honest,0.3651515151515151,0.1348484848484848,False,0.9082,0.245,3
16,iso_resid_rob,honest,0.3681818181818181,0.1318181818181818,False,0.7064,0.253,3
16,iso_resid_rob,honest,0.3712121212121212,0.1287878787878787,False,0.9556,0.262,3
16,iso_resid_rob,honest,0.3742424242424242,0.1257575757575758,False,0.9974,0.258,3
16,iso_resid_rob,honest,0.3772727272727272,0.1227272727272727,False,0.8984,0.275,3
16,iso_resid_rob,honest,0.3803030303030303,0.1196969696969696,False,0.9902,0.269,3
16,iso_resid_rob,honest,0.3833333333333333,0.1166666666666667,False,0.7542,0.28,3
16,iso_resid_rob,honest,0.3863636363636363,0.1136363636363636,False,0.9022,0.272,3
16,iso_resid_rob,honest,0.3893939393939394,0.1106060606060606,False,0.9936,0.304,3
16,iso_resid_rob,honest,0.3924242424242424,0.1075757575757576,False,0.9732,0.278,3
16,iso_resid_rob,honest,0.3954545454545454,0.1045454545454545,False,0.9694,0.328,3
16,iso_resid_rob,honest,0.3984848484848484,0.1015151515151515,False,0.9996,0.303,3
16,iso_resid_rob,honest,0.4015151515151515,0.0984848484848485,False,0.7906,0.296,3
16,iso_resid_rob,honest,0.4045454545454545,0.0954545454545454,False,0.9892,0.305,3
16,iso_resid_rob,honest,0.4075757575757576,0.0924242424242424,False,0.8476,0.334,3
16,iso_resid_rob,honest,0.4106060606060606,0.0893939393939394,False,0.9912,0.336,3
16,iso_resid_rob,honest,0.4136363636363636,0.0863636363636363,False,0.9948,0.324,3
16,iso_resid_rob,honest,0.4166666666666666,0.0833333333333333,False,0.4978,0.321,3
16,iso_resid_rob,honest,0.4196969696969697,0.0803030303030303,False,0.9818,0.348,3
16,iso_resid_rob,honest,0.4227272727272727,0.0772727272727272,False,0.865,0.339,3
16,iso_resid_rob,honest,0.4257575757575758,0.0742424242424242,False,0.2096,0.323,3
16,iso_resid_rob,honest,0.4287878787878788,0.0712121212121212,False,0.9038,0.327,3
16,iso_resid_rob,honest,0.4318181818181818,0.0681818181818181,False,0.9696,0.388,3
16,iso_resid_rob,honest,0.4348484848484848,0.0651515151515151,False,0.9874,0.34,3
16,iso_resid_rob,honest,0.4378787878787878,0.0621212121212121,False,0.9534,0.353,3
16,iso_resid_rob,honest,0.4409090909090909,0.059090909090909,False,0.971,0.375,3
16,iso_resid_rob,honest,0.4439393939393939,0.056060606060606,False,0.9968,0.391,3
16,iso_resid_rob,honest,0.4469696969696969,0.053030303030303,False,0.96,0.373,3
16,iso_resid_rob,honest,0.45,0.0499999999999999,False,0.9852,0.424,3
16,iso_resid_rob,honest,0.453030303030303,0.0469696969696969,False,0.8922,0.411,3
16,iso_resid_rob,honest,0.456060606060606,0.0439393939393939,False,0.7758,0.423,3
16,iso_resid_rob,honest,0.4590909090909091,0.0409090909090908,False,0.9552,0.439,3
16,iso_resid_rob,honest,0.4621212121212121,0.0378787878787879,False,0.7742,0.437,3
16,iso_resid_rob,honest,0.4651515151515151,0.0348484848484848,False,0.9934,0.44,3
16,iso_resid_rob,honest,0.4681818181818181,0.0318181818181818,False,0.8346,0.451,3
16,iso_resid_rob,honest,0.4712121212121212,0.0287878787878788,False,0.8594,0.439,3
16,iso_resid_rob,honest,0.4742424242424242,0.0257575757575757,False,0.7756,0.432,3
16,iso_resid_rob,honest,0.4772727272727273,0.0227272727272727,False,0.8802,0.476,3
16,iso_resid_rob,honest,0.4803030303030303,0.0196969696969697,False,0.8706,0.475,3
16,iso_resid_rob,honest,0.4833333333333333,0.0166666666666666,False,0.9162,0.451,3
16,iso_resid_rob,honest,0.4863636363636363,0.0136363636363636,False,0.9638,0.464,3
16,iso_resid_rob,honest,0.4893939393939394,0.0106060606060606,False,0.7454,0.471,3
16,iso_resid_rob,honest,0.4924242424242424,0.0075757575757575,False,0.921,0.476,3
16,iso_resid_rob,honest,0.4954545454545455,0.0045454545454545,False,0.9456,0.487,3
16,iso_resid_rob,honest,0.4984848484848485,0.0015151515151515,False,0.741,0.493,3
16,iso_resid_rob,honest,0.5015151515151515,0.0015151515151514,False,0.981,0.485,3
16,iso_resid_rob,honest,0.5045454545454545,0.0045454545454545,False,0.882,0.48,3
16,iso_resid_rob,honest,0.5075757575757576,0.0075757575757575,False,0.9518,0.488,3
16,iso_resid_rob,honest,0.5106060606060606,0.0106060606060606,False,0.9256,0.485,3
16,iso_resid_rob,honest,0.5136363636363637,0.0136363636363636,False,0.9366,0.471,3
16,iso_resid_rob,honest,0.5166666666666666,0.0166666666666666,False,0.8252,0.474,3
16,iso_resid_rob,honest,0.5196969696969698,0.0196969696969697,False,0.992,0.4379999999999999,3
16,iso_resid_rob,honest,0.5227272727272727,0.0227272727272727,False,0.246,0.4529999999999999,3
16,iso_resid_rob,honest,0.5257575757575758,0.0257575757575757,False,0.3702,0.4529999999999999,3
16,iso_resid_rob,honest,0.5287878787878788,0.0287878787878788,False,0.9824,0.427,3
16,iso_resid_rob,honest,0.5318181818181819,0.0318181818181818,False,0.978,0.434,3
16,iso_resid_rob,honest,0.5348484848484849,0.0348484848484849,False,0.9248,0.419,3
16,iso_resid_rob,honest,0.5378787878787878,0.0378787878787878,False,0.972,0.424,3
16,iso_resid_rob,honest,0.5409090909090909,0.0409090909090908,False,0.966,0.4549999999999999,3
16,iso_resid_rob,honest,0.543939393939394,0.0439393939393939,False,0.9738,0.4469999999999999,3
16,iso_resid_rob,honest,0.546969696969697,0.0469696969696969,False,0.872,0.421,3
16,iso_resid_rob,honest,0.55,0.05,False,0.9968,0.399,3
16,iso_resid_rob,honest,0.553030303030303,0.0530303030303029,False,0.9952,0.387,3
16,iso_resid_rob,honest,0.556060606060606,0.056060606060606,False,0.9384,0.373,3
16,iso_resid_rob,honest,0.5590909090909091,0.059090909090909,False,0.8324,0.387,3
16,iso_resid_rob,honest,0.5621212121212121,0.0621212121212121,False,0.877,0.377,3
16,iso_resid_rob,honest,0.5651515151515152,0.0651515151515151,False,0.9266,0.366,3
16,iso_resid_rob,honest,0.5681818181818181,0.0681818181818181,False,0.8938,0.359,3
16,iso_resid_rob,honest,0.5712121212121213,0.0712121212121212,False,0.9784,0.38,3
16,iso_resid_rob,honest,0.5742424242424242,0.0742424242424242,False,0.962,0.383,3
16,iso_resid_rob,honest,0.5772727272727273,0.0772727272727272,False,0.9586,0.369,3
16,iso_resid_rob,honest,0.5803030303030303,0.0803030303030303,False,0.9942,0.356,3
16,iso_resid_rob,honest,0.5833333333333334,0.0833333333333333,False,0.5062,0.347,3
16,iso_resid_rob,honest,0.5863636363636364,0.0863636363636364,False,0.678,0.3389999999999999,3
16,iso_resid_rob,honest,0.5893939393939394,0.0893939393939393,False,0.9468,0.3269999999999999,3
16,iso_resid_rob,honest,0.5924242424242424,0.0924242424242424,False,0.9594,0.3149999999999999,3
16,iso_resid_rob,honest,0.5954545454545455,0.0954545454545454,False,0.9968,0.3209999999999999,3
16,iso_resid_rob,honest,0.5984848484848485,0.0984848484848485,False,0.9424,0.3229999999999999,3
16,iso_resid_rob,honest,0.6015151515151516,0.1015151515151515,False,0.9954,0.3209999999999999,3
16,iso_resid_rob,honest,0.6045454545454545,0.1045454545454545,False,0.5954,0.286,3
16,iso_resid_rob,honest,0.6075757575757577,0.1075757575757576,False,0.973,0.286,3
16,iso_resid_rob,honest,0.6106060606060606,0.1106060606060606,False,0.8126,0.283,3
16,iso_resid_rob,honest,0.6136363636363636,0.1136363636363636,False,0.9258,0.289,3
16,iso_resid_rob,honest,0.6166666666666667,0.1166666666666667,False,0.8974,0.279,3
16,iso_resid_rob,honest,0.6196969696969696,0.1196969696969696,False,0.9934,0.275,3
16,iso_resid_rob,honest,0.6227272727272728,0.1227272727272728,False,0.9714,0.268,3
16,iso_resid_rob,honest,0.6257575757575757,0.1257575757575757,False,0.9142,0.277,3
16,iso_resid_rob,honest,0.6287878787878788,0.1287878787878787,False,0.8072,0.2249999999999999,3
16,iso_resid_rob,honest,0.6318181818181818,0.1318181818181818,False,0.971,0.248,3
16,iso_resid_rob,honest,0.6348484848484849,0.1348484848484848,False,0.9836,0.268,3
16,iso_resid_rob,honest,0.6378787878787879,0.1378787878787879,False,0.7584,0.248,3
16,iso_resid_rob,honest,0.6409090909090909,0.1409090909090908,False,0.9946,0.245,3
16,iso_resid_rob,honest,0.643939393939394,0.143939393939394,False,0.9892,0.2309999999999999,3
16,iso_resid_rob,honest,0.646969696969697,0.1469696969696969,False,0.8912,0.2229999999999999,3
16,iso_resid_rob,honest,0.65,0.15,False,0.6066,0.2289999999999999,3
16,coord_scan,gated,0.35,0.15,True,0.0002,0.227,48
16,coord_scan,gated,0.353030303030303,0.1469696969696969,True,0.0002,0.227,44
16,coord_scan,gated,0.356060606060606,0.1439393939393939,True,0.0002,0.262,48
16,coord_scan,gated,0.359090909090909,0.1409090909090909,True,0.0002,0.259,48
16,coord_scan,gated,0.3621212121212121,0.1378787878787878,True,0.0002,0.252,48
16,coord_scan,gated,0.3651515151515151,0.1348484848484848,True,0.0002,0.244,45
16,coord_scan,gated,0.3681818181818181,0.1318181818181818,True,0.0002,0.254,47
16,coord_scan,gated,0.3712121212121212,0.1287878787878787,True,0.0002,0.269,48
16,coord_scan,gated,0.3742424242424242,0.1257575757575758,True,0.0002,0.263,47
16,coord_scan,gated,0.3772727272727272,0.1227272727272727,True,0.0002,0.259,45
16,coord_scan,gated,0.3803030303030303,0.1196969696969696,True,0.0002,0.244,47
16,coord_scan,gated,0.3833333333333333,0.1166666666666667,True,0.0002,0.262,47
16,coord_scan,gated,0.3863636363636363,0.1136363636363636,True,0.0002,0.283,46
16,coord_scan,gated,0.3893939393939394,0.1106060606060606,True,0.0002,0.274,47
16,coord_scan,gated,0.3924242424242424,0.1075757575757576,True,0.0002,0.294,48
16,coord_scan,gated,0.3954545454545454,0.1045454545454545,True,0.0002,0.312,47
16,coord_scan,gated,0.3984848484848484,0.1015151515151515,True,0.0002,0.295,48
16,coord_scan,gated,0.4015151515151515,0.0984848484848485,True,0.0002,0.308,45
16,coord_scan,gated,0.4045454545454545,0.0954545454545454,True,0.0002,0.297,44
16,coord_scan,gated,0.4075757575757576,0.0924242424242424,True,0.0002,0.339,44
16,coord_scan,gated,0.4106060606060606,0.0893939393939394,True,0.0002,0.316,47
16,coord_scan,gated,0.4136363636363636,0.0863636363636363,True,0.0002,0.32,46
16,coord_scan,gated,0.4166666666666666,0.0833333333333333,True,0.0002,0.328,45
16,coord_scan,gated,0.4196969696969697,0.0803030303030303,True,0.0002,0.305,46
16,coord_scan,gated,0.4227272727272727,0.0772727272727272,True,0.0002,0.361,47
16,coord_scan,gated,0.4257575757575758,0.0742424242424242,True,0.0002,0.343,48
16,coord_scan,gated,0.4287878787878788,0.0712121212121212,True,0.0002,0.363,44
16,coord_scan,gated,0.4318181818181818,0.0681818181818181,True,0.0002,0.369,47
16,coord_scan,gated,0.4348484848484848,0.0651515151515151,True,0.0002,0.365,45
16,coord_scan,gated,0.4378787878787878,0.0621212121212121,True,0.0002,0.384,47
16,coord_scan,gated,0.4409090909090909,0.059090909090909,True,0.0002,0.386,45
16,coord_scan,gated,0.4439393939393939,0.056060606060606,True,0.0002,0.403,46
16,coord_scan,gated,0.4469696969696969,0.053030303030303,True,0.0002,0.403,46
16,coord_scan,gated,0.45,0.0499999999999999,True,0.0002,0.404,46
16,coord_scan,gated,0.453030303030303,0.0469696969696969,True,0.0002,0.396,47
16,coord_scan,gated,0.456060606060606,0.0439393939393939,True,0.0002,0.414,48
16,coord_scan,gated,0.4590909090909091,0.0409090909090908,True,0.0002,0.419,46
16,coord_scan,gated,0.4621212121212121,0.0378787878787879,True,0.0002,0.41,48
16,coord_scan,gated,0.4651515151515151,0.0348484848484848,True,0.0002,0.425,47
16,coord_scan,gated,0.4681818181818181,0.0318181818181818,True,0.0002,0.425,47
16,coord_scan,gated,0.4712121212121212,0.0287878787878788,True,0.0002,0.468,46
16,coord_scan,gated,0.4742424242424242,0.0257575757575757,True,0.0002,0.443,47
16,coord_scan,gated,0.4772727272727273,0.0227272727272727,True,0.0002,0.431,46
16,coord_scan,gated,0.4803030303030303,0.0196969696969697,True,0.0002,0.466,47
16,coord_scan,gated,0.4833333333333333,0.0166666666666666,True,0.0002,0.447,47
16,coord_scan,gated,0.4863636363636363,0.0136363636363636,True,0.0002,0.445,46
16,coord_scan,gated,0.4893939393939394,0.0106060606060606,True,0.0002,0.495,47
16,coord_scan,gated,0.4924242424242424,0.0075757575757575,True,0.0002,0.462,48
16,coord_scan,gated,0.4954545454545455,0.0045454545454545,True,0.0002,0.484,46
16,coord_scan,gated,0.4984848484848485,0.0015151515151515,True,0.0002,0.49,47
16,coord_scan,gated,0.5015151515151515,0.0015151515151514,True,0.0002,0.499,48
16,coord_scan,gated,0.5045454545454545,0.0045454545454545,True,0.0002,0.492,48
16,coord_scan,gated,0.5075757575757576,0.0075757575757575,True,0.0002,0.49,47
16,coord_scan,gated,0.5106060606060606,0.0106060606060606,True,0.0002,0.492,47
16,coord_scan,gated,0.5136363636363637,0.0136363636363636,True,0.0002,0.4639999999999999,46
16,coord_scan,gated,0.5166666666666666,0.0166666666666666,True,0.0002,0.489,46
16,coord_scan,gated,0.5196969696969698,0.0196969696969697,True,0.0002,0.4519999999999999,47
16,coord_scan,gated,0.5227272727272727,0.0227272727272727,True,0.0002,0.433,47
16,coord_scan,gated,0.5257575757575758,0.0257575757575757,True,0.0002,0.437,47
16,coord_scan,gated,0.5287878787878788,0.0287878787878788,True,0.0002,0.4499999999999999,47
16,coord_scan,gated,0.5318181818181819,0.0318181818181818,True,0.0002,0.4669999999999999,47
16,coord_scan,gated,0.5348484848484849,0.0348484848484849,True,0.0002,0.437,47
16,coord_scan,gated,0.5378787878787878,0.0378787878787878,True,0.0002,0.408,48
16,coord_scan,gated,0.5409090909090909,0.0409090909090908,True,0.0002,0.409,46
16,coord_scan,gated,0.543939393939394,0.0439393939393939,True,0.0002,0.39,48
16,coord_scan,gated,0.546969696969697,0.0469696969696969,True,0.0002,0.395,48
16,coord_scan,gated,0.55,0.05,True,0.0002,0.402,48
16,coord_scan,gated,0.553030303030303,0.0530303030303029,True,0.0002,0.391,47
16,coord_scan,gated,0.556060606060606,0.056060606060606,True,0.0002,0.387,46
16,coord_scan,gated,0.5590909090909091,0.059090909090909,True,0.0002,0.378,48
16,coord_scan,gated,0.5621212121212121,0.0621212121212121,True,0.0002,0.382,47
16,coord_scan,gated,0.5651515151515152,0.0651515151515151,True,0.0002,0.37,46
16,coord_scan,gated,0.5681818181818181,0.0681818181818181,True,0.0002,0.383,48
16,coord_scan,gated,0.5712121212121213,0.0712121212121212,True,0.0002,0.364,48
16,coord_scan,gated,0.5742424242424242,0.0742424242424242,True,0.0002,0.366,48
16,coord_scan,gated,0.5772727272727273,0.0772727272727272,True,0.0002,0.359,47
16,coord_scan,gated,0.5803030303030303,0.0803030303030303,True,0.0002,0.346,46
16,coord_scan,gated,0.5833333333333334,0.0833333333333333,True,0.0002,0.3379999999999999,47
16,coord_scan,gated,0.5863636363636364,0.0863636363636364,True,0.0002,0.3429999999999999,44
16,coord_scan,gated,0.5893939393939394,0.0893939393939393,True,0.0002,0.3399999999999999,44
16,coord_scan,gated,0.5924242424242424,0.0924242424242424,True,0.0002,0.3289999999999999,46
16,coord_scan,gated,0.5954545454545455,0.0954545454545454,True,0.0002,0.312,47
16,coord_scan,gated,0.5984848484848485,0.0984848484848485,True,0.0002,0.292,48
16,coord_scan,gated,0.6015151515151516,0.1015151515151515,True,0.0002,0.3169999999999999,47
16,coord_scan,gated,0.6045454545454545,0.1045454545454545,True,0.0002,0.296,46
16,coord_scan,gated,0.6075757575757577,0.1075757575757576,True,0.0002,0.299,45
16,coord_scan,gated,0.6106060606060606,0.1106060606060606,True,0.0002,0.286,47
16,coord_scan,gated,0.6136363636363636,0.1136363636363636,True,0.0002,0.273,47
16,coord_scan,gated,0.6166666666666667,0.1166666666666667,True,0.0002,0.274,45
16,coord_scan,gated,0.6196969696969696,0.1196969696969696,True,0.0002,0.27,46
16,coord_scan,gated,0.6227272727272728,0.1227272727272728,True,0.0002,0.251,48
16,coord_scan,gated,0.6257575757575757,0.1257575757575757,True,0.0002,0.282,48
16,coord_scan,gated,0.6287878787878788,0.1287878787878787,True,0.0002,0.261,47
16,coord_scan,gated,0.6318181818181818,0.1318181818181818,True,0.0002,0.246,47
16,coord_scan,gated,0.6348484848484849,0.1348484848484848,True,0.0002,0.251,47
16,coord_scan,gated,0.6378787878787879,0.1378787878787879,True,0.0002,0.245,45
16,coord_scan,gated,0.6409090909090909,0.1409090909090908,True,0.0002,0.237,45
16,coord_scan,gated,0.643939393939394,0.143939393939394,True,0.0002,0.2329999999999999,46
16,coord_scan,gated,0.646969696969697,0.1469696969696969,True,0.0002,0.2249999999999999,46
16,coord_scan,gated,0.65,0.15,True,0.0002,0.2189999999999999,46
16,coord_scan,honest,0.35,0.15,False,0.608,0.226,48
16,coord_scan,honest,0.353030303030303,0.1469696969696969,False,0.184,0.244,46
16,coord_scan,honest,0.356060606060606,0.1439393939393939,False,0.5206,0.25,46
16,coord_scan,honest,0.359090909090909,0.1409090909090909,False,0.5476,0.239,47
16,coord_scan,honest,0.3621212121212121,0.1378787878787878,False,0.7852,0.276,47
16,coord_scan,honest,0.3651515151515151,0.1348484848484848,False,0.3974,0.243,47
16,coord_scan,honest,0.3681818181818181,0.1318181818181818,False,0.537,0.253,47
16,coord_scan,honest,0.3712121212121212,0.1287878787878787,False,0.5424,0.255,45
16,coord_scan,honest,0.3742424242424242,0.1257575757575758,False,0.3896,0.241,48
16,coord_scan,honest,0.3772727272727272,0.1227272727272727,False,0.6956,0.243,47
16,coord_scan,honest,0.3803030303030303,0.1196969696969696,False,0.602,0.285,46
16,coord_scan,honest,0.3833333333333333,0.1166666666666667,False,0.6236,0.278,48
16,coord_scan,honest,0.3863636363636363,0.1136363636363636,False,0.5712,0.294,47
16,coord_scan,honest,0.3893939393939394,0.1106060606060606,False,0.6254,0.295,47
16,coord_scan,honest,0.3924242424242424,0.1075757575757576,False,0.444,0.281,44
16,coord_scan,honest,0.3954545454545454,0.1045454545454545,False,0.3954,0.303,47
16,coord_scan,honest,0.3984848484848484,0.1015151515151515,False,0.3624,0.293,47
16,coord_scan,honest,0.4015151515151515,0.0984848484848485,False,0.487,0.333,45
16,coord_scan,honest,0.4045454545454545,0.0954545454545454,False,0.4118,0.33,47
16,coord_scan,honest,0.4075757575757576,0.0924242424242424,False,0.4666,0.322,47
16,coord_scan,honest,0.4106060606060606,0.0893939393939394,False,0.6276,0.302,45
16,coord_scan,honest,0.4136363636363636,0.0863636363636363,False,0.3498,0.338,46
16,coord_scan,honest,0.4166666666666666,0.0833333333333333,False,0.3208,0.322,44
16,coord_scan,honest,0.4196969696969697,0.0803030303030303,False,0.3272,0.365,46
16,coord_scan,honest,0.4227272727272727,0.0772727272727272,False,0.1748,0.337,48
16,coord_scan,honest,0.4257575757575758,0.0742424242424242,False,0.318,0.349,47
16,coord_scan,honest,0.4287878787878788,0.0712121212121212,False,0.5928,0.341,47
16,coord_scan,honest,0.4318181818181818,0.0681818181818181,False,0.4932,0.372,47
16,coord_scan,honest,0.4348484848484848,0.0651515151515151,False,0.607,0.385,47
16,coord_scan,honest,0.4378787878787878,0.0621212121212121,False,0.6204,0.385,46
16,coord_scan,honest,0.4409090909090909,0.059090909090909,False,0.4666,0.384,46
16,coord_scan,honest,0.4439393939393939,0.056060606060606,False,0.4216,0.398,46
16,coord_scan,honest,0.4469696969696969,0.053030303030303,False,0.4882,0.41,47
16,coord_scan,honest,0.45,0.0499999999999999,False,0.4104,0.423,45
16,coord_scan,honest,0.453030303030303,0.0469696969696969,False,0.678,0.41,44
16,coord_scan,honest,0.456060606060606,0.0439393939393939,False,0.252,0.409,47
16,coord_scan,honest,0.4590909090909091,0.0409090909090908,False,0.6512,0.406,47
16,coord_scan,honest,0.4621212121212121,0.0378787878787879,False,0.276,0.42,48
16,coord_scan,honest,0.4651515151515151,0.0348484848484848,False,0.2542,0.434,43
16,coord_scan,honest,0.4681818181818181,0.0318181818181818,False,0.4382,0.454,45
16,coord_scan,honest,0.4712121212121212,0.0287878787878788,False,0.696,0.429,46
16,coord_scan,honest,0.4742424242424242,0.0257575757575757,False,0.6796,0.43,46
16,coord_scan,honest,0.4772727272727273,0.0227272727272727,False,0.468,0.452,45
16,coord_scan,honest,0.4803030303030303,0.0196969696969697,False,0.509,0.444,45
16,coord_scan,honest,0.4833333333333333,0.0166666666666666,False,0.5296,0.477,47
16,coord_scan,honest,0.4863636363636363,0.0136363636363636,False,0.3612,0.49,47
16,coord_scan,honest,0.4893939393939394,0.0106060606060606,False,0.6336,0.494,47
16,coord_scan,honest,0.4924242424242424,0.0075757575757575,False,0.7128,0.493,47
16,coord_scan,honest,0.4954545454545455,0.0045454545454545,False,0.4446,0.493,48
16,coord_scan,honest,0.4984848484848485,0.0015151515151515,False,0.5554,0.499,48
16,coord_scan,honest,0.5015151515151515,0.0015151515151514,False,0.15,0.498,48
16,coord_scan,honest,0.5045454545454545,0.0045454545454545,False,0.3984,0.499,44
16,coord_scan,honest,0.5075757575757576,0.0075757575757575,False,0.6422,0.489,47
16,coord_scan,honest,0.5106060606060606,0.0106060606060606,False,0.355,0.484,45
16,coord_scan,honest,0.5136363636363637,0.0136363636363636,False,0.3366,0.476,47
16,coord_scan,honest,0.5166666666666666,0.0166666666666666,False,0.3756,0.492,47
16,coord_scan,honest,0.5196969696969698,0.0196969696969697,False,0.4788,0.477,47
16,coord_scan,honest,0.5227272727272727,0.0227272727272727,False,0.2674,0.473,47
16,coord_scan,honest,0.5257575757575758,0.0257575757575757,False,0.2492,0.421,45
16,coord_scan,honest,0.5287878787878788,0.0287878787878788,False,0.4652,0.428,46
16,coord_scan,honest,0.5318181818181819,0.0318181818181818,False,0.3406,0.4429999999999999,43
16,coord_scan,honest,0.5348484848484849,0.0348484848484849,False,0.52,0.424,46
16,coord_scan,honest,0.5378787878787878,0.0378787878787878,False,0.3258,0.437,48
16,coord_scan,honest,0.5409090909090909,0.0409090909090908,False,0.4502,0.4,46
16,coord_scan,honest,0.543939393939394,0.0439393939393939,False,0.4264,0.417,46
16,coord_scan,honest,0.546969696969697,0.0469696969696969,False,0.5726,0.402,46
16,coord_scan,honest,0.55,0.05,False,0.749,0.38,46
16,coord_scan,honest,0.553030303030303,0.0530303030303029,False,0.469,0.382,47
16,coord_scan,honest,0.556060606060606,0.056060606060606,False,0.51,0.377,48
16,coord_scan,honest,0.5590909090909091,0.059090909090909,False,0.7626,0.362,46
16,coord_scan,honest,0.5621212121212121,0.0621212121212121,False,0.3646,0.392,45
16,coord_scan,honest,0.5651515151515152,0.0651515151515151,False,0.6186,0.37,47
16,coord_scan,honest,0.5681818181818181,0.0681818181818181,False,0.463,0.368,47
16,coord_scan,honest,0.5712121212121213,0.0712121212121212,False,0.353,0.355,48
16,coord_scan,honest,0.5742424242424242,0.0742424242424242,False,0.4212,0.3369999999999999,44
16,coord_scan,honest,0.5772727272727273,0.0772727272727272,False,0.4044,0.345,47
16,coord_scan,honest,0.5803030303030303,0.0803030303030303,False,0.567,0.3419999999999999,46
16,coord_scan,honest,0.5833333333333334,0.0833333333333333,False,0.6388,0.3429999999999999,44
16,coord_scan,honest,0.5863636363636364,0.0863636363636364,False,0.5452,0.3249999999999999,47
16,coord_scan,honest,0.5893939393939394,0.0893939393939393,False,0.193,0.3389999999999999,47
16,coord_scan,honest,0.5924242424242424,0.0924242424242424,False,0.2694,0.3179999999999999,46
16,coord_scan,honest,0.5954545454545455,0.0954545454545454,False,0.633,0.3399999999999999,47
16,coord_scan,honest,0.5984848484848485,0.0984848484848485,False,0.2962,0.31,46
16,coord_scan,honest,0.6015151515151516,0.1015151515151515,False,0.4698,0.286,48
16,coord_scan,honest,0.6045454545454545,0.1045454545454545,False,0.262,0.305,46
16,coord_scan,honest,0.6075757575757577,0.1075757575757576,False,0.5268,0.285,45
16,coord_scan,honest,0.6106060606060606,0.1106060606060606,False,0.311,0.273,46
16,coord_scan,honest,0.6136363636363636,0.1136363636363636,False,0.1776,0.297,47
16,coord_scan,honest,0.6166666666666667,0.1166666666666667,False,0.3506,0.28,47
16,coord_scan,honest,0.6196969696969696,0.1196969696969696,False,0.5532,0.264,47
16,coord_scan,honest,0.6227272727272728,0.1227272727272728,False,0.6408,0.28,46
16,coord_scan,honest,0.6257575757575757,0.1257575757575757,False,0.5816,0.285,46
16,coord_scan,honest,0.6287878787878788,0.1287878787878787,False,0.4488,0.267,48
16,coord_scan,honest,0.6318181818181818,0.1318181818181818,False,0.5364,0.253,47
16,coord_scan,honest,0.6348484848484849,0.1348484848484848,False,0.4518,0.267,45
16,coord_scan,honest,0.6378787878787879,0.1378787878787879,False,0.4216,0.259,45
16,coord_scan,honest,0.6409090909090909,0.1409090909090908,False,0.5834,0.2209999999999999,45
16,coord_scan,honest,0.643939393939394,0.143939393939394,False,0.2332,0.2139999999999999,46
16,coord_scan,honest,0.646969696969697,0.1469696969696969,False,0.1694,0.246,47
16,coord_scan,honest,0.65,0.15,False,0.406,0.237,45
