V,theta,strategy,model,anchor,flag,p_min,dvec_norm,dvec_cos
3,0,pc1,gated,0.44,False,0.181,,
3,0,pc1,gated,0.4420338983050847,False,0.9358,,
3,0,pc1,gated,0.4440677966101695,False,0.833,,
3,0,pc1,gated,0.4461016949152542,False,0.7912,,
3,0,pc1,gated,0.4481355932203389,False,0.8332,,
3,0,pc1,gated,0.4501694915254237,False,0.5006,,
3,0,pc1,gated,0.4522033898305085,False,0.6388,,
3,0,pc1,gated,0.4542372881355932,False,0.971,,
3,0,pc1,gated,0.456271186440678,False,0.2802,,
3,0,pc1,gated,0.4583050847457627,False,0.861,,
3,0,pc1,gated,0.4603389830508475,False,0.8494,,
3,0,pc1,gated,0.4623728813559322,False,0.8694,,
3,0,pc1,gated,0.4644067796610169,False,0.8556,,
3,0,pc1,gated,0.4664406779661017,False,0.5296,,
3,0,pc1,gated,0.4684745762711864,False,0.9948,,
3,0,pc1,gated,0.4705084745762712,False,0.2064,,
3,0,pc1,gated,0.4725423728813559,False,0.9164,,
3,0,pc1,gated,0.4745762711864407,False,0.9022,,
3,0,pc1,gated,0.4766101694915254,False,0.5382,,
3,0,pc1,gated,0.4786440677966102,False,0.0494,,
3,0,pc1,gated,0.4806779661016949,False,0.6982,,
3,0,pc1,gated,0.4827118644067797,False,0.5068,,
3,0,pc1,gated,0.4847457627118644,False,0.7348,,
3,0,pc1,gated,0.4867796610169492,False,0.6206,,
3,0,pc1,gated,0.4888135593220339,False,0.4582,,
3,0,pc1,gated,0.4908474576271187,False,0.171,,
3,0,pc1,gated,0.4928813559322034,False,0.6226,,
3,0,pc1,gated,0.4949152542372881,False,0.1704,,
3,0,pc1,gated,0.4969491525423729,False,0.3048,,
3,0,pc1,gated,0.4989830508474576,False,0.7078,,
3,0,pc1,gated,0.5010169491525424,False,0.58,,
3,0,pc1,gated,0.5030508474576272,False,0.5946,,
3,0,pc1,gated,0.5050847457627119,False,0.496,,
3,0,pc1,gated,0.5071186440677966,False,0.1214,,
3,0,pc1,gated,0.5091525423728814,False,0.9426,,
3,0,pc1,gated,0.5111864406779661,False,0.318,,
3,0,pc1,gated,0.5132203389830509,False,0.337,,
3,0,pc1,gated,0.5152542372881357,False,0.5368,,
3,0,pc1,gated,0.5172881355932204,False,0.526,,
3,0,pc1,gated,0.5193220338983051,False,0.8416,,
3,0,pc1,gated,0.5213559322033898,False,0.8552,,
3,0,pc1,gated,0.5233898305084747,False,0.4152,,
3,0,pc1,gated,0.5254237288135594,False,0.716,,
3,0,pc1,gated,0.5274576271186441,False,0.944,,
3,0,pc1,gated,0.5294915254237289,False,0.2288,,
3,0,pc1,gated,0.5315254237288136,False,0.993,,
3,0,pc1,gated,0.5335593220338983,False,0.8214,,
3,0,pc1,gated,0.535593220338983,False,0.961,,
3,0,pc1,gated,0.5376271186440679,False,0.674,,
3,0,pc1,gated,0.5396610169491526,False,0.8928,,
3,0,pc1,gated,0.5416949152542373,False,0.5928,,
3,0,pc1,gated,0.5437288135593221,False,0.9288,,
3,0,pc1,gated,0.5457627118644068,False,0.9502,,
3,0,pc1,gated,0.5477966101694915,False,0.73,,
3,0,pc1,gated,0.5498305084745763,False,0.8686,,
3,0,pc1,gated,0.5518644067796611,False,0.966,,
3,0,pc1,gated,0.5538983050847458,False,0.9574,,
3,0,pc1,gated,0.5559322033898305,False,0.8342,,
3,0,pc1,gated,0.5579661016949153,False,0.9738,,
3,0,pc1,gated,0.56,False,0.8208,,
3,0,pc1,honest,0.44,False,0.9738,,
3,0,pc1,honest,0.4420338983050847,False,0.8956,,
3,0,pc1,honest,0.4440677966101695,False,0.9672,,
3,0,pc1,honest,0.4461016949152542,False,0.9844,,
3,0,pc1,honest,0.4481355932203389,False,0.9002,,
3,0,pc1,honest,0.4501694915254237,False,0.8862,,
3,0,pc1,honest,0.4522033898305085,False,0.941,,
3,0,pc1,honest,0.4542372881355932,False,0.8686,,
3,0,pc1,honest,0.456271186440678,False,0.9898,,
3,0,pc1,honest,0.4583050847457627,False,0.9354,,
3,0,pc1,honest,0.4603389830508475,False,0.8682,,
3,0,pc1,honest,0.4623728813559322,False,0.9196,,
3,0,pc1,honest,0.4644067796610169,False,0.9062,,
3,0,pc1,honest,0.4664406779661017,False,0.9892,,
3,0,pc1,honest,0.4684745762711864,False,0.901,,
3,0,pc1,honest,0.4705084745762712,False,0.9954,,
3,0,pc1,honest,0.4725423728813559,False,0.8322,,
3,0,pc1,honest,0.4745762711864407,False,0.514,,
3,0,pc1,honest,0.4766101694915254,False,0.9718,,
3,0,pc1,honest,0.4786440677966102,False,0.9128,,
3,0,pc1,honest,0.4806779661016949,False,0.9188,,
3,0,pc1,honest,0.4827118644067797,False,0.6354,,
3,0,pc1,honest,0.4847457627118644,False,0.9722,,
3,0,pc1,honest,0.4867796610169492,False,0.7882,,
3,0,pc1,honest,0.4888135593220339,False,0.9718,,
3,0,pc1,honest,0.4908474576271187,False,0.9752,,
3,0,pc1,honest,0.4928813559322034,False,0.9468,,
3,0,pc1,honest,0.4949152542372881,False,0.985,,
3,0,pc1,honest,0.4969491525423729,False,0.978,,
3,0,pc1,honest,0.4989830508474576,False,0.937,,
3,0,pc1,honest,0.5010169491525424,False,0.7836,,
3,0,pc1,honest,0.5030508474576272,False,0.9962,,
3,0,pc1,honest,0.5050847457627119,False,0.7806,,
3,0,pc1,honest,0.5071186440677966,False,0.7336,,
3,0,pc1,honest,0.5091525423728814,False,0.9356,,
3,0,pc1,honest,0.5111864406779661,False,0.9982,,
3,0,pc1,honest,0.5132203389830509,False,0.9102,,
3,0,pc1,honest,0.5152542372881357,False,0.9028,,
3,0,pc1,honest,0.5172881355932204,False,0.9416,,
3,0,pc1,honest,0.5193220338983051,False,0.5918,,
3,0,pc1,honest,0.5213559322033898,False,0.967,,
3,0,pc1,honest,0.5233898305084747,False,0.953,,
3,0,pc1,honest,0.5254237288135594,False,0.4162,,
3,0,pc1,honest,0.5274576271186441,False,0.9128,,
3,0,pc1,honest,0.5294915254237289,False,0.9226,,
3,0,pc1,honest,0.5315254237288136,False,0.7,,
3,0,pc1,honest,0.5335593220338983,False,0.8844,,
3,0,pc1,honest,0.535593220338983,False,0.928,,
3,0,pc1,honest,0.5376271186440679,False,0.9514,,
3,0,pc1,honest,0.5396610169491526,False,0.8028,,
3,0,pc1,honest,0.5416949152542373,False,0.9902,,
3,0,pc1,honest,0.5437288135593221,False,0.936,,
3,0,pc1,honest,0.5457627118644068,False,0.8604,,
3,0,pc1,honest,0.5477966101694915,False,0.9226,,
3,0,pc1,honest,0.5498305084745763,False,0.828,,
3,0,pc1,honest,0.5518644067796611,False,0.633,,
3,0,pc1,honest,0.5538983050847458,False,0.6624,,
3,0,pc1,honest,0.5559322033898305,False,0.8706,,
3,0,pc1,honest,0.5579661016949153,False,0.9956,,
3,0,pc1,honest,0.56,False,0.812,,
3,0,pc2_bonf,gated,0.44,False,0.724,,
3,0,pc2_bonf,gated,0.4420338983050847,False,0.8426,,
3,0,pc2_bonf,gated,0.4440677966101695,False,0.8766,,
3,0,pc2_bonf,gated,0.4461016949152542,False,0.5708,,
3,0,pc2_bonf,gated,0.4481355932203389,False,0.4098,,
3,0,pc2_bonf,gated,0.4501694915254237,False,0.8448,,
3,0,pc2_bonf,gated,0.4522033898305085,False,0.9198,,
3,0,pc2_bonf,gated,0.4542372881355932,False,0.5402,,
3,0,pc2_bonf,gated,0.456271186440678,False,0.5406,,
3,0,pc2_bonf,gated,0.4583050847457627,False,0.68,,
3,0,pc2_bonf,gated,0.4603389830508475,False,0.5482,,
3,0,pc2_bonf,gated,0.4623728813559322,False,0.7128,,
3,0,pc2_bonf,gated,0.4644067796610169,False,0.6794,,
3,0,pc2_bonf,gated,0.4664406779661017,False,0.8952,,
3,0,pc2_bonf,gated,0.4684745762711864,False,0.9324,,
3,0,pc2_bonf,gated,0.4705084745762712,False,0.9454,,
3,0,pc2_bonf,gated,0.4725423728813559,False,0.385,,
3,0,pc2_bonf,gated,0.4745762711864407,False,0.4506,,
3,0,pc2_bonf,gated,0.4766101694915254,False,0.5368,,
3,0,pc2_bonf,gated,0.4786440677966102,False,0.8852,,
3,0,pc2_bonf,gated,0.4806779661016949,False,0.3916,,
3,0,pc2_bonf,gated,0.4827118644067797,False,0.2758,,
3,0,pc2_bonf,gated,0.4847457627118644,False,0.5306,,
3,0,pc2_bonf,gated,0.4867796610169492,False,0.6654,,
3,0,pc2_bonf,gated,0.4888135593220339,False,0.7252,,
3,0,pc2_bonf,gated,0.4908474576271187,False,0.5936,,
3,0,pc2_bonf,gated,0.4928813559322034,False,0.3334,,
3,0,pc2_bonf,gated,0.4949152542372881,False,0.6534,,
3,0,pc2_bonf,gated,0.4969491525423729,False,0.5182,,
3,0,pc2_bonf,gated,0.4989830508474576,False,0.311,,
3,0,pc2_bonf,gated,0.5010169491525424,False,0.5482,,
3,0,pc2_bonf,gated,0.5030508474576272,False,0.1356,,
3,0,pc2_bonf,gated,0.5050847457627119,False,0.4086,,
3,0,pc2_bonf,gated,0.5071186440677966,False,0.7848,,
3,0,pc2_bonf,gated,0.5091525423728814,False,0.1704,,
3,0,pc2_bonf,gated,0.5111864406779661,False,0.3446,,
3,0,pc2_bonf,gated,0.5132203389830509,False,0.791,,
3,0,pc2_bonf,gated,0.5152542372881357,False,0.3012,,
3,0,pc2_bonf,gated,0.5172881355932204,False,0.3924,,
3,0,pc2_bonf,gated,0.5193220338983051,False,0.7164,,
3,0,pc2_bonf,gated,0.5213559322033898,False,0.8024,,
3,0,pc2_bonf,gated,0.5233898305084747,False,0.6096,,
3,0,pc2_bonf,gated,0.5254237288135594,False,0.6472,,
3,0,pc2_bonf,gated,0.5274576271186441,False,0.832,,
3,0,pc2_bonf,gated,0.5294915254237289,False,0.752,,
3,0,pc2_bonf,gated,0.5315254237288136,False,0.7026,,
3,0,pc2_bonf,gated,0.5335593220338983,False,0.7928,,
3,0,pc2_bonf,gated,0.535593220338983,False,0.477,,
3,0,pc2_bonf,gated,0.5376271186440679,False,0.7794,,
3,0,pc2_bonf,gated,0.5396610169491526,False,0.8834,,
3,0,pc2_bonf,gated,0.5416949152542373,False,0.6294,,
3,0,pc2_bonf,gated,0.5437288135593221,False,0.8786,,
3,0,pc2_bonf,gated,0.5457627118644068,False,0.7758,,
3,0,pc2_bonf,gated,0.5477966101694915,False,0.953,,
3,0,pc2_bonf,gated,0.5498305084745763,False,0.5078,,
3,0,pc2_bonf,gated,0.5518644067796611,False,0.489,,
3,0,pc2_bonf,gated,0.5538983050847458,False,0.9738,,
3,0,pc2_bonf,gated,0.5559322033898305,False,0.9592,,
3,0,pc2_bonf,gated,0.5579661016949153,False,0.7588,,
3,0,pc2_bonf,gated,0.56,False,0.9574,,
3,0,pc2_bonf,honest,0.44,False,0.692,,
3,0,pc2_bonf,honest,0.4420338983050847,False,0.9374,,
3,0,pc2_bonf,honest,0.4440677966101695,False,0.8844,,
3,0,pc2_bonf,honest,0.4461016949152542,False,0.915,,
3,0,pc2_bonf,honest,0.4481355932203389,False,0.6964,,
3,0,pc2_bonf,honest,0.4501694915254237,False,0.8484,,
3,0,pc2_bonf,honest,0.4522033898305085,False,0.9324,,
3,0,pc2_bonf,honest,0.4542372881355932,False,0.7624,,
3,0,pc2_bonf,honest,0.456271186440678,False,0.52,,
3,0,pc2_bonf,honest,0.4583050847457627,False,0.3708,,
3,0,pc2_bonf,honest,0.4603389830508475,False,0.8396,,
3,0,pc2_bonf,honest,0.4623728813559322,False,0.8752,,
3,0,pc2_bonf,honest,0.4644067796610169,False,0.6998,,
3,0,pc2_bonf,honest,0.4664406779661017,False,0.4942,,
3,0,pc2_bonf,honest,0.4684745762711864,False,0.5294,,
3,0,pc2_bonf,honest,0.4705084745762712,False,0.7186,,
3,0,pc2_bonf,honest,0.4725423728813559,False,0.914,,
3,0,pc2_bonf,honest,0.4745762711864407,False,0.4644,,
3,0,pc2_bonf,honest,0.4766101694915254,False,0.9898,,
3,0,pc2_bonf,honest,0.4786440677966102,False,0.6376,,
3,0,pc2_bonf,honest,0.4806779661016949,False,0.7662,,
3,0,pc2_bonf,honest,0.4827118644067797,False,0.9824,,
3,0,pc2_bonf,honest,0.4847457627118644,False,0.901,,
3,0,pc2_bonf,honest,0.4867796610169492,False,0.5708,,
3,0,pc2_bonf,honest,0.4888135593220339,False,0.7208,,
3,0,pc2_bonf,honest,0.4908474576271187,False,0.8096,,
3,0,pc2_bonf,honest,0.4928813559322034,False,0.5456,,
3,0,pc2_bonf,honest,0.4949152542372881,False,0.813,,
3,0,pc2_bonf,honest,0.4969491525423729,False,0.5342,,
3,0,pc2_bonf,honest,0.4989830508474576,False,0.607,,
3,0,pc2_bonf,honest,0.5010169491525424,False,0.9576,,
3,0,pc2_bonf,honest,0.5030508474576272,False,0.8852,,
3,0,pc2_bonf,honest,0.5050847457627119,False,0.9048,,
3,0,pc2_bonf,honest,0.5071186440677966,False,0.9554,,
3,0,pc2_bonf,honest,0.5091525423728814,False,0.882,,
3,0,pc2_bonf,honest,0.5111864406779661,False,0.4056,,
3,0,pc2_bonf,honest,0.5132203389830509,False,0.3246,,
3,0,pc2_bonf,honest,0.5152542372881357,False,0.8966,,
3,0,pc2_bonf,honest,0.5172881355932204,False,0.8446,,
3,0,pc2_bonf,honest,0.5193220338983051,False,0.6412,,
3,0,pc2_bonf,honest,0.5213559322033898,False,0.9496,,
3,0,pc2_bonf,honest,0.5233898305084747,False,0.9356,,
3,0,pc2_bonf,honest,0.5254237288135594,False,0.7302,,
3,0,pc2_bonf,honest,0.5274576271186441,False,0.39,,
3,0,pc2_bonf,honest,0.5294915254237289,False,0.9048,,
3,0,pc2_bonf,honest,0.5315254237288136,False,0.7654,,
3,0,pc2_bonf,honest,0.5335593220338983,False,0.7404,,
3,0,pc2_bonf,honest,0.535593220338983,False,0.9264,,
3,0,pc2_bonf,honest,0.5376271186440679,False,0.882,,
3,0,pc2_bonf,honest,0.5396610169491526,False,0.929,,
3,0,pc2_bonf,honest,0.5416949152542373,False,0.8746,,
3,0,pc2_bonf,honest,0.5437288135593221,False,0.7656,,
3,0,pc2_bonf,honest,0.5457627118644068,False,0.4882,,
3,0,pc2_bonf,honest,0.5477966101694915,False,0.943,,
3,0,pc2_bonf,honest,0.5498305084745763,False,0.913,,
3,0,pc2_bonf,honest,0.5518644067796611,False,0.91,,
3,0,pc2_bonf,honest,0.5538983050847458,False,0.8758,,
3,0,pc2_bonf,honest,0.5559322033898305,False,0.8522,,
3,0,pc2_bonf,honest,0.5579661016949153,False,0.888,,
3,0,pc2_bonf,honest,0.56,False,0.96,,
3,0,axes_bonf,gated,0.44,False,0.5222,,
3,0,axes_bonf,gated,0.4420338983050847,False,0.8632,,
3,0,axes_bonf,gated,0.4440677966101695,False,0.514,,
3,0,axes_bonf,gated,0.4461016949152542,False,0.4936,,
3,0,axes_bonf,gated,0.4481355932203389,False,0.7584,,
3,0,axes_bonf,gated,0.4501694915254237,False,0.612,,
3,0,axes_bonf,gated,0.4522033898305085,False,0.6448,,
3,0,axes_bonf,gated,0.4542372881355932,False,0.772,,
3,0,axes_bonf,gated,0.456271186440678,False,0.861,,
3,0,axes_bonf,gated,0.4583050847457627,False,0.7992,,
3,0,axes_bonf,gated,0.4603389830508475,False,0.5712,,
3,0,axes_bonf,gated,0.4623728813559322,False,0.869,,
3,0,axes_bonf,gated,0.4644067796610169,False,0.1786,,
3,0,axes_bonf,gated,0.4664406779661017,False,0.8522,,
3,0,axes_bonf,gated,0.4684745762711864,False,0.9046,,
3,0,axes_bonf,gated,0.4705084745762712,False,0.866,,
3,0,axes_bonf,gated,0.4725423728813559,False,0.7052,,
3,0,axes_bonf,gated,0.4745762711864407,False,0.3038,,
3,0,axes_bonf,gated,0.4766101694915254,False,0.4584,,
3,0,axes_bonf,gated,0.4786440677966102,False,0.7968,,
3,0,axes_bonf,gated,0.4806779661016949,False,0.3214,,
3,0,axes_bonf,gated,0.4827118644067797,False,0.8076,,
3,0,axes_bonf,gated,0.4847457627118644,False,0.3974,,
3,0,axes_bonf,gated,0.4867796610169492,False,0.6602,,
3,0,axes_bonf,gated,0.4888135593220339,False,0.6104,,
3,0,axes_bonf,gated,0.4908474576271187,False,0.914,,
3,0,axes_bonf,gated,0.4928813559322034,False,0.4014,,
3,0,axes_bonf,gated,0.4949152542372881,False,0.5414,,
3,0,axes_bonf,gated,0.4969491525423729,False,0.168,,
3,0,axes_bonf,gated,0.4989830508474576,False,0.8098,,
3,0,axes_bonf,gated,0.5010169491525424,False,0.5226,,
3,0,axes_bonf,gated,0.5030508474576272,False,0.7908,,
3,0,axes_bonf,gated,0.5050847457627119,False,0.1548,,
3,0,axes_bonf,gated,0.5071186440677966,False,0.7786,,
3,0,axes_bonf,gated,0.5091525423728814,False,0.735,,
3,0,axes_bonf,gated,0.5111864406779661,False,0.655,,
3,0,axes_bonf,gated,0.5132203389830509,False,0.6974,,
3,0,axes_bonf,gated,0.5152542372881357,False,0.3026,,
3,0,axes_bonf,gated,0.5172881355932204,False,0.2338,,
3,0,axes_bonf,gated,0.5193220338983051,False,0.6082,,
3,0,axes_bonf,gated,0.5213559322033898,False,0.607,,
3,0,axes_bonf,gated,0.5233898305084747,False,0.7444,,
3,0,axes_bonf,gated,0.5254237288135594,False,0.913,,
3,0,axes_bonf,gated,0.5274576271186441,False,0.7878,,
3,0,axes_bonf,gated,0.5294915254237289,False,0.2334,,
3,0,axes_bonf,gated,0.5315254237288136,False,0.8144,,
3,0,axes_bonf,gated,0.5335593220338983,False,0.9128,,
3,0,axes_bonf,gated,0.535593220338983,False,0.899,,
3,0,axes_bonf,gated,0.5376271186440679,False,0.8172,,
3,0,axes_bonf,gated,0.5396610169491526,False,0.5116,,
3,0,axes_bonf,gated,0.5416949152542373,False,0.6738,,
3,0,axes_bonf,gated,0.5437288135593221,False,0.9208,,
3,0,axes_bonf,gated,0.5457627118644068,False,0.6034,,
3,0,axes_bonf,gated,0.5477966101694915,False,0.766,,
3,0,axes_bonf,gated,0.5498305084745763,False,0.5956,,
3,0,axes_bonf,gated,0.5518644067796611,False,0.784,,
3,0,axes_bonf,gated,0.5538983050847458,False,0.2194,,
3,0,axes_bonf,gated,0.5559322033898305,False,0.943,,
3,0,axes_bonf,gated,0.5579661016949153,False,0.5794,,
3,0,axes_bonf,gated,0.56,False,0.2488,,
3,0,axes_bonf,honest,0.44,False,0.801,,
3,0,axes_bonf,honest,0.4420338983050847,False,0.465,,
3,0,axes_bonf,honest,0.4440677966101695,False,0.9128,,
3,0,axes_bonf,honest,0.4461016949152542,False,0.449,,
3,0,axes_bonf,honest,0.4481355932203389,False,0.7758,,
3,0,axes_bonf,honest,0.4501694915254237,False,0.6126,,
3,0,axes_bonf,honest,0.4522033898305085,False,0.7836,,
3,0,axes_bonf,honest,0.4542372881355932,False,0.7758,,
3,0,axes_bonf,honest,0.456271186440678,False,0.7824,,
3,0,axes_bonf,honest,0.4583050847457627,False,0.8558,,
3,0,axes_bonf,honest,0.4603389830508475,False,0.4788,,
3,0,axes_bonf,honest,0.4623728813559322,False,0.6186,,
3,0,axes_bonf,honest,0.4644067796610169,False,0.9018,,
3,0,axes_bonf,honest,0.4664406779661017,False,0.695,,
3,0,axes_bonf,honest,0.4684745762711864,False,0.596,,
3,0,axes_bonf,honest,0.4705084745762712,False,0.8794,,
3,0,axes_bonf,honest,0.4725423728813559,False,0.7136,,
3,0,axes_bonf,honest,0.4745762711864407,False,0.8178,,
3,0,axes_bonf,honest,0.4766101694915254,False,0.867,,
3,0,axes_bonf,honest,0.4786440677966102,False,0.4612,,
3,0,axes_bonf,honest,0.4806779661016949,False,0.5098,,
3,0,axes_bonf,honest,0.4827118644067797,False,0.8848,,
3,0,axes_bonf,honest,0.4847457627118644,False,0.6262,,
3,0,axes_bonf,honest,0.4867796610169492,False,0.8278,,
3,0,axes_bonf,honest,0.4888135593220339,False,0.5224,,
3,0,axes_bonf,honest,0.4908474576271187,False,0.5996,,
3,0,axes_bonf,honest,0.4928813559322034,False,0.9128,,
3,0,axes_bonf,honest,0.4949152542372881,False,0.7584,,
3,0,axes_bonf,honest,0.4969491525423729,False,0.6774,,
3,0,axes_bonf,honest,0.4989830508474576,False,0.7704,,
3,0,axes_bonf,honest,0.5010169491525424,False,0.2928,,
3,0,axes_bonf,honest,0.5030508474576272,False,0.7246,,
3,0,axes_bonf,honest,0.5050847457627119,False,0.861,,
3,0,axes_bonf,honest,0.5071186440677966,False,0.9472,,
3,0,axes_bonf,honest,0.5091525423728814,False,0.7542,,
3,0,axes_bonf,honest,0.5111864406779661,False,0.8352,,
3,0,axes_bonf,honest,0.5132203389830509,False,0.8962,,
3,0,axes_bonf,honest,0.5152542372881357,False,0.937,,
3,0,axes_bonf,honest,0.5172881355932204,False,0.5018,,
3,0,axes_bonf,honest,0.5193220338983051,False,0.8802,,
3,0,axes_bonf,honest,0.5213559322033898,False,0.9046,,
3,0,axes_bonf,honest,0.5233898305084747,False,0.9158,,
3,0,axes_bonf,honest,0.5254237288135594,False,0.8524,,
3,0,axes_bonf,honest,0.5274576271186441,False,0.562,,
3,0,axes_bonf,honest,0.5294915254237289,False,0.8644,,
3,0,axes_bonf,honest,0.5315254237288136,False,0.2952,,
3,0,axes_bonf,honest,0.5335593220338983,False,0.4498,,
3,0,axes_bonf,honest,0.535593220338983,False,0.7052,,
3,0,axes_bonf,honest,0.5376271186440679,False,0.6202,,
3,0,axes_bonf,honest,0.5396610169491526,False,0.872,,
3,0,axes_bonf,honest,0.5416949152542373,False,0.8342,,
3,0,axes_bonf,honest,0.5437288135593221,False,0.6828,,
3,0,axes_bonf,honest,0.5457627118644068,False,0.5114,,
3,0,axes_bonf,honest,0.5477966101694915,False,0.8496,,
3,0,axes_bonf,honest,0.5498305084745763,False,0.374,,
3,0,axes_bonf,honest,0.5518644067796611,False,0.2552,,
3,0,axes_bonf,honest,0.5538983050847458,False,0.4796,,
3,0,axes_bonf,honest,0.5559322033898305,False,0.9704,,
3,0,axes_bonf,honest,0.5579661016949153,False,0.8842,,
3,0,axes_bonf,honest,0.56,False,0.834,,
3,0,rand8_bonf,gated,0.44,False,0.823,,
3,0,rand8_bonf,gated,0.4420338983050847,False,0.6778,,
3,0,rand8_bonf,gated,0.4440677966101695,False,0.6206,,
3,0,rand8_bonf,gated,0.4461016949152542,False,0.7008,,
3,0,rand8_bonf,gated,0.4481355932203389,False,0.634,,
3,0,rand8_bonf,gated,0.4501694915254237,False,0.8798,,
3,0,rand8_bonf,gated,0.4522033898305085,False,0.6804,,
3,0,rand8_bonf,gated,0.4542372881355932,False,0.4566,,
3,0,rand8_bonf,gated,0.456271186440678,False,0.4084,,
3,0,rand8_bonf,gated,0.4583050847457627,False,0.5068,,
3,0,rand8_bonf,gated,0.4603389830508475,False,0.4712,,
3,0,rand8_bonf,gated,0.4623728813559322,False,0.1058,,
3,0,rand8_bonf,gated,0.4644067796610169,False,0.5058,,
3,0,rand8_bonf,gated,0.4664406779661017,False,0.6774,,
3,0,rand8_bonf,gated,0.4684745762711864,False,0.1522,,
3,0,rand8_bonf,gated,0.4705084745762712,False,0.5838,,
3,0,rand8_bonf,gated,0.4725423728813559,False,0.3122,,
3,0,rand8_bonf,gated,0.4745762711864407,False,0.6792,,
3,0,rand8_bonf,gated,0.4766101694915254,False,0.1476,,
3,0,rand8_bonf,gated,0.4786440677966102,False,0.3502,,
3,0,rand8_bonf,gated,0.4806779661016949,False,0.406,,
3,0,rand8_bonf,gated,0.4827118644067797,False,0.4382,,
3,0,rand8_bonf,gated,0.4847457627118644,False,0.2512,,
3,0,rand8_bonf,gated,0.4867796610169492,False,0.2292,,
3,0,rand8_bonf,gated,0.4888135593220339,False,0.1694,,
3,0,rand8_bonf,gated,0.4908474576271187,False,0.5372,,
3,0,rand8_bonf,gated,0.4928813559322034,False,0.6284,,
3,0,rand8_bonf,gated,0.4949152542372881,False,0.526,,
3,0,rand8_bonf,gated,0.4969491525423729,False,0.5664,,
3,0,rand8_bonf,gated,0.4989830508474576,False,0.6828,,
3,0,rand8_bonf,gated,0.5010169491525424,False,0.4174,,
3,0,rand8_bonf,gated,0.5030508474576272,False,0.1486,,
3,0,rand8_bonf,gated,0.5050847457627119,False,0.3816,,
3,0,rand8_bonf,gated,0.5071186440677966,False,0.1916,,
3,0,rand8_bonf,gated,0.5091525423728814,False,0.3012,,
3,0,rand8_bonf,gated,0.5111864406779661,False,0.464,,
3,0,rand8_bonf,gated,0.5132203389830509,False,0.5452,,
3,0,rand8_bonf,gated,0.5152542372881357,False,0.2898,,
3,0,rand8_bonf,gated,0.5172881355932204,False,0.1516,,
3,0,rand8_bonf,gated,0.5193220338983051,False,0.3708,,
3,0,rand8_bonf,gated,0.5213559322033898,False,0.0476,,
3,0,rand8_bonf,gated,0.5233898305084747,False,0.5078,,
3,0,rand8_bonf,gated,0.5254237288135594,False,0.7224,,
3,0,rand8_bonf,gated,0.5274576271186441,False,0.6114,,
3,0,rand8_bonf,gated,0.5294915254237289,False,0.4208,,
3,0,rand8_bonf,gated,0.5315254237288136,False,0.1938,,
3,0,rand8_bonf,gated,0.5335593220338983,False,0.6996,,
3,0,rand8_bonf,gated,0.535593220338983,False,0.6262,,
3,0,rand8_bonf,gated,0.5376271186440679,False,0.4582,,
3,0,rand8_bonf,gated,0.5396610169491526,False,0.278,,
3,0,rand8_bonf,gated,0.5416949152542373,False,0.9038,,
3,0,rand8_bonf,gated,0.5437288135593221,False,0.2892,,
3,0,rand8_bonf,gated,0.5457627118644068,False,0.5068,,
3,0,rand8_bonf,gated,0.5477966101694915,False,0.4462,,
3,0,rand8_bonf,gated,0.5498305084745763,False,0.4882,,
3,0,rand8_bonf,gated,0.5518644067796611,False,0.5758,,
3,0,rand8_bonf,gated,0.5538983050847458,False,0.7808,,
3,0,rand8_bonf,gated,0.5559322033898305,False,0.7436,,
3,0,rand8_bonf,gated,0.5579661016949153,False,0.7816,,
3,0,rand8_bonf,gated,0.56,False,0.6186,,
3,0,rand8_bonf,honest,0.44,False,0.8934,,
3,0,rand8_bonf,honest,0.4420338983050847,False,0.5548,,
3,0,rand8_bonf,honest,0.4440677966101695,False,0.4078,,
3,0,rand8_bonf,honest,0.4461016949152542,False,0.5948,,
3,0,rand8_bonf,honest,0.4481355932203389,False,0.5754,,
3,0,rand8_bonf,honest,0.4501694915254237,False,0.6886,,
3,0,rand8_bonf,honest,0.4522033898305085,False,0.5538,,
3,0,rand8_bonf,honest,0.4542372881355932,False,0.4146,,
3,0,rand8_bonf,honest,0.456271186440678,False,0.6034,,
3,0,rand8_bonf,honest,0.4583050847457627,False,0.493,,
3,0,rand8_bonf,honest,0.4603389830508475,False,0.7572,,
3,0,rand8_bonf,honest,0.4623728813559322,False,0.7974,,
3,0,rand8_bonf,honest,0.4644067796610169,False,0.5134,,
3,0,rand8_bonf,honest,0.4664406779661017,False,0.5542,,
3,0,rand8_bonf,honest,0.4684745762711864,False,0.4106,,
3,0,rand8_bonf,honest,0.4705084745762712,False,0.6204,,
3,0,rand8_bonf,honest,0.4725423728813559,False,0.7342,,
3,0,rand8_bonf,honest,0.4745762711864407,False,0.3554,,
3,0,rand8_bonf,honest,0.4766101694915254,False,0.7404,,
3,0,rand8_bonf,honest,0.4786440677966102,False,0.7478,,
3,0,rand8_bonf,honest,0.4806779661016949,False,0.4684,,
3,0,rand8_bonf,honest,0.4827118644067797,False,0.7894,,
3,0,rand8_bonf,honest,0.4847457627118644,False,0.752,,
3,0,rand8_bonf,honest,0.4867796610169492,False,0.4166,,
3,0,rand8_bonf,honest,0.4888135593220339,False,0.7158,,
3,0,rand8_bonf,honest,0.4908474576271187,False,0.4588,,
3,0,rand8_bonf,honest,0.4928813559322034,False,0.6586,,
3,0,rand8_bonf,honest,0.4949152542372881,False,0.714,,
3,0,rand8_bonf,honest,0.4969491525423729,False,0.595,,
3,0,rand8_bonf,honest,0.4989830508474576,False,0.8072,,
3,0,rand8_bonf,honest,0.5010169491525424,False,0.5766,,
3,0,rand8_bonf,honest,0.5030508474576272,False,0.5596,,
3,0,rand8_bonf,honest,0.5050847457627119,False,0.6302,,
3,0,rand8_bonf,honest,0.5071186440677966,False,0.5514,,
3,0,rand8_bonf,honest,0.5091525423728814,False,0.7264,,
3,0,rand8_bonf,honest,0.5111864406779661,False,0.6448,,
3,0,rand8_bonf,honest,0.5132203389830509,False,0.5536,,
3,0,rand8_bonf,honest,0.5152542372881357,False,0.706,,
3,0,rand8_bonf,honest,0.5172881355932204,False,0.6448,,
3,0,rand8_bonf,honest,0.5193220338983051,False,0.7836,,
3,0,rand8_bonf,honest,0.5213559322033898,False,0.5994,,
3,0,rand8_bonf,honest,0.5233898305084747,False,0.4044,,
3,0,rand8_bonf,honest,0.5254237288135594,False,0.7008,,
3,0,rand8_bonf,honest,0.5274576271186441,False,0.2488,,
3,0,rand8_bonf,honest,0.5294915254237289,False,0.628,,
3,0,rand8_bonf,honest,0.5315254237288136,False,0.7784,,
3,0,rand8_bonf,honest,0.5335593220338983,False,0.8396,,
3,0,rand8_bonf,honest,0.535593220338983,False,0.8514,,
3,0,rand8_bonf,honest,0.5376271186440679,False,0.2582,,
3,0,rand8_bonf,honest,0.5396610169491526,False,0.775,,
3,0,rand8_bonf,honest,0.5416949152542373,False,0.4934,,
3,0,rand8_bonf,honest,0.5437288135593221,False,0.5304,,
3,0,rand8_bonf,honest,0.5457627118644068,False,0.7522,,
3,0,rand8_bonf,honest,0.5477966101694915,False,0.4092,,
3,0,rand8_bonf,honest,0.5498305084745763,False,0.5414,,
3,0,rand8_bonf,honest,0.5518644067796611,False,0.7026,,
3,0,rand8_bonf,honest,0.5538983050847458,False,0.6554,,
3,0,rand8_bonf,honest,0.5559322033898305,False,0.5206,,
3,0,rand8_bonf,honest,0.5579661016949153,False,0.188,,
3,0,rand8_bonf,honest,0.56,False,0.508,,
3,30,pc1,gated,0.44,False,0.3982,,
3,30,pc1,gated,0.4420338983050847,False,0.96,,
3,30,pc1,gated,0.4440677966101695,False,0.7508,,
3,30,pc1,gated,0.4461016949152542,False,0.9142,,
3,30,pc1,gated,0.4481355932203389,False,0.9516,,
3,30,pc1,gated,0.4501694915254237,False,0.8634,,
3,30,pc1,gated,0.4522033898305085,False,0.991,,
3,30,pc1,gated,0.4542372881355932,False,0.916,,
3,30,pc1,gated,0.456271186440678,False,0.992,,
3,30,pc1,gated,0.4583050847457627,False,0.7908,,
3,30,pc1,gated,0.4603389830508475,False,0.9248,,
3,30,pc1,gated,0.4623728813559322,False,0.9496,,
3,30,pc1,gated,0.4644067796610169,False,0.6502,,
3,30,pc1,gated,0.4664406779661017,False,0.9948,,
3,30,pc1,gated,0.4684745762711864,False,0.965,,
3,30,pc1,gated,0.4705084745762712,False,0.3656,,
3,30,pc1,gated,0.4725423728813559,False,0.574,,
3,30,pc1,gated,0.4745762711864407,False,0.9796,,
3,30,pc1,gated,0.4766101694915254,False,0.9672,,
3,30,pc1,gated,0.4786440677966102,False,0.9274,,
3,30,pc1,gated,0.4806779661016949,False,0.6566,,
3,30,pc1,gated,0.4827118644067797,False,0.4278,,
3,30,pc1,gated,0.4847457627118644,False,0.9812,,
3,30,pc1,gated,0.4867796610169492,False,0.1516,,
3,30,pc1,gated,0.4888135593220339,False,0.3972,,
3,30,pc1,gated,0.4908474576271187,False,0.6342,,
3,30,pc1,gated,0.4928813559322034,False,0.3664,,
3,30,pc1,gated,0.4949152542372881,False,0.6476,,
3,30,pc1,gated,0.4969491525423729,False,0.7848,,
3,30,pc1,gated,0.4989830508474576,False,0.1632,,
3,30,pc1,gated,0.5010169491525424,False,0.7458,,
3,30,pc1,gated,0.5030508474576272,False,0.9916,,
3,30,pc1,gated,0.5050847457627119,False,0.9128,,
3,30,pc1,gated,0.5071186440677966,False,0.8388,,
3,30,pc1,gated,0.5091525423728814,False,0.9574,,
3,30,pc1,gated,0.5111864406779661,False,0.0288,,
3,30,pc1,gated,0.5132203389830509,False,0.829,,
3,30,pc1,gated,0.5152542372881357,False,0.966,,
3,30,pc1,gated,0.5172881355932204,False,0.8656,,
3,30,pc1,gated,0.5193220338983051,False,0.741,,
3,30,pc1,gated,0.5213559322033898,False,0.9942,,
3,30,pc1,gated,0.5233898305084747,False,0.8452,,
3,30,pc1,gated,0.5254237288135594,False,0.8054,,
3,30,pc1,gated,0.5274576271186441,False,0.8204,,
3,30,pc1,gated,0.5294915254237289,False,0.8714,,
3,30,pc1,gated,0.5315254237288136,False,0.7664,,
3,30,pc1,gated,0.5335593220338983,False,0.9324,,
3,30,pc1,gated,0.535593220338983,False,0.956,,
3,30,pc1,gated,0.5376271186440679,False,0.8028,,
3,30,pc1,gated,0.5396610169491526,False,0.997,,
3,30,pc1,gated,0.5416949152542373,False,0.8598,,
3,30,pc1,gated,0.5437288135593221,False,0.966,,
3,30,pc1,gated,0.5457627118644068,False,0.9062,,
3,30,pc1,gated,0.5477966101694915,False,0.949,,
3,30,pc1,gated,0.5498305084745763,False,0.9862,,
3,30,pc1,gated,0.5518644067796611,False,0.6,,
3,30,pc1,gated,0.5538983050847458,False,0.8924,,
3,30,pc1,gated,0.5559322033898305,False,0.9626,,
3,30,pc1,gated,0.5579661016949153,False,0.7942,,
3,30,pc1,gated,0.56,False,0.9658,,
3,30,pc1,honest,0.44,False,0.8804,,
3,30,pc1,honest,0.4420338983050847,False,0.9112,,
3,30,pc1,honest,0.4440677966101695,False,0.96,,
3,30,pc1,honest,0.4461016949152542,False,0.9302,,
3,30,pc1,honest,0.4481355932203389,False,0.9902,,
3,30,pc1,honest,0.4501694915254237,False,0.758,,
3,30,pc1,honest,0.4522033898305085,False,0.8756,,
3,30,pc1,honest,0.4542372881355932,False,0.9754,,
3,30,pc1,honest,0.456271186440678,False,0.5684,,
3,30,pc1,honest,0.4583050847457627,False,0.9754,,
3,30,pc1,honest,0.4603389830508475,False,0.994,,
3,30,pc1,honest,0.4623728813559322,False,0.9774,,
3,30,pc1,honest,0.4644067796610169,False,0.5134,,
3,30,pc1,honest,0.4664406779661017,False,0.8242,,
3,30,pc1,honest,0.4684745762711864,False,0.997,,
3,30,pc1,honest,0.4705084745762712,False,0.7518,,
3,30,pc1,honest,0.4725423728813559,False,0.7756,,
3,30,pc1,honest,0.4745762711864407,False,0.9466,,
3,30,pc1,honest,0.4766101694915254,False,0.104,,
3,30,pc1,honest,0.4786440677966102,False,0.9032,,
3,30,pc1,honest,0.4806779661016949,False,0.9856,,
3,30,pc1,honest,0.4827118644067797,False,0.9266,,
3,30,pc1,honest,0.4847457627118644,False,0.8588,,
3,30,pc1,honest,0.4867796610169492,False,0.8816,,
3,30,pc1,honest,0.4888135593220339,False,0.69,,
3,30,pc1,honest,0.4908474576271187,False,0.987,,
3,30,pc1,honest,0.4928813559322034,False,0.6594,,
3,30,pc1,honest,0.4949152542372881,False,0.9366,,
3,30,pc1,honest,0.4969491525423729,False,0.9452,,
3,30,pc1,honest,0.4989830508474576,False,0.914,,
3,30,pc1,honest,0.5010169491525424,False,0.7526,,
3,30,pc1,honest,0.5030508474576272,False,0.9836,,
3,30,pc1,honest,0.5050847457627119,False,0.972,,
3,30,pc1,honest,0.5071186440677966,False,0.8438,,
3,30,pc1,honest,0.5091525423728814,False,0.8988,,
3,30,pc1,honest,0.5111864406779661,False,0.9896,,
3,30,pc1,honest,0.5132203389830509,False,0.9754,,
3,30,pc1,honest,0.5152542372881357,False,0.9804,,
3,30,pc1,honest,0.5172881355932204,False,0.9786,,
3,30,pc1,honest,0.5193220338983051,False,0.9892,,
3,30,pc1,honest,0.5213559322033898,False,0.9922,,
3,30,pc1,honest,0.5233898305084747,False,0.971,,
3,30,pc1,honest,0.5254237288135594,False,0.9842,,
3,30,pc1,honest,0.5274576271186441,False,0.3936,,
3,30,pc1,honest,0.5294915254237289,False,0.9636,,
3,30,pc1,honest,0.5315254237288136,False,0.4084,,
3,30,pc1,honest,0.5335593220338983,False,0.982,,
3,30,pc1,honest,0.535593220338983,False,0.9232,,
3,30,pc1,honest,0.5376271186440679,False,0.992,,
3,30,pc1,honest,0.5396610169491526,False,0.7646,,
3,30,pc1,honest,0.5416949152542373,False,0.9788,,
3,30,pc1,honest,0.5437288135593221,False,0.9786,,
3,30,pc1,honest,0.5457627118644068,False,0.8396,,
3,30,pc1,honest,0.5477966101694915,False,0.6566,,
3,30,pc1,honest,0.5498305084745763,False,0.9854,,
3,30,pc1,honest,0.5518644067796611,False,0.9462,,
3,30,pc1,honest,0.5538983050847458,False,0.9898,,
3,30,pc1,honest,0.5559322033898305,False,0.9508,,
3,30,pc1,honest,0.5579661016949153,False,0.824,,
3,30,pc1,honest,0.56,False,0.969,,
3,30,pc2_bonf,gated,0.44,True,0.0004,0.1803757424036008,0.9993200586665066
3,30,pc2_bonf,gated,0.4420338983050847,True,0.0002,0.182472735891717,0.999234083083698
3,30,pc2_bonf,gated,0.4440677966101695,True,0.0002,0.1881237301225195,0.9993165789238254
3,30,pc2_bonf,gated,0.4461016949152542,True,0.0002,0.1751416394474731,0.9996524652325744
3,30,pc2_bonf,gated,0.4481355932203389,True,0.0002,0.1879119386221262,0.9993761312847004
3,30,pc2_bonf,gated,0.4501694915254237,True,0.0002,0.1772445758935432,0.9994562722064952
3,30,pc2_bonf,gated,0.4522033898305085,True,0.0002,0.1775997389245223,0.9991893588935046
3,30,pc2_bonf,gated,0.4542372881355932,True,0.0002,0.1731664303585376,0.9992693839330808
3,30,pc2_bonf,gated,0.456271186440678,True,0.0002,0.1750106403757697,0.9997524937053524
3,30,pc2_bonf,gated,0.4583050847457627,True,0.0002,0.1865586231064782,0.999674953162666
3,30,pc2_bonf,gated,0.4603389830508475,True,0.0002,0.1835304385768972,0.9997393980728464
3,30,pc2_bonf,gated,0.4623728813559322,True,0.0002,0.1777295063035005,0.9997132493588888
3,30,pc2_bonf,gated,0.4644067796610169,True,0.0002,0.1682425066271326,0.9998669930177144
3,30,pc2_bonf,gated,0.4664406779661017,True,0.0002,0.17289647506743,0.9994940145880336
3,30,pc2_bonf,gated,0.4684745762711864,True,0.0002,0.1774574598044123,0.9998975738811524
3,30,pc2_bonf,gated,0.4705084745762712,True,0.0002,0.1785608828254914,0.9997501654122032
3,30,pc2_bonf,gated,0.4725423728813559,True,0.0002,0.1717126786271881,0.9994229249414596
3,30,pc2_bonf,gated,0.4745762711864407,True,0.0002,0.1773354467792698,0.9998389400863756
3,30,pc2_bonf,gated,0.4766101694915254,True,0.0002,0.1698555710461672,0.999391481567916
3,30,pc2_bonf,gated,0.4786440677966102,True,0.0002,0.1770755561152482,0.9994105619372934
3,30,pc2_bonf,gated,0.4806779661016949,True,0.0002,0.1744724885799222,0.9996287825493976
3,30,pc2_bonf,gated,0.4827118644067797,True,0.0002,0.1734161281558513,0.9997020379605932
3,30,pc2_bonf,gated,0.4847457627118644,True,0.0002,0.1788685766261873,0.9996518469363052
3,30,pc2_bonf,gated,0.4867796610169492,True,0.0002,0.167955200193915,0.9996464703928692
3,30,pc2_bonf,gated,0.4888135593220339,True,0.0002,0.1715522547401069,0.9997885687934492
3,30,pc2_bonf,gated,0.4908474576271187,True,0.0002,0.1748824049515331,0.9995560320065712
3,30,pc2_bonf,gated,0.4928813559322034,True,0.0002,0.1670466689488979,0.998480147058723
3,30,pc2_bonf,gated,0.4949152542372881,True,0.0002,0.1660671251800567,0.9995251717642176
3,30,pc2_bonf,gated,0.4969491525423729,True,0.0002,0.1715194712458782,0.99952784301966
3,30,pc2_bonf,gated,0.4989830508474576,True,0.0002,0.1666983035187381,0.998334702374153
3,30,pc2_bonf,gated,0.5010169491525424,True,0.0002,0.1676794641865518,0.998934825693285
3,30,pc2_bonf,gated,0.5030508474576272,True,0.0002,0.1663366337946449,0.9996101011708766
3,30,pc2_bonf,gated,0.5050847457627119,True,0.0002,0.1675478470632567,0.9991200037947044
3,30,pc2_bonf,gated,0.5071186440677966,True,0.0002,0.1785936655604879,0.999637352557908
3,30,pc2_bonf,gated,0.5091525423728814,True,0.0002,0.1755656734061295,0.9999115703468888
3,30,pc2_bonf,gated,0.5111864406779661,True,0.0002,0.1667611319753295,0.9994376503739346
3,30,pc2_bonf,gated,0.5132203389830509,True,0.0002,0.1702183275813056,0.999367592348722
3,30,pc2_bonf,gated,0.5152542372881357,True,0.0002,0.1695844792631178,0.9997580705874906
3,30,pc2_bonf,gated,0.5172881355932204,True,0.0002,0.1747257469503749,0.9997374854420434
3,30,pc2_bonf,gated,0.5193220338983051,True,0.0002,0.1725124619824171,0.9992673962103694
3,30,pc2_bonf,gated,0.5213559322033898,True,0.0002,0.1713311223335099,0.9994717164233128
3,30,pc2_bonf,gated,0.5233898305084747,True,0.0002,0.1668596991177553,0.9993665415039816
3,30,pc2_bonf,gated,0.5254237288135594,True,0.0002,0.1672704695570719,0.9998728723494889
3,30,pc2_bonf,gated,0.5274576271186441,True,0.0002,0.1737367045850185,0.9994719275745038
3,30,pc2_bonf,gated,0.5294915254237289,True,0.0002,0.1773689520678338,0.9996050350644178
3,30,pc2_bonf,gated,0.5315254237288136,True,0.0002,0.1795463604226025,0.99927751930608
3,30,pc2_bonf,gated,0.5335593220338983,True,0.0002,0.1673564193745691,0.9998156114741116
3,30,pc2_bonf,gated,0.535593220338983,True,0.0002,0.1752900512807411,0.999541882305232
3,30,pc2_bonf,gated,0.5376271186440679,True,0.0002,0.1784462345058121,0.999700337404824
3,30,pc2_bonf,gated,0.5396610169491526,True,0.0002,0.1784045072627983,0.9995468393224012
3,30,pc2_bonf,gated,0.5416949152542373,True,0.0002,0.1805630798533367,0.9999412022666048
3,30,pc2_bonf,gated,0.5437288135593221,True,0.0002,0.1845345323013033,0.9992730785929588
3,30,pc2_bonf,gated,0.5457627118644068,True,0.0002,0.182674703783897,0.9997603372752242
3,30,pc2_bonf,gated,0.5477966101694915,True,0.0002,0.1781376998305677,0.9993542344954546
3,30,pc2_bonf,gated,0.5498305084745763,True,0.0002,0.1840456881832691,0.9996626234077776
3,30,pc2_bonf,gated,0.5518644067796611,True,0.0002,0.1778932848056349,0.999611630387659
3,30,pc2_bonf,gated,0.5538983050847458,True,0.0002,0.1802069803674508,0.999475605974772
3,30,pc2_bonf,gated,0.5559322033898305,True,0.0002,0.1791054600590173,0.9994822257915178
3,30,pc2_bonf,gated,0.5579661016949153,True,0.0006,0.1845405187335202,0.9994278583865388
3,30,pc2_bonf,gated,0.56,True,0.0004,0.1881113289761272,0.9991364536161192
3,30,pc2_bonf,honest,0.44,False,0.7504,,
3,30,pc2_bonf,honest,0.4420338983050847,False,0.4654,,
3,30,pc2_bonf,honest,0.4440677966101695,False,0.7778,,
3,30,pc2_bonf,honest,0.4461016949152542,False,0.9694,,
3,30,pc2_bonf,honest,0.4481355932203389,False,0.7668,,
3,30,pc2_bonf,honest,0.4501694915254237,False,0.763,,
3,30,pc2_bonf,honest,0.4522033898305085,False,0.9456,,
3,30,pc2_bonf,honest,0.4542372881355932,False,0.8992,,
3,30,pc2_bonf,honest,0.456271186440678,False,0.9396,,
3,30,pc2_bonf,honest,0.4583050847457627,False,0.6092,,
3,30,pc2_bonf,honest,0.4603389830508475,False,0.8842,,
3,30,pc2_bonf,honest,0.4623728813559322,False,0.7642,,
3,30,pc2_bonf,honest,0.4644067796610169,False,0.9516,,
3,30,pc2_bonf,honest,0.4664406779661017,False,0.789,,
3,30,pc2_bonf,honest,0.4684745762711864,False,0.9198,,
3,30,pc2_bonf,honest,0.4705084745762712,False,0.7928,,
3,30,pc2_bonf,honest,0.4725423728813559,False,0.8934,,
3,30,pc2_bonf,honest,0.4745762711864407,False,0.926,,
3,30,pc2_bonf,honest,0.4766101694915254,False,0.8652,,
3,30,pc2_bonf,honest,0.4786440677966102,False,0.7158,,
3,30,pc2_bonf,honest,0.4806779661016949,False,0.6182,,
3,30,pc2_bonf,honest,0.4827118644067797,False,0.8776,,
3,30,pc2_bonf,honest,0.4847457627118644,False,0.912,,
3,30,pc2_bonf,honest,0.4867796610169492,False,0.715,,
3,30,pc2_bonf,honest,0.4888135593220339,False,0.9094,,
3,30,pc2_bonf,honest,0.4908474576271187,False,0.281,,
3,30,pc2_bonf,honest,0.4928813559322034,False,0.814,,
3,30,pc2_bonf,honest,0.4949152542372881,False,0.9016,,
3,30,pc2_bonf,honest,0.4969491525423729,False,0.8988,,
3,30,pc2_bonf,honest,0.4989830508474576,False,0.9636,,
3,30,pc2_bonf,honest,0.5010169491525424,False,0.857,,
3,30,pc2_bonf,honest,0.5030508474576272,False,0.4696,,
3,30,pc2_bonf,honest,0.5050847457627119,False,0.759,,
3,30,pc2_bonf,honest,0.5071186440677966,False,0.761,,
3,30,pc2_bonf,honest,0.5091525423728814,False,0.7088,,
3,30,pc2_bonf,honest,0.5111864406779661,False,0.9718,,
3,30,pc2_bonf,honest,0.5132203389830509,False,0.4946,,
3,30,pc2_bonf,honest,0.5152542372881357,False,0.7486,,
3,30,pc2_bonf,honest,0.5172881355932204,False,0.8164,,
3,30,pc2_bonf,honest,0.5193220338983051,False,0.678,,
3,30,pc2_bonf,honest,0.5213559322033898,False,0.8766,,
3,30,pc2_bonf,honest,0.5233898305084747,False,0.9598,,
3,30,pc2_bonf,honest,0.5254237288135594,False,0.918,,
3,30,pc2_bonf,honest,0.5274576271186441,False,0.646,,
3,30,pc2_bonf,honest,0.5294915254237289,False,0.7504,,
3,30,pc2_bonf,honest,0.5315254237288136,False,0.6812,,
3,30,pc2_bonf,honest,0.5335593220338983,False,0.8274,,
3,30,pc2_bonf,honest,0.535593220338983,False,0.883,,
3,30,pc2_bonf,honest,0.5376271186440679,False,0.7842,,
3,30,pc2_bonf,honest,0.5396610169491526,False,0.9164,,
3,30,pc2_bonf,honest,0.5416949152542373,False,0.7274,,
3,30,pc2_bonf,honest,0.5437288135593221,False,0.8182,,
3,30,pc2_bonf,honest,0.5457627118644068,False,0.8686,,
3,30,pc2_bonf,honest,0.5477966101694915,False,0.9482,,
3,30,pc2_bonf,honest,0.5498305084745763,False,0.8956,,
3,30,pc2_bonf,honest,0.5518644067796611,False,0.968,,
3,30,pc2_bonf,honest,0.5538983050847458,False,0.3062,,
3,30,pc2_bonf,honest,0.5559322033898305,False,0.5698,,
3,30,pc2_bonf,honest,0.5579661016949153,False,0.6706,,
3,30,pc2_bonf,honest,0.56,False,0.857,,
3,30,axes_bonf,gated,0.44,True,0.0002,0.3038000347712714,0.9998220146080667
3,30,axes_bonf,gated,0.4420338983050847,True,0.0002,0.301750233145664,0.9998915118873604
3,30,axes_bonf,gated,0.4440677966101695,True,0.0002,0.3006674251588696,0.9999920152630866
3,30,axes_bonf,gated,0.4461016949152542,True,0.0002,0.2952114479207732,0.999913228394078
3,30,axes_bonf,gated,0.4481355932203389,True,0.0002,0.29258097713,0.999984167170966
3,30,axes_bonf,gated,0.4501694915254237,True,0.0002,0.3013991576667317,0.9999261170006004
3,30,axes_bonf,gated,0.4522033898305085,True,0.0002,0.2955552983033667,0.9999605233663564
3,30,axes_bonf,gated,0.4542372881355932,True,0.0002,0.29741016084252,0.9998941906316592
3,30,axes_bonf,gated,0.456271186440678,True,0.0002,0.2993896455005126,0.9999939033578592
3,30,axes_bonf,gated,0.4583050847457627,True,0.0002,0.300594832347814,0.9999683768247756
3,30,axes_bonf,gated,0.4603389830508475,True,0.0002,0.3004105711797498,0.9998591242030844
3,30,axes_bonf,gated,0.4623728813559322,True,0.0002,0.3005126037449166,0.9997427575969275
3,30,axes_bonf,gated,0.4644067796610169,True,0.0002,0.2989454957300361,0.9999516708860748
3,30,axes_bonf,gated,0.4664406779661017,True,0.0002,0.3009108848999222,0.9999621534108276
3,30,axes_bonf,gated,0.4684745762711864,True,0.0002,0.3014023945664956,0.9998721505978386
3,30,axes_bonf,gated,0.4705084745762712,True,0.0002,0.2957284422405605,0.9998268403588728
3,30,axes_bonf,gated,0.4725423728813559,True,0.0002,0.3009082167277343,0.999928279164676
3,30,axes_bonf,gated,0.4745762711864407,True,0.0002,0.3008085601218617,0.999990388241497
3,30,axes_bonf,gated,0.4766101694915254,True,0.0002,0.2980519291552208,0.9999816011079924
3,30,axes_bonf,gated,0.4786440677966102,True,0.0002,0.3014361377223757,0.999963160709359
3,30,axes_bonf,gated,0.4806779661016949,True,0.0002,0.2977227170667482,0.999865290511938
3,30,axes_bonf,gated,0.4827118644067797,True,0.0002,0.2982661854674085,0.9999168440609754
3,30,axes_bonf,gated,0.4847457627118644,True,0.0002,0.2966847801639514,0.9998134483535962
3,30,axes_bonf,gated,0.4867796610169492,True,0.0002,0.3014048526609693,0.9998140868718112
3,30,axes_bonf,gated,0.4888135593220339,True,0.0002,0.3013206386374685,0.9999960277336586
3,30,axes_bonf,gated,0.4908474576271187,True,0.0002,0.2935153332299329,0.9999742655089208
3,30,axes_bonf,gated,0.4928813559322034,True,0.0002,0.3000575254474595,0.9999524203881442
3,30,axes_bonf,gated,0.4949152542372881,True,0.0002,0.2972114453221905,0.999963854558308
3,30,axes_bonf,gated,0.4969491525423729,True,0.0002,0.3008689649900438,0.9999812524853768
3,30,axes_bonf,gated,0.4989830508474576,True,0.0002,0.3015887186150101,0.9999700815935698
3,30,axes_bonf,gated,0.5010169491525424,True,0.0002,0.2979396966274671,0.9998916537955668
3,30,axes_bonf,gated,0.5030508474576272,True,0.0002,0.3008529659732142,0.9999816459738026
3,30,axes_bonf,gated,0.5050847457627119,True,0.0002,0.3046159899481295,0.999995464817512
3,30,axes_bonf,gated,0.5071186440677966,True,0.0002,0.2999493251896508,0.999955509818252
3,30,axes_bonf,gated,0.5091525423728814,True,0.0002,0.2961867559462673,0.9999508670675156
3,30,axes_bonf,gated,0.5111864406779661,True,0.0002,0.2970904011748086,0.9999950214971676
3,30,axes_bonf,gated,0.5132203389830509,True,0.0002,0.2958232598095947,0.999994140786008
3,30,axes_bonf,gated,0.5152542372881357,True,0.0002,0.2980721458816445,0.9999874617936524
3,30,axes_bonf,gated,0.5172881355932204,True,0.0002,0.3015638559277867,0.999945500086181
3,30,axes_bonf,gated,0.5193220338983051,True,0.0002,0.2974682516626516,0.999949908586738
3,30,axes_bonf,gated,0.5213559322033898,True,0.0002,0.3053052609801836,0.9999948694772632
3,30,axes_bonf,gated,0.5233898305084747,True,0.0002,0.3012454958341831,0.9998848871275332
3,30,axes_bonf,gated,0.5254237288135594,True,0.0002,0.3019916394356712,0.999909690711821
3,30,axes_bonf,gated,0.5274576271186441,True,0.0002,0.2982347891482761,0.9999681874301956
3,30,axes_bonf,gated,0.5294915254237289,True,0.0002,0.3027820255634841,0.9999929418776596
3,30,axes_bonf,gated,0.5315254237288136,True,0.0002,0.2990453263364823,0.9999655675879312
3,30,axes_bonf,gated,0.5335593220338983,True,0.0002,0.2978822479209244,0.9999774647338548
3,30,axes_bonf,gated,0.535593220338983,True,0.0002,0.2981196767667734,0.9999671644758944
3,30,axes_bonf,gated,0.5376271186440679,True,0.0002,0.3013507763090073,0.9999943293117786
3,30,axes_bonf,gated,0.5396610169491526,True,0.0002,0.3013941775576675,0.9998018031687108
3,30,axes_bonf,gated,0.5416949152542373,True,0.0002,0.3000581027310494,0.9999367116009076
3,30,axes_bonf,gated,0.5437288135593221,True,0.0002,0.2931236666010982,0.9999941112738536
3,30,axes_bonf,gated,0.5457627118644068,True,0.0002,0.3022441784255609,0.9999997169470902
3,30,axes_bonf,gated,0.5477966101694915,True,0.0002,0.3002887379316943,0.999985908543618
3,30,axes_bonf,gated,0.5498305084745763,True,0.0002,0.2986245922770695,0.9999905185665078
3,30,axes_bonf,gated,0.5518644067796611,True,0.0002,0.2964825180272677,0.9999550048147238
3,30,axes_bonf,gated,0.5538983050847458,True,0.0002,0.3003614545523603,0.999865082894695
3,30,axes_bonf,gated,0.5559322033898305,True,0.0002,0.3008991806219929,0.999885241303685
3,30,axes_bonf,gated,0.5579661016949153,True,0.0002,0.2987118112979469,0.9999789787289708
3,30,axes_bonf,gated,0.56,True,0.0002,0.2951583344697179,0.9997051209204532
3,30,axes_bonf,honest,0.44,False,0.5598,,
3,30,axes_bonf,honest,0.4420338983050847,False,0.933,,
3,30,axes_bonf,honest,0.4440677966101695,False,0.8004,,
3,30,axes_bonf,honest,0.4461016949152542,False,0.843,,
3,30,axes_bonf,honest,0.4481355932203389,False,0.7904,,
3,30,axes_bonf,honest,0.4501694915254237,False,0.633,,
3,30,axes_bonf,honest,0.4522033898305085,False,0.5966,,
3,30,axes_bonf,honest,0.4542372881355932,False,0.804,,
3,30,axes_bonf,honest,0.456271186440678,False,0.7588,,
3,30,axes_bonf,honest,0.4583050847457627,False,0.4046,,
3,30,axes_bonf,honest,0.4603389830508475,False,0.8468,,
3,30,axes_bonf,honest,0.4623728813559322,False,0.8852,,
3,30,axes_bonf,honest,0.4644067796610169,False,0.947,,
3,30,axes_bonf,honest,0.4664406779661017,False,0.7924,,
3,30,axes_bonf,honest,0.4684745762711864,False,0.4052,,
3,30,axes_bonf,honest,0.4705084745762712,False,0.9922,,
3,30,axes_bonf,honest,0.4725423728813559,False,0.7436,,
3,30,axes_bonf,honest,0.4745762711864407,False,0.9212,,
3,30,axes_bonf,honest,0.4766101694915254,False,0.6294,,
3,30,axes_bonf,honest,0.4786440677966102,False,0.6426,,
3,30,axes_bonf,honest,0.4806779661016949,False,0.6702,,
3,30,axes_bonf,honest,0.4827118644067797,False,0.675,,
3,30,axes_bonf,honest,0.4847457627118644,False,0.901,,
3,30,axes_bonf,honest,0.4867796610169492,False,0.9156,,
3,30,axes_bonf,honest,0.4888135593220339,False,0.5698,,
3,30,axes_bonf,honest,0.4908474576271187,False,0.6774,,
3,30,axes_bonf,honest,0.4928813559322034,False,0.4976,,
3,30,axes_bonf,honest,0.4949152542372881,False,0.8114,,
3,30,axes_bonf,honest,0.4969491525423729,False,0.6738,,
3,30,axes_bonf,honest,0.4989830508474576,False,0.814,,
3,30,axes_bonf,honest,0.5010169491525424,False,0.3914,,
3,30,axes_bonf,honest,0.5030508474576272,False,0.9322,,
3,30,axes_bonf,honest,0.5050847457627119,False,0.6622,,
3,30,axes_bonf,honest,0.5071186440677966,False,0.1642,,
3,30,axes_bonf,honest,0.5091525423728814,False,0.8146,,
3,30,axes_bonf,honest,0.5111864406779661,False,0.9586,,
3,30,axes_bonf,honest,0.5132203389830509,False,0.784,,
3,30,axes_bonf,honest,0.5152542372881357,False,0.7874,,
3,30,axes_bonf,honest,0.5172881355932204,False,0.766,,
3,30,axes_bonf,honest,0.5193220338983051,False,0.8864,,
3,30,axes_bonf,honest,0.5213559322033898,False,0.7878,,
3,30,axes_bonf,honest,0.5233898305084747,False,0.923,,
3,30,axes_bonf,honest,0.5254237288135594,False,0.6976,,
3,30,axes_bonf,honest,0.5274576271186441,False,0.8046,,
3,30,axes_bonf,honest,0.5294915254237289,False,0.1778,,
3,30,axes_bonf,honest,0.5315254237288136,False,0.8924,,
3,30,axes_bonf,honest,0.5335593220338983,False,0.8054,,
3,30,axes_bonf,honest,0.535593220338983,False,0.9144,,
3,30,axes_bonf,honest,0.5376271186440679,False,0.7086,,
3,30,axes_bonf,honest,0.5396610169491526,False,0.9232,,
3,30,axes_bonf,honest,0.5416949152542373,False,0.4882,,
3,30,axes_bonf,honest,0.5437288135593221,False,0.96,,
3,30,axes_bonf,honest,0.5457627118644068,False,0.7062,,
3,30,axes_bonf,honest,0.5477966101694915,False,0.9132,,
3,30,axes_bonf,honest,0.5498305084745763,False,0.7348,,
3,30,axes_bonf,honest,0.5518644067796611,False,0.7786,,
3,30,axes_bonf,honest,0.5538983050847458,False,0.5788,,
3,30,axes_bonf,honest,0.5559322033898305,False,0.838,,
3,30,axes_bonf,honest,0.5579661016949153,False,0.5764,,
3,30,axes_bonf,honest,0.56,False,0.9028,,
3,30,rand8_bonf,gated,0.44,True,0.0002,0.3051186292125069,0.999780247031868
3,30,rand8_bonf,gated,0.4420338983050847,True,0.0008,0.2825489435042343,0.99989911680203
3,30,rand8_bonf,gated,0.4440677966101695,True,0.0002,0.3031407605774099,0.9997769250941156
3,30,rand8_bonf,gated,0.4461016949152542,True,0.0002,0.1666710257075495,0.9993665432319864
3,30,rand8_bonf,gated,0.4481355932203389,True,0.0002,0.0670901104225785,0.9979529529077706
3,30,rand8_bonf,gated,0.4501694915254237,False,0.0064,,
3,30,rand8_bonf,gated,0.4522033898305085,True,0.0002,0.0870326201129873,0.9982618560138932
3,30,rand8_bonf,gated,0.4542372881355932,True,0.0002,0.2985767441900644,0.9999231203188816
3,30,rand8_bonf,gated,0.456271186440678,True,0.0002,0.1938542969357465,0.9905827442986448
3,30,rand8_bonf,gated,0.4583050847457627,True,0.0002,0.3028848246655984,0.9999569660270212
3,30,rand8_bonf,gated,0.4603389830508475,True,0.0002,0.2690882318941941,0.999566794815074
3,30,rand8_bonf,gated,0.4623728813559322,True,0.0002,0.301176529518134,0.99986333446237
3,30,rand8_bonf,gated,0.4644067796610169,True,0.0002,0.2798573322338494,0.9998915713373976
3,30,rand8_bonf,gated,0.4664406779661017,True,0.0002,0.2548222048024973,0.9982245530984916
3,30,rand8_bonf,gated,0.4684745762711864,True,0.0002,0.03739034831533,0.999326471957536
3,30,rand8_bonf,gated,0.4705084745762712,True,0.0002,0.0960104111904389,0.9778338801661138
3,30,rand8_bonf,gated,0.4725423728813559,True,0.0002,0.1461088082604509,0.9984932069519412
3,30,rand8_bonf,gated,0.4745762711864407,True,0.0002,0.2931774203876511,0.9997523581970004
3,30,rand8_bonf,gated,0.4766101694915254,True,0.0002,0.0940714613514388,0.999840652941826
3,30,rand8_bonf,gated,0.4786440677966102,True,0.0002,0.2959934291550105,0.999872656974524
3,30,rand8_bonf,gated,0.4806779661016949,True,0.0002,0.0118913177044562,0.9783593837411966
3,30,rand8_bonf,gated,0.4827118644067797,True,0.0002,0.2994532757881422,0.9999842428934228
3,30,rand8_bonf,gated,0.4847457627118644,True,0.0002,0.2900343572346861,0.9999131934862924
3,30,rand8_bonf,gated,0.4867796610169492,True,0.0002,0.2995911599950741,0.999981566418192
3,30,rand8_bonf,gated,0.4888135593220339,True,0.0002,0.174420793541629,0.9978734515180528
3,30,rand8_bonf,gated,0.4908474576271187,True,0.0002,0.2967649633440967,0.9999794851496892
3,30,rand8_bonf,gated,0.4928813559322034,True,0.0002,0.1996932909197536,0.9994583484438854
3,30,rand8_bonf,gated,0.4949152542372881,True,0.0002,0.2497823338754514,0.9998972744547138
3,30,rand8_bonf,gated,0.4969491525423729,True,0.0002,0.2973347064671002,0.999923975286048
3,30,rand8_bonf,gated,0.4989830508474576,True,0.0002,0.2931833120688095,0.9999293947690302
3,30,rand8_bonf,gated,0.5010169491525424,True,0.0002,0.3019243745042368,0.9999700233040676
3,30,rand8_bonf,gated,0.5030508474576272,True,0.0002,0.2989742619649092,0.9999964473654348
3,30,rand8_bonf,gated,0.5050847457627119,True,0.0002,0.1952165682360487,0.9995849346636486
3,30,rand8_bonf,gated,0.5071186440677966,True,0.0002,0.1954664646522098,0.9997922130341164
3,30,rand8_bonf,gated,0.5091525423728814,True,0.0002,0.2870885098917913,0.9997271498956718
3,30,rand8_bonf,gated,0.5111864406779661,True,0.0002,0.2890368926373999,0.9999991369608968
3,30,rand8_bonf,gated,0.5132203389830509,True,0.0002,0.3014010747755459,0.9999593133304758
3,30,rand8_bonf,gated,0.5152542372881357,True,0.0002,0.1969046722601108,0.9998210157689286
3,30,rand8_bonf,gated,0.5172881355932204,True,0.0002,0.0289982990929043,0.9933116954705428
3,30,rand8_bonf,gated,0.5193220338983051,True,0.0002,0.297373291749621,0.999929152104682
3,30,rand8_bonf,gated,0.5213559322033898,True,0.0002,0.2200433063693071,0.9997336795408124
3,30,rand8_bonf,gated,0.5233898305084747,True,0.0002,0.2082547085636191,0.9936167371291604
3,30,rand8_bonf,gated,0.5254237288135594,True,0.0002,0.2616761711701494,0.9990376850846012
3,30,rand8_bonf,gated,0.5274576271186441,True,0.0002,0.2826326527100768,0.9996067115274376
3,30,rand8_bonf,gated,0.5294915254237289,True,0.0002,0.2982025211670806,0.9999206571063572
3,30,rand8_bonf,gated,0.5315254237288136,True,0.0002,0.1935771863530332,0.9926325227312452
3,30,rand8_bonf,gated,0.5335593220338983,True,0.0002,0.2998419321271094,0.9999956424514376
3,30,rand8_bonf,gated,0.535593220338983,True,0.0002,0.2748228859776097,0.999008237776933
3,30,rand8_bonf,gated,0.5376271186440679,True,0.0002,0.2985545511442605,0.9999881868531144
3,30,rand8_bonf,gated,0.5396610169491526,True,0.0002,0.2802505345941579,0.9997891181528576
3,30,rand8_bonf,gated,0.5416949152542373,True,0.0002,0.1957089333264287,0.9994243754386264
3,30,rand8_bonf,gated,0.5437288135593221,True,0.0002,0.2471409707723369,0.9946308413766454
3,30,rand8_bonf,gated,0.5457627118644068,True,0.0002,0.2144544198421285,0.9997581290428624
3,30,rand8_bonf,gated,0.5477966101694915,False,0.0714,,
3,30,rand8_bonf,gated,0.5498305084745763,True,0.0002,0.2840831019204256,0.9998975155326448
3,30,rand8_bonf,gated,0.5518644067796611,True,0.0002,0.1558938184431377,0.9991891461790908
3,30,rand8_bonf,gated,0.5538983050847458,True,0.0002,0.1250630934694614,0.9992366939700916
3,30,rand8_bonf,gated,0.5559322033898305,True,0.0008,0.2929275322177258,0.9997801987102596
3,30,rand8_bonf,gated,0.5579661016949153,True,0.0002,0.2805656422731,0.999539094012862
3,30,rand8_bonf,gated,0.56,True,0.0002,0.2999616251104605,0.9999822219315024
3,30,rand8_bonf,honest,0.44,False,0.256,,
3,30,rand8_bonf,honest,0.4420338983050847,False,0.5532,,
3,30,rand8_bonf,honest,0.4440677966101695,False,0.673,,
3,30,rand8_bonf,honest,0.4461016949152542,False,0.6996,,
3,30,rand8_bonf,honest,0.4481355932203389,False,0.7472,,
3,30,rand8_bonf,honest,0.4501694915254237,False,0.5342,,
3,30,rand8_bonf,honest,0.4522033898305085,False,0.8776,,
3,30,rand8_bonf,honest,0.4542372881355932,False,0.6342,,
3,30,rand8_bonf,honest,0.456271186440678,False,0.6828,,
3,30,rand8_bonf,honest,0.4583050847457627,False,0.8614,,
3,30,rand8_bonf,honest,0.4603389830508475,False,0.7842,,
3,30,rand8_bonf,honest,0.4623728813559322,False,0.838,,
3,30,rand8_bonf,honest,0.4644067796610169,False,0.5764,,
3,30,rand8_bonf,honest,0.4664406779661017,False,0.752,,
3,30,rand8_bonf,honest,0.4684745762711864,False,0.8412,,
3,30,rand8_bonf,honest,0.4705084745762712,False,0.3058,,
3,30,rand8_bonf,honest,0.4725423728813559,False,0.7406,,
3,30,rand8_bonf,honest,0.4745762711864407,False,0.7836,,
3,30,rand8_bonf,honest,0.4766101694915254,False,0.7496,,
3,30,rand8_bonf,honest,0.4786440677966102,False,0.6426,,
3,30,rand8_bonf,honest,0.4806779661016949,False,0.667,,
3,30,rand8_bonf,honest,0.4827118644067797,False,0.6928,,
3,30,rand8_bonf,honest,0.4847457627118644,False,0.7042,,
3,30,rand8_bonf,honest,0.4867796610169492,False,0.5264,,
3,30,rand8_bonf,honest,0.4888135593220339,False,0.6664,,
3,30,rand8_bonf,honest,0.4908474576271187,False,0.9416,,
3,30,rand8_bonf,honest,0.4928813559322034,False,0.7466,,
3,30,rand8_bonf,honest,0.4949152542372881,False,0.6308,,
3,30,rand8_bonf,honest,0.4969491525423729,False,0.3402,,
3,30,rand8_bonf,honest,0.4989830508474576,False,0.3534,,
3,30,rand8_bonf,honest,0.5010169491525424,False,0.7508,,
3,30,rand8_bonf,honest,0.5030508474576272,False,0.7328,,
3,30,rand8_bonf,honest,0.5050847457627119,False,0.5152,,
3,30,rand8_bonf,honest,0.5071186440677966,False,0.8362,,
3,30,rand8_bonf,honest,0.5091525423728814,False,0.855,,
3,30,rand8_bonf,honest,0.5111864406779661,False,0.7522,,
3,30,rand8_bonf,honest,0.5132203389830509,False,0.6814,,
3,30,rand8_bonf,honest,0.5152542372881357,False,0.4182,,
3,30,rand8_bonf,honest,0.5172881355932204,False,0.7244,,
3,30,rand8_bonf,honest,0.5193220338983051,False,0.3474,,
3,30,rand8_bonf,honest,0.5213559322033898,False,0.8678,,
3,30,rand8_bonf,honest,0.5233898305084747,False,0.5362,,
3,30,rand8_bonf,honest,0.5254237288135594,False,0.7848,,
3,30,rand8_bonf,honest,0.5274576271186441,False,0.8266,,
3,30,rand8_bonf,honest,0.5294915254237289,False,0.534,,
3,30,rand8_bonf,honest,0.5315254237288136,False,0.697,,
3,30,rand8_bonf,honest,0.5335593220338983,False,0.6778,,
3,30,rand8_bonf,honest,0.535593220338983,False,0.6092,,
3,30,rand8_bonf,honest,0.5376271186440679,False,0.7432,,
3,30,rand8_bonf,honest,0.5396610169491526,False,0.7404,,
3,30,rand8_bonf,honest,0.5416949152542373,False,0.7462,,
3,30,rand8_bonf,honest,0.5437288135593221,False,0.5948,,
3,30,rand8_bonf,honest,0.5457627118644068,False,0.209,,
3,30,rand8_bonf,honest,0.5477966101694915,False,0.3526,,
3,30,rand8_bonf,honest,0.5498305084745763,False,0.897,,
3,30,rand8_bonf,honest,0.5518644067796611,False,0.746,,
3,30,rand8_bonf,honest,0.5538983050847458,False,0.5472,,
3,30,rand8_bonf,honest,0.5559322033898305,False,0.4574,,
3,30,rand8_bonf,honest,0.5579661016949153,False,0.5542,,
3,30,rand8_bonf,honest,0.56,False,0.4894,,
3,60,pc1,gated,0.44,False,0.9496,,
3,60,pc1,gated,0.4420338983050847,False,0.6488,,
3,60,pc1,gated,0.4440677966101695,False,0.9786,,
3,60,pc1,gated,0.4461016949152542,False,0.5406,,
3,60,pc1,gated,0.4481355932203389,False,0.9726,,
3,60,pc1,gated,0.4501694915254237,False,0.9892,,
3,60,pc1,gated,0.4522033898305085,False,0.7836,,
3,60,pc1,gated,0.4542372881355932,False,0.989,,
3,60,pc1,gated,0.456271186440678,False,0.5124,,
3,60,pc1,gated,0.4583050847457627,False,0.0416,,
3,60,pc1,gated,0.4603389830508475,False,0.1526,,
3,60,pc1,gated,0.4623728813559322,True,0.0004,,
3,60,pc1,gated,0.4644067796610169,True,0.0014,,
3,60,pc1,gated,0.4664406779661017,True,0.0002,0.0586024495968917,0.9955130888137383
3,60,pc1,gated,0.4684745762711864,True,0.0002,0.0357699171771148,0.9710167037447994
3,60,pc1,gated,0.4705084745762712,True,0.0002,0.0272240698360673,0.996212442174728
3,60,pc1,gated,0.4725423728813559,True,0.0002,,
3,60,pc1,gated,0.4745762711864407,True,0.0002,0.2015454407497111,0.9960627872133726
3,60,pc1,gated,0.4766101694915254,True,0.0002,0.067521541186916,0.999838581821534
3,60,pc1,gated,0.4786440677966102,True,0.0002,0.1752566747100656,0.993598978595565
3,60,pc1,gated,0.4806779661016949,True,0.0002,0.022549006863725,0.9973293450476995
3,60,pc1,gated,0.4827118644067797,True,0.0002,0.0866552287839543,0.9963437329190048
3,60,pc1,gated,0.4847457627118644,True,0.0002,,
3,60,pc1,gated,0.4867796610169492,True,0.0002,0.1039332181394861,0.9989174133259452
3,60,pc1,gated,0.4888135593220339,True,0.0002,0.0409108513940691,0.999934289995286
3,60,pc1,gated,0.4908474576271187,True,0.0002,,
3,60,pc1,gated,0.4928813559322034,True,0.0002,,
3,60,pc1,gated,0.4949152542372881,True,0.0002,0.1708356788999059,0.998244585641586
3,60,pc1,gated,0.4969491525423729,True,0.0002,0.1506853258838186,0.9990037603401236
3,60,pc1,gated,0.4989830508474576,True,0.0002,0.1416791102341708,0.9938002225721332
3,60,pc1,gated,0.5010169491525424,True,0.0002,0.1276086493723033,0.995918062821172
3,60,pc1,gated,0.5030508474576272,True,0.0002,,
3,60,pc1,gated,0.5050847457627119,True,0.0002,0.0101427403255402,0.9607161071227552
3,60,pc1,gated,0.5071186440677966,True,0.0002,,
3,60,pc1,gated,0.5091525423728814,True,0.0002,,
3,60,pc1,gated,0.5111864406779661,True,0.0002,0.0741112938886421,0.9936925921861416
3,60,pc1,gated,0.5132203389830509,True,0.0002,0.0328660163444111,0.9967709845752004
3,60,pc1,gated,0.5152542372881357,True,0.0002,0.0046106805206164,0.8948828559772684
3,60,pc1,gated,0.5172881355932204,True,0.0002,,
3,60,pc1,gated,0.5193220338983051,True,0.0002,,
3,60,pc1,gated,0.5213559322033898,True,0.0002,0.0256424865625594,0.9699785634390784
3,60,pc1,gated,0.5233898305084747,True,0.0002,0.2376579553659632,0.9872310203131262
3,60,pc1,gated,0.5254237288135594,True,0.0002,,
3,60,pc1,gated,0.5274576271186441,True,0.0002,0.1131964453283477,0.9979194033801174
3,60,pc1,gated,0.5294915254237289,True,0.0002,,
3,60,pc1,gated,0.5315254237288136,True,0.0002,,
3,60,pc1,gated,0.5335593220338983,True,0.0002,0.0679902362183036,0.999599738259723
3,60,pc1,gated,0.535593220338983,True,0.0004,0.3462311664285251,0.9979263359097948
3,60,pc1,gated,0.5376271186440679,False,0.0198,,
3,60,pc1,gated,0.5396610169491526,False,0.1688,,
3,60,pc1,gated,0.5416949152542373,False,0.2364,,
3,60,pc1,gated,0.5437288135593221,False,0.7662,,
3,60,pc1,gated,0.5457627118644068,False,0.8652,,
3,60,pc1,gated,0.5477966101694915,False,0.9516,,
3,60,pc1,gated,0.5498305084745763,False,0.861,,
3,60,pc1,gated,0.5518644067796611,False,0.7342,,
3,60,pc1,gated,0.5538983050847458,False,0.2694,,
3,60,pc1,gated,0.5559322033898305,False,0.8812,,
3,60,pc1,gated,0.5579661016949153,False,0.5726,,
3,60,pc1,gated,0.56,False,0.9114,,
3,60,pc1,honest,0.44,False,0.8932,,
3,60,pc1,honest,0.4420338983050847,False,0.9796,,
3,60,pc1,honest,0.4440677966101695,False,0.96,,
3,60,pc1,honest,0.4461016949152542,False,0.6498,,
3,60,pc1,honest,0.4481355932203389,False,0.935,,
3,60,pc1,honest,0.4501694915254237,False,0.663,,
3,60,pc1,honest,0.4522033898305085,False,0.7246,,
3,60,pc1,honest,0.4542372881355932,False,0.9558,,
3,60,pc1,honest,0.456271186440678,False,0.9898,,
3,60,pc1,honest,0.4583050847457627,False,0.8072,,
3,60,pc1,honest,0.4603389830508475,False,0.6688,,
3,60,pc1,honest,0.4623728813559322,False,0.8966,,
3,60,pc1,honest,0.4644067796610169,False,0.8928,,
3,60,pc1,honest,0.4664406779661017,False,0.6432,,
3,60,pc1,honest,0.4684745762711864,False,0.8864,,
3,60,pc1,honest,0.4705084745762712,False,0.6752,,
3,60,pc1,honest,0.4725423728813559,False,0.988,,
3,60,pc1,honest,0.4745762711864407,False,0.987,,
3,60,pc1,honest,0.4766101694915254,False,0.7566,,
3,60,pc1,honest,0.4786440677966102,False,0.872,,
3,60,pc1,honest,0.4806779661016949,False,0.914,,
3,60,pc1,honest,0.4827118644067797,False,0.7904,,
3,60,pc1,honest,0.4847457627118644,False,0.8028,,
3,60,pc1,honest,0.4867796610169492,False,0.984,,
3,60,pc1,honest,0.4888135593220339,False,0.9002,,
3,60,pc1,honest,0.4908474576271187,False,0.9692,,
3,60,pc1,honest,0.4928813559322034,False,0.673,,
3,60,pc1,honest,0.4949152542372881,False,0.236,,
3,60,pc1,honest,0.4969491525423729,False,0.9536,,
3,60,pc1,honest,0.4989830508474576,False,0.52,,
3,60,pc1,honest,0.5010169491525424,False,0.968,,
3,60,pc1,honest,0.5030508474576272,False,0.9934,,
3,60,pc1,honest,0.5050847457627119,False,0.7626,,
3,60,pc1,honest,0.5071186440677966,False,0.8744,,
3,60,pc1,honest,0.5091525423728814,False,0.8982,,
3,60,pc1,honest,0.5111864406779661,False,0.9048,,
3,60,pc1,honest,0.5132203389830509,False,0.4884,,
3,60,pc1,honest,0.5152542372881357,False,0.8742,,
3,60,pc1,honest,0.5172881355932204,False,0.7748,,
3,60,pc1,honest,0.5193220338983051,False,0.9834,,
3,60,pc1,honest,0.5213559322033898,False,0.9074,,
3,60,pc1,honest,0.5233898305084747,False,0.9004,,
3,60,pc1,honest,0.5254237288135594,False,0.8178,,
3,60,pc1,honest,0.5274576271186441,False,0.8604,,
3,60,pc1,honest,0.5294915254237289,False,0.992,,
3,60,pc1,honest,0.5315254237288136,False,0.887,,
3,60,pc1,honest,0.5335593220338983,False,0.965,,
3,60,pc1,honest,0.535593220338983,False,0.6828,,
3,60,pc1,honest,0.5376271186440679,False,0.9428,,
3,60,pc1,honest,0.5396610169491526,False,0.997,,
3,60,pc1,honest,0.5416949152542373,False,0.854,,
3,60,pc1,honest,0.5437288135593221,False,0.8966,,
3,60,pc1,honest,0.5457627118644068,False,0.6604,,
3,60,pc1,honest,0.5477966101694915,False,0.6322,,
3,60,pc1,honest,0.5498305084745763,False,0.8514,,
3,60,pc1,honest,0.5518644067796611,False,0.8232,,
3,60,pc1,honest,0.5538983050847458,False,0.9902,,
3,60,pc1,honest,0.5559322033898305,False,0.9022,,
3,60,pc1,honest,0.5579661016949153,False,0.961,,
3,60,pc1,honest,0.56,False,0.767,,
3,60,pc2_bonf,gated,0.44,False,0.0102,,
3,60,pc2_bonf,gated,0.4420338983050847,False,0.2686,,
3,60,pc2_bonf,gated,0.4440677966101695,False,0.3812,,
3,60,pc2_bonf,gated,0.4461016949152542,False,0.0848,,
3,60,pc2_bonf,gated,0.4481355932203389,False,0.0712,,
3,60,pc2_bonf,gated,0.4501694915254237,False,0.5004,,
3,60,pc2_bonf,gated,0.4522033898305085,True,0.001,0.1637648669975265,0.999909536460507
3,60,pc2_bonf,gated,0.4542372881355932,False,0.292,,
3,60,pc2_bonf,gated,0.456271186440678,False,0.104,,
3,60,pc2_bonf,gated,0.4583050847457627,False,0.3608,,
3,60,pc2_bonf,gated,0.4603389830508475,True,0.001,0.1592194612010771,0.9999777770281892
3,60,pc2_bonf,gated,0.4623728813559322,False,0.0282,,
3,60,pc2_bonf,gated,0.4644067796610169,True,0.0002,0.1653189851172051,0.999887410506838
3,60,pc2_bonf,gated,0.4664406779661017,True,0.0002,0.1624119289229817,0.999970344343464
3,60,pc2_bonf,gated,0.4684745762711864,True,0.0002,0.16018538090966,0.9999997273704544
3,60,pc2_bonf,gated,0.4705084745762712,True,0.0002,0.1616195842687435,0.999960139333844
3,60,pc2_bonf,gated,0.4725423728813559,True,0.0002,0.16421375829978,0.9999268554245064
3,60,pc2_bonf,gated,0.4745762711864407,True,0.0002,0.1665968927411364,0.999972352577543
3,60,pc2_bonf,gated,0.4766101694915254,True,0.0002,0.1598927203328845,0.999907503496984
3,60,pc2_bonf,gated,0.4786440677966102,True,0.0002,0.1631750567243033,0.9999344785467422
3,60,pc2_bonf,gated,0.4806779661016949,True,0.0002,0.165144735612652,0.9999786920725322
3,60,pc2_bonf,gated,0.4827118644067797,True,0.0002,0.1664895295203,0.9999322827602206
3,60,pc2_bonf,gated,0.4847457627118644,True,0.0002,0.1594561399677973,0.9999308794186964
3,60,pc2_bonf,gated,0.4867796610169492,True,0.0002,0.1647483934619053,0.9999809485952484
3,60,pc2_bonf,gated,0.4888135593220339,True,0.0002,0.1650694380658698,0.9999923104797768
3,60,pc2_bonf,gated,0.4908474576271187,True,0.0002,0.1626985715507092,0.9998587817369656
3,60,pc2_bonf,gated,0.4928813559322034,True,0.0002,0.1583266819207204,0.999996363899784
3,60,pc2_bonf,gated,0.4949152542372881,True,0.0002,0.1675856690715494,0.9999382316774424
3,60,pc2_bonf,gated,0.4969491525423729,True,0.0002,0.1641192968473403,0.9999842936538836
3,60,pc2_bonf,gated,0.4989830508474576,True,0.0002,0.1599528172469684,0.9999908447375118
3,60,pc2_bonf,gated,0.5010169491525424,True,0.0002,0.1608372269139786,0.9999576785017066
3,60,pc2_bonf,gated,0.5030508474576272,True,0.0002,0.1597326820337527,0.9999876756904026
3,60,pc2_bonf,gated,0.5050847457627119,True,0.0002,0.1621206968211022,0.999998188315693
3,60,pc2_bonf,gated,0.5071186440677966,True,0.0002,0.1623788550842352,0.9999600513288662
3,60,pc2_bonf,gated,0.5091525423728814,True,0.0002,0.157700496399927,0.9999570570320844
3,60,pc2_bonf,gated,0.5111864406779661,True,0.0002,0.1620972753874114,0.9999354178826992
3,60,pc2_bonf,gated,0.5132203389830509,True,0.0002,0.1596903361745915,0.9999278087291894
3,60,pc2_bonf,gated,0.5152542372881357,True,0.0002,0.1632595866452813,0.9998376286028864
3,60,pc2_bonf,gated,0.5172881355932204,True,0.0002,0.1592430802814105,0.9999950055647324
3,60,pc2_bonf,gated,0.5193220338983051,True,0.0002,0.1585383798776856,0.9999727141539552
3,60,pc2_bonf,gated,0.5213559322033898,True,0.0002,0.1589977993286907,0.9998958605655254
3,60,pc2_bonf,gated,0.5233898305084747,True,0.0002,0.1536676584380659,0.9999885532198756
3,60,pc2_bonf,gated,0.5254237288135594,True,0.0002,0.1602528511274611,0.9998587546308416
3,60,pc2_bonf,gated,0.5274576271186441,True,0.0002,0.1569779540929693,0.9999373477796728
3,60,pc2_bonf,gated,0.5294915254237289,True,0.0002,0.1651108203248804,0.9999187503071416
3,60,pc2_bonf,gated,0.5315254237288136,True,0.0002,0.1658076163938364,0.999955958072396
3,60,pc2_bonf,gated,0.5335593220338983,True,0.003,0.1636731169851421,0.999979278787106
3,60,pc2_bonf,gated,0.535593220338983,False,0.032,,
3,60,pc2_bonf,gated,0.5376271186440679,True,0.002,0.1682730487123267,0.9999816907632022
3,60,pc2_bonf,gated,0.5396610169491526,False,0.0156,,
3,60,pc2_bonf,gated,0.5416949152542373,False,0.1896,,
3,60,pc2_bonf,gated,0.5437288135593221,False,0.1022,,
3,60,pc2_bonf,gated,0.5457627118644068,False,0.2326,,
3,60,pc2_bonf,gated,0.5477966101694915,False,0.2136,,
3,60,pc2_bonf,gated,0.5498305084745763,False,0.533,,
3,60,pc2_bonf,gated,0.5518644067796611,False,0.011,,
3,60,pc2_bonf,gated,0.5538983050847458,False,0.7418,,
3,60,pc2_bonf,gated,0.5559322033898305,True,0.0064,0.1671626705699752,0.9999646695330822
3,60,pc2_bonf,gated,0.5579661016949153,False,0.104,,
3,60,pc2_bonf,gated,0.56,True,0.0054,0.1670570970041357,0.9997679725076268
3,60,pc2_bonf,honest,0.44,False,0.8264,,
3,60,pc2_bonf,honest,0.4420338983050847,False,0.3352,,
3,60,pc2_bonf,honest,0.4440677966101695,False,0.6698,,
3,60,pc2_bonf,honest,0.4461016949152542,False,0.9094,,
3,60,pc2_bonf,honest,0.4481355932203389,False,0.4248,,
3,60,pc2_bonf,honest,0.4501694915254237,False,0.5294,,
3,60,pc2_bonf,honest,0.4522033898305085,False,0.5878,,
3,60,pc2_bonf,honest,0.4542372881355932,False,0.953,,
3,60,pc2_bonf,honest,0.456271186440678,False,0.6698,,
3,60,pc2_bonf,honest,0.4583050847457627,False,0.8452,,
3,60,pc2_bonf,honest,0.4603389830508475,False,0.823,,
3,60,pc2_bonf,honest,0.4623728813559322,False,0.7246,,
3,60,pc2_bonf,honest,0.4644067796610169,False,0.6666,,
3,60,pc2_bonf,honest,0.4664406779661017,False,0.89,,
3,60,pc2_bonf,honest,0.4684745762711864,False,0.9214,,
3,60,pc2_bonf,honest,0.4705084745762712,False,0.5464,,
3,60,pc2_bonf,honest,0.4725423728813559,False,0.8126,,
3,60,pc2_bonf,honest,0.4745762711864407,False,0.895,,
3,60,pc2_bonf,honest,0.4766101694915254,False,0.518,,
3,60,pc2_bonf,honest,0.4786440677966102,False,0.5006,,
3,60,pc2_bonf,honest,0.4806779661016949,False,0.659,,
3,60,pc2_bonf,honest,0.4827118644067797,False,0.4458,,
3,60,pc2_bonf,honest,0.4847457627118644,False,0.8624,,
3,60,pc2_bonf,honest,0.4867796610169492,False,0.8636,,
3,60,pc2_bonf,honest,0.4888135593220339,False,0.6598,,
3,60,pc2_bonf,honest,0.4908474576271187,False,0.9162,,
3,60,pc2_bonf,honest,0.4928813559322034,False,0.8766,,
3,60,pc2_bonf,honest,0.4949152542372881,False,0.6964,,
3,60,pc2_bonf,honest,0.4969491525423729,False,0.906,,
3,60,pc2_bonf,honest,0.4989830508474576,False,0.88,,
3,60,pc2_bonf,honest,0.5010169491525424,False,0.8256,,
3,60,pc2_bonf,honest,0.5030508474576272,False,0.9592,,
3,60,pc2_bonf,honest,0.5050847457627119,False,0.9022,,
3,60,pc2_bonf,honest,0.5071186440677966,False,0.801,,
3,60,pc2_bonf,honest,0.5091525423728814,False,0.866,,
3,60,pc2_bonf,honest,0.5111864406779661,False,0.8046,,
3,60,pc2_bonf,honest,0.5132203389830509,False,0.934,,
3,60,pc2_bonf,honest,0.5152542372881357,False,0.6706,,
3,60,pc2_bonf,honest,0.5172881355932204,False,0.8878,,
3,60,pc2_bonf,honest,0.5193220338983051,False,0.5748,,
3,60,pc2_bonf,honest,0.5213559322033898,False,0.7736,,
3,60,pc2_bonf,honest,0.5233898305084747,False,0.988,,
3,60,pc2_bonf,honest,0.5254237288135594,False,0.943,,
3,60,pc2_bonf,honest,0.5274576271186441,False,0.9892,,
3,60,pc2_bonf,honest,0.5294915254237289,False,0.9414,,
3,60,pc2_bonf,honest,0.5315254237288136,False,0.908,,
3,60,pc2_bonf,honest,0.5335593220338983,False,0.7572,,
3,60,pc2_bonf,honest,0.535593220338983,False,0.9504,,
3,60,pc2_bonf,honest,0.5376271186440679,False,0.945,,
3,60,pc2_bonf,honest,0.5396610169491526,False,0.941,,
3,60,pc2_bonf,honest,0.5416949152542373,False,0.7246,,
3,60,pc2_bonf,honest,0.5437288135593221,False,0.526,,
3,60,pc2_bonf,honest,0.5457627118644068,False,0.6982,,
3,60,pc2_bonf,honest,0.5477966101694915,False,0.7716,,
3,60,pc2_bonf,honest,0.5498305084745763,False,0.6518,,
3,60,pc2_bonf,honest,0.5518644067796611,False,0.9554,,
3,60,pc2_bonf,honest,0.5538983050847458,False,0.9508,,
3,60,pc2_bonf,honest,0.5559322033898305,False,0.7316,,
3,60,pc2_bonf,honest,0.5579661016949153,False,0.9668,,
3,60,pc2_bonf,honest,0.56,False,0.6426,,
3,60,axes_bonf,gated,0.44,True,0.0002,0.3023532146949714,0.9997630425356372
3,60,axes_bonf,gated,0.4420338983050847,True,0.0002,0.299445554207672,0.9999846476531074
3,60,axes_bonf,gated,0.4440677966101695,True,0.0002,0.2969335477177109,0.9999943531203572
3,60,axes_bonf,gated,0.4461016949152542,True,0.0002,0.2982345411267698,0.9999165091565526
3,60,axes_bonf,gated,0.4481355932203389,True,0.0002,0.2978451649310996,0.999963304770138
3,60,axes_bonf,gated,0.4501694915254237,True,0.0002,0.3010284472676323,0.9998409412699611
3,60,axes_bonf,gated,0.4522033898305085,True,0.0002,0.3025794909276754,0.9999551767983772
3,60,axes_bonf,gated,0.4542372881355932,True,0.0002,0.2967675103451926,0.9999817330371978
3,60,axes_bonf,gated,0.456271186440678,True,0.0002,0.3051662908038713,0.999995046904421
3,60,axes_bonf,gated,0.4583050847457627,True,0.0002,0.3018536702183453,0.9999593727926468
3,60,axes_bonf,gated,0.4603389830508475,True,0.0002,0.3023475388916042,0.9999728447088068
3,60,axes_bonf,gated,0.4623728813559322,True,0.0002,0.2985204228066525,0.9997745591367384
3,60,axes_bonf,gated,0.4644067796610169,True,0.0002,0.3065532280457613,0.9998085855218584
3,60,axes_bonf,gated,0.4664406779661017,True,0.0002,0.3033460473813253,0.9999869778876012
3,60,axes_bonf,gated,0.4684745762711864,True,0.0002,0.3030827298298179,0.9999964073367672
3,60,axes_bonf,gated,0.4705084745762712,True,0.0002,0.3006926611910645,0.9998868429127816
3,60,axes_bonf,gated,0.4725423728813559,True,0.0002,0.299803157122238,0.999851692434188
3,60,axes_bonf,gated,0.4745762711864407,True,0.0002,0.298349547677557,0.9999920328463456
3,60,axes_bonf,gated,0.4766101694915254,True,0.0002,0.3029314760911464,0.9998963185482864
3,60,axes_bonf,gated,0.4786440677966102,True,0.0002,0.3006641819018747,0.9999558308954984
3,60,axes_bonf,gated,0.4806779661016949,True,0.0002,0.3014300662572869,0.9999853158006594
3,60,axes_bonf,gated,0.4827118644067797,True,0.0002,0.2976516807967558,0.9999563008797268
3,60,axes_bonf,gated,0.4847457627118644,True,0.0002,0.2969701227433874,0.9999621353110596
3,60,axes_bonf,gated,0.4867796610169492,True,0.0002,0.3038738478093746,0.9998064310303048
3,60,axes_bonf,gated,0.4888135593220339,True,0.0002,0.3008482768384508,0.9999706108659624
3,60,axes_bonf,gated,0.4908474576271187,True,0.0002,0.3009387511457417,0.9999679194219238
3,60,axes_bonf,gated,0.4928813559322034,True,0.0002,0.2985310984847003,0.9999335049359565
3,60,axes_bonf,gated,0.4949152542372881,True,0.0002,0.302322488523383,0.999984032541901
3,60,axes_bonf,gated,0.4969491525423729,True,0.0002,0.3017800220219138,0.99995521244941
3,60,axes_bonf,gated,0.4989830508474576,True,0.0002,0.2998755487736573,0.9999905000479165
3,60,axes_bonf,gated,0.5010169491525424,True,0.0002,0.301351719544392,0.9999808096966556
3,60,axes_bonf,gated,0.5030508474576272,True,0.0002,0.2991650914898905,0.9999916387683132
3,60,axes_bonf,gated,0.5050847457627119,True,0.0002,0.2978887198484965,0.9999335112936654
3,60,axes_bonf,gated,0.5071186440677966,True,0.0002,0.3013585143153183,0.9998557965063918
3,60,axes_bonf,gated,0.5091525423728814,True,0.0002,0.3006114642913575,0.99995506115275
3,60,axes_bonf,gated,0.5111864406779661,True,0.0002,0.2991597415091367,0.999955770563689
3,60,axes_bonf,gated,0.5132203389830509,True,0.0002,0.3004640034055545,0.9998744756289014
3,60,axes_bonf,gated,0.5152542372881357,True,0.0002,0.3020636508638476,0.9999880444051824
3,60,axes_bonf,gated,0.5172881355932204,True,0.0002,0.3042914714100005,0.999957534517711
3,60,axes_bonf,gated,0.5193220338983051,True,0.0002,0.3002925120602563,0.9999898326552592
3,60,axes_bonf,gated,0.5213559322033898,True,0.0002,0.3014592348287867,0.9999674688648464
3,60,axes_bonf,gated,0.5233898305084747,True,0.0002,0.2988462123245772,0.9999941796056502
3,60,axes_bonf,gated,0.5254237288135594,True,0.0002,0.2992664434750115,0.9997745843601228
3,60,axes_bonf,gated,0.5274576271186441,True,0.0002,0.2990745261999833,0.999951300463828
3,60,axes_bonf,gated,0.5294915254237289,True,0.0002,0.3002181792793446,0.9998561356899563
3,60,axes_bonf,gated,0.5315254237288136,True,0.0002,0.3004680486963632,0.9999765969600792
3,60,axes_bonf,gated,0.5335593220338983,True,0.0002,0.2996363154740902,0.999981044837258
3,60,axes_bonf,gated,0.535593220338983,True,0.0002,0.3047766361789646,0.9999662497443108
3,60,axes_bonf,gated,0.5376271186440679,True,0.0002,0.297686615427977,0.9999278242625718
3,60,axes_bonf,gated,0.5396610169491526,True,0.0002,0.2995947556397594,0.9999477714703696
3,60,axes_bonf,gated,0.5416949152542373,True,0.0002,0.3012085499420249,0.9999256739172682
3,60,axes_bonf,gated,0.5437288135593221,True,0.0002,0.3023639464621026,0.9998533823586058
3,60,axes_bonf,gated,0.5457627118644068,True,0.0002,0.3011873925257144,0.999996625745334
3,60,axes_bonf,gated,0.5477966101694915,True,0.0002,0.3044679744759559,0.999933618375306
3,60,axes_bonf,gated,0.5498305084745763,True,0.0002,0.3034586352681213,0.999740769858082
3,60,axes_bonf,gated,0.5518644067796611,True,0.0002,0.2985193980942963,0.9998502271756742
3,60,axes_bonf,gated,0.5538983050847458,True,0.0002,0.2991116120808917,0.9995940263762328
3,60,axes_bonf,gated,0.5559322033898305,True,0.0002,0.2996809785891037,0.999927717754516
3,60,axes_bonf,gated,0.5579661016949153,True,0.0002,0.3001178796202854,0.9999601079322392
3,60,axes_bonf,gated,0.56,True,0.0002,0.293447875792024,0.9998316934954696
3,60,axes_bonf,honest,0.44,False,0.575,,
3,60,axes_bonf,honest,0.4420338983050847,False,0.7026,,
3,60,axes_bonf,honest,0.4440677966101695,False,0.6134,,
3,60,axes_bonf,honest,0.4461016949152542,False,0.266,,
3,60,axes_bonf,honest,0.4481355932203389,False,0.8706,,
3,60,axes_bonf,honest,0.4501694915254237,False,0.8948,,
3,60,axes_bonf,honest,0.4522033898305085,False,0.8826,,
3,60,axes_bonf,honest,0.4542372881355932,False,0.807,,
3,60,axes_bonf,honest,0.456271186440678,False,0.731,,
3,60,axes_bonf,honest,0.4583050847457627,False,0.5812,,
3,60,axes_bonf,honest,0.4603389830508475,False,0.7086,,
3,60,axes_bonf,honest,0.4623728813559322,False,0.9322,,
3,60,axes_bonf,honest,0.4644067796610169,False,0.8952,,
3,60,axes_bonf,honest,0.4664406779661017,False,0.9584,,
3,60,axes_bonf,honest,0.4684745762711864,False,0.759,,
3,60,axes_bonf,honest,0.4705084745762712,False,0.9472,,
3,60,axes_bonf,honest,0.4725423728813559,False,0.9262,,
3,60,axes_bonf,honest,0.4745762711864407,False,0.3244,,
3,60,axes_bonf,honest,0.4766101694915254,False,0.526,,
3,60,axes_bonf,honest,0.4786440677966102,False,0.6,,
3,60,axes_bonf,honest,0.4806779661016949,False,0.8956,,
3,60,axes_bonf,honest,0.4827118644067797,False,0.6634,,
3,60,axes_bonf,honest,0.4847457627118644,False,0.8446,,
3,60,axes_bonf,honest,0.4867796610169492,False,0.9118,,
3,60,axes_bonf,honest,0.4888135593220339,False,0.9212,,
3,60,axes_bonf,honest,0.4908474576271187,False,0.956,,
3,60,axes_bonf,honest,0.4928813559322034,False,0.8328,,
3,60,axes_bonf,honest,0.4949152542372881,False,0.6232,,
3,60,axes_bonf,honest,0.4969491525423729,False,0.571,,
3,60,axes_bonf,honest,0.4989830508474576,False,0.575,,
3,60,axes_bonf,honest,0.5010169491525424,False,0.6116,,
3,60,axes_bonf,honest,0.5030508474576272,False,0.8106,,
3,60,axes_bonf,honest,0.5050847457627119,False,0.6674,,
3,60,axes_bonf,honest,0.5071186440677966,False,0.896,,
3,60,axes_bonf,honest,0.5091525423728814,False,0.2828,,
3,60,axes_bonf,honest,0.5111864406779661,False,0.4466,,
3,60,axes_bonf,honest,0.5132203389830509,False,0.8606,,
3,60,axes_bonf,honest,0.5152542372881357,False,0.3558,,
3,60,axes_bonf,honest,0.5172881355932204,False,0.5712,,
3,60,axes_bonf,honest,0.5193220338983051,False,0.7296,,
3,60,axes_bonf,honest,0.5213559322033898,False,0.581,,
3,60,axes_bonf,honest,0.5233898305084747,False,0.7598,,
3,60,axes_bonf,honest,0.5254237288135594,False,0.6128,,
3,60,axes_bonf,honest,0.5274576271186441,False,0.861,,
3,60,axes_bonf,honest,0.5294915254237289,False,0.5554,,
3,60,axes_bonf,honest,0.5315254237288136,False,0.8988,,
3,60,axes_bonf,honest,0.5335593220338983,False,0.9308,,
3,60,axes_bonf,honest,0.535593220338983,False,0.682,,
3,60,axes_bonf,honest,0.5376271186440679,False,0.8424,,
3,60,axes_bonf,honest,0.5396610169491526,False,0.678,,
3,60,axes_bonf,honest,0.5416949152542373,False,0.9288,,
3,60,axes_bonf,honest,0.5437288135593221,False,0.6908,,
3,60,axes_bonf,honest,0.5457627118644068,False,0.5938,,
3,60,axes_bonf,honest,0.5477966101694915,False,0.7026,,
3,60,axes_bonf,honest,0.5498305084745763,False,0.432,,
3,60,axes_bonf,honest,0.5518644067796611,False,0.823,,
3,60,axes_bonf,honest,0.5538983050847458,False,0.9002,,
3,60,axes_bonf,honest,0.5559322033898305,False,0.8608,,
3,60,axes_bonf,honest,0.5579661016949153,False,0.8266,,
3,60,axes_bonf,honest,0.56,False,0.7786,,
3,60,rand8_bonf,gated,0.44,True,0.0002,0.3058072373470279,0.9998091294530692
3,60,rand8_bonf,gated,0.4420338983050847,True,0.0002,0.3008348509221979,0.9998961365185708
3,60,rand8_bonf,gated,0.4440677966101695,True,0.0002,0.1457651139151817,0.9987560977454978
3,60,rand8_bonf,gated,0.4461016949152542,True,0.0002,0.2973820067493979,0.9999970161430024
3,60,rand8_bonf,gated,0.4481355932203389,True,0.0002,0.2982369109676773,0.999883531202002
3,60,rand8_bonf,gated,0.4501694915254237,True,0.0002,0.2992212022761799,0.9999272370867726
3,60,rand8_bonf,gated,0.4522033898305085,True,0.0002,0.2975476388342233,0.9999262540836464
3,60,rand8_bonf,gated,0.4542372881355932,True,0.0002,0.2827569935704169,0.9999862739195704
3,60,rand8_bonf,gated,0.456271186440678,True,0.0002,0.2482513610898857,0.9998271916891716
3,60,rand8_bonf,gated,0.4583050847457627,True,0.0002,0.2123670853265896,0.999865794527208
3,60,rand8_bonf,gated,0.4603389830508475,True,0.0002,0.299816337950464,0.9998553425668144
3,60,rand8_bonf,gated,0.4623728813559322,True,0.0002,0.2928023793406986,0.9996728773001244
3,60,rand8_bonf,gated,0.4644067796610169,True,0.0002,0.2658431692086352,0.9991588822061024
3,60,rand8_bonf,gated,0.4664406779661017,True,0.0002,0.1555707213859159,0.9999211630481848
3,60,rand8_bonf,gated,0.4684745762711864,True,0.0002,0.2982007287940396,0.999964611289308
3,60,rand8_bonf,gated,0.4705084745762712,True,0.0002,0.1890715050662604,0.999930268944089
3,60,rand8_bonf,gated,0.4725423728813559,True,0.0002,0.1937603665509973,0.9990337973851529
3,60,rand8_bonf,gated,0.4745762711864407,True,0.0002,0.2787527871550841,0.9996681108302942
3,60,rand8_bonf,gated,0.4766101694915254,True,0.0002,0.3031617550985767,0.9998162406772174
3,60,rand8_bonf,gated,0.4786440677966102,True,0.0002,0.3021025501912283,0.999902252822234
3,60,rand8_bonf,gated,0.4806779661016949,True,0.0002,0.3014015285812425,0.9999789638269512
3,60,rand8_bonf,gated,0.4827118644067797,True,0.0002,0.2694991892185401,0.9995738793900956
3,60,rand8_bonf,gated,0.4847457627118644,True,0.0002,0.3024075580435317,0.9998843736208826
3,60,rand8_bonf,gated,0.4867796610169492,True,0.0002,0.2973059001277786,0.9999977625793748
3,60,rand8_bonf,gated,0.4888135593220339,True,0.0002,0.3001295821130674,0.9998748815243044
3,60,rand8_bonf,gated,0.4908474576271187,True,0.0002,0.3014226619965403,0.9998401152290814
3,60,rand8_bonf,gated,0.4928813559322034,True,0.0002,0.2967841456304799,0.9997151608222524
3,60,rand8_bonf,gated,0.4949152542372881,True,0.0002,0.3039467405643656,0.999935207934356
3,60,rand8_bonf,gated,0.4969491525423729,True,0.0002,0.2814693796848365,0.9999391344120367
3,60,rand8_bonf,gated,0.4989830508474576,True,0.0002,0.2983648345680985,0.9999997381605898
3,60,rand8_bonf,gated,0.5010169491525424,True,0.0002,0.3020123992514675,0.9999961916732956
3,60,rand8_bonf,gated,0.5030508474576272,True,0.0002,0.2999992636629759,0.9999802076116592
3,60,rand8_bonf,gated,0.5050847457627119,True,0.0002,0.1758103957328659,0.9999882943228434
3,60,rand8_bonf,gated,0.5071186440677966,True,0.0002,0.2998411747022254,0.999912407538821
3,60,rand8_bonf,gated,0.5091525423728814,True,0.0002,0.1906310225165261,0.9998647935381236
3,60,rand8_bonf,gated,0.5111864406779661,True,0.0002,0.2770448872235524,0.999941221415512
3,60,rand8_bonf,gated,0.5132203389830509,True,0.0002,0.3025060026610914,0.9999522775414283
3,60,rand8_bonf,gated,0.5152542372881357,True,0.0002,0.2970523016849471,0.9998752942686292
3,60,rand8_bonf,gated,0.5172881355932204,True,0.0002,0.2971935465032247,0.9999472222206354
3,60,rand8_bonf,gated,0.5193220338983051,True,0.0002,0.3000216141253987,0.9999755715129915
3,60,rand8_bonf,gated,0.5213559322033898,True,0.0002,0.2973672914886616,0.9997483676473984
3,60,rand8_bonf,gated,0.5233898305084747,True,0.0002,0.2989180424097118,0.9999777282980123
3,60,rand8_bonf,gated,0.5254237288135594,True,0.0002,0.2978798258819403,0.9999959881441076
3,60,rand8_bonf,gated,0.5274576271186441,True,0.0002,0.3006447111853907,0.9999523005284194
3,60,rand8_bonf,gated,0.5294915254237289,True,0.0002,0.2775124628454494,0.9998448283246586
3,60,rand8_bonf,gated,0.5315254237288136,True,0.0002,0.2752469582382131,0.9999262130207336
3,60,rand8_bonf,gated,0.5335593220338983,True,0.0002,0.3069513190528509,0.999988351887516
3,60,rand8_bonf,gated,0.535593220338983,True,0.0002,0.2981716249935141,0.9999893613210312
3,60,rand8_bonf,gated,0.5376271186440679,True,0.0002,0.2940868010277394,0.9999641684622208
3,60,rand8_bonf,gated,0.5396610169491526,True,0.0002,0.3002168365289431,0.999981204671186
3,60,rand8_bonf,gated,0.5416949152542373,True,0.0002,0.301294352942641,0.9999739481011308
3,60,rand8_bonf,gated,0.5437288135593221,True,0.0002,0.3001300746791209,0.9998419780685162
3,60,rand8_bonf,gated,0.5457627118644068,True,0.0002,0.2965398981662935,0.9999784078988878
3,60,rand8_bonf,gated,0.5477966101694915,True,0.0002,0.3027262917747299,0.9997939456887698
3,60,rand8_bonf,gated,0.5498305084745763,True,0.0002,0.2984986592162322,0.9999259858730344
3,60,rand8_bonf,gated,0.5518644067796611,True,0.0002,0.2989466264445531,0.9999424794199828
3,60,rand8_bonf,gated,0.5538983050847458,True,0.0002,0.2975862047523725,0.9998928466354028
3,60,rand8_bonf,gated,0.5559322033898305,True,0.0002,0.3016648064870877,0.9997843269772082
3,60,rand8_bonf,gated,0.5579661016949153,True,0.0002,0.2977247138551032,0.999689145842718
3,60,rand8_bonf,gated,0.56,True,0.0002,0.2917163343333516,0.9999524613874896
3,60,rand8_bonf,honest,0.44,False,0.8686,,
3,60,rand8_bonf,honest,0.4420338983050847,False,0.3202,,
3,60,rand8_bonf,honest,0.4440677966101695,False,0.4196,,
3,60,rand8_bonf,honest,0.4461016949152542,False,0.5712,,
3,60,rand8_bonf,honest,0.4481355932203389,False,0.3684,,
3,60,rand8_bonf,honest,0.4501694915254237,False,0.8354,,
3,60,rand8_bonf,honest,0.4522033898305085,False,0.712,,
3,60,rand8_bonf,honest,0.4542372881355932,False,0.554,,
3,60,rand8_bonf,honest,0.456271186440678,False,0.6084,,
3,60,rand8_bonf,honest,0.4583050847457627,False,0.7262,,
3,60,rand8_bonf,honest,0.4603389830508475,False,0.7756,,
3,60,rand8_bonf,honest,0.4623728813559322,False,0.8024,,
3,60,rand8_bonf,honest,0.4644067796610169,False,0.325,,
3,60,rand8_bonf,honest,0.4664406779661017,False,0.5946,,
3,60,rand8_bonf,honest,0.4684745762711864,False,0.6688,,
3,60,rand8_bonf,honest,0.4705084745762712,False,0.8546,,
3,60,rand8_bonf,honest,0.4725423728813559,False,0.6414,,
3,60,rand8_bonf,honest,0.4745762711864407,False,0.7838,,
3,60,rand8_bonf,honest,0.4766101694915254,False,0.615,,
3,60,rand8_bonf,honest,0.4786440677966102,False,0.3826,,
3,60,rand8_bonf,honest,0.4806779661016949,False,0.7454,,
3,60,rand8_bonf,honest,0.4827118644067797,False,0.8852,,
3,60,rand8_bonf,honest,0.4847457627118644,False,0.6518,,
3,60,rand8_bonf,honest,0.4867796610169492,False,0.8386,,
3,60,rand8_bonf,honest,0.4888135593220339,False,0.5022,,
3,60,rand8_bonf,honest,0.4908474576271187,False,0.749,,
3,60,rand8_bonf,honest,0.4928813559322034,False,0.7212,,
3,60,rand8_bonf,honest,0.4949152542372881,False,0.4542,,
3,60,rand8_bonf,honest,0.4969491525423729,False,0.6416,,
3,60,rand8_bonf,honest,0.4989830508474576,False,0.8128,,
3,60,rand8_bonf,honest,0.5010169491525424,False,0.0996,,
3,60,rand8_bonf,honest,0.5030508474576272,False,0.806,,
3,60,rand8_bonf,honest,0.5050847457627119,False,0.5178,,
3,60,rand8_bonf,honest,0.5071186440677966,False,0.8938,,
3,60,rand8_bonf,honest,0.5091525423728814,False,0.7112,,
3,60,rand8_bonf,honest,0.5111864406779661,False,0.7752,,
3,60,rand8_bonf,honest,0.5132203389830509,False,0.8988,,
3,60,rand8_bonf,honest,0.5152542372881357,False,0.897,,
3,60,rand8_bonf,honest,0.5172881355932204,False,0.776,,
3,60,rand8_bonf,honest,0.5193220338983051,False,0.6366,,
3,60,rand8_bonf,honest,0.5213559322033898,False,0.9038,,
3,60,rand8_bonf,honest,0.5233898305084747,False,0.6686,,
3,60,rand8_bonf,honest,0.5254237288135594,False,0.504,,
3,60,rand8_bonf,honest,0.5274576271186441,False,0.8818,,
3,60,rand8_bonf,honest,0.5294915254237289,False,0.14,,
3,60,rand8_bonf,honest,0.5315254237288136,False,0.7686,,
3,60,rand8_bonf,honest,0.5335593220338983,False,0.7244,,
3,60,rand8_bonf,honest,0.535593220338983,False,0.655,,
3,60,rand8_bonf,honest,0.5376271186440679,False,0.8134,,
3,60,rand8_bonf,honest,0.5396610169491526,False,0.7508,,
3,60,rand8_bonf,honest,0.5416949152542373,False,0.7062,,
3,60,rand8_bonf,honest,0.5437288135593221,False,0.2494,,
3,60,rand8_bonf,honest,0.5457627118644068,False,0.5194,,
3,60,rand8_bonf,honest,0.5477966101694915,False,0.5608,,
3,60,rand8_bonf,honest,0.5498305084745763,False,0.8048,,
3,60,rand8_bonf,honest,0.5518644067796611,False,0.5816,,
3,60,rand8_bonf,honest,0.5538983050847458,False,0.3984,,
3,60,rand8_bonf,honest,0.5559322033898305,False,0.2472,,
3,60,rand8_bonf,honest,0.5579661016949153,False,0.901,,
3,60,rand8_bonf,honest,0.56,False,0.646,,
3,90,pc1,gated,0.44,True,0.0004,0.2917131947003007,0.9999908972792944
3,90,pc1,gated,0.4420338983050847,True,0.0004,0.3022668668056742,0.9996830985999696
3,90,pc1,gated,0.4440677966101695,True,0.0002,0.2780654265038912,0.9997958502982248
3,90,pc1,gated,0.4461016949152542,True,0.0004,0.3033363218767728,0.9998710038194704
3,90,pc1,gated,0.4481355932203389,True,0.0002,0.2812649458894561,0.999974072309222
3,90,pc1,gated,0.4501694915254237,True,0.0002,0.2988382063456278,0.9999641257731116
3,90,pc1,gated,0.4522033898305085,True,0.0002,0.2769604352088076,0.9996316354140784
3,90,pc1,gated,0.4542372881355932,True,0.0002,0.271587310831456,0.9995951435937928
3,90,pc1,gated,0.456271186440678,True,0.0002,0.2993726362536701,0.9998857367803712
3,90,pc1,gated,0.4583050847457627,True,0.0002,0.2487203254547968,0.9998058939727664
3,90,pc1,gated,0.4603389830508475,True,0.0002,0.2784578888359093,0.9995317784167376
3,90,pc1,gated,0.4623728813559322,True,0.0002,0.2838262873310206,0.9999592747274784
3,90,pc1,gated,0.4644067796610169,True,0.0002,0.28134255963716,0.9999839371689578
3,90,pc1,gated,0.4664406779661017,True,0.0002,0.2922561759703933,0.999884064827076
3,90,pc1,gated,0.4684745762711864,True,0.0002,0.2972383189939075,0.9998649006537542
3,90,pc1,gated,0.4705084745762712,True,0.0002,0.3011473762104946,0.9999485301379792
3,90,pc1,gated,0.4725423728813559,True,0.0002,0.2936608613218258,0.999983055987566
3,90,pc1,gated,0.4745762711864407,True,0.0002,0.298687668468901,0.999951022233474
3,90,pc1,gated,0.4766101694915254,True,0.0002,0.3001371266912645,0.9998392556788732
3,90,pc1,gated,0.4786440677966102,True,0.0002,0.3010978848465462,0.999997127631654
3,90,pc1,gated,0.4806779661016949,True,0.0002,0.3027980065254331,0.999959741150928
3,90,pc1,gated,0.4827118644067797,True,0.0002,0.2947096643575113,0.9999040939359743
3,90,pc1,gated,0.4847457627118644,True,0.0002,0.2966222150608996,0.9999679719785928
3,90,pc1,gated,0.4867796610169492,True,0.0002,0.2986854279587808,0.9999798864890814
3,90,pc1,gated,0.4888135593220339,True,0.0002,0.3048047645705785,0.9999789670988604
3,90,pc1,gated,0.4908474576271187,True,0.0002,0.3017599864824739,0.999939465278236
3,90,pc1,gated,0.4928813559322034,True,0.0002,0.2943494228481175,0.999957320258469
3,90,pc1,gated,0.4949152542372881,True,0.0002,0.2894984029257545,0.999847424720366
3,90,pc1,gated,0.4969491525423729,True,0.0002,0.3001054631145152,0.9999397658020428
3,90,pc1,gated,0.4989830508474576,True,0.0002,0.303214163883086,0.9999406673911015
3,90,pc1,gated,0.5010169491525424,True,0.0002,0.2962259838594065,0.9999908200525132
3,90,pc1,gated,0.5030508474576272,True,0.0002,0.2993230009022378,0.9999763170984688
3,90,pc1,gated,0.5050847457627119,True,0.0002,0.2998885945216293,0.9999882096648848
3,90,pc1,gated,0.5071186440677966,True,0.0002,0.3007310058951857,0.9999200693271694
3,90,pc1,gated,0.5091525423728814,True,0.0002,0.3026281528890681,0.999972081614312
3,90,pc1,gated,0.5111864406779661,True,0.0002,0.3032850806521315,0.999903254518817
3,90,pc1,gated,0.5132203389830509,True,0.0002,0.2981862810839877,0.9999671770886068
3,90,pc1,gated,0.5152542372881357,True,0.0002,0.2968146246763373,0.9999745108508624
3,90,pc1,gated,0.5172881355932204,True,0.0002,0.2997240735921654,0.9999867256638812
3,90,pc1,gated,0.5193220338983051,True,0.0002,0.2965613340033614,0.9999595883639522
3,90,pc1,gated,0.5213559322033898,True,0.0002,0.2923305069592475,0.9999373287417426
3,90,pc1,gated,0.5233898305084747,True,0.0002,0.298398824643393,0.9999761470229892
3,90,pc1,gated,0.5254237288135594,True,0.0002,0.292846868884224,0.99984645573508
3,90,pc1,gated,0.5274576271186441,True,0.0002,0.293172798282739,0.9999859082691852
3,90,pc1,gated,0.5294915254237289,True,0.0002,0.2812828033797929,0.999582566010717
3,90,pc1,gated,0.5315254237288136,True,0.0002,0.3028700841355858,0.9999702129304237
3,90,pc1,gated,0.5335593220338983,True,0.0002,0.2825651520631417,0.9999708369421408
3,90,pc1,gated,0.535593220338983,True,0.0002,0.2994757766859246,0.9999153017555992
3,90,pc1,gated,0.5376271186440679,True,0.0002,0.2761778276270326,0.999917227937272
3,90,pc1,gated,0.5396610169491526,True,0.0002,0.2267652397306626,0.9977471518716348
3,90,pc1,gated,0.5416949152542373,True,0.0002,0.2891223012451747,0.9998949914363902
3,90,pc1,gated,0.5437288135593221,True,0.0002,0.2981868414831979,0.9999823528465936
3,90,pc1,gated,0.5457627118644068,True,0.0002,0.3012070028510614,0.9999393044503468
3,90,pc1,gated,0.5477966101694915,True,0.0002,0.2738137658944251,0.9995411299647544
3,90,pc1,gated,0.5498305084745763,True,0.0002,0.2974874326816153,0.9999169498335964
3,90,pc1,gated,0.5518644067796611,True,0.0002,0.2640901605025393,0.9993209279669286
3,90,pc1,gated,0.5538983050847458,True,0.0002,0.2498968804579626,0.9993942876932186
3,90,pc1,gated,0.5559322033898305,True,0.0002,0.2967314383226838,0.9998860513889282
3,90,pc1,gated,0.5579661016949153,True,0.0004,0.2516863192258194,0.9977318848394668
3,90,pc1,gated,0.56,True,0.0002,0.2581575824108902,0.9969337819044868
3,90,pc1,honest,0.44,False,0.5578,,
3,90,pc1,honest,0.4420338983050847,False,0.9954,,
3,90,pc1,honest,0.4440677966101695,False,0.996,,
3,90,pc1,honest,0.4461016949152542,False,0.961,,
3,90,pc1,honest,0.4481355932203389,False,0.9004,,
3,90,pc1,honest,0.4501694915254237,False,0.9844,,
3,90,pc1,honest,0.4522033898305085,False,0.6992,,
3,90,pc1,honest,0.4542372881355932,False,0.7228,,
3,90,pc1,honest,0.456271186440678,False,0.9974,,
3,90,pc1,honest,0.4583050847457627,False,0.9726,,
3,90,pc1,honest,0.4603389830508475,False,0.915,,
3,90,pc1,honest,0.4623728813559322,False,0.8476,,
3,90,pc1,honest,0.4644067796610169,False,0.9882,,
3,90,pc1,honest,0.4664406779661017,False,0.6032,,
3,90,pc1,honest,0.4684745762711864,False,0.8296,,
3,90,pc1,honest,0.4705084745762712,False,0.9012,,
3,90,pc1,honest,0.4725423728813559,False,0.9964,,
3,90,pc1,honest,0.4745762711864407,False,0.607,,
3,90,pc1,honest,0.4766101694915254,False,0.941,,
3,90,pc1,honest,0.4786440677966102,False,0.978,,
3,90,pc1,honest,0.4806779661016949,False,0.9672,,
3,90,pc1,honest,0.4827118644067797,False,0.9102,,
3,90,pc1,honest,0.4847457627118644,False,0.9946,,
3,90,pc1,honest,0.4867796610169492,False,0.8958,,
3,90,pc1,honest,0.4888135593220339,False,0.8992,,
3,90,pc1,honest,0.4908474576271187,False,0.887,,
3,90,pc1,honest,0.4928813559322034,False,0.9754,,
3,90,pc1,honest,0.4949152542372881,False,0.8666,,
3,90,pc1,honest,0.4969491525423729,False,0.811,,
3,90,pc1,honest,0.4989830508474576,False,0.4304,,
3,90,pc1,honest,0.5010169491525424,False,0.9106,,
3,90,pc1,honest,0.5030508474576272,False,0.8028,,
3,90,pc1,honest,0.5050847457627119,False,0.8386,,
3,90,pc1,honest,0.5071186440677966,False,0.9098,,
3,90,pc1,honest,0.5091525423728814,False,0.6126,,
3,90,pc1,honest,0.5111864406779661,False,0.635,,
3,90,pc1,honest,0.5132203389830509,False,0.5896,,
3,90,pc1,honest,0.5152542372881357,False,0.7394,,
3,90,pc1,honest,0.5172881355932204,False,0.3656,,
3,90,pc1,honest,0.5193220338983051,False,0.937,,
3,90,pc1,honest,0.5213559322033898,False,0.9022,,
3,90,pc1,honest,0.5233898305084747,False,0.9716,,
3,90,pc1,honest,0.5254237288135594,False,0.8714,,
3,90,pc1,honest,0.5274576271186441,False,0.9754,,
3,90,pc1,honest,0.5294915254237289,False,0.9962,,
3,90,pc1,honest,0.5315254237288136,False,0.7572,,
3,90,pc1,honest,0.5335593220338983,False,0.7794,,
3,90,pc1,honest,0.535593220338983,False,0.9626,,
3,90,pc1,honest,0.5376271186440679,False,0.988,,
3,90,pc1,honest,0.5396610169491526,False,0.8488,,
3,90,pc1,honest,0.5416949152542373,False,0.7846,,
3,90,pc1,honest,0.5437288135593221,False,0.6326,,
3,90,pc1,honest,0.5457627118644068,False,0.8872,,
3,90,pc1,honest,0.5477966101694915,False,0.897,,
3,90,pc1,honest,0.5498305084745763,False,0.8686,,
3,90,pc1,honest,0.5518644067796611,False,0.8698,,
3,90,pc1,honest,0.5538983050847458,False,0.911,,
3,90,pc1,honest,0.5559322033898305,False,0.8376,,
3,90,pc1,honest,0.5579661016949153,False,0.978,,
3,90,pc1,honest,0.56,False,0.9282,,
3,90,pc2_bonf,gated,0.44,True,0.0004,0.2925053624211184,0.9995162806535448
3,90,pc2_bonf,gated,0.4420338983050847,True,0.0002,0.3041080528526426,0.9998435457438752
3,90,pc2_bonf,gated,0.4440677966101695,True,0.0004,0.2989754066204875,0.9999654861289105
3,90,pc2_bonf,gated,0.4461016949152542,True,0.0002,0.2471677821154379,0.9994258037253982
3,90,pc2_bonf,gated,0.4481355932203389,True,0.0002,0.2854999543988538,0.9997471937056454
3,90,pc2_bonf,gated,0.4501694915254237,True,0.0004,,
3,90,pc2_bonf,gated,0.4522033898305085,True,0.0002,0.2813924178869919,0.999564196155296
3,90,pc2_bonf,gated,0.4542372881355932,True,0.0002,0.2597495333835634,0.997753943455124
3,90,pc2_bonf,gated,0.456271186440678,True,0.0002,0.2691742556452127,0.999388577521423
3,90,pc2_bonf,gated,0.4583050847457627,True,0.0002,0.2888392894667519,0.9998214974125504
3,90,pc2_bonf,gated,0.4603389830508475,True,0.0002,0.3018279183935098,0.9999105506998254
3,90,pc2_bonf,gated,0.4623728813559322,True,0.0002,0.2962983375509592,0.9999619457178228
3,90,pc2_bonf,gated,0.4644067796610169,True,0.0002,0.2985801679184285,0.99996968904452
3,90,pc2_bonf,gated,0.4664406779661017,True,0.0002,0.2964462770059384,0.9997780188601334
3,90,pc2_bonf,gated,0.4684745762711864,True,0.0002,0.3014619089223211,0.9999401992692848
3,90,pc2_bonf,gated,0.4705084745762712,True,0.0002,0.2944306068909726,0.9999741140976106
3,90,pc2_bonf,gated,0.4725423728813559,True,0.0002,0.2898462763594597,0.9997489249548156
3,90,pc2_bonf,gated,0.4745762711864407,True,0.0002,0.2966338302421872,0.9999855944397368
3,90,pc2_bonf,gated,0.4766101694915254,True,0.0002,0.2643586258617484,0.9997378594954256
3,90,pc2_bonf,gated,0.4786440677966102,True,0.0002,0.2996343516014905,0.999871351701834
3,90,pc2_bonf,gated,0.4806779661016949,True,0.0002,0.291964416741318,0.9999512015462748
3,90,pc2_bonf,gated,0.4827118644067797,True,0.0002,0.2820647921288942,0.9998181242768605
3,90,pc2_bonf,gated,0.4847457627118644,True,0.0002,0.3020679113387602,0.9999926929337598
3,90,pc2_bonf,gated,0.4867796610169492,True,0.0002,0.3013062924591256,0.9999890247043376
3,90,pc2_bonf,gated,0.4888135593220339,True,0.0002,0.2982817233652106,0.9999592849281388
3,90,pc2_bonf,gated,0.4908474576271187,True,0.0002,0.2957521056534119,0.9999857896993304
3,90,pc2_bonf,gated,0.4928813559322034,True,0.0002,0.2982642244534048,0.999984723931738
3,90,pc2_bonf,gated,0.4949152542372881,True,0.0002,0.30009209257512,0.9999354835513788
3,90,pc2_bonf,gated,0.4969491525423729,True,0.0002,0.2992533435160642,0.99997501609257
3,90,pc2_bonf,gated,0.4989830508474576,True,0.0002,0.2945470796524843,0.9999834374831228
3,90,pc2_bonf,gated,0.5010169491525424,True,0.0002,0.2980543803198445,0.9999866052564158
3,90,pc2_bonf,gated,0.5030508474576272,True,0.0002,0.2989186361528951,0.9999348307247204
3,90,pc2_bonf,gated,0.5050847457627119,True,0.0002,0.3004576508283209,0.9999889368477264
3,90,pc2_bonf,gated,0.5071186440677966,True,0.0002,0.3020943674483841,0.999950419200656
3,90,pc2_bonf,gated,0.5091525423728814,True,0.0002,0.3009425715175632,0.9998334079207696
3,90,pc2_bonf,gated,0.5111864406779661,True,0.0002,0.3027199321014227,0.999975662279523
3,90,pc2_bonf,gated,0.5132203389830509,True,0.0002,0.2966984333023021,0.9999829554046332
3,90,pc2_bonf,gated,0.5152542372881357,True,0.0002,0.301086831809969,0.999995805083206
3,90,pc2_bonf,gated,0.5172881355932204,True,0.0002,0.2874521691961587,0.9999366480915672
3,90,pc2_bonf,gated,0.5193220338983051,True,0.0002,0.298813166064555,0.9999804979161266
3,90,pc2_bonf,gated,0.5213559322033898,True,0.0002,0.3003772989809734,0.9999495671527748
3,90,pc2_bonf,gated,0.5233898305084747,True,0.0002,0.2997973343422136,0.9999780842673942
3,90,pc2_bonf,gated,0.5254237288135594,True,0.0002,0.3005656883327707,0.9999296445201766
3,90,pc2_bonf,gated,0.5274576271186441,True,0.0002,0.2978656772388298,0.999988421820156
3,90,pc2_bonf,gated,0.5294915254237289,True,0.0002,0.2738667518210934,0.9999655413923864
3,90,pc2_bonf,gated,0.5315254237288136,True,0.0002,0.2975510512481356,0.9999584398572268
3,90,pc2_bonf,gated,0.5335593220338983,True,0.0002,0.2225518816208843,0.9994279053819902
3,90,pc2_bonf,gated,0.535593220338983,True,0.0002,0.299986965292321,0.9998793323089789
3,90,pc2_bonf,gated,0.5376271186440679,True,0.0002,0.2969538199487528,0.9999050734257507
3,90,pc2_bonf,gated,0.5396610169491526,True,0.0002,0.2852483836867106,0.9999888398312968
3,90,pc2_bonf,gated,0.5416949152542373,True,0.0002,0.3000773423124014,0.9999439210688008
3,90,pc2_bonf,gated,0.5437288135593221,True,0.0002,0.2982056647609491,0.999853516699466
3,90,pc2_bonf,gated,0.5457627118644068,True,0.0002,0.2891526167070006,0.9995802185563896
3,90,pc2_bonf,gated,0.5477966101694915,True,0.0002,0.2924419170170687,0.9997682592651078
3,90,pc2_bonf,gated,0.5498305084745763,True,0.0002,0.3001967963597273,0.999716691062018
3,90,pc2_bonf,gated,0.5518644067796611,True,0.0002,0.3012433909451036,0.9999300137499691
3,90,pc2_bonf,gated,0.5538983050847458,True,0.0002,0.2822961484793747,0.9992699043548904
3,90,pc2_bonf,gated,0.5559322033898305,True,0.0002,0.2790105075049182,0.9993008234476044
3,90,pc2_bonf,gated,0.5579661016949153,True,0.0002,0.1768198010980864,0.9997301051747938
3,90,pc2_bonf,gated,0.56,True,0.0004,0.2757458895190056,0.9997826076597168
3,90,pc2_bonf,honest,0.44,False,0.937,,
3,90,pc2_bonf,honest,0.4420338983050847,False,0.9342,,
3,90,pc2_bonf,honest,0.4440677966101695,False,0.8616,,
3,90,pc2_bonf,honest,0.4461016949152542,False,0.9336,,
3,90,pc2_bonf,honest,0.4481355932203389,False,0.7994,,
3,90,pc2_bonf,honest,0.4501694915254237,False,0.7748,,
3,90,pc2_bonf,honest,0.4522033898305085,False,0.5688,,
3,90,pc2_bonf,honest,0.4542372881355932,False,0.8302,,
3,90,pc2_bonf,honest,0.456271186440678,False,0.7928,,
3,90,pc2_bonf,honest,0.4583050847457627,False,0.9102,,
3,90,pc2_bonf,honest,0.4603389830508475,False,0.9278,,
3,90,pc2_bonf,honest,0.4623728813559322,False,0.8714,,
3,90,pc2_bonf,honest,0.4644067796610169,False,0.8806,,
3,90,pc2_bonf,honest,0.4664406779661017,False,0.8686,,
3,90,pc2_bonf,honest,0.4684745762711864,False,0.9364,,
3,90,pc2_bonf,honest,0.4705084745762712,False,0.6646,,
3,90,pc2_bonf,honest,0.4725423728813559,False,0.7282,,
3,90,pc2_bonf,honest,0.4745762711864407,False,0.7154,,
3,90,pc2_bonf,honest,0.4766101694915254,False,0.6276,,
3,90,pc2_bonf,honest,0.4786440677966102,False,0.9718,,
3,90,pc2_bonf,honest,0.4806779661016949,False,0.5172,,
3,90,pc2_bonf,honest,0.4827118644067797,False,0.9412,,
3,90,pc2_bonf,honest,0.4847457627118644,False,0.6748,,
3,90,pc2_bonf,honest,0.4867796610169492,False,0.8072,,
3,90,pc2_bonf,honest,0.4888135593220339,False,0.8178,,
3,90,pc2_bonf,honest,0.4908474576271187,False,0.9608,,
3,90,pc2_bonf,honest,0.4928813559322034,False,0.5336,,
3,90,pc2_bonf,honest,0.4949152542372881,False,0.9026,,
3,90,pc2_bonf,honest,0.4969491525423729,False,0.9876,,
3,90,pc2_bonf,honest,0.4989830508474576,False,0.927,,
3,90,pc2_bonf,honest,0.5010169491525424,False,0.4212,,
3,90,pc2_bonf,honest,0.5030508474576272,False,0.69,,
3,90,pc2_bonf,honest,0.5050847457627119,False,0.9486,,
3,90,pc2_bonf,honest,0.5071186440677966,False,0.6232,,
3,90,pc2_bonf,honest,0.5091525423728814,False,0.6554,,
3,90,pc2_bonf,honest,0.5111864406779661,False,0.9026,,
3,90,pc2_bonf,honest,0.5132203389830509,False,0.9136,,
3,90,pc2_bonf,honest,0.5152542372881357,False,0.8594,,
3,90,pc2_bonf,honest,0.5172881355932204,False,0.7688,,
3,90,pc2_bonf,honest,0.5193220338983051,False,0.8984,,
3,90,pc2_bonf,honest,0.5213559322033898,False,0.918,,
3,90,pc2_bonf,honest,0.5233898305084747,False,0.893,,
3,90,pc2_bonf,honest,0.5254237288135594,False,0.8054,,
3,90,pc2_bonf,honest,0.5274576271186441,False,0.8368,,
3,90,pc2_bonf,honest,0.5294915254237289,False,0.7798,,
3,90,pc2_bonf,honest,0.5315254237288136,False,0.7906,,
3,90,pc2_bonf,honest,0.5335593220338983,False,0.993,,
3,90,pc2_bonf,honest,0.535593220338983,False,0.9456,,
3,90,pc2_bonf,honest,0.5376271186440679,False,0.8804,,
3,90,pc2_bonf,honest,0.5396610169491526,False,0.7766,,
3,90,pc2_bonf,honest,0.5416949152542373,False,0.7214,,
3,90,pc2_bonf,honest,0.5437288135593221,False,0.9206,,
3,90,pc2_bonf,honest,0.5457627118644068,False,0.801,,
3,90,pc2_bonf,honest,0.5477966101694915,False,0.435,,
3,90,pc2_bonf,honest,0.5498305084745763,False,0.9024,,
3,90,pc2_bonf,honest,0.5518644067796611,False,0.9916,,
3,90,pc2_bonf,honest,0.5538983050847458,False,0.625,,
3,90,pc2_bonf,honest,0.5559322033898305,False,0.5482,,
3,90,pc2_bonf,honest,0.5579661016949153,False,0.8474,,
3,90,pc2_bonf,honest,0.56,False,0.7572,,
3,90,axes_bonf,gated,0.44,True,0.0002,0.2984768670335804,0.9999706236778204
3,90,axes_bonf,gated,0.4420338983050847,True,0.0002,0.3000503568988447,0.9999845115621664
3,90,axes_bonf,gated,0.4440677966101695,True,0.0002,0.2973856117667618,0.9998920382041848
3,90,axes_bonf,gated,0.4461016949152542,True,0.0002,0.2981330405746818,0.999934242942532
3,90,axes_bonf,gated,0.4481355932203389,True,0.0002,0.2991964795207448,0.9998764196407284
3,90,axes_bonf,gated,0.4501694915254237,True,0.0002,0.2963650001873947,0.9998260358505086
3,90,axes_bonf,gated,0.4522033898305085,True,0.0002,0.2945510563790703,0.999744708867144
3,90,axes_bonf,gated,0.4542372881355932,True,0.0002,0.2973662914584561,0.999783251383089
3,90,axes_bonf,gated,0.456271186440678,True,0.0002,0.3040596110183127,0.999999908338134
3,90,axes_bonf,gated,0.4583050847457627,True,0.0002,0.3035817015850977,0.9999120937142708
3,90,axes_bonf,gated,0.4603389830508475,True,0.0002,0.2969650937697065,0.9999856849394118
3,90,axes_bonf,gated,0.4623728813559322,True,0.0002,0.2977010152943342,0.9998985952984696
3,90,axes_bonf,gated,0.4644067796610169,True,0.0002,0.2954387777475165,0.999939083203769
3,90,axes_bonf,gated,0.4664406779661017,True,0.0002,0.299943996177809,0.999991668125338
3,90,axes_bonf,gated,0.4684745762711864,True,0.0002,0.2983421253583324,0.9999908819125723
3,90,axes_bonf,gated,0.4705084745762712,True,0.0002,0.299057066981505,0.9999917612175282
3,90,axes_bonf,gated,0.4725423728813559,True,0.0002,0.3019767199383673,0.9999970007684305
3,90,axes_bonf,gated,0.4745762711864407,True,0.0002,0.299215959780046,0.9999966074470568
3,90,axes_bonf,gated,0.4766101694915254,True,0.0002,0.3012921282242025,0.9999994112146064
3,90,axes_bonf,gated,0.4786440677966102,True,0.0002,0.302959339892241,0.9998338885227772
3,90,axes_bonf,gated,0.4806779661016949,True,0.0002,0.2992471379993052,0.9998953588985652
3,90,axes_bonf,gated,0.4827118644067797,True,0.0002,0.2992232876893084,0.99996083826876
3,90,axes_bonf,gated,0.4847457627118644,True,0.0002,0.3023814257077274,0.9999662297835846
3,90,axes_bonf,gated,0.4867796610169492,True,0.0002,0.2980477715411358,0.9999789444292894
3,90,axes_bonf,gated,0.4888135593220339,True,0.0002,0.2981781655089396,0.9998485635546605
3,90,axes_bonf,gated,0.4908474576271187,True,0.0002,0.301594450768181,0.9999086899323378
3,90,axes_bonf,gated,0.4928813559322034,True,0.0002,0.3007675510441078,0.9998999300968924
3,90,axes_bonf,gated,0.4949152542372881,True,0.0002,0.3004438013606277,0.999983710997008
3,90,axes_bonf,gated,0.4969491525423729,True,0.0002,0.3000103658658446,0.99993940774405
3,90,axes_bonf,gated,0.4989830508474576,True,0.0002,0.2979449153032127,0.9999958022017452
3,90,axes_bonf,gated,0.5010169491525424,True,0.0002,0.300816227211565,0.9999680841878474
3,90,axes_bonf,gated,0.5030508474576272,True,0.0002,0.2999999952953069,0.9999600099125776
3,90,axes_bonf,gated,0.5050847457627119,True,0.0002,0.2958921674433057,0.999999906261986
3,90,axes_bonf,gated,0.5071186440677966,True,0.0002,0.3000669971692382,0.9999783863341284
3,90,axes_bonf,gated,0.5091525423728814,True,0.0002,0.2983420144641752,0.9998838241113706
3,90,axes_bonf,gated,0.5111864406779661,True,0.0002,0.2975219400290592,0.9999564938199212
3,90,axes_bonf,gated,0.5132203389830509,True,0.0002,0.298584136215051,0.9999043071257336
3,90,axes_bonf,gated,0.5152542372881357,True,0.0002,0.2954771939749106,0.9999410787045938
3,90,axes_bonf,gated,0.5172881355932204,True,0.0002,0.3005011645948756,0.9999778180405212
3,90,axes_bonf,gated,0.5193220338983051,True,0.0002,0.2977117997422778,0.9999536464850156
3,90,axes_bonf,gated,0.5213559322033898,True,0.0002,0.2970803907863968,0.999882988267264
3,90,axes_bonf,gated,0.5233898305084747,True,0.0002,0.3020140596618905,0.99997543517332
3,90,axes_bonf,gated,0.5254237288135594,True,0.0002,0.3019940108611019,0.9999715852065956
3,90,axes_bonf,gated,0.5274576271186441,True,0.0002,0.3004497170316545,0.9999928135987224
3,90,axes_bonf,gated,0.5294915254237289,True,0.0002,0.2994090018716411,0.999922042418018
3,90,axes_bonf,gated,0.5315254237288136,True,0.0002,0.2997450195267749,0.9999639992350218
3,90,axes_bonf,gated,0.5335593220338983,True,0.0002,0.2985807540855159,0.99990553343132
3,90,axes_bonf,gated,0.535593220338983,True,0.0002,0.2971067794391053,0.9998730240099172
3,90,axes_bonf,gated,0.5376271186440679,True,0.0002,0.2982527689216023,0.9999962772079144
3,90,axes_bonf,gated,0.5396610169491526,True,0.0002,0.3010628636237585,0.999847107031542
3,90,axes_bonf,gated,0.5416949152542373,True,0.0002,0.2997428974958864,0.999991753972475
3,90,axes_bonf,gated,0.5437288135593221,True,0.0002,0.3032723884057711,0.9998509372649668
3,90,axes_bonf,gated,0.5457627118644068,True,0.0002,0.3026478867874538,0.9999152424269988
3,90,axes_bonf,gated,0.5477966101694915,True,0.0002,0.3009761751894556,0.9999989779471572
3,90,axes_bonf,gated,0.5498305084745763,True,0.0002,0.3018141147505574,0.9997717591195856
3,90,axes_bonf,gated,0.5518644067796611,True,0.0002,0.2967224697185275,0.999997900446863
3,90,axes_bonf,gated,0.5538983050847458,True,0.0002,0.2978728267077845,0.9999778050016392
3,90,axes_bonf,gated,0.5559322033898305,True,0.0002,0.2963458251806616,0.9999170505456249
3,90,axes_bonf,gated,0.5579661016949153,True,0.0002,0.2976401295360909,0.9999991759838855
3,90,axes_bonf,gated,0.56,True,0.0002,0.2980760279864664,0.9997237105658576
3,90,axes_bonf,honest,0.44,False,0.8888,,
3,90,axes_bonf,honest,0.4420338983050847,False,0.5896,,
3,90,axes_bonf,honest,0.4440677966101695,False,0.6332,,
3,90,axes_bonf,honest,0.4461016949152542,False,0.625,,
3,90,axes_bonf,honest,0.4481355932203389,False,0.651,,
3,90,axes_bonf,honest,0.4501694915254237,False,0.6536,,
3,90,axes_bonf,honest,0.4522033898305085,False,0.5894,,
3,90,axes_bonf,honest,0.4542372881355932,False,0.9136,,
3,90,axes_bonf,honest,0.456271186440678,False,0.8606,,
3,90,axes_bonf,honest,0.4583050847457627,False,0.7246,,
3,90,axes_bonf,honest,0.4603389830508475,False,0.496,,
3,90,axes_bonf,honest,0.4623728813559322,False,0.5932,,
3,90,axes_bonf,honest,0.4644067796610169,False,0.5126,,
3,90,axes_bonf,honest,0.4664406779661017,False,0.914,,
3,90,axes_bonf,honest,0.4684745762711864,False,0.9258,,
3,90,axes_bonf,honest,0.4705084745762712,False,0.9788,,
3,90,axes_bonf,honest,0.4725423728813559,False,0.7648,,
3,90,axes_bonf,honest,0.4745762711864407,False,0.913,,
3,90,axes_bonf,honest,0.4766101694915254,False,0.6972,,
3,90,axes_bonf,honest,0.4786440677966102,False,0.8228,,
3,90,axes_bonf,honest,0.4806779661016949,False,0.816,,
3,90,axes_bonf,honest,0.4827118644067797,False,0.6394,,
3,90,axes_bonf,honest,0.4847457627118644,False,0.5946,,
3,90,axes_bonf,honest,0.4867796610169492,False,0.7348,,
3,90,axes_bonf,honest,0.4888135593220339,False,0.1794,,
3,90,axes_bonf,honest,0.4908474576271187,False,0.9802,,
3,90,axes_bonf,honest,0.4928813559322034,False,0.7246,,
3,90,axes_bonf,honest,0.4949152542372881,False,0.95,,
3,90,axes_bonf,honest,0.4969491525423729,False,0.9526,,
3,90,axes_bonf,honest,0.4989830508474576,False,0.605,,
3,90,axes_bonf,honest,0.5010169491525424,False,0.9232,,
3,90,axes_bonf,honest,0.5030508474576272,False,0.8938,,
3,90,axes_bonf,honest,0.5050847457627119,False,0.502,,
3,90,axes_bonf,honest,0.5071186440677966,False,0.5958,,
3,90,axes_bonf,honest,0.5091525423728814,False,0.6924,,
3,90,axes_bonf,honest,0.5111864406779661,False,0.9304,,
3,90,axes_bonf,honest,0.5132203389830509,False,0.7842,,
3,90,axes_bonf,honest,0.5152542372881357,False,0.872,,
3,90,axes_bonf,honest,0.5172881355932204,False,0.8818,,
3,90,axes_bonf,honest,0.5193220338983051,False,0.8496,,
3,90,axes_bonf,honest,0.5213559322033898,False,0.4984,,
3,90,axes_bonf,honest,0.5233898305084747,False,0.5344,,
3,90,axes_bonf,honest,0.5254237288135594,False,0.636,,
3,90,axes_bonf,honest,0.5274576271186441,False,0.9762,,
3,90,axes_bonf,honest,0.5294915254237289,False,0.962,,
3,90,axes_bonf,honest,0.5315254237288136,False,0.9268,,
3,90,axes_bonf,honest,0.5335593220338983,False,0.9002,,
3,90,axes_bonf,honest,0.535593220338983,False,0.3734,,
3,90,axes_bonf,honest,0.5376271186440679,False,0.8464,,
3,90,axes_bonf,honest,0.5396610169491526,False,0.6704,,
3,90,axes_bonf,honest,0.5416949152542373,False,0.7838,,
3,90,axes_bonf,honest,0.5437288135593221,False,0.6126,,
3,90,axes_bonf,honest,0.5457627118644068,False,0.1782,,
3,90,axes_bonf,honest,0.5477966101694915,False,0.8046,,
3,90,axes_bonf,honest,0.5498305084745763,False,0.597,,
3,90,axes_bonf,honest,0.5518644067796611,False,0.8842,,
3,90,axes_bonf,honest,0.5538983050847458,False,0.8388,,
3,90,axes_bonf,honest,0.5559322033898305,False,0.8514,,
3,90,axes_bonf,honest,0.5579661016949153,False,0.9104,,
3,90,axes_bonf,honest,0.56,False,0.7444,,
3,90,rand8_bonf,gated,0.44,True,0.0002,0.3000809751463819,0.9999490083388264
3,90,rand8_bonf,gated,0.4420338983050847,True,0.0002,0.2966957526864169,0.9999230925640032
3,90,rand8_bonf,gated,0.4440677966101695,True,0.0002,0.2979088465798667,0.9999861274266842
3,90,rand8_bonf,gated,0.4461016949152542,True,0.0002,0.2938453063701493,0.9997158881319308
3,90,rand8_bonf,gated,0.4481355932203389,True,0.0002,0.2964007398415734,0.9998653757923108
3,90,rand8_bonf,gated,0.4501694915254237,True,0.0002,0.3006167241432836,0.999989835448136
3,90,rand8_bonf,gated,0.4522033898305085,True,0.0002,0.3054053365489906,0.999836061313838
3,90,rand8_bonf,gated,0.4542372881355932,True,0.0002,0.3009374316216652,0.9999878430272324
3,90,rand8_bonf,gated,0.456271186440678,True,0.0002,0.29795286449205,0.9997957621743844
3,90,rand8_bonf,gated,0.4583050847457627,True,0.0002,0.299787595972335,0.9999198199382584
3,90,rand8_bonf,gated,0.4603389830508475,True,0.0002,0.2994439281376218,0.9999875659017902
3,90,rand8_bonf,gated,0.4623728813559322,True,0.0002,0.2987862049768087,0.9998811769478514
3,90,rand8_bonf,gated,0.4644067796610169,True,0.0002,0.2990580446084147,0.9999225832976932
3,90,rand8_bonf,gated,0.4664406779661017,True,0.0002,0.3038653463225325,0.9999627656335992
3,90,rand8_bonf,gated,0.4684745762711864,True,0.0002,0.1946642891378614,0.9997903480639538
3,90,rand8_bonf,gated,0.4705084745762712,True,0.0002,0.2977324206807728,0.9998846037221596
3,90,rand8_bonf,gated,0.4725423728813559,True,0.0002,0.2972574777818827,0.9999193275500584
3,90,rand8_bonf,gated,0.4745762711864407,True,0.0002,0.2986848848255281,0.9998772966840422
3,90,rand8_bonf,gated,0.4766101694915254,True,0.0002,0.3033420789481206,0.9999282096093576
3,90,rand8_bonf,gated,0.4786440677966102,True,0.0002,0.3004433729664157,0.9999164512140364
3,90,rand8_bonf,gated,0.4806779661016949,True,0.0002,0.2997794666616337,0.9998913882509824
3,90,rand8_bonf,gated,0.4827118644067797,True,0.0002,0.3021502983317966,0.99997215668923
3,90,rand8_bonf,gated,0.4847457627118644,True,0.0002,0.303043767697244,0.9999901088534614
3,90,rand8_bonf,gated,0.4867796610169492,True,0.0002,0.2958496609799354,0.999993886931872
3,90,rand8_bonf,gated,0.4888135593220339,True,0.0002,0.3015545337350492,0.9999926297216192
3,90,rand8_bonf,gated,0.4908474576271187,True,0.0002,0.2999620330398674,0.9999960478409928
3,90,rand8_bonf,gated,0.4928813559322034,True,0.0002,0.2984679584584512,0.9998976819198152
3,90,rand8_bonf,gated,0.4949152542372881,True,0.0002,0.2982203281736387,0.9999666677717356
3,90,rand8_bonf,gated,0.4969491525423729,True,0.0002,0.2995922795075025,0.9999576575933692
3,90,rand8_bonf,gated,0.4989830508474576,True,0.0002,0.3028249725779807,0.9999998699893408
3,90,rand8_bonf,gated,0.5010169491525424,True,0.0002,0.299341788855703,0.9999456376364712
3,90,rand8_bonf,gated,0.5030508474576272,True,0.0002,0.3013417230090098,0.9999996829099684
3,90,rand8_bonf,gated,0.5050847457627119,True,0.0002,0.3019852527474717,0.9999472148879708
3,90,rand8_bonf,gated,0.5071186440677966,True,0.0002,0.2985530004711732,0.999959386239989
3,90,rand8_bonf,gated,0.5091525423728814,True,0.0002,0.2818433270677683,0.9997452398302192
3,90,rand8_bonf,gated,0.5111864406779661,True,0.0002,0.3007932004113983,0.99989216987877
3,90,rand8_bonf,gated,0.5132203389830509,True,0.0002,0.1860054620447624,0.9999403611011768
3,90,rand8_bonf,gated,0.5152542372881357,True,0.0002,0.3020650195545247,0.9999825308885828
3,90,rand8_bonf,gated,0.5172881355932204,True,0.0002,0.3016973503701545,0.9999897156784334
3,90,rand8_bonf,gated,0.5193220338983051,True,0.0002,0.2987237407335606,0.9999936251896034
3,90,rand8_bonf,gated,0.5213559322033898,True,0.0002,0.298223595029839,0.9999129460210748
3,90,rand8_bonf,gated,0.5233898305084747,True,0.0002,0.2997874062132439,0.999993300563906
3,90,rand8_bonf,gated,0.5254237288135594,True,0.0002,0.2983603060747932,0.99998114341919
3,90,rand8_bonf,gated,0.5274576271186441,True,0.0002,0.2999647248853047,0.9999347334600456
3,90,rand8_bonf,gated,0.5294915254237289,True,0.0002,0.3038584296630791,0.9999155516532424
3,90,rand8_bonf,gated,0.5315254237288136,True,0.0002,0.299007017851515,0.999943843166058
3,90,rand8_bonf,gated,0.5335593220338983,True,0.0002,0.3047151506842896,0.9999412498708272
3,90,rand8_bonf,gated,0.535593220338983,True,0.0002,0.3019403933966895,0.9999469474889884
3,90,rand8_bonf,gated,0.5376271186440679,True,0.0002,0.3018533908524451,0.999993607571404
3,90,rand8_bonf,gated,0.5396610169491526,True,0.0002,0.3006756390818013,0.9999199977279876
3,90,rand8_bonf,gated,0.5416949152542373,True,0.0002,0.2973165087493434,0.9998298908357736
3,90,rand8_bonf,gated,0.5437288135593221,True,0.0002,0.2799914817872316,0.9996182020419656
3,90,rand8_bonf,gated,0.5457627118644068,True,0.0002,0.2994396472378793,0.9999710293011748
3,90,rand8_bonf,gated,0.5477966101694915,True,0.0002,0.2878725657414741,0.999754938410128
3,90,rand8_bonf,gated,0.5498305084745763,True,0.0002,0.2980476693707772,0.99997904521422
3,90,rand8_bonf,gated,0.5518644067796611,True,0.0002,0.297987598973645,0.9999802645786708
3,90,rand8_bonf,gated,0.5538983050847458,True,0.0002,0.3024152249807878,0.999957995260802
3,90,rand8_bonf,gated,0.5559322033898305,True,0.0002,0.3069725425899058,0.9999973216416485
3,90,rand8_bonf,gated,0.5579661016949153,True,0.0002,0.2976018840348694,0.9997016032882824
3,90,rand8_bonf,gated,0.56,True,0.0002,0.2989189683947758,0.9998917887435776
3,90,rand8_bonf,honest,0.44,False,0.2926,,
3,90,rand8_bonf,honest,0.4420338983050847,False,0.4222,,
3,90,rand8_bonf,honest,0.4440677966101695,False,0.791,,
3,90,rand8_bonf,honest,0.4461016949152542,False,0.88,,
3,90,rand8_bonf,honest,0.4481355932203389,False,0.3586,,
3,90,rand8_bonf,honest,0.4501694915254237,False,0.343,,
3,90,rand8_bonf,honest,0.4522033898305085,False,0.8774,,
3,90,rand8_bonf,honest,0.4542372881355932,False,0.8646,,
3,90,rand8_bonf,honest,0.456271186440678,False,0.7852,,
3,90,rand8_bonf,honest,0.4583050847457627,False,0.756,,
3,90,rand8_bonf,honest,0.4603389830508475,False,0.4508,,
3,90,rand8_bonf,honest,0.4623728813559322,False,0.42,,
3,90,rand8_bonf,honest,0.4644067796610169,False,0.6658,,
3,90,rand8_bonf,honest,0.4664406779661017,False,0.51,,
3,90,rand8_bonf,honest,0.4684745762711864,False,0.337,,
3,90,rand8_bonf,honest,0.4705084745762712,False,0.6154,,
3,90,rand8_bonf,honest,0.4725423728813559,False,0.9236,,
3,90,rand8_bonf,honest,0.4745762711864407,False,0.712,,
3,90,rand8_bonf,honest,0.4766101694915254,False,0.6672,,
3,90,rand8_bonf,honest,0.4786440677966102,False,0.844,,
3,90,rand8_bonf,honest,0.4806779661016949,False,0.7222,,
3,90,rand8_bonf,honest,0.4827118644067797,False,0.4688,,
3,90,rand8_bonf,honest,0.4847457627118644,False,0.6558,,
3,90,rand8_bonf,honest,0.4867796610169492,False,0.5932,,
3,90,rand8_bonf,honest,0.4888135593220339,False,0.5386,,
3,90,rand8_bonf,honest,0.4908474576271187,False,0.6334,,
3,90,rand8_bonf,honest,0.4928813559322034,False,0.814,,
3,90,rand8_bonf,honest,0.4949152542372881,False,0.8808,,
3,90,rand8_bonf,honest,0.4969491525423729,False,0.1904,,
3,90,rand8_bonf,honest,0.4989830508474576,False,0.6342,,
3,90,rand8_bonf,honest,0.5010169491525424,False,0.4072,,
3,90,rand8_bonf,honest,0.5030508474576272,False,0.7446,,
3,90,rand8_bonf,honest,0.5050847457627119,False,0.5482,,
3,90,rand8_bonf,honest,0.5071186440677966,False,0.463,,
3,90,rand8_bonf,honest,0.5091525423728814,False,0.6614,,
3,90,rand8_bonf,honest,0.5111864406779661,False,0.463,,
3,90,rand8_bonf,honest,0.5132203389830509,False,0.828,,
3,90,rand8_bonf,honest,0.5152542372881357,False,0.5058,,
3,90,rand8_bonf,honest,0.5172881355932204,False,0.5612,,
3,90,rand8_bonf,honest,0.5193220338983051,False,0.852,,
3,90,rand8_bonf,honest,0.5213559322033898,False,0.5606,,
3,90,rand8_bonf,honest,0.5233898305084747,False,0.5062,,
3,90,rand8_bonf,honest,0.5254237288135594,False,0.819,,
3,90,rand8_bonf,honest,0.5274576271186441,False,0.1936,,
3,90,rand8_bonf,honest,0.5294915254237289,False,0.7304,,
3,90,rand8_bonf,honest,0.5315254237288136,False,0.8074,,
3,90,rand8_bonf,honest,0.5335593220338983,False,0.671,,
3,90,rand8_bonf,honest,0.535593220338983,False,0.202,,
3,90,rand8_bonf,honest,0.5376271186440679,False,0.7544,,
3,90,rand8_bonf,honest,0.5396610169491526,False,0.686,,
3,90,rand8_bonf,honest,0.5416949152542373,False,0.556,,
3,90,rand8_bonf,honest,0.5437288135593221,False,0.8032,,
3,90,rand8_bonf,honest,0.5457627118644068,False,0.869,,
3,90,rand8_bonf,honest,0.5477966101694915,False,0.8634,,
3,90,rand8_bonf,honest,0.5498305084745763,False,0.6622,,
3,90,rand8_bonf,honest,0.5518644067796611,False,0.704,,
3,90,rand8_bonf,honest,0.5538983050847458,False,0.5892,,
3,90,rand8_bonf,honest,0.5559322033898305,False,0.4974,,
3,90,rand8_bonf,honest,0.5579661016949153,False,0.785,,
3,90,rand8_bonf,honest,0.56,False,0.3982,,
8,90,pc1,gated,0.44,True,0.0002,0.2619728281032875,0.9985671133789158
8,90,pc1,gated,0.4420338983050847,True,0.0004,0.2861690776774637,0.9992630663889196
8,90,pc1,gated,0.4440677966101695,True,0.0004,0.2984355134844495,0.9989384881515506
8,90,pc1,gated,0.4461016949152542,True,0.0002,0.2808783725216209,0.9994218152619035
8,90,pc1,gated,0.4481355932203389,True,0.0002,0.2893880031564412,0.9985162411423304
8,90,pc1,gated,0.4501694915254237,True,0.0002,0.2955467437893723,0.9996378683773112
8,90,pc1,gated,0.4522033898305085,True,0.0002,0.2740583205802194,0.9994697513337668
8,90,pc1,gated,0.4542372881355932,True,0.0002,0.2975141336520865,0.9996764963015788
8,90,pc1,gated,0.456271186440678,True,0.0002,0.2884075544011095,0.999288360807124
8,90,pc1,gated,0.4583050847457627,True,0.0002,0.2988397327395096,0.9996840707320503
8,90,pc1,gated,0.4603389830508475,True,0.0002,0.2908713145525812,0.999898923270156
8,90,pc1,gated,0.4623728813559322,True,0.0002,0.2805887849081361,0.99930745944214
8,90,pc1,gated,0.4644067796610169,True,0.0002,0.3022064184132975,0.9997099252310776
8,90,pc1,gated,0.4664406779661017,True,0.0002,0.3042755611329658,0.999958569679687
8,90,pc1,gated,0.4684745762711864,True,0.0002,0.2994459491510566,0.999708792843218
8,90,pc1,gated,0.4705084745762712,True,0.0002,0.2989190952381267,0.9999484709490188
8,90,pc1,gated,0.4725423728813559,True,0.0002,0.2960122222614755,0.9998636318957688
8,90,pc1,gated,0.4745762711864407,True,0.0002,0.3029212144865147,0.999832596710408
8,90,pc1,gated,0.4766101694915254,True,0.0002,0.296661785206507,0.9996158591435532
8,90,pc1,gated,0.4786440677966102,True,0.0002,0.2994540610877539,0.999791245711224
8,90,pc1,gated,0.4806779661016949,True,0.0002,0.2967560480892822,0.9996368176288332
8,90,pc1,gated,0.4827118644067797,True,0.0002,0.2980493820240447,0.9999715297210304
8,90,pc1,gated,0.4847457627118644,True,0.0002,0.2972614962544348,0.9998988952735912
8,90,pc1,gated,0.4867796610169492,True,0.0002,0.2920423629489352,0.9997444239753024
8,90,pc1,gated,0.4888135593220339,True,0.0002,0.3026350946156397,0.9998558901809376
8,90,pc1,gated,0.4908474576271187,True,0.0002,0.2998577090305168,0.9998887404917686
8,90,pc1,gated,0.4928813559322034,True,0.0002,0.3006066908658267,0.9998362766266002
8,90,pc1,gated,0.4949152542372881,True,0.0002,0.2967652774991807,0.9998816412992492
8,90,pc1,gated,0.4969491525423729,True,0.0002,0.2975238545642365,0.9997952675011952
8,90,pc1,gated,0.4989830508474576,True,0.0002,0.3014257993145766,0.9997889826936583
8,90,pc1,gated,0.5010169491525424,True,0.0002,0.3002089048171685,0.9998729065515404
8,90,pc1,gated,0.5030508474576272,True,0.0002,0.3020529053438734,0.9998780574039928
8,90,pc1,gated,0.5050847457627119,True,0.0002,0.2986852272698318,0.999825043505151
8,90,pc1,gated,0.5071186440677966,True,0.0002,0.2986116080288804,0.99971994028237
8,90,pc1,gated,0.5091525423728814,True,0.0002,0.2989042162968618,0.9999484549135498
8,90,pc1,gated,0.5111864406779661,True,0.0002,0.3013826478528624,0.9999520034595848
8,90,pc1,gated,0.5132203389830509,True,0.0002,0.2959846108108931,0.9996567502845785
8,90,pc1,gated,0.5152542372881357,True,0.0002,0.2978586070045127,0.999819638276708
8,90,pc1,gated,0.5172881355932204,True,0.0002,0.2962971326934689,0.999736449254622
8,90,pc1,gated,0.5193220338983051,True,0.0002,0.299442654919828,0.9997368249924522
8,90,pc1,gated,0.5213559322033898,True,0.0002,0.3006994596768155,0.999925228402151
8,90,pc1,gated,0.5233898305084747,True,0.0002,0.2979677716400146,0.9997430334731376
8,90,pc1,gated,0.5254237288135594,True,0.0002,0.3039604721394398,0.9998130283709424
8,90,pc1,gated,0.5274576271186441,True,0.0002,0.2995660185158156,0.9998875197157854
8,90,pc1,gated,0.5294915254237289,True,0.0002,0.3015739034861291,0.9997662709399888
8,90,pc1,gated,0.5315254237288136,True,0.0002,0.3018755096449909,0.9997944382209024
8,90,pc1,gated,0.5335593220338983,True,0.0002,0.2884477337525467,0.9995800974894398
8,90,pc1,gated,0.535593220338983,True,0.0002,0.2823425598440606,0.999652281670747
8,90,pc1,gated,0.5376271186440679,True,0.0002,0.2843496105789868,0.9994875320098294
8,90,pc1,gated,0.5396610169491526,True,0.0002,0.2978116454310076,0.9998469940777546
8,90,pc1,gated,0.5416949152542373,True,0.0002,0.2976953717022779,0.999800747350828
8,90,pc1,gated,0.5437288135593221,True,0.0002,0.3000991648519336,0.999505999961392
8,90,pc1,gated,0.5457627118644068,True,0.0002,0.2859817653424225,0.9988744509302558
8,90,pc1,gated,0.5477966101694915,True,0.0002,,
8,90,pc1,gated,0.5498305084745763,True,0.0002,0.2969429499070884,0.999297421147505
8,90,pc1,gated,0.5518644067796611,True,0.0002,0.2924237002935316,0.999703379096328
8,90,pc1,gated,0.5538983050847458,True,0.0002,0.2679299338036917,0.9989315461464582
8,90,pc1,gated,0.5559322033898305,True,0.0002,0.2580111713800123,0.9990171226353544
8,90,pc1,gated,0.5579661016949153,True,0.0004,0.2721164199348191,0.9991053580546324
8,90,pc1,gated,0.56,True,0.0004,0.2685781069408959,0.9955450577325352
8,90,pc1,honest,0.44,False,0.7502,,
8,90,pc1,honest,0.4420338983050847,False,0.984,,
8,90,pc1,honest,0.4440677966101695,False,0.9848,,
8,90,pc1,honest,0.4461016949152542,False,0.9582,,
8,90,pc1,honest,0.4481355932203389,False,0.966,,
8,90,pc1,honest,0.4501694915254237,False,0.9566,,
8,90,pc1,honest,0.4522033898305085,False,0.8776,,
8,90,pc1,honest,0.4542372881355932,False,0.992,,
8,90,pc1,honest,0.456271186440678,False,0.9858,,
8,90,pc1,honest,0.4583050847457627,False,0.987,,
8,90,pc1,honest,0.4603389830508475,False,0.9766,,
8,90,pc1,honest,0.4623728813559322,False,0.7222,,
8,90,pc1,honest,0.4644067796610169,False,0.987,,
8,90,pc1,honest,0.4664406779661017,False,0.8472,,
8,90,pc1,honest,0.4684745762711864,False,0.5702,,
8,90,pc1,honest,0.4705084745762712,False,0.7202,,
8,90,pc1,honest,0.4725423728813559,False,0.9762,,
8,90,pc1,honest,0.4745762711864407,False,0.504,,
8,90,pc1,honest,0.4766101694915254,False,0.9976,,
8,90,pc1,honest,0.4786440677966102,False,0.8026,,
8,90,pc1,honest,0.4806779661016949,False,0.5502,,
8,90,pc1,honest,0.4827118644067797,False,0.972,,
8,90,pc1,honest,0.4847457627118644,False,0.633,,
8,90,pc1,honest,0.4867796610169492,False,0.993,,
8,90,pc1,honest,0.4888135593220339,False,0.2004,,
8,90,pc1,honest,0.4908474576271187,False,0.932,,
8,90,pc1,honest,0.4928813559322034,False,0.9812,,
8,90,pc1,honest,0.4949152542372881,False,0.7902,,
8,90,pc1,honest,0.4969491525423729,False,0.9766,,
8,90,pc1,honest,0.4989830508474576,False,0.5452,,
8,90,pc1,honest,0.5010169491525424,False,0.913,,
8,90,pc1,honest,0.5030508474576272,False,0.9248,,
8,90,pc1,honest,0.5050847457627119,False,0.9454,,
8,90,pc1,honest,0.5071186440677966,False,0.9708,,
8,90,pc1,honest,0.5091525423728814,False,0.986,,
8,90,pc1,honest,0.5111864406779661,False,0.962,,
8,90,pc1,honest,0.5132203389830509,False,0.5538,,
8,90,pc1,honest,0.5152542372881357,False,0.4036,,
8,90,pc1,honest,0.5172881355932204,False,0.7078,,
8,90,pc1,honest,0.5193220338983051,False,0.978,,
8,90,pc1,honest,0.5213559322033898,False,0.961,,
8,90,pc1,honest,0.5233898305084747,False,0.987,,
8,90,pc1,honest,0.5254237288135594,False,0.9854,,
8,90,pc1,honest,0.5274576271186441,False,0.7758,,
8,90,pc1,honest,0.5294915254237289,False,0.8038,,
8,90,pc1,honest,0.5315254237288136,False,0.9002,,
8,90,pc1,honest,0.5335593220338983,False,0.9722,,
8,90,pc1,honest,0.535593220338983,False,0.9128,,
8,90,pc1,honest,0.5376271186440679,False,0.8116,,
8,90,pc1,honest,0.5396610169491526,False,0.9946,,
8,90,pc1,honest,0.5416949152542373,False,0.7848,,
8,90,pc1,honest,0.5437288135593221,False,0.9048,,
8,90,pc1,honest,0.5457627118644068,False,0.9766,,
8,90,pc1,honest,0.5477966101694915,False,0.3228,,
8,90,pc1,honest,0.5498305084745763,False,0.859,,
8,90,pc1,honest,0.5518644067796611,False,0.1608,,
8,90,pc1,honest,0.5538983050847458,False,0.9104,,
8,90,pc1,honest,0.5559322033898305,False,1.0,,
8,90,pc1,honest,0.5579661016949153,False,0.9702,,
8,90,pc1,honest,0.56,False,0.901,,
8,90,pc2_bonf,gated,0.44,True,0.001,0.2978675910435435,0.9997563339868064
8,90,pc2_bonf,gated,0.4420338983050847,True,0.0004,0.2764814536755634,0.9994804470912604
8,90,pc2_bonf,gated,0.4440677966101695,True,0.0002,0.2829197894154098,0.9995193472143296
8,90,pc2_bonf,gated,0.4461016949152542,True,0.0002,0.2772537804422252,0.9988181128404504
8,90,pc2_bonf,gated,0.4481355932203389,True,0.0002,0.3028905643719694,0.9997648580807684
8,90,pc2_bonf,gated,0.4501694915254237,True,0.0002,0.2725515412200747,0.9995046710849445
8,90,pc2_bonf,gated,0.4522033898305085,True,0.0002,0.2883797393025677,0.9996544781930136
8,90,pc2_bonf,gated,0.4542372881355932,True,0.0002,,
8,90,pc2_bonf,gated,0.456271186440678,True,0.0002,0.248916403341972,0.9993283958869066
8,90,pc2_bonf,gated,0.4583050847457627,True,0.0002,0.2971514495860064,0.9995643824183296
8,90,pc2_bonf,gated,0.4603389830508475,True,0.0002,0.2809214570288619,0.9992164829348688
8,90,pc2_bonf,gated,0.4623728813559322,True,0.0002,0.2924035114945555,0.9999017892548838
8,90,pc2_bonf,gated,0.4644067796610169,True,0.0002,0.28245900323309,0.99980151287764
8,90,pc2_bonf,gated,0.4664406779661017,True,0.0002,0.3004371639550868,0.999864366412512
8,90,pc2_bonf,gated,0.4684745762711864,True,0.0002,0.2935114902975883,0.9995826641896532
8,90,pc2_bonf,gated,0.4705084745762712,True,0.0002,0.2976912949235843,0.9997982469185596
8,90,pc2_bonf,gated,0.4725423728813559,True,0.0002,0.2719710790458506,0.9994819280337351
8,90,pc2_bonf,gated,0.4745762711864407,True,0.0002,0.2996765251377261,0.9999250839102936
8,90,pc2_bonf,gated,0.4766101694915254,True,0.0002,0.2931940751541035,0.9998221036451748
8,90,pc2_bonf,gated,0.4786440677966102,True,0.0002,0.2703912968787638,0.9996456515306792
8,90,pc2_bonf,gated,0.4806779661016949,True,0.0002,0.3007195467369513,0.9997374384331432
8,90,pc2_bonf,gated,0.4827118644067797,True,0.0002,0.2770176379670735,0.9996878602523231
8,90,pc2_bonf,gated,0.4847457627118644,True,0.0002,0.3007417595565015,0.9998919577816926
8,90,pc2_bonf,gated,0.4867796610169492,True,0.0002,0.2997561379925338,0.9996836624154288
8,90,pc2_bonf,gated,0.4888135593220339,True,0.0002,0.2998541377873998,0.9997635692855684
8,90,pc2_bonf,gated,0.4908474576271187,True,0.0002,0.2974023722659769,0.9998887908181742
8,90,pc2_bonf,gated,0.4928813559322034,True,0.0002,0.2849649535025833,0.9998236230623324
8,90,pc2_bonf,gated,0.4949152542372881,True,0.0002,0.2884000084714179,0.999837406272262
8,90,pc2_bonf,gated,0.4969491525423729,True,0.0002,0.3004815589361198,0.9999170713913762
8,90,pc2_bonf,gated,0.4989830508474576,True,0.0002,0.2977714395558794,0.9997718209065806
8,90,pc2_bonf,gated,0.5010169491525424,True,0.0002,0.2952051529853149,0.9998131001935958
8,90,pc2_bonf,gated,0.5030508474576272,True,0.0002,0.2977983344857287,0.999711004199514
8,90,pc2_bonf,gated,0.5050847457627119,True,0.0002,0.2999764048860801,0.9998180789001024
8,90,pc2_bonf,gated,0.5071186440677966,True,0.0002,0.2960226616232727,0.9998052495847716
8,90,pc2_bonf,gated,0.5091525423728814,True,0.0002,0.3006028781681239,0.9998867134239484
8,90,pc2_bonf,gated,0.5111864406779661,True,0.0002,0.2951937695834917,0.99991101543731
8,90,pc2_bonf,gated,0.5132203389830509,True,0.0002,0.2962550604432509,0.9998495433687974
8,90,pc2_bonf,gated,0.5152542372881357,True,0.0002,0.2981898011302256,0.9999235859354434
8,90,pc2_bonf,gated,0.5172881355932204,True,0.0002,0.2977377840882305,0.9998149668615718
8,90,pc2_bonf,gated,0.5193220338983051,True,0.0002,0.3015581421952818,0.9997232339261918
8,90,pc2_bonf,gated,0.5213559322033898,True,0.0002,0.2835544713484001,0.9997262919630578
8,90,pc2_bonf,gated,0.5233898305084747,True,0.0002,0.2919166223224638,0.9998355455153748
8,90,pc2_bonf,gated,0.5254237288135594,True,0.0002,0.2994370062526083,0.9995612211219782
8,90,pc2_bonf,gated,0.5274576271186441,True,0.0002,0.2980743657911902,0.9999260036166197
8,90,pc2_bonf,gated,0.5294915254237289,True,0.0002,0.3008905817227318,0.9998247807041544
8,90,pc2_bonf,gated,0.5315254237288136,True,0.0002,0.3002505840313482,0.9994218021619368
8,90,pc2_bonf,gated,0.5335593220338983,True,0.0002,0.2918892625035575,0.999493313648643
8,90,pc2_bonf,gated,0.535593220338983,True,0.0002,0.2860867209446008,0.9993767101556816
8,90,pc2_bonf,gated,0.5376271186440679,True,0.0002,0.2650277709030257,0.9988828193707108
8,90,pc2_bonf,gated,0.5396610169491526,True,0.0002,0.2987512417449651,0.999608284805625
8,90,pc2_bonf,gated,0.5416949152542373,True,0.0002,0.2933995713687412,0.9997740151465532
8,90,pc2_bonf,gated,0.5437288135593221,True,0.0002,0.2623279324604148,0.9990971109929458
8,90,pc2_bonf,gated,0.5457627118644068,True,0.0002,0.2870175302556251,0.9990472567965392
8,90,pc2_bonf,gated,0.5477966101694915,True,0.0002,0.281125509394201,0.999633491307988
8,90,pc2_bonf,gated,0.5498305084745763,True,0.0002,0.2970868104137492,0.9997562800603812
8,90,pc2_bonf,gated,0.5518644067796611,True,0.0002,0.2789656189819547,0.9989260073921202
8,90,pc2_bonf,gated,0.5538983050847458,True,0.0002,0.2960341012185371,0.9986754225677242
8,90,pc2_bonf,gated,0.5559322033898305,True,0.0004,0.2657724094107135,0.9985036596355396
8,90,pc2_bonf,gated,0.5579661016949153,True,0.0004,0.2614408726179527,0.9986544148806594
8,90,pc2_bonf,gated,0.56,True,0.0004,0.282919850930653,0.998379963668375
8,90,pc2_bonf,honest,0.44,False,0.6472,,
8,90,pc2_bonf,honest,0.4420338983050847,False,0.734,,
8,90,pc2_bonf,honest,0.4440677966101695,False,0.7316,,
8,90,pc2_bonf,honest,0.4461016949152542,False,0.7158,,
8,90,pc2_bonf,honest,0.4481355932203389,False,0.9176,,
8,90,pc2_bonf,honest,0.4501694915254237,False,0.9856,,
8,90,pc2_bonf,honest,0.4522033898305085,False,0.468,,
8,90,pc2_bonf,honest,0.4542372881355932,False,0.978,,
8,90,pc2_bonf,honest,0.456271186440678,False,0.778,,
8,90,pc2_bonf,honest,0.4583050847457627,False,0.929,,
8,90,pc2_bonf,honest,0.4603389830508475,False,0.9196,,
8,90,pc2_bonf,honest,0.4623728813559322,False,0.7152,,
8,90,pc2_bonf,honest,0.4644067796610169,False,0.9068,,
8,90,pc2_bonf,honest,0.4664406779661017,False,0.932,,
8,90,pc2_bonf,honest,0.4684745762711864,False,0.8472,,
8,90,pc2_bonf,honest,0.4705084745762712,False,0.8564,,
8,90,pc2_bonf,honest,0.4725423728813559,False,0.6754,,
8,90,pc2_bonf,honest,0.4745762711864407,False,0.3914,,
8,90,pc2_bonf,honest,0.4766101694915254,False,0.7246,,
8,90,pc2_bonf,honest,0.4786440677966102,False,0.7808,,
8,90,pc2_bonf,honest,0.4806779661016949,False,0.9026,,
8,90,pc2_bonf,honest,0.4827118644067797,False,0.716,,
8,90,pc2_bonf,honest,0.4847457627118644,False,0.988,,
8,90,pc2_bonf,honest,0.4867796610169492,False,0.934,,
8,90,pc2_bonf,honest,0.4888135593220339,False,0.9058,,
8,90,pc2_bonf,honest,0.4908474576271187,False,0.877,,
8,90,pc2_bonf,honest,0.4928813559322034,False,0.7998,,
8,90,pc2_bonf,honest,0.4949152542372881,False,0.8494,,
8,90,pc2_bonf,honest,0.4969491525423729,False,0.7668,,
8,90,pc2_bonf,honest,0.4989830508474576,False,0.8776,,
8,90,pc2_bonf,honest,0.5010169491525424,False,0.9116,,
8,90,pc2_bonf,honest,0.5030508474576272,False,0.9408,,
8,90,pc2_bonf,honest,0.5050847457627119,False,0.4922,,
8,90,pc2_bonf,honest,0.5071186440677966,False,0.5204,,
8,90,pc2_bonf,honest,0.5091525423728814,False,0.9356,,
8,90,pc2_bonf,honest,0.5111864406779661,False,0.8714,,
8,90,pc2_bonf,honest,0.5132203389830509,False,0.926,,
8,90,pc2_bonf,honest,0.5152542372881357,False,0.9614,,
8,90,pc2_bonf,honest,0.5172881355932204,False,0.7816,,
8,90,pc2_bonf,honest,0.5193220338983051,False,0.3392,,
8,90,pc2_bonf,honest,0.5213559322033898,False,0.96,,
8,90,pc2_bonf,honest,0.5233898305084747,False,0.8106,,
8,90,pc2_bonf,honest,0.5254237288135594,False,0.6778,,
8,90,pc2_bonf,honest,0.5274576271186441,False,0.5368,,
8,90,pc2_bonf,honest,0.5294915254237289,False,0.8912,,
8,90,pc2_bonf,honest,0.5315254237288136,False,0.7022,,
8,90,pc2_bonf,honest,0.5335593220338983,False,0.5714,,
8,90,pc2_bonf,honest,0.535593220338983,False,0.4688,,
8,90,pc2_bonf,honest,0.5376271186440679,False,0.192,,
8,90,pc2_bonf,honest,0.5396610169491526,False,0.998,,
8,90,pc2_bonf,honest,0.5416949152542373,False,0.515,,
8,90,pc2_bonf,honest,0.5437288135593221,False,0.928,,
8,90,pc2_bonf,honest,0.5457627118644068,False,0.911,,
8,90,pc2_bonf,honest,0.5477966101694915,False,0.7922,,
8,90,pc2_bonf,honest,0.5498305084745763,False,0.8766,,
8,90,pc2_bonf,honest,0.5518644067796611,False,0.5928,,
8,90,pc2_bonf,honest,0.5538983050847458,False,0.5872,,
8,90,pc2_bonf,honest,0.5559322033898305,False,0.381,,
8,90,pc2_bonf,honest,0.5579661016949153,False,0.8806,,
8,90,pc2_bonf,honest,0.56,False,0.7404,,
8,90,rand8_bonf,gated,0.44,True,0.0002,0.2895270311287773,0.999623244965588
8,90,rand8_bonf,gated,0.4420338983050847,True,0.0002,0.3009011256561714,0.9996973263366752
8,90,rand8_bonf,gated,0.4440677966101695,True,0.0002,0.3013328719281277,0.9997068565926636
8,90,rand8_bonf,gated,0.4461016949152542,True,0.0002,0.3013442763829306,0.9997647782025044
8,90,rand8_bonf,gated,0.4481355932203389,True,0.0002,0.2980335324336655,0.9999010698211964
8,90,rand8_bonf,gated,0.4501694915254237,True,0.0002,0.2976943229123369,0.9998994986912968
8,90,rand8_bonf,gated,0.4522033898305085,True,0.0002,0.2993514099444201,0.9998856869738832
8,90,rand8_bonf,gated,0.4542372881355932,True,0.0002,0.3009566463686535,0.9997450930482668
8,90,rand8_bonf,gated,0.456271186440678,True,0.0002,0.2974721480525053,0.9998929585748167
8,90,rand8_bonf,gated,0.4583050847457627,True,0.0002,0.2979447062441089,0.9999148034894556
8,90,rand8_bonf,gated,0.4603389830508475,True,0.0002,0.2972998312529848,0.9999010381652752
8,90,rand8_bonf,gated,0.4623728813559322,True,0.0002,0.2993476652223139,0.9997429222000896
8,90,rand8_bonf,gated,0.4644067796610169,True,0.0002,0.3001523126199149,0.9995573304469684
8,90,rand8_bonf,gated,0.4664406779661017,True,0.0002,0.3010239417668731,0.9997576268908276
8,90,rand8_bonf,gated,0.4684745762711864,True,0.0002,0.3015293283658499,0.9996079825654468
8,90,rand8_bonf,gated,0.4705084745762712,True,0.0002,0.2826275466039324,0.9997777062087982
8,90,rand8_bonf,gated,0.4725423728813559,True,0.0002,0.0365946721632523,0.987672338614518
8,90,rand8_bonf,gated,0.4745762711864407,True,0.0002,0.2839311132406757,0.999671043742923
8,90,rand8_bonf,gated,0.4766101694915254,True,0.0002,0.3016856045035284,0.9996545120378026
8,90,rand8_bonf,gated,0.4786440677966102,True,0.0002,0.2858612704001939,0.9997875111625536
8,90,rand8_bonf,gated,0.4806779661016949,True,0.0002,0.2808882853739441,0.9998105110204168
8,90,rand8_bonf,gated,0.4827118644067797,True,0.0002,0.3016103730960277,0.9998551005749288
8,90,rand8_bonf,gated,0.4847457627118644,True,0.0002,0.2984001969628955,0.9998474944892992
8,90,rand8_bonf,gated,0.4867796610169492,True,0.0002,0.2991374161832006,0.9999209352006364
8,90,rand8_bonf,gated,0.4888135593220339,True,0.0002,0.2857682964680283,0.999779540814227
8,90,rand8_bonf,gated,0.4908474576271187,True,0.0002,0.3033593427801989,0.9998953427060336
8,90,rand8_bonf,gated,0.4928813559322034,True,0.0002,0.2406409171368482,0.9994516793561372
8,90,rand8_bonf,gated,0.4949152542372881,True,0.0002,0.2239351020708105,0.9965341143643364
8,90,rand8_bonf,gated,0.4969491525423729,True,0.0002,0.1950343776311786,0.9953805824756816
8,90,rand8_bonf,gated,0.4989830508474576,True,0.0002,0.3030442442614239,0.9999014165009826
8,90,rand8_bonf,gated,0.5010169491525424,True,0.0002,0.3019138610037113,0.999868524705156
8,90,rand8_bonf,gated,0.5030508474576272,True,0.0002,0.2228118476877891,0.9990080815374464
8,90,rand8_bonf,gated,0.5050847457627119,True,0.0002,0.2952565710991995,0.99958020268101
8,90,rand8_bonf,gated,0.5071186440677966,True,0.0002,0.2984944343747389,0.999812988318699
8,90,rand8_bonf,gated,0.5091525423728814,True,0.0002,0.2966781134048446,0.9997992892667312
8,90,rand8_bonf,gated,0.5111864406779661,True,0.0002,0.2782435209346469,0.9996363794429832
8,90,rand8_bonf,gated,0.5132203389830509,True,0.0002,0.2493465757694971,0.9989381800793008
8,90,rand8_bonf,gated,0.5152542372881357,True,0.0002,0.2933311998320866,0.9998399569718016
8,90,rand8_bonf,gated,0.5172881355932204,True,0.0002,0.2817803869287242,0.9994412067177924
8,90,rand8_bonf,gated,0.5193220338983051,True,0.0002,0.299802810062995,0.999767764047604
8,90,rand8_bonf,gated,0.5213559322033898,True,0.0002,0.2563462717271559,0.9985819153758302
8,90,rand8_bonf,gated,0.5233898305084747,True,0.0002,0.3004813026106969,0.9999544036335536
8,90,rand8_bonf,gated,0.5254237288135594,True,0.0002,0.3017557364914921,0.9997210350316708
8,90,rand8_bonf,gated,0.5274576271186441,True,0.0002,0.299133985205309,0.9997796056309504
8,90,rand8_bonf,gated,0.5294915254237289,True,0.0002,0.2841923819438667,0.9998632615883752
8,90,rand8_bonf,gated,0.5315254237288136,True,0.0002,0.2947960276938688,0.9997373842024648
8,90,rand8_bonf,gated,0.5335593220338983,True,0.0002,0.2927646151247288,0.9996059668159846
8,90,rand8_bonf,gated,0.535593220338983,True,0.0002,0.2967855710785022,0.9996134862249512
8,90,rand8_bonf,gated,0.5376271186440679,True,0.0002,0.2975960699727614,0.9996173151855036
8,90,rand8_bonf,gated,0.5396610169491526,True,0.0002,0.3009731341073214,0.99982886545673
8,90,rand8_bonf,gated,0.5416949152542373,True,0.0002,0.2405529019325851,0.9998597219356062
8,90,rand8_bonf,gated,0.5437288135593221,True,0.0002,0.3002269678094604,0.9997394407105396
8,90,rand8_bonf,gated,0.5457627118644068,True,0.0002,0.2629485074871797,0.9982207388768102
8,90,rand8_bonf,gated,0.5477966101694915,True,0.0002,0.2986365979928042,0.9993276275977522
8,90,rand8_bonf,gated,0.5498305084745763,True,0.0002,0.2910980976373272,0.99982226750312
8,90,rand8_bonf,gated,0.5518644067796611,True,0.0002,0.3037787322961541,0.999636899113424
8,90,rand8_bonf,gated,0.5538983050847458,True,0.0002,0.2968582185495494,0.9994302619947152
8,90,rand8_bonf,gated,0.5559322033898305,True,0.0002,0.2977344199511414,0.9998334769874194
8,90,rand8_bonf,gated,0.5579661016949153,True,0.0002,0.299449324324172,0.9997775109986048
8,90,rand8_bonf,gated,0.56,True,0.0002,0.2989070650007658,0.999296834576236
8,90,rand8_bonf,honest,0.44,False,0.5982,,
8,90,rand8_bonf,honest,0.4420338983050847,False,0.6512,,
8,90,rand8_bonf,honest,0.4440677966101695,False,0.7188,,
8,90,rand8_bonf,honest,0.4461016949152542,False,0.0866,,
8,90,rand8_bonf,honest,0.4481355932203389,False,0.548,,
8,90,rand8_bonf,honest,0.4501694915254237,False,0.6548,,
8,90,rand8_bonf,honest,0.4522033898305085,False,0.314,,
8,90,rand8_bonf,honest,0.4542372881355932,False,0.7688,,
8,90,rand8_bonf,honest,0.456271186440678,False,0.4138,,
8,90,rand8_bonf,honest,0.4583050847457627,False,0.9056,,
8,90,rand8_bonf,honest,0.4603389830508475,False,0.79,,
8,90,rand8_bonf,honest,0.4623728813559322,False,0.4096,,
8,90,rand8_bonf,honest,0.4644067796610169,False,0.6164,,
8,90,rand8_bonf,honest,0.4664406779661017,False,0.7758,,
8,90,rand8_bonf,honest,0.4684745762711864,False,0.7368,,
8,90,rand8_bonf,honest,0.4705084745762712,False,0.4608,,
8,90,rand8_bonf,honest,0.4725423728813559,False,0.7472,,
8,90,rand8_bonf,honest,0.4745762711864407,False,0.5862,,
8,90,rand8_bonf,honest,0.4766101694915254,False,0.5622,,
8,90,rand8_bonf,honest,0.4786440677966102,False,0.597,,
8,90,rand8_bonf,honest,0.4806779661016949,False,0.5592,,
8,90,rand8_bonf,honest,0.4827118644067797,False,0.6246,,
8,90,rand8_bonf,honest,0.4847457627118644,False,0.5674,,
8,90,rand8_bonf,honest,0.4867796610169492,False,0.7264,,
8,90,rand8_bonf,honest,0.4888135593220339,False,0.6646,,
8,90,rand8_bonf,honest,0.4908474576271187,False,0.3352,,
8,90,rand8_bonf,honest,0.4928813559322034,False,0.4752,,
8,90,rand8_bonf,honest,0.4949152542372881,False,0.6222,,
8,90,rand8_bonf,honest,0.4969491525423729,False,0.3816,,
8,90,rand8_bonf,honest,0.4989830508474576,False,0.4212,,
8,90,rand8_bonf,honest,0.5010169491525424,False,0.7858,,
8,90,rand8_bonf,honest,0.5030508474576272,False,0.4858,,
8,90,rand8_bonf,honest,0.5050847457627119,False,0.903,,
8,90,rand8_bonf,honest,0.5071186440677966,False,0.5994,,
8,90,rand8_bonf,honest,0.5091525423728814,False,0.7404,,
8,90,rand8_bonf,honest,0.5111864406779661,False,0.3472,,
8,90,rand8_bonf,honest,0.5132203389830509,False,0.3262,,
8,90,rand8_bonf,honest,0.5152542372881357,False,0.3398,,
8,90,rand8_bonf,honest,0.5172881355932204,False,0.795,,
8,90,rand8_bonf,honest,0.5193220338983051,False,0.8424,,
8,90,rand8_bonf,honest,0.5213559322033898,False,0.3964,,
8,90,rand8_bonf,honest,0.5233898305084747,False,0.5838,,
8,90,rand8_bonf,honest,0.5254237288135594,False,0.704,,
8,90,rand8_bonf,honest,0.5274576271186441,False,0.7004,,
8,90,rand8_bonf,honest,0.5294915254237289,False,0.2654,,
8,90,rand8_bonf,honest,0.5315254237288136,False,0.588,,
8,90,rand8_bonf,honest,0.5335593220338983,False,0.824,,
8,90,rand8_bonf,honest,0.535593220338983,False,0.7458,,
8,90,rand8_bonf,honest,0.5376271186440679,False,0.7756,,
8,90,rand8_bonf,honest,0.5396610169491526,False,0.9048,,
8,90,rand8_bonf,honest,0.5416949152542373,False,0.8396,,
8,90,rand8_bonf,honest,0.5437288135593221,False,0.6396,,
8,90,rand8_bonf,honest,0.5457627118644068,False,0.6266,,
8,90,rand8_bonf,honest,0.5477966101694915,False,0.7062,,
8,90,rand8_bonf,honest,0.5498305084745763,False,0.5416,,
8,90,rand8_bonf,honest,0.5518644067796611,False,0.3378,,
8,90,rand8_bonf,honest,0.5538983050847458,False,0.202,,
8,90,rand8_bonf,honest,0.5559322033898305,False,0.6382,,
8,90,rand8_bonf,honest,0.5579661016949153,False,0.5556,,
8,90,rand8_bonf,honest,0.56,False,0.8062,,
