dt_ratio,pi_target,delta,tau,d_true,pi_emp,pi_hat,dhat_gap,w_min,err_oracle,err_soft,err_hard,err_soft_inlier,signed_oracle,signed_soft,anchor
1.0,0.05,0.02,0.02,0.3289707253902946,0.036,0.5050930003684848,0.019985213210354676,0.4948021893024804,0.06433629222161692,41.559242124071524,35.33767963588325,0.3310161891399704,0.06433629222497787,-41.559242124071524,0
1.0,0.05,0.02,0.02,0.3289707253902946,0.047,0.5892132171683986,0.0239425063858757,0.4107658482248913,1.2910945198311836,55.5395618437373,32.874911279963804,89.85011057034828,-1.2910945198312724,-55.53956184373731,1
1.0,0.05,0.02,0.02,0.3289707253902946,0.066,0.4999519569048389,0.022193589078552713,0.49994337852811904,0.9322235560232192,43.22386346250099,11.162397243712197,29.1476919177574,0.9322235560232026,43.22386346250099,2
1.0,0.05,0.02,0.02,0.3289707253902946,0.06,0.47674309191185094,0.011595879597247444,0.4768023099133921,0.5540511421375722,82.27326602885948,11.489928430957706,1.350971498372849,-0.5540511421386674,-82.27326602885948,3
1.0,0.05,0.02,0.02,0.3289707253902946,0.054,0.3727637130681597,0.027227144143780167,0.3728012094246465,2.820517621237692,15.87969014440502,84.01840761660286,37.05052363665544,2.820517621237687,15.879690144405032,4
1.0,0.05,0.02,0.02,0.3289707253902946,0.053,0.5060465961836897,0.012395212573607374,0.4939812842949392,1.7780707761564731,59.332316314329304,18.914759071453492,82.97707721414695,1.778070776156632,-59.33231631432932,5
1.0,0.05,0.02,0.02,0.3289707253902946,0.054,0.4705589348210226,0.024446674814829854,0.4705745923434656,0.4693655671874559,58.230315003566396,82.59755021554075,40.71913281737737,0.4693655671878258,-58.230315003566396,6
1.0,0.05,0.02,0.02,0.3289707253902946,0.067,0.07411620678010428,0.029569714475809153,0.07431258714743644,1.306635524548999,3.2669940542573292,88.6974693799689,1.7984804401550665,1.3066355245491201,-3.266994054257418,7
1.0,0.05,0.02,0.02,0.3289707253902946,0.046,0.5029612827710038,0.02380329058257782,0.49716083404872796,4.947373143238453,23.887768720548785,11.255501726533753,6.419590947567585,-4.947373143238495,-23.8877687205488,8
1.0,0.05,0.02,0.02,0.3289707253902946,0.05,0.8820646778862419,0.022812146790169706,0.11808570212181768,3.593009906632551,37.36100125027754,,33.28705545784084,3.593009906632695,37.361001250277546,9
1.0,0.05,0.02,0.02,0.3289707253902946,0.048,0.5047100772928828,0.02269251954550787,0.4952510347848351,2.8051835150104902,13.184506807205368,52.286606028098575,1.3448166382166866,-2.805183515010432,-13.184506807205354,10
1.0,0.05,0.02,0.02,0.3289707253902946,0.054,0.552020461307955,0.009171639697142533,0.4479764182690597,4.0371419061414695,33.889325130272724,11.08824466980403,0.8459032339465706,4.037141906141609,33.88932513027274,11
1.0,0.05,0.02,0.02,0.3289707253902946,0.052,0.5654542895076314,0.021894630005467562,0.4348824203919812,3.932612367739496,51.70254095214249,85.24933765380706,2.217263488487705,-3.932612367739505,-51.7025409521425,12
1.0,0.05,0.02,0.02,0.3289707253902946,0.038,0.40937650556325733,0.024044328365060957,0.4094565436824246,0.12870709598405564,4.597325038269658,40.98274832026806,7.269651997615051,0.1287070959853987,-4.597325038269756,13
1.0,0.05,0.02,0.02,0.3289707253902946,0.055,0.5943504354408924,0.01912717594897761,0.4057211408445434,2.062464069971645,16.866669857813502,42.13245084734002,51.73909441151751,2.062464069971919,16.866669857813527,14
1.0,0.05,0.02,0.02,0.3289707253902946,0.043,0.5050040265582316,0.018354796711444785,0.49503975041993026,7.521761623045135,3.111185025101437,47.50927342066458,87.51503840509832,-7.521761623045157,-3.11118502510142,15
1.0,0.05,0.02,0.02,0.3289707253902946,0.046,0.49720812789684077,0.017336076816934137,0.49722507284880757,2.41520438394492,36.23396662855087,17.01102657848386,24.50950275515426,2.415204383945018,36.233966628550874,16
1.0,0.05,0.02,0.02,0.3289707253902946,0.06,0.6578696712229545,0.010571010309136509,0.34212035617317804,2.278640188992249,32.870505391596204,59.639472638624454,88.83209117927052,2.278640188992221,32.870505391596204,17
1.0,0.05,0.02,0.02,0.3289707253902946,0.058,0.835377041189175,0.02778593338478541,0.1646492141654583,2.5339818596987618,14.284627899515872,12.220523978412345,25.365353343621624,-2.5339818596989585,-14.284627899515883,18
1.0,0.05,0.02,0.02,0.3289707253902946,0.06,0.5082845213923453,0.009385632601271236,0.4917175409543457,3.5668868107029756,35.6298532291637,33.7664705603025,60.44065867232248,3.566886810703045,35.629853229163714,19
1.0,0.05,0.02,0.02,0.3289707253902946,0.051,0.5820474008610893,0.007321993735821482,0.41800663370833196,3.424519671101925,17.20205966617872,76.03600500171692,82.19388452238393,3.4245196711018604,17.20205966617873,20
1.0,0.05,0.02,0.02,0.3289707253902946,0.059,0.5738677477275382,0.01648265230691294,0.4261812783971121,4.633453213222079,64.40948906655842,50.66457399271558,69.91529966089996,-4.633453213222077,64.40948906655842,21
1.0,0.05,0.02,0.02,0.3289707253902946,0.055,0.4982859532315036,0.017425251994224587,0.49829177158563864,1.0382236306527282,84.99362489185344,2.0892891158018414,69.31267946548982,-1.0382236306529034,84.99362489185346,22
1.0,0.05,0.02,0.02,0.3289707253902946,0.044,0.5131330437870256,0.017927941131215402,0.4870006097582893,2.6735957371538666,24.66008561053515,81.64358756367058,54.17522432729796,-2.6735957371540167,-24.660085610535166,23
1.0,0.05,0.02,0.02,0.3289707253902946,0.056,0.1990328875966265,0.01710723326537372,0.1991186638707083,5.144934150869528,1.5947737133507798,12.618426109389093,17.98159556338291,-5.144934150869617,-1.594773713350885,24
1.0,0.05,0.02,0.02,0.3289707253902946,0.052,0.5549193863600774,0.01248833504753714,0.4452023922761048,1.852588931628041,78.829836548214,81.10083956829317,64.32417242930501,1.8525889316281954,78.829836548214,25
1.0,0.05,0.02,0.02,0.3289707253902946,0.055,0.06051801528401909,0.03667201741826245,0.060604827587394855,6.894213750431681,89.21550406222197,31.447128364630768,15.983061344792562,6.894213750431726,-89.21550406222197,26
1.0,0.05,0.02,0.02,0.3289707253902946,0.045,0.6490608910917622,0.0091213216343514,0.3509785256881085,2.3750094952063248,3.6642725883224867,23.97682423558106,55.22257607294561,-2.375009495206457,3.6642725883227008,27
1.0,0.05,0.02,0.02,0.3289707253902946,0.052,0.4241679456793936,0.010301164398176039,0.4241799531540671,3.1986653792559783,72.85518134797637,28.795521252933003,12.809734029163481,3.1986653792559547,-72.85518134797637,28
1.0,0.05,0.02,0.02,0.3289707253902946,0.047,0.5030717168345022,0.018104139920999195,0.49690395516239,4.041658159088585,78.93225774827546,4.844002794392733,50.903933426860796,-4.041658159088673,-78.93225774827546,29
1.0,0.05,0.02,0.02,0.3289707253902946,0.05,0.6729893703019109,0.010821621740496827,0.32705792447500015,7.223640860919075,32.979225608168626,63.829542465004266,87.26446912361666,-7.223640860919082,32.97922560816863,30
1.0,0.05,0.02,0.02,0.3289707253902946,0.045,0.5167746285922041,0.018478993033958974,0.48333447429486065,4.8770719666085816,81.74760167521806,30.225305157207234,29.55367601271141,4.877071966608622,81.74760167521806,31
1.0,0.05,0.02,0.02,0.3289707253902946,0.058,0.5249489825432726,0.012185739046432852,0.4750525461678764,2.900988259929158,4.053465872980551,39.79746915569141,16.636468508040192,-2.900988259929309,-4.053465872980722,32
1.0,0.05,0.02,0.02,0.3289707253902946,0.052,0.5203723393167413,0.009058201267424614,0.47962910912288165,0.2491514776958297,0.43092242063218994,6.480456093665795,8.516584516183622,-0.2491514776963837,-0.43092242063255376,33
1.0,0.05,0.02,0.02,0.3289707253902946,0.043,0.2930491202262095,0.0038599378790525364,0.2931351067678459,3.1144451997024665,27.79230952255647,,38.809604726408956,-3.114445199702598,27.792309522556476,34
1.0,0.05,0.02,0.02,0.3289707253902946,0.038,0.8860712408536906,0.01900443203077856,0.11394276919102193,0.9925945594604407,35.2500446044076,,70.33489321968787,-0.9925945594608455,-35.25004460440761,35
1.0,0.05,0.02,0.02,0.3289707253902946,0.045,0.4988170344759585,0.019510643587645395,0.4987422959265479,4.584327227220787,4.780369750893152,76.14080691987779,80.33624964294586,-4.58432722722074,4.780369750893125,36
1.0,0.05,0.02,0.02,0.3289707253902946,0.045,0.5990873332587895,0.022791025287962716,0.40089950439625294,1.3876554966616088,46.45426498326036,16.070808301434557,37.92056848808551,1.38765549666153,46.454264983260366,37
1.0,0.05,0.02,0.02,0.3289707253902946,0.044,0.493231951351137,0.020664161860498534,0.49320359902535266,1.9666252955252035,73.96882717327321,11.923827686338253,89.65159278824876,1.9666252955256318,-73.96882717327321,38
1.0,0.05,0.02,0.02,0.3289707253902946,0.055,0.1508098131146326,0.008842029445291045,0.15127644106693242,4.390669764844125,29.74984125588955,,44.72479721558106,-4.390669764844179,29.74984125588957,39
1.0,0.05,0.02,0.02,0.3289707253902946,0.038,0.4934513258517868,0.013958694331919458,0.49349835304490824,6.688364847806361,2.6078935046721985,47.789921684875736,66.89659609601024,-6.688364847806376,2.607893504672414,40
1.0,0.05,0.02,0.02,0.3289707253902946,0.049,0.757864886364848,0.0055068334974231635,0.2422487455501938,3.5009482817928133,76.79950761761522,63.907689301336006,15.1880865655859,3.5009482817928963,76.79950761761522,41
1.0,0.05,0.02,0.02,0.3289707253902946,0.044,0.5004337527386056,0.022158830391279978,0.49954378059967813,1.1916302365388747,34.82585236043042,89.27173175048188,56.60466849680162,-1.1916302365391969,-34.82585236043044,42
1.0,0.05,0.02,0.02,0.3289707253902946,0.047,0.5147211447104778,0.0068247193895635255,0.4853097211122855,3.035575919735898,72.21634229785249,83.53459708983534,67.73005627237934,-3.035575919735911,-72.21634229785249,43
1.0,0.05,0.02,0.02,0.3289707253902946,0.053,0.49163403200613404,0.018366527307455166,0.491670654341734,0.5616364746228185,50.29014050911729,0.41365636235956843,42.3103342091557,0.5616364746227975,-50.2901405091173,44
1.0,0.05,0.02,0.02,0.3289707253902946,0.047,0.47572199678301397,0.007447935410153748,0.4757359414479315,2.323653238417492,52.57230088375979,28.786098244133246,5.081713913208968,-2.3236532384175677,52.572300883759794,45
1.0,0.05,0.02,0.02,0.3289707253902946,0.057,0.281617719898805,0.004558865592773884,0.2819062240338619,1.885145674407148,9.963462227526577,,16.714981002465436,1.8851456744071453,-9.963462227526616,46
1.0,0.05,0.02,0.02,0.3289707253902946,0.054,0.48841512365464435,0.014192519845246167,0.488441795468808,1.0376655410074604,48.855807140351665,2.503725050256389,52.85065317305525,-1.037665541007653,-48.85580714035167,47
1.0,0.05,0.02,0.02,0.3289707253902946,0.05,0.5485181991100663,0.0002556310501183629,0.45172984381223513,1.1655344547205502,46.2900028540392,47.4025563431635,41.02439879129761,1.1655344547205824,46.2900028540392,48
1.0,0.05,0.02,0.02,0.3289707253902946,0.053,0.17347796136886837,0.005241839234057132,0.1735663992002402,1.9895424705175488,35.02161384866868,,46.06751326241319,1.9895424705176312,-35.021613848668686,49
1.0,0.05,0.02,0.02,0.3289707253902946,0.054,0.6796483345452193,0.0030038807332843347,0.3203877948939302,1.152246936954213,4.632440006057753,,39.878947453795924,1.1522469369542592,-4.6324400060578075,50
1.0,0.05,0.02,0.02,0.3289707253902946,0.053,0.8462338431919366,0.004267988541396877,0.15421169861077116,4.566758178256202,22.34941918475316,22.308545608939614,71.53929703995244,4.566758178256319,-22.349419184753177,51
1.0,0.05,0.02,0.02,0.3289707253902946,0.046,0.3394911071289781,0.02213638546711364,0.33966332299991114,1.6388999931570394,87.76066607168336,3.10915654499524,38.16019447619139,1.638899993157159,-87.76066607168336,52
1.0,0.05,0.02,0.02,0.3289707253902946,0.059,0.5983527106466006,0.021106026569004774,0.40180092554224367,0.2682074425860626,14.324972194381337,72.26842466269979,5.116453490710696,-0.2682074425869241,-14.324972194381358,53
1.0,0.05,0.02,0.02,0.3289707253902946,0.057,0.39438489036888474,0.013750665789650708,0.3944065358138595,7.0217570084227265,32.610218421827916,75.57505348550168,31.141456574041943,7.021757008422725,-32.61021842182793,54
1.0,0.05,0.02,0.02,0.3289707253902946,0.064,0.34192105097229025,0.009533816550635468,0.3419233778323367,3.5490765604247727,5.719151843703326,4.875493414233547,82.15537896407653,3.549076560424787,-5.719151843703398,55
1.0,0.05,0.02,0.02,0.3289707253902946,0.057,0.7011447306941879,0.023971688044921176,0.2989393309633648,2.9131547080835722,47.92032180313087,42.53618226707136,12.017170775246562,2.91315470808374,-47.920321803130875,56
1.0,0.05,0.02,0.02,0.3289707253902946,0.046,0.4111903429334809,0.004946861565602669,0.411286381435105,2.3545908376159557,1.7021509383329925,12.647864602609735,0.15166973014365948,2.35459083761609,-1.7021509383331952,57
1.0,0.05,0.02,0.02,0.3289707253902946,0.05,0.4932418914112088,0.019694906044815764,0.49331392567297583,2.432949775694957,64.4638975504543,10.321037225691759,22.343794483678074,-2.432949775695003,64.4638975504543,58
1.0,0.05,0.02,0.02,0.3289707253902946,0.049,0.6554905638379296,0.019977547722728306,0.34457528715090907,1.5172306983444408,63.33697989114652,77.9111455510768,10.03627937402148,-1.5172306983446864,-63.33697989114652,59
1.0,0.05,0.02,0.02,0.3289707253902946,0.056,0.5627263634593809,0.023745666987070917,0.43762404342080957,1.6500640057786071,59.79550640392603,48.939731866848625,33.21906247973621,-1.6500640057787532,-59.79550640392603,60
1.0,0.05,0.02,0.02,0.3289707253902946,0.045,0.4680588303553246,0.021577005775612487,0.4682174417269034,4.5569115499608115,38.871377770621805,56.69963983693637,84.73259531493835,4.556911549960891,38.87137777062182,61
1.0,0.05,0.02,0.02,0.3289707253902946,0.064,0.49693167838082936,0.021062781929356504,0.49692085396615254,4.489564782792943,85.59791450807735,30.452465451141578,56.66555084190356,-4.489564782793053,85.59791450807735,62
1.0,0.05,0.02,0.02,0.3289707253902946,0.037,0.6717524473171375,0.014334508150451813,0.32832114330170337,1.9627273389160134,67.97688522989223,85.8895272113714,19.680817032269182,-1.9627273389161854,-67.97688522989225,63
1.0,0.05,0.02,0.02,0.3289707253902946,0.042,0.5803195697769777,0.006616907765540128,0.41971544239046527,1.7165177623780596,28.161162740630317,25.897280320978616,33.39690679275044,-1.716517762378302,28.16116274063033,64
1.0,0.05,0.02,0.02,0.3289707253902946,0.051,0.5032549585860301,0.013872088482613343,0.49675685783071066,3.0008269298052377,22.183244711740777,4.192151688761652,11.639365900204012,3.0008269298054464,-22.183244711740777,65
1.0,0.05,0.02,0.02,0.3289707253902946,0.05,0.4427776590108309,0.0020179383084185975,0.44302581167710114,4.407915467259593,9.208492414744237,6.866726271047273,86.17671791512907,-4.40791546725972,-9.20849241474431,66
1.0,0.05,0.02,0.02,0.3289707253902946,0.041,0.4971519695639876,0.020377164087608812,0.4971073759810141,5.597496760535599,32.285758550276405,60.59091811447216,21.5383851185479,5.597496760535632,-32.28575855027643,67
1.0,0.05,0.02,0.02,0.3289707253902946,0.052,0.5363849971186913,0.0040312966302839415,0.4636190518686826,6.495924356503604,16.853196453124173,12.836160744504603,14.30489932452351,-6.495924356503638,-16.853196453124173,68
1.0,0.05,0.02,0.02,0.3289707253902946,0.044,0.45023096958420095,0.017686422273590713,0.45029870444289244,1.5044181637465532,60.65731287399154,33.75138394654678,56.007599076090486,1.504418163746725,60.65731287399156,69
1.0,0.05,0.02,0.02,0.3289707253902946,0.045,0.487761425794551,0.018898809261903,0.4878841752861408,0.06802374306915483,74.80053656345355,40.78446519387539,2.0310499518415117,0.06802374307303478,74.80053656345355,70
1.0,0.05,0.02,0.02,0.3289707253902946,0.047,0.8229574125393424,0.017774406024599832,0.17710104659175477,1.93693318918524,59.892508434818374,78.87325543406742,88.86007395411053,-1.9369331891855464,-59.89250843481838,71
1.0,0.05,0.02,0.02,0.3289707253902946,0.05,0.2957414703360412,0.007193919009239978,0.29574814858930815,3.458939535562626,56.99113752196191,,25.64549555689485,-3.458939535562735,-56.99113752196191,72
1.0,0.05,0.02,0.02,0.3289707253902946,0.053,0.38033846692784734,0.001539484653940425,0.38053246957905046,5.396898622755984,42.97150398914122,15.44318297004265,60.56257981760949,-5.3968986227560345,-42.97150398914122,73
1.0,0.05,0.02,0.02,0.3289707253902946,0.04,0.4120413409876832,0.021609227576577218,0.4121193946468384,1.5245992218514681,87.92346251836832,30.335311049484154,62.18366507787812,-1.524599221851527,-87.92346251836832,74
1.0,0.05,0.02,0.02,0.3289707253902946,0.053,0.17226817597507005,0.025407890749663237,0.17219322247023258,3.064364113763168,53.439390712163544,58.70392906010228,38.09279706323017,3.064364113763156,-53.43939071216355,75
1.0,0.05,0.02,0.02,0.3289707253902946,0.053,0.3816827406480403,0.014028854343078134,0.3816542135277669,1.0281452986278816,52.46759160264556,2.482341771422463,59.3140400268647,-1.0281452986278756,-52.46759160264557,76
1.0,0.05,0.02,0.02,0.3289707253902946,0.043,0.21342267659533865,0.017726881609269857,0.2134635097300186,0.10982578143563558,10.088073260013347,79.38401076656973,20.46853921407319,0.10982578143981364,-10.0880732600134,77
1.0,0.05,0.02,0.02,0.3289707253902946,0.053,0.5732493852078727,0.021406701580994003,0.4269065747322346,2.4240552470934067,45.277753556361496,38.18086058739521,42.64324465972356,-2.424055247093432,-45.27775355636151,78
1.0,0.05,0.02,0.02,0.3289707253902946,0.047,0.41319065402872546,0.022462143619017383,0.41340373233257094,0.7905616887173884,89.3340790839519,85.09223578446534,11.918599751415439,0.7905616887175362,89.3340790839519,79
1.0,0.05,0.02,0.02,0.3289707253902946,0.049,0.7056029451725326,0.010158091429849175,0.29439229455387633,0.8733461201376449,29.834131249543784,39.46628796539071,43.75540750885348,0.8733461201382253,-29.834131249543795,80
1.0,0.05,0.02,0.02,0.3289707253902946,0.056,0.49170125997735603,0.021234575390832615,0.49187636361857406,0.5781768567271459,64.01707182777257,28.908080876948247,48.870684126632554,0.5781768567274725,64.01707182777257,81
1.0,0.05,0.02,0.02,0.3289707253902946,0.056,0.2769118304631203,0.0187621765854279,0.2769515430795256,2.1096480373272484,46.45446920167476,35.51664729894725,76.13331612075449,-2.1096480373273314,-46.45446920167477,82
1.0,0.05,0.02,0.02,0.3289707253902946,0.047,0.5046728512891858,0.00856585188478038,0.4953566067377408,5.769207740333284,47.12135654345222,6.139859210791688,88.81295736457342,-5.769207740333351,-47.12135654345222,83
1.0,0.05,0.02,0.02,0.3289707253902946,0.048,0.5262079557262439,0.013230595132429428,0.4737852801276584,0.6818413238641158,43.89659259187657,89.38396408081267,76.97147276636848,0.6818413238647671,-43.896592591876576,84
1.0,0.05,0.02,0.02,0.3289707253902946,0.043,0.4931135381831384,0.020441035778872456,0.49328852621867675,3.796902169835662,43.124417048671596,42.33995477878642,42.092536129145884,3.7969021698357053,-43.12441704867161,85
1.0,0.05,0.02,0.02,0.3289707253902946,0.061,0.49986192638057003,0.02183966514567423,0.49982056184568757,0.9614815125301045,59.06127247838428,32.57197814626981,69.60031366451277,-0.961481512530148,-59.06127247838428,86
1.0,0.05,0.02,0.02,0.3289707253902946,0.06,0.2964423159674022,0.019278960055441288,0.2965152444651308,0.1271902005997045,53.103434001087216,29.590310719660778,67.37530830728525,0.12719020060172945,53.10343400108722,87
1.0,0.05,0.02,0.02,0.3289707253902946,0.043,0.5732943732066385,0.021110482104621017,0.4267233831275551,2.342023304012312,35.79275370326516,53.35385896044223,32.50270912884129,2.3420233040123595,-35.79275370326516,88
1.0,0.05,0.02,0.02,0.3289707253902946,0.054,0.45892382966769263,0.0194847056405451,0.45901622224904576,0.011403282037914414,87.24295684529099,77.2364978101448,71.69731145391656,-0.011403282076120666,87.242956845291,89
1.0,0.05,0.02,0.02,0.3289707253902946,0.05,0.27362397439768965,0.003313439892429382,0.27403239719459227,1.6764075360050572,27.982546257331023,29.808034856977574,27.59583371736971,-1.676407536005262,-27.982546257331034,90
1.0,0.05,0.02,0.02,0.3289707253902946,0.053,0.543948248424112,0.020896983753868413,0.4561626439466377,1.800300125945213,57.11411652807123,54.234013856223214,87.46149361878334,1.8003001259454272,57.114116528071236,91
1.0,0.05,0.02,0.02,0.3289707253902946,0.041,0.5117930499480383,0.017665524833432273,0.48834797078283787,2.774241021394226,64.75564258812341,63.07282131801326,3.157685873905662,-2.7742410213942166,64.75564258812341,92
1.0,0.05,0.02,0.02,0.3289707253902946,0.059,0.34513142626175464,0.011999181561013247,0.3451130860672762,1.395397649146844,30.367579336913558,40.85002550564112,76.7558037026598,-1.395397649147102,30.367579336913565,93
1.0,0.05,0.02,0.02,0.3289707253902946,0.047,0.5335286346779319,0.0163679831981473,0.466467425724199,4.248797068984059,86.99233978556292,46.88395828367518,37.826010429610115,4.248797068984122,86.99233978556292,94
1.0,0.05,0.02,0.02,0.3289707253902946,0.043,0.5057174255794683,0.019263059765527665,0.49438852393070015,2.5653287127195825,14.787300151921949,60.371902499450414,13.139269666465026,-2.5653287127196296,-14.787300151921968,95
1.0,0.05,0.02,0.02,0.3289707253902946,0.045,0.29371536257432107,0.009617300256170741,0.2940728370901211,1.039525721930927,34.95684573659481,,31.16237581584206,1.039525721930864,34.95684573659481,96
1.0,0.05,0.02,0.02,0.3289707253902946,0.056,0.32930026735783885,0.0011593420806386965,0.32926676390768056,5.599333019255817,58.342493265275316,6.510476699742892,43.63871600872253,5.599333019255869,-58.34249326527533,97
1.0,0.05,0.02,0.02,0.3289707253902946,0.05,0.5000988791491886,0.022171252985512733,0.49988750526753906,4.040602345668387,82.84272859756489,40.68832698650426,65.62608088009338,-4.04060234566848,82.84272859756489,98
1.0,0.05,0.02,0.02,0.3289707253902946,0.055,0.39122754125062437,0.01290848603088631,0.3912608650669837,3.0833893294300774,8.749143702821094,39.78392596684316,42.032261455204086,3.08338932943018,8.749143702821122,99
1.0,0.05,0.02,0.02,0.3289707253902946,0.054,0.5235765411534589,0.003256159692774023,0.47642240669766234,3.522003102042422,18.827497232222086,67.77693763297204,71.3504625680513,-3.5220031020426315,-18.82749723222211,100
1.0,0.05,0.02,0.02,0.3289707253902946,0.047,0.3999514431962343,0.018426207860128326,0.4000219855010677,0.6740277597749379,73.77588416259584,2.6863169019715363,27.16537513634977,0.6740277597763304,-73.77588416259584,101
1.0,0.05,0.02,0.02,0.3289707253902946,0.047,0.7871741752182079,0.02147034905185193,0.21290090831619074,2.87495245644668,54.7464731769409,40.868357238236435,64.27705488510823,-2.874952456446785,54.74647317694091,102
1.0,0.05,0.02,0.02,0.3289707253902946,0.046,0.50025194823532,0.017098072866533323,0.49975405170922194,3.8640844114396806,56.0111962442889,3.420422310839647,57.83564982523992,-3.8640844114397432,-56.0111962442889,103
1.0,0.05,0.02,0.02,0.3289707253902946,0.057,0.48517857848756535,0.005396217849543759,0.4851943910634489,2.032224119189007,64.62698788720199,28.0059770440737,30.4918285075613,-2.0322241191890336,-64.62698788720199,104
1.0,0.05,0.02,0.02,0.3289707253902946,0.051,0.5341703845101812,0.01923287064448099,0.4658900842318828,3.6896992343363606,66.87479227485542,80.73824868008711,6.8344904571421825,3.689699234336431,-66.87479227485542,105
1.0,0.05,0.02,0.02,0.3289707253902946,0.045,0.23768254681047243,0.024427093001653737,0.23770250231431514,0.5674835370125393,18.883583675730478,16.334072641333677,33.89609475173854,-0.5674835370128837,18.88358367573048,106
1.0,0.05,0.02,0.02,0.3289707253902946,0.052,0.49510459446744154,0.011199481746586241,0.4950839686469136,1.6238614002860068,75.65631457567252,57.3718101584675,71.76818881749867,-1.623861400286345,-75.65631457567252,107
1.0,0.05,0.02,0.02,0.3289707253902946,0.036,0.38712893877455495,0.0037375868745147234,0.3872728741111787,2.451986237954771,85.84138244605543,63.35452132647864,27.84164368480504,-2.4519862379550226,85.84138244605543,108
1.0,0.05,0.02,0.02,0.3289707253902946,0.057,0.527643744028479,0.02021341686551294,0.4724765793280625,4.453097066165565,59.739970975706335,29.76988088352501,5.794750538065404,4.453097066165609,59.739970975706335,109
1.0,0.05,0.02,0.02,0.3289707253902946,0.055,0.47221902351934936,0.0012124247789730052,0.47150383201446944,2.7228959727036353,48.09831898423242,79.25339664343356,29.117076371657717,2.7228959727037587,-48.09831898423243,110
1.0,0.05,0.02,0.02,0.3289707253902946,0.055,0.4768323515310351,0.021447222870309757,0.4768697092898269,3.388587386333281,39.15711850416375,86.96918470746829,89.42684362421791,-3.3885873863332856,-39.15711850416376,111
1.0,0.05,0.02,0.02,0.3289707253902946,0.045,0.60130207389585,0.004115889144015233,0.3986851840360263,5.5187310102489056,32.15674078202035,,27.801444677766852,-5.518731010248915,32.156740782020364,112
1.0,0.05,0.02,0.02,0.3289707253902946,0.044,0.12029910506802988,0.021870469826816313,0.12034628042760584,3.821914016503713,76.36810354876964,57.44191237336471,21.264117061990913,-3.8219140165037504,76.36810354876964,113
1.0,0.05,0.02,0.02,0.3289707253902946,0.054,0.4623111177014259,0.005206065004304277,0.4625126632462051,2.3525416927083804,57.139615818195566,70.68833783081256,60.62236696110597,-2.3525416927086438,57.139615818195566,114
1.0,0.05,0.02,0.02,0.3289707253902946,0.046,0.7802871244367725,0.021532851901959072,0.21970641442312183,0.29944484373891705,1.4613397075978227,31.8771988881433,47.027146104768725,-0.2994448437400156,-1.461339707597875,115
1.0,0.05,0.02,0.02,0.3289707253902946,0.052,0.5196162451753764,0.02240097057007306,0.4804057829907486,4.53951415213639,50.20680922394171,74.77006462706203,58.91831450246377,4.539514152136469,50.20680922394171,116
1.0,0.05,0.02,0.02,0.3289707253902946,0.058,0.6313126696359481,0.008115826608582219,0.36881979060086467,7.6877434693751825,51.251306466139916,42.00991046768584,40.800152720446626,7.6877434693751905,51.251306466139916,117
1.0,0.05,0.02,0.02,0.3289707253902946,0.04,0.36316290126315526,0.005891369263443606,0.3639283273845878,5.26194881661,38.64031284194975,6.479842625631644,63.174601745566626,-5.261948816610054,-38.64031284194976,118
1.0,0.05,0.02,0.02,0.3289707253902946,0.05,0.6067573670218906,0.019699949706558036,0.39330890366398363,3.3499137473866227,27.234074797055854,34.538363300728086,27.022408867093176,3.349913747386687,-27.234074797055868,119
1.0,0.05,0.02,0.02,0.3289707253902946,0.052,0.5008633426608147,0.00028729709255792687,0.4991366566878588,1.3734217306647498,1.164726725421005,8.8360380224123,17.795510974714052,-1.373421730664907,1.1647267254209603,120
1.0,0.05,0.02,0.02,0.3289707253902946,0.049,0.5695833526094344,0.021934060696956543,0.4305767705226494,4.8226369889611185,42.18577076524385,54.849680533730215,6.927872660593644,-4.822636988961102,-42.18577076524385,121
1.0,0.05,0.02,0.02,0.3289707253902946,0.047,0.17584825405112162,0.021984823206011177,0.17594882432647488,0.279377168022273,0.9614518443451198,24.58421141825436,17.510888959652323,-0.2793771680234208,-0.9614518443452273,122
1.0,0.05,0.02,0.02,0.3289707253902946,0.052,0.5052203588606565,0.007348897897573821,0.4950158701252048,0.45781229655874406,43.02495622103238,58.11259197460974,84.14456350703563,0.4578122965588284,43.02495622103238,123
1.0,0.05,0.02,0.02,0.3289707253902946,0.06,0.08578716543428203,0.012424695589875363,0.085719269538745,6.32452146559866,46.6724418682013,,18.472261189312903,-6.324521465598707,-46.67244186820131,124
1.0,0.05,0.02,0.02,0.3289707253902946,0.04,0.5009587812665296,0.015739423122831466,0.4990306612131698,1.607937643122632,41.40505342803611,61.64529344122574,43.62342256349632,-1.6079376431228207,-41.40505342803611,125
1.0,0.05,0.02,0.02,0.3289707253902946,0.044,0.3909184650819677,0.0016621814021339774,0.3913328115815422,3.9364051840237044,44.37945018456324,51.23404534799021,0.6366092441073777,3.936405184023845,44.37945018456324,126
1.0,0.05,0.02,0.02,0.3289707253902946,0.053,0.36994820246240867,0.009786951334187815,0.370127258679486,3.0900795606633764,42.89533035857006,31.013860589552007,0.7577334552951549,-3.0900795606634683,-42.895330358570064,127
1.0,0.05,0.02,0.02,0.3289707253902946,0.052,0.6330376702688197,0.021624211999696615,0.3670067623937015,7.992718809038449,47.55931398178672,88.07968025181135,23.366502008307517,-7.992718809038509,-47.55931398178673,128
1.0,0.05,0.02,0.02,0.3289707253902946,0.041,0.49774996285690737,0.018244609694785776,0.497735792308828,5.377692237857035,56.94766870206394,39.0526121792667,3.82661654677316,5.377692237857043,56.94766870206395,129
1.0,0.05,0.02,0.02,0.3289707253902946,0.048,0.5718884528517417,0.012313529139136654,0.4281121824323122,2.5224099129536217,62.98410450413004,1.360468919833777,3.784613762188223,2.5224099129537345,62.98410450413004,130
1.0,0.05,0.02,0.02,0.3289707253902946,0.046,0.27817770721548024,0.006873372278356501,0.27828303251243686,4.928043085639751,11.671226303173306,82.02833979266792,64.32823533821359,4.9280430856398345,-11.671226303173349,131
1.0,0.05,0.02,0.02,0.3289707253902946,0.048,0.5290656926262577,0.004715969080997536,0.47113770048900283,2.2413863060085175,3.2224407802150203,24.11117473022503,23.47739890930286,2.2413863060088044,-3.222440780215081,132
1.0,0.05,0.02,0.02,0.3289707253902946,0.053,0.7852037029543845,0.02151228007197474,0.214830646716143,0.7929285661250325,26.243982193413263,3.660514177330703,63.3425803292679,-0.7929285661249876,-26.243982193413267,133
1.0,0.05,0.02,0.02,0.3289707253902946,0.045,0.490054616024003,0.017711591041298262,0.4901649274721756,0.910587026367811,6.023714292847637,27.272353863169347,78.90818079256076,0.9105870263688646,6.023714292847731,134
1.0,0.05,0.02,0.02,0.3289707253902946,0.045,0.5439833076093245,0.01912889814923944,0.45606368213846943,0.5104242051169948,53.815043024621,75.1367368021146,85.9162768399126,-0.5104242051176177,53.815043024621005,135
1.0,0.05,0.02,0.02,0.3289707253902946,0.047,0.509399610108475,0.005038616302212487,0.4905990237615342,7.722371881438833,51.307628716703086,4.76026705809875,63.33830230514932,7.722371881438876,-51.30762871670309,136
1.0,0.05,0.02,0.02,0.3289707253902946,0.055,0.4713250354417729,0.007232557275081269,0.47167084299808426,2.438600436414784,49.50759649296988,60.72640692511516,43.31464982149774,2.4386004364148506,49.50759649296988,137
1.0,0.05,0.02,0.02,0.3289707253902946,0.058,0.557343434026669,0.002119897128106287,0.44303010633937473,1.4345559291421743,10.379114295766229,36.336740405343434,20.36275359391476,-1.4345559291422785,-10.37911429576623,138
1.0,0.05,0.02,0.02,0.3289707253902946,0.056,0.4550069223368409,0.01718796593274708,0.45509020008065265,2.0495233497736507,29.24848213008798,85.79449672560607,59.32528980770834,-2.049523349773737,-29.24848213008799,139
1.0,0.05,0.02,0.02,0.3289707253902946,0.048,0.4903291017832654,0.005083514077409713,0.4903396199729829,3.308207585943074,42.69412211032862,1.5199312886540182,10.136180056343605,-3.308207585943189,-42.69412211032863,140
1.0,0.05,0.02,0.02,0.3289707253902946,0.055,0.4880071572724552,0.007717565890430986,0.48810248559819136,0.8104068022317972,4.013517695549923,63.039206138478974,24.090262563635715,-0.8104068022323336,4.013517695550034,141
1.0,0.05,0.02,0.02,0.3289707253902946,0.059,0.6387536669114516,0.004076671181127691,0.361576336843927,1.5752488207240198,19.039330032617187,,33.374723683094,-1.5752488207242423,-19.039330032617197,142
1.0,0.05,0.02,0.02,0.3289707253902946,0.051,0.17332963382843247,0.022745663801783052,0.17334955992344672,3.5087829837465936,9.000335990146217,88.8332678078353,46.84582418645655,-3.5087829837466744,9.00033599014626,143
1.0,0.05,0.02,0.02,0.3289707253902946,0.049,0.48523248119614754,0.011991411622295535,0.4852332816489069,1.719447668577175,9.689354091677824,5.922185894048066,24.340273424315093,-1.7194476685772646,9.689354091677878,144
1.0,0.05,0.02,0.02,0.3289707253902946,0.052,0.468451280346242,0.01913506145129306,0.4684532619839172,0.5599222077555489,13.500954028742454,79.13272476095727,22.21219347727232,-0.5599222077560806,-13.500954028742472,145
1.0,0.05,0.02,0.02,0.3289707253902946,0.045,0.2958527126902693,0.012424269590926457,0.2958481471956563,4.27370838306683,4.045303786120276,84.14473237574921,89.27729311547431,4.273708383066838,4.04530378612033,146
1.0,0.05,0.02,0.02,0.3289707253902946,0.051,0.6757406574294587,0.008451135120744292,0.3242664192567083,0.33948998279109527,21.471349829910825,,50.21381148409097,-0.33948998279320697,-21.47134982991085,147
1.0,0.05,0.02,0.02,0.3289707253902946,0.066,0.7320299144886308,0.008977704046060677,0.2680137354014015,3.495586387404179,42.59315207495532,,4.939651190644859,3.495586387404303,42.59315207495532,148
1.0,0.05,0.02,0.02,0.3289707253902946,0.049,0.6576374455881935,0.01211762110761759,0.3423579657755347,3.5288429813968265,18.185455051656902,81.75296823692894,75.55265200056877,-3.5288429813970312,-18.18545505165694,149
1.0,0.05,0.02,0.02,0.3289707253902946,0.046,0.41852599105526234,0.00860823161602471,0.41875854044524197,8.134978296357763,80.98078106637857,20.253692744623084,53.52397436647096,8.134978296357781,80.98078106637857,150
1.0,0.05,0.02,0.02,0.3289707253902946,0.05,0.5201374018598098,0.01031164241097108,0.47981634489164526,0.8469902782901595,71.75279877087505,5.386680330009403,19.664652436715233,0.8469902782904538,-71.75279877087505,151
1.0,0.05,0.02,0.02,0.3289707253902946,0.056,0.5222945372596124,0.0203825850839811,0.4777124700436946,2.5198481624863076,46.00833503728477,46.44436417395267,11.70216080048003,2.51984816248635,-46.00833503728478,152
1.0,0.05,0.02,0.02,0.3289707253902946,0.046,0.9260880782659598,0.02819357408170725,0.07449529089205299,3.6907267589636534,87.21446214800231,,35.93969067967186,-3.6907267589637933,-87.21446214800231,153
1.0,0.05,0.02,0.02,0.3289707253902946,0.053,0.5238350479617226,0.008603153024064815,0.47622322246236987,0.5217845960207999,34.224706440346345,0.7529791623862697,34.193419867943454,0.5217845960206925,-34.22470644034634,154
1.0,0.05,0.02,0.02,0.3289707253902946,0.039,0.6494198740272066,0.009821082017067688,0.3509032771892095,1.0138135815869658,8.558139438320183,,29.431183944644967,-1.0138135815871419,-8.558139438320197,155
1.0,0.05,0.02,0.02,0.3289707253902946,0.051,0.498683167122906,0.021488868753954823,0.49866503723423544,4.591589228309983,84.39431457538238,17.89524182776073,71.00538504697954,-4.591589228310109,84.39431457538238,156
1.0,0.05,0.02,0.02,0.3289707253902946,0.039,0.5714248936090984,0.002942616721711339,0.42866217853184935,1.0308612505428438,54.93947510980901,37.20979451435895,74.48779515368327,-1.030861250543054,54.93947510980902,157
1.0,0.05,0.02,0.02,0.3289707253902946,0.052,0.426286871252856,0.02282124947664061,0.42639770549147504,1.3995100345333131,20.81588990706563,49.27443629636295,8.456636216207801,-1.3995100345336566,-20.815889907065632,158
1.0,0.05,0.02,0.02,0.3289707253902946,0.047,0.49785865182886657,0.0229920750578927,0.49798872305104686,1.942421189379403,88.98422293404266,7.110177693638509,41.553839069869966,1.9424211893796344,88.98422293404266,159
1.0,0.05,0.02,0.02,0.3289707253902946,0.066,0.5091280185103536,0.0008531314178123939,0.49067070927150236,3.398177855234731,45.15621183691192,61.19332804887112,57.31172195941541,-3.3981778552347652,45.15621183691193,160
1.0,0.05,0.02,0.02,0.3289707253902946,0.046,0.5686253430194325,0.004393825224736083,0.43248135172347474,3.9201194227904286,81.79334910247067,84.64273138990863,45.91784375821076,-3.9201194227904366,81.79334910247067,161
1.0,0.05,0.02,0.02,0.3289707253902946,0.048,0.49422122518625766,0.017106489790644774,0.49420639854133586,3.839936682150562,87.84253603375456,67.63476170019723,64.16686041224263,-3.8399366821505723,-87.84253603375456,162
1.0,0.05,0.02,0.02,0.3289707253902946,0.054,0.48981702829152407,0.007709135300654684,0.4898204570406802,3.1555373300341056,58.450810546850576,43.529898345646934,51.35048091574307,-3.1555373300342757,-58.450810546850576,163
1.0,0.05,0.02,0.02,0.3289707253902946,0.059,0.49470222445871137,0.016859997776005928,0.49472499780157553,0.17475135732875144,74.38289437849652,46.05588743379385,0.9113034378344935,0.17475135733144612,-74.38289437849652,164
1.0,0.05,0.02,0.02,0.3289707253902946,0.037,0.39115494250787836,0.00437626146587278,0.39135083448346764,0.7619313892149625,10.352023697708045,82.84932308060321,69.5431652038951,0.7619313892151768,-10.352023697708077,165
1.0,0.05,0.02,0.02,0.3289707253902946,0.052,0.49868646577827047,0.02407883793996947,0.4987180252322158,2.090122660572335,85.93691390124788,73.16192327274594,67.43674080360229,2.0901226605724053,85.93691390124788,166
1.0,0.05,0.02,0.02,0.3289707253902946,0.048,0.4914931581174917,0.01932003464235648,0.4915927585770992,2.9978853863593256,38.691917390853824,11.73858133624103,50.317723391468974,-2.997885386359416,38.69191739085383,167
1.0,0.05,0.02,0.02,0.3289707253902946,0.052,0.5195284472242495,0.003567515067788709,0.48046307927066334,0.7214353402465803,45.90999501920161,43.37137789718237,11.35177871518919,0.7214353402467164,-45.90999501920161,168
1.0,0.05,0.02,0.02,0.3289707253902946,0.039,0.2540856108283259,0.01606374799142108,0.2542049390687156,3.8619607529474114,14.189730317049438,10.707226453902448,35.34721689317527,-3.861960752947536,14.189730317049447,169
1.0,0.05,0.02,0.02,0.3289707253902946,0.056,0.4320469377513943,0.01569866435664522,0.4320279085231791,2.5436411474108302,52.109926812083266,34.22575370561958,26.574730115156893,2.5436411474110447,52.10992681208327,170
1.0,0.05,0.02,0.02,0.3289707253902946,0.045,0.49981658169575915,0.018978773282160445,0.499815384294064,0.9876775558942165,56.7143712235944,82.96198995572354,28.2323783909525,-0.9876775558945127,-56.7143712235944,171
1.0,0.05,0.02,0.02,0.3289707253902946,0.046,0.5706830723149885,0.01224073327858784,0.4293308871230667,2.510996859709197,84.65608149965773,6.007033268352497,37.92798199451167,-2.510996859709347,84.65608149965773,172
1.0,0.05,0.02,0.02,0.3289707253902946,0.043,0.3367391937807783,0.021564071991535864,0.336822399257639,3.0028069018673462,6.093234100423856,50.88899474697965,59.20551619455853,3.0028069018675043,6.0932341004238655,173
1.0,0.05,0.02,0.02,0.3289707253902946,0.056,0.496009644540673,0.00890293629703964,0.4960183224647878,1.2564098330361348,22.728409997169994,73.84454289986971,6.0647090420004295,1.2564098330362914,22.72840999716999,174
1.0,0.05,0.02,0.02,0.3289707253902946,0.05,0.4933921166346279,0.020864566170586102,0.49342367168099704,0.20438731387751893,11.821293955040957,47.36735440463648,43.30841276351004,-0.20438731387945142,11.821293955041003,175
1.0,0.05,0.02,0.02,0.3289707253902946,0.049,0.4266025070863434,0.009299777459096416,0.4267995587054378,0.7914353395520696,77.09886151037149,10.364770887080658,15.027203442597898,0.7914353395527521,-77.09886151037149,176
1.0,0.05,0.02,0.02,0.3289707253902946,0.047,0.1359506789962814,0.008700262205090573,0.13606600620810538,2.7126715480358925,70.10046969902196,,73.40888857503843,-2.712671548035879,70.10046969902196,177
1.0,0.05,0.02,0.02,0.3289707253902946,0.053,0.5418998831747106,0.006839905764770565,0.4583854930826539,1.841825080429256,9.825187469257589,13.191108862503063,49.04337176322013,1.8418250804292193,9.825187469257632,178
1.0,0.05,0.02,0.02,0.3289707253902946,0.042,0.4664163405152417,0.023023581902262124,0.4665430959509591,3.9936499317954293,24.022231950527107,41.86820690391069,6.5797833954551646,-3.993649931795633,24.02223195052714,179
1.0,0.05,0.02,0.02,0.3289707253902946,0.046,0.5715123746627222,0.000665814387631437,0.4288232641932776,1.0232458064181233,8.866979334593632,,56.547386807744445,1.0232458064182663,8.866979334593614,180
1.0,0.05,0.02,0.02,0.3289707253902946,0.04,0.5852023482208686,0.025320940565059062,0.4151571774284293,2.1709032285349554,66.11841994448771,1.3899726744096341,53.47218087881161,-2.1709032285351095,66.11841994448771,181
1.0,0.05,0.02,0.02,0.3289707253902946,0.046,0.4336724923578239,0.004999094467824252,0.43371092484231416,0.3557636757178482,5.472751605008322,2.4468730216309313,58.61373586328808,-0.3557636757186196,5.472751605008343,182
1.0,0.05,0.02,0.02,0.3289707253902946,0.045,0.500425711443192,0.017677523584189093,0.49956804610977007,3.220082315964919,17.8458533755728,41.12897201078305,56.31994976299263,-3.2200823159649765,17.845853375572815,183
1.0,0.05,0.02,0.02,0.3289707253902946,0.048,0.3962543204178217,0.006947806780967706,0.3963183484818817,5.244328061586992,21.946212183955982,44.80814528147703,54.33463137827212,-5.244328061587069,-21.946212183955993,184
1.0,0.05,0.02,0.02,0.3289707253902946,0.053,0.4924240683771477,0.020170191973676886,0.4924154284032474,5.478774131739819,20.89322637228296,72.61300164904279,40.45574016686915,-5.4787741317399234,20.893226372282975,185
1.0,0.05,0.02,0.02,0.3289707253902946,0.036,0.13485876695550228,0.011216015969526802,0.1349358501564693,1.1808329267541402,21.069932956158144,,60.34627773100525,1.1808329267547057,21.06993295615817,186
1.0,0.05,0.02,0.02,0.3289707253902946,0.039,0.33836852892783326,0.0077513519555650135,0.33840078493749665,3.4220698016646387,9.93291665549636,11.537117006978349,1.3079476457394439,-3.4220698016646636,-9.932916655496387,187
1.0,0.05,0.02,0.02,0.3289707253902946,0.062,0.48573003546030896,0.008925994419423416,0.4857563293547524,2.774399967423339,60.95056918612967,2.1618362582796533,47.38966204684339,2.774399967423504,-60.95056918612967,188
1.0,0.05,0.02,0.02,0.3289707253902946,0.041,0.7046415249691633,0.009508970580168995,0.2953552560917936,3.3243428799690116,7.866225204425128,44.56826711389183,32.70328013157423,3.324342879969102,7.866225204425134,189
1.0,0.05,0.02,0.02,0.3289707253902946,0.052,0.4765946411648086,0.007567406717097272,0.47658255570006514,3.456983701079657,33.018869788356156,18.353940564732326,35.19650647774061,-3.4569837010797224,-33.018869788356156,190
1.0,0.05,0.02,0.02,0.3289707253902946,0.054,0.8797487417082095,0.01445397863747101,0.12032856445737837,2.1591514681699437,29.58220875585446,85.19473592082441,70.13839281378029,-2.15915146817006,-29.582208755854463,191
1.0,0.05,0.02,0.02,0.3289707253902946,0.053,0.35770783389343375,0.012101316351128252,0.3577264740129174,0.27000373668818234,21.62427956963945,2.8316948260832837,61.59009840412557,0.2700037366871653,21.624279569639455,192
1.0,0.05,0.02,0.02,0.3289707253902946,0.04,0.5122266623478694,0.018416519865334366,0.4878848123711904,2.940333762992229,10.19220740106236,31.052579296136614,67.74558601173365,2.9403337629922843,10.192207401062365,193
1.0,0.05,0.02,0.02,0.3289707253902946,0.051,0.4974368360327721,0.004563259808988854,0.49743827295558196,2.008281543512783,56.488355690341706,3.099880583420963,43.36189084062622,2.0082815435129238,-56.488355690341706,194
1.0,0.05,0.02,0.02,0.3289707253902946,0.061,0.3836372828070986,0.02247870476100352,0.3839495999523621,0.7971575459978478,75.15972772100056,89.27884847682013,22.29990483368219,0.7971575459983908,-75.15972772100058,195
1.0,0.05,0.02,0.02,0.3289707253902946,0.056,0.35016339613214276,0.006168819290387019,0.3509372300772877,0.32472036705279567,22.24679512708278,41.95070030009306,19.7258843873091,-0.3247203670528749,22.246795127082784,196
1.0,0.05,0.02,0.02,0.3289707253902946,0.048,0.5665991068076137,0.023333504230190427,0.43373097151870743,3.246908231681658,62.32477525769643,55.01290828838842,78.16957311885115,-3.246908231681753,-62.32477525769643,197
1.0,0.05,0.02,0.02,0.3289707253902946,0.045,0.5939189682992486,0.018489136892697065,0.40608956680394803,6.128163091082013,80.43309012743877,78.52143059139497,66.44935009682105,-6.128163091082027,80.43309012743877,198
1.0,0.05,0.02,0.02,0.3289707253902946,0.041,0.5325059374597256,0.005227655345838001,0.4676701371460343,4.408427865938706,73.6763588630001,54.452129387697155,5.202520923698202,4.4084278659386795,73.6763588630001,199
1.0,0.1,0.02,0.02,0.2563103131089201,0.099,0.2843134255353755,0.022310084576203544,0.2842747628581095,0.3941711227783586,78.05555071779465,78.43332067297885,68.12597562917996,-0.3941711227789912,78.05555071779465,0
1.0,0.1,0.02,0.02,0.2563103131089201,0.106,0.5081681373385114,0.008218990593973676,0.491840480922536,3.463111305978487,6.744607669367041,22.99350299936882,10.333610946311216,-3.463111305978657,-6.744607669367084,1
1.0,0.1,0.02,0.02,0.2563103131089201,0.124,0.5162430058846171,0.022885267866377554,0.483765892154479,1.0428647432304963,3.239478667903851,26.753994673576177,35.99922883553248,1.042864743230707,3.2394786679039993,2
1.0,0.1,0.02,0.02,0.2563103131089201,0.112,0.5172158280825233,0.01907525295221624,0.4828449601493695,5.062030411040044,34.07098376847968,46.64365763030927,50.73687144302256,-5.062030411040127,-34.07098376847969,3
1.0,0.1,0.02,0.02,0.2563103131089201,0.102,0.7274004282953042,0.017496281954910042,0.27261842160674293,3.655955825658622,16.53682907435815,19.929426485568676,86.83228394691126,3.6559558256586464,-16.536829074358184,4
1.0,0.1,0.02,0.02,0.2563103131089201,0.138,0.09257995396529102,0.03086092316749585,0.0928424384872939,0.6677009564107045,55.08972582725089,66.87133057317838,85.5796435701764,0.6677009564111441,55.089725827250895,5
1.0,0.1,0.02,0.02,0.2563103131089201,0.103,0.4821000847106686,0.013230701498772462,0.4821481309776644,3.4652004212445635,77.53177357448054,82.99067214838789,69.8015290141173,3.4652004212447145,-77.53177357448054,6
1.0,0.1,0.02,0.02,0.2563103131089201,0.121,0.5484835463387535,0.001594341229078376,0.4515103408649843,0.08876592107623224,85.77894676109814,35.43236737419273,3.3951825976646623,-0.0887659210796161,-85.77894676109814,7
1.0,0.1,0.02,0.02,0.2563103131089201,0.106,0.498987787145402,0.02014526145612588,0.4989774633620244,0.08263098212189138,35.05953446830079,20.36656791643394,77.64658906229148,-0.08263098212307268,35.0595344683008,8
1.0,0.1,0.02,0.02,0.2563103131089201,0.085,0.4246496731530033,0.02464404956077732,0.42466065377574824,0.695719696454091,31.438120947447953,31.473172137746992,42.98508363054693,-0.6957196964542967,31.438120947447967,9
1.0,0.1,0.02,0.02,0.2563103131089201,0.11,0.35561784538884683,0.028145029344594806,0.3555975084439944,1.4466429992444787,5.625400673552676,4.257949334013481,4.4149356493721905,1.4466429992448948,-5.625400673552647,10
1.0,0.1,0.02,0.02,0.2563103131089201,0.102,0.3988900694705199,0.01204638438768783,0.39895289751713464,0.019275247452767937,26.833656353343827,69.17767132375764,79.297935826147,0.01927524748215233,26.833656353343844,11
1.0,0.1,0.02,0.02,0.2563103131089201,0.095,0.39947368326259913,0.017577284300610632,0.39956268930529737,1.006228976118155,23.151932090876038,46.3085527922111,29.19967784053397,1.0062289761184544,-23.15193209087605,12
1.0,0.1,0.02,0.02,0.2563103131089201,0.106,0.773413716946634,0.026161356604412152,0.22656199719825829,1.6738300299893736,29.43368461294456,32.30314869634517,5.5011224482763295,-1.6738300299894004,29.43368461294457,13
1.0,0.1,0.02,0.02,0.2563103131089201,0.091,0.45208516037243257,0.009026438145400183,0.45214329382330537,1.5684608887894593,81.17918229844794,22.628899866857644,77.91324703207138,-1.5684608887895615,81.17918229844794,14
1.0,0.1,0.02,0.02,0.2563103131089201,0.085,0.824407490026447,0.005646509749201177,0.17557784396510237,0.7707424171939639,88.76322866772897,,61.760844303909764,-0.7707424171942846,88.76322866772897,15
1.0,0.1,0.02,0.02,0.2563103131089201,0.092,0.5255232405648709,0.0015338768010882287,0.47465155644416457,2.7689725648518753,58.67756916672892,27.40957903170682,16.62853660546632,-2.7689725648519756,-58.67756916672892,16
1.0,0.1,0.02,0.02,0.2563103131089201,0.09,0.4986695224306001,0.004551741613081079,0.4986123278160438,1.803045284123394,75.75156630200732,55.98230703161331,2.4408948874911265,1.8030452841234825,-75.75156630200732,17
1.0,0.1,0.02,0.02,0.2563103131089201,0.104,0.3286151089788141,0.024834150712773527,0.328697457797471,3.4038327722677715,64.38738749130793,24.100285004245,31.495316529428468,3.403832772267895,64.38738749130793,18
1.0,0.1,0.02,0.02,0.2563103131089201,0.118,0.5103536547251112,6.228182885418075e-06,0.4896301292520891,0.7620433102914529,0.9007946581052618,1.846266538783295,73.25371380324924,0.7620433102917892,-0.9007946581054891,19
1.0,0.1,0.02,0.02,0.2563103131089201,0.098,0.3241231124879369,0.01678107419240646,0.32408431518828146,1.301898669559184,88.14974292000541,44.0357306997738,11.254106307740338,-1.3018986695592338,-88.14974292000541,20
1.0,0.1,0.02,0.02,0.2563103131089201,0.101,0.48037911793754895,0.02613430833689667,0.48039625940198905,0.715443145918912,65.28567519645208,18.325355721069354,0.9914295533126574,0.7154431459191193,65.28567519645208,21
1.0,0.1,0.02,0.02,0.2563103131089201,0.096,0.43733223893847006,0.010057628295755027,0.4373265234966702,1.383191680544863,76.45901641484195,60.175307393908774,48.26472838697531,-1.383191680545091,76.45901641484195,22
1.0,0.1,0.02,0.02,0.2563103131089201,0.107,0.49083358847585523,0.014612826865372974,0.4908912397349258,2.848082284802722,30.512231397512235,16.414764818146054,2.9259805759526065,2.8480822848028993,-30.512231397512252,23
1.0,0.1,0.02,0.02,0.2563103131089201,0.099,0.4972408627955118,0.018749902052607438,0.4972906191393708,0.9958952837318913,26.959014346407837,87.82932985855696,12.192025689134343,0.9958952837319967,26.959014346407848,24
1.0,0.1,0.02,0.02,0.2563103131089201,0.097,0.48418257900571665,0.019616581767066446,0.48434918696639134,0.5930093212103964,4.704131767563417,6.053689762144553,29.540142137956465,0.5930093212108686,-4.70413176756357,25
1.0,0.1,0.02,0.02,0.2563103131089201,0.122,0.3529157540790018,0.024056054183775315,0.3530501227125902,0.7929562205789823,24.967390914540587,33.13444203774709,80.09571457305739,0.7929562205799041,24.9673909145406,26
1.0,0.1,0.02,0.02,0.2563103131089201,0.082,0.6824935670985786,0.018172710751158516,0.31759081946419615,1.4143216548824924,80.7189351648454,10.881885315074314,0.04569967558269704,1.414321654882692,80.7189351648454,27
1.0,0.1,0.02,0.02,0.2563103131089201,0.099,0.9034347868401726,0.021072902077758568,0.09665675207674743,3.6389018909603936,75.27734846008339,,57.45732687158085,3.638901890960451,75.27734846008339,28
1.0,0.1,0.02,0.02,0.2563103131089201,0.105,0.3836876277188428,0.006788698823405992,0.38382773987800184,6.372047135212503,41.90684237563335,42.4606797345284,86.04832310774546,-6.372047135212538,-41.90684237563335,29
1.0,0.1,0.02,0.02,0.2563103131089201,0.1,0.5027685343439716,0.021570598973813332,0.49741381574726923,3.1365490338658457,42.32730068260865,28.800110841464292,29.71716190173099,-3.1365490338658875,-42.32730068260866,30
1.0,0.1,0.02,0.02,0.2563103131089201,0.108,0.3648383110243848,0.011004155381858659,0.36483218219995467,1.2687189672741666,47.54970367344722,58.803992694577374,1.3577005124496184,1.2687189672742794,-47.54970367344722,31
1.0,0.1,0.02,0.02,0.2563103131089201,0.096,0.48559255814093827,0.008616416894083562,0.48556968733668404,1.2835924472286557,58.47714460961468,87.06357408261832,84.30881135561069,1.2835924472288591,-58.47714460961468,32
1.0,0.1,0.02,0.02,0.2563103131089201,0.103,0.06585901811709399,0.0024973544041170313,0.06583862129076948,0.8623089106089776,40.82130596209854,,37.24639612985856,0.8623089106088174,40.82130596209855,33
1.0,0.1,0.02,0.02,0.2563103131089201,0.112,0.49764506901285005,0.02052698333469296,0.49747969582965423,5.851644616398177,0.4110522751384469,73.55023463577591,8.641114461431517,5.851644616398215,0.41105227513878934,34
1.0,0.1,0.02,0.02,0.2563103131089201,0.105,0.5107557167932425,0.014772772241271305,0.48928648792814644,0.8250215065638953,11.732302381535787,19.93384377183879,52.198737308756726,-0.8250215065642515,11.732302381535797,35
1.0,0.1,0.02,0.02,0.2563103131089201,0.11,0.5047297022158024,0.0207820222055349,0.4953658687281071,2.770935706379779,53.267039564462955,61.5202282295361,22.07943294125862,-2.7709357063798548,-53.267039564462955,36
1.0,0.1,0.02,0.02,0.2563103131089201,0.098,0.658624660370418,0.018901341692740836,0.34141462897272545,0.8638970336780063,32.60765251690821,32.3480123876366,29.82969027121551,-0.8638970336783482,32.607652516908225,37
1.0,0.1,0.02,0.02,0.2563103131089201,0.106,0.5011415709439366,0.0008416164959558611,0.49885842946956443,6.689061099261734,56.10451724262451,77.09764048880237,44.99104709536759,-6.689061099261829,-56.104517242624524,38
1.0,0.1,0.02,0.02,0.2563103131089201,0.094,0.7805242835709337,0.0031752543313912336,0.2196833837392493,1.80936232487943,28.5845154697782,2.254072996568917,60.40703139201144,-1.809362324879442,-28.584515469778207,39
1.0,0.1,0.02,0.02,0.2563103131089201,0.105,0.5076562154310199,0.021567474350166996,0.4924127914615562,1.784821658764405,81.97923460187761,79.63171625137598,23.158183759011372,-1.7848216587643566,81.97923460187761,40
1.0,0.1,0.02,0.02,0.2563103131089201,0.103,0.48455581970510286,0.0010804797212332904,0.4847869766547987,0.6122452703488059,5.887945801947964,26.029996970181625,73.66585881964822,-0.6122452703489444,-5.887945801947953,41
1.0,0.1,0.02,0.02,0.2563103131089201,0.097,0.49406272265037354,0.01978021755915558,0.494146838592763,4.354437472683244,42.99897108861088,85.11477544887562,73.96781016826033,-4.354437472683222,-42.99897108861089,42
1.0,0.1,0.02,0.02,0.2563103131089201,0.103,0.5009746369081145,0.021255302255781486,0.4988408754989182,0.216376905061214,45.929800527790015,89.78875314163392,24.300358924398957,-0.2163769050623087,-45.92980052779002,43
1.0,0.1,0.02,0.02,0.2563103131089201,0.094,0.4774384132448245,0.010116050797594303,0.4774794893379738,0.41352430796275397,41.566369396891744,52.46583448634758,19.68954335114083,-0.41352430796378226,-41.566369396891766,44
1.0,0.1,0.02,0.02,0.2563103131089201,0.095,0.45518495763889993,0.010173982651470966,0.45527332012646565,1.033305753942774,7.917540874979839,11.308496648354355,75.18739394635101,-1.0333057539429336,7.917540874979881,45
1.0,0.1,0.02,0.02,0.2563103131089201,0.086,0.7038554311924312,0.011578747093488183,0.2961734414773916,0.8036951550299651,65.41902798474356,50.25900140928595,3.006932025157661,0.803695155030444,-65.41902798474356,46
1.0,0.1,0.02,0.02,0.2563103131089201,0.089,0.2585021429006502,0.004531964335258309,0.2586976184222664,2.24457003876256,5.794872184238741,,32.18209175891707,-2.244570038762634,-5.794872184238738,47
1.0,0.1,0.02,0.02,0.2563103131089201,0.107,0.501800199384213,0.017472009299638352,0.4982132569964241,2.6465097282796823,46.935893398155585,76.1315564683695,25.910352882308743,-2.646509728279693,-46.935893398155585,48
1.0,0.1,0.02,0.02,0.2563103131089201,0.099,0.38533127412186485,0.023493816652132987,0.38546562268321277,0.9375609103690423,71.2116654415615,85.21527451504922,51.30058717523035,-0.9375609103689797,-71.2116654415615,49
1.0,0.1,0.02,0.02,0.2563103131089201,0.097,0.5038682917040308,0.015289025144786654,0.49613133842342066,1.637575598909876,67.57613833005115,44.26251534098654,13.435433345390251,-1.6375755989098622,-67.57613833005115,50
1.0,0.1,0.02,0.02,0.2563103131089201,0.108,0.5226062830707973,0.01798242865708904,0.4774527924035102,1.6068997862331411,77.33134346059107,11.610149729902066,44.62189431523157,1.6068997862331336,77.33134346059107,51
1.0,0.1,0.02,0.02,0.2563103131089201,0.092,0.49621810303996955,0.005975892724559326,0.49599987673332174,3.6287282382406776,51.591870919262526,73.74437217284783,48.46966988400155,3.6287282382407864,-51.59187091926253,52
1.0,0.1,0.02,0.02,0.2563103131089201,0.089,0.6426546792293186,0.014719844412504877,0.35739131250450396,0.24192112563566398,37.525346153380205,60.18365840468643,12.071481130570472,-0.24192112563555518,37.525346153380205,53
1.0,0.1,0.02,0.02,0.2563103131089201,0.093,0.49561354164249904,0.01965892707566378,0.49570335609754174,0.7484479321495061,17.278883081189463,15.612590870084713,11.450057485123269,0.7484479321493557,-17.278883081189488,54
1.0,0.1,0.02,0.02,0.2563103131089201,0.106,0.4433189519059221,0.002373817253637729,0.44321959804600247,1.3889280687778935,1.0024379423256249,44.884447553000996,71.20275849446126,-1.3889280687777734,-1.0024379423257437,55
1.0,0.1,0.02,0.02,0.2563103131089201,0.093,0.7856680825385348,0.022267820190540476,0.2149980742861882,0.24195578020247355,44.76371570970779,8.891977918309053,78.88214573525677,0.24195578020265332,-44.76371570970779,56
1.0,0.1,0.02,0.02,0.2563103131089201,0.109,0.7782002658470428,0.022559881465914578,0.2218473130999196,0.43818364436140644,82.05019994858874,85.6894607103821,80.059744983711,-0.43818364436127494,-82.05019994858874,57
1.0,0.1,0.02,0.02,0.2563103131089201,0.103,0.4449953424753213,0.00884044597721131,0.44498110792947276,2.0516492205554684,15.431808346015794,51.869526671486355,36.10581421317128,-2.051649220555637,15.431808346015803,58
1.0,0.1,0.02,0.02,0.2563103131089201,0.116,0.5178220362596974,0.011133365401677319,0.4822190607020785,1.6373653878214114,86.94210498178701,44.64636058966426,32.94848678743473,1.6373653878215815,86.94210498178701,59
1.0,0.1,0.02,0.02,0.2563103131089201,0.1,0.4145213270251962,0.016388595277309678,0.41459666900040115,2.3898059008654857,88.8204246184432,87.9027614152345,72.86798376852424,-2.389805900865574,-88.8204246184432,60
1.0,0.1,0.02,0.02,0.2563103131089201,0.082,0.5521495611367614,0.010642482366257932,0.44788822558798497,0.02664012052696147,26.00083964170723,14.63086191211646,33.0803731001093,-0.026640120542771064,26.00083964170723,61
1.0,0.1,0.02,0.02,0.2563103131089201,0.098,0.4802581994300847,0.009648554008441645,0.4802206390106275,2.5551613402744104,11.140205878260833,36.91787862165865,27.845259618821903,-2.5551613402746622,-11.140205878260872,62
1.0,0.1,0.02,0.02,0.2563103131089201,0.098,0.4938702725148521,0.018742295280526372,0.49387799287512524,0.23959981183684492,88.43664894751568,73.75855432470334,6.1084002883281405,-0.2395998118394813,-88.43664894751568,63
1.0,0.1,0.02,0.02,0.2563103131089201,0.111,0.4932985708419675,0.01609588944334937,0.49335271373972783,1.471199297532614,44.1166161318298,26.70322412343923,5.922261938406239,-1.4711992975328048,44.116616131829815,64
1.0,0.1,0.02,0.02,0.2563103131089201,0.119,0.07291631697577661,0.02900684980534588,0.0728316525791613,0.7800070101019824,20.962971590760866,39.21948847826761,51.29325647936362,0.7800070101021616,-20.962971590760883,65
1.0,0.1,0.02,0.02,0.2563103131089201,0.11,0.6635631671960391,0.004355715422149072,0.33670366702733934,3.961192477137102,8.780191185625874,9.936409862868262,70.40379680766901,3.9611924771371236,8.78019118562591,66
1.0,0.1,0.02,0.02,0.2563103131089201,0.106,0.5229509342209099,0.012567960615909087,0.4770364352294474,0.7005791088685559,33.00920502564537,78.77096515072695,76.11549044951246,-0.7005791088686275,33.00920502564538,67
1.0,0.1,0.02,0.02,0.2563103131089201,0.114,0.2225329318636187,0.012002360084371128,0.22255552769082124,0.7347623795873525,88.53096133730914,10.83669816420063,77.16926094168264,0.7347623795877418,-88.53096133730914,68
1.0,0.1,0.02,0.02,0.2563103131089201,0.095,0.5017386096569352,0.005074616495816118,0.4982926583992399,2.590464648764609,17.279372484643428,5.1255332401017935,58.24064228187947,-2.5904646487646743,17.279372484643453,69
1.0,0.1,0.02,0.02,0.2563103131089201,0.098,0.8113723224937077,0.0159540791289297,0.18867231120153868,2.048873090923013,43.31771064607963,18.47157081232569,30.2836931488843,-2.048873090923247,43.31771064607965,70
1.0,0.1,0.02,0.02,0.2563103131089201,0.106,0.5251992725120677,0.0023099190711630396,0.4747722707785319,0.22863707727985585,12.573817042366684,85.36782615756225,53.53399873095252,-0.22863707727897167,-12.573817042366697,71
1.0,0.1,0.02,0.02,0.2563103131089201,0.09,0.6609646499567432,0.0032295013035655716,0.33904806100894164,1.9300404749531643,2.4036882245643754,,76.3067561670977,1.930040474953371,2.403688224564531,72
1.0,0.1,0.02,0.02,0.2563103131089201,0.108,0.636432802976435,0.01710549543935829,0.3636516458536608,2.85609234845794,82.34061121994193,21.885612726136156,34.7655900932545,-2.856092348458007,-82.34061121994193,73
1.0,0.1,0.02,0.02,0.2563103131089201,0.105,0.5132537234718011,0.005270375661425486,0.48673888215842764,2.447667848705173,31.200057620275174,43.84491570158609,1.4144092602519083,2.447667848705325,31.200057620275185,74
1.0,0.1,0.02,0.02,0.2563103131089201,0.114,0.49854313343302076,0.025209064218284838,0.4985909031925249,1.1677442324000684,80.33445666206286,70.78263234523307,85.83626142997555,-1.1677442324005514,-80.33445666206286,75
1.0,0.1,0.02,0.02,0.2563103131089201,0.108,0.5796474179954414,0.026984391571987267,0.42070445504779996,0.8718617380713799,35.137411754517125,33.20714068282557,56.50153184910631,-0.8718617380713182,35.137411754517125,76
1.0,0.1,0.02,0.02,0.2563103131089201,0.086,0.6528650818191319,0.02750970975844694,0.3473799570340111,0.0212542648618042,17.30649497481904,16.735078622305675,29.98341062649643,0.021254264870592454,17.306494974819067,77
1.0,0.1,0.02,0.02,0.2563103131089201,0.09,0.472129447358495,0.0042016561384836636,0.47236200399416356,5.547152084119818,43.68676814265865,56.598191441485305,34.78446979579179,-5.547152084119799,43.68676814265864,78
1.0,0.1,0.02,0.02,0.2563103131089201,0.108,0.27673195783133964,0.019244920465109738,0.2767375635876688,1.1540013452681521,87.99002477558626,22.78624291468817,2.3998940408874176,-1.1540013452683024,-87.99002477558626,79
1.0,0.1,0.02,0.02,0.2563103131089201,0.091,0.5782684552224601,0.0189019698076942,0.4217651596730654,5.154640913561176,20.94345330472087,3.720465600809676,10.606949604278789,5.154640913561154,20.94345330472087,80
1.0,0.1,0.02,0.02,0.2563103131089201,0.102,0.43513052978741007,0.00035613743378715195,0.4353989860307338,4.994178710266033,88.37998790477437,85.97417791551204,49.04370499486262,4.9941787102661,-88.37998790477437,81
1.0,0.1,0.02,0.02,0.2563103131089201,0.108,0.5096813859151111,0.0228188884535234,0.4904795294105267,1.1239290413888867,74.16175627605593,63.30246550184687,65.25890576259799,-1.1239290413889114,-74.16175627605593,82
1.0,0.1,0.02,0.02,0.2563103131089201,0.124,0.8198125827257434,0.017172684908059288,0.18018374198880766,0.5618658055340238,4.547848990209114,,85.5994021760258,-0.5618658055342125,4.547848990209055,83
1.0,0.1,0.02,0.02,0.2563103131089201,0.096,0.33733859090865165,0.01787477341438421,0.33734388240436125,1.3023759901431753,20.36627735780586,1.2058175576327905,81.20870944864785,-1.3023759901434495,20.366277357805867,84
1.0,0.1,0.02,0.02,0.2563103131089201,0.095,0.41207345079649066,0.011785110928717177,0.41212948271735744,1.0290214417627497,0.6583944014582098,37.15049455185167,48.45686495291226,-1.0290214417628494,-0.6583944014586871,85
1.0,0.1,0.02,0.02,0.2563103131089201,0.086,0.6841421632292238,0.004941033895737453,0.316151367672259,3.1350669256121013,68.32692241751961,,33.18936175807083,-3.13506692561224,68.32692241751961,86
1.0,0.1,0.02,0.02,0.2563103131089201,0.103,0.5130699614961329,0.015127976130428104,0.48695956977290616,2.808804937751115,56.87475830722834,87.91577541676887,22.2394991969056,-2.808804937751215,56.87475830722834,87
1.0,0.1,0.02,0.02,0.2563103131089201,0.093,0.7271520455092584,0.018533687465801196,0.2728713703857189,0.09869792393303961,38.73123525912971,16.765845884587005,53.71573450154009,0.0986979239410504,38.73123525912972,88
1.0,0.1,0.02,0.02,0.2563103131089201,0.096,0.33828869047147947,5.8202823008572354e-05,0.3385835807412243,1.6592106585213975,81.52483902200198,66.88977326672284,10.384823162620856,1.6592106585215853,81.52483902200198,89
1.0,0.1,0.02,0.02,0.2563103131089201,0.109,0.6932756210012824,0.019263271494409786,0.30679181576511344,0.7596474986182297,82.62023714202724,87.56938762153024,34.48582578310409,0.7596474986186433,-82.62023714202724,90
1.0,0.1,0.02,0.02,0.2563103131089201,0.102,0.6609231449796337,0.019026581196135865,0.3391078896316479,1.3276536481241115,25.447832424980543,71.14161031586809,3.5308268392588325,1.3276536481241994,-25.447832424980547,91
1.0,0.1,0.02,0.02,0.2563103131089201,0.108,0.6778453237258862,0.0020443790919141207,0.32232459161378435,3.77931807037731,75.9097979058735,6.6528458529075625,43.68265741388541,-3.779318070377392,-75.90979790587352,92
1.0,0.1,0.02,0.02,0.2563103131089201,0.089,0.8292666737824228,0.02075364660474852,0.17087228219967057,2.0938083290403475,65.45437360444053,79.46359154852068,5.835909433650774,-2.0938083290404603,65.45437360444053,93
1.0,0.1,0.02,0.02,0.2563103131089201,0.096,0.3519291212666037,0.02229200730595109,0.35227958008220883,6.848533176795027,19.53995236910112,49.69727202120813,0.09974147137256346,-6.8485331767950495,19.53995236910112,94
1.0,0.1,0.02,0.02,0.2563103131089201,0.085,0.4442065035258629,0.02133548129556123,0.4442388783382993,2.307458520861451,11.191222527265017,40.8191798478688,19.2336869163756,2.3074585208613247,11.191222527265042,95
1.0,0.1,0.02,0.02,0.2563103131089201,0.097,0.2302613783927302,0.010713084161104607,0.23146899183494452,3.66954766462695,55.24969763543135,10.782396739509233,43.00054284519523,3.6695476646269833,55.24969763543136,96
1.0,0.1,0.02,0.02,0.2563103131089201,0.084,0.1140013548599298,0.01900612240495572,0.11406389471200498,3.7031657724505056,19.171202958458373,12.547502421264802,68.60486143776055,3.703165772450471,19.171202958458395,97
1.0,0.1,0.02,0.02,0.2563103131089201,0.115,0.7330043286000812,0.009792286490949481,0.267056441520185,0.6656967023029083,74.07659803761187,11.52199581697607,19.435627093347694,-0.665696702303005,-74.07659803761187,98
1.0,0.1,0.02,0.02,0.2563103131089201,0.089,0.2785052362740494,0.015277225679680859,0.2784945373321886,2.7894722264500604,85.76321316981056,40.61108073175513,5.677870370275033,2.789472226450148,-85.76321316981056,99
1.0,0.1,0.02,0.02,0.2563103131089201,0.095,0.538782468522073,0.008601391297350103,0.4612184762323326,1.4768259085510191,5.949997044896402,23.391586864477866,1.3478574567744948,-1.4768259085510043,5.949997044896376,100
1.0,0.1,0.02,0.02,0.2563103131089201,0.086,0.5024228212602969,0.0028639389145343076,0.49758547180212326,0.7095471290423777,28.15861902132118,46.92953333326217,86.54293827945867,-0.7095471290424351,-28.1586190213212,101
1.0,0.1,0.02,0.02,0.2563103131089201,0.115,0.7651033976358775,0.02167395804900083,0.23510629890203164,1.495063960430423,31.934992853194274,52.43333025293567,8.148792709423052,-1.4950639604305132,31.934992853194288,102
1.0,0.1,0.02,0.02,0.2563103131089201,0.095,0.4013010967602718,0.02178464774100349,0.40143054847201703,0.8156008663018697,65.1636833247611,59.819215177512575,16.359148149977965,0.8156008663021578,65.1636833247611,103
1.0,0.1,0.02,0.02,0.2563103131089201,0.102,0.5172802610823727,0.01620536752516702,0.48274200615658097,6.550673788236887,9.120820347437467,27.951777543431607,3.4333368682928374,6.550673788236871,9.12082034743749,104
1.0,0.1,0.02,0.02,0.2563103131089201,0.096,0.5106462399535091,0.018073998151021883,0.4895260646835728,4.6490404512072185,0.24647770994818807,8.810871090810577,24.49728634163076,-4.649040451207307,-0.24647770995078327,105
1.0,0.1,0.02,0.02,0.2563103131089201,0.103,0.5011582850603585,0.020056343193627008,0.49881649991005167,2.293100040468485,60.24314857941157,70.54147726414665,68.39738790661711,-2.293100040468662,-60.24314857941157,106
1.0,0.1,0.02,0.02,0.2563103131089201,0.101,0.67084912170922,0.0038627093062853527,0.32998431064840156,1.986216169241166,25.692197459186765,,62.21335928479597,-1.9862161692412574,-25.692197459186765,107
1.0,0.1,0.02,0.02,0.2563103131089201,0.092,0.5031487639195781,0.015302060466901253,0.49686195432430946,0.6066988626429788,42.09550760838359,65.27685453540936,38.574558315562435,-0.6066988626429043,42.09550760838359,108
1.0,0.1,0.02,0.02,0.2563103131089201,0.1,0.5452165190628487,0.020276660330218913,0.4548150083769677,2.28041426596875,89.3063553902601,59.3776221418447,76.39710771911709,-2.2804142659688473,89.3063553902601,109
1.0,0.1,0.02,0.02,0.2563103131089201,0.107,0.45723424942713614,0.0224686156896121,0.4572915295557627,0.5712389859135408,36.574807136793304,41.491511139260055,22.807189993221417,0.5712389859136172,-36.574807136793304,110
1.0,0.1,0.02,0.02,0.2563103131089201,0.114,0.5168074716418751,0.004702066616400109,0.4832777416419418,4.760799088189248,38.969687511748134,67.98960514657645,3.328678793215597,-4.76079908818936,-38.96968751174815,111
1.0,0.1,0.02,0.02,0.2563103131089201,0.082,0.478601682775897,0.003413843503229974,0.4785906065256189,4.844710883358308,30.867959620226195,15.4273399576807,72.4038720788666,4.844710883358371,30.867959620226205,112
1.0,0.1,0.02,0.02,0.2563103131089201,0.112,0.5538622082392606,0.012754830727273483,0.4461216337653285,1.516117949615204,80.66522307556092,33.47806735072214,2.694815767538422,1.5161179496153419,80.66522307556093,113
1.0,0.1,0.02,0.02,0.2563103131089201,0.103,0.37445289421681865,0.0168884247649652,0.3744953408258618,3.0478063765392367,36.63143842382116,27.42616357063098,45.44630237810479,-3.047806376539251,36.63143842382116,114
1.0,0.1,0.02,0.02,0.2563103131089201,0.103,0.49544120462117947,0.020829663552445914,0.4956067850213707,1.8059003455479516,77.9928184732286,27.19911815894982,0.6876194096087935,-1.805900345548086,77.9928184732286,115
1.0,0.1,0.02,0.02,0.2563103131089201,0.112,0.40287268780080976,0.020933277251918868,0.40288878146590845,2.408333332193802,6.977720016261701,60.6017216843538,7.225266812194067,-2.408333332193907,-6.977720016261767,116
1.0,0.1,0.02,0.02,0.2563103131089201,0.099,0.6123571256148271,0.006277561700462589,0.38781375704077775,0.7106090335484415,64.49406114747379,80.89698294422304,28.05644607160634,-0.7106090335487086,64.49406114747379,117
1.0,0.1,0.02,0.02,0.2563103131089201,0.103,0.12284237817746876,0.009290771837858149,0.12290634489618965,0.2191051773256433,66.93683344791009,,51.24488282379371,0.21910517732893225,-66.93683344791009,118
1.0,0.1,0.02,0.02,0.2563103131089201,0.09,0.5005131290238912,0.020372820994945307,0.49943886951347577,0.251098164750585,0.9154656270933383,48.94200836840453,49.953245374556495,0.2510981647519461,-0.9154656270938389,119
1.0,0.1,0.02,0.02,0.2563103131089201,0.094,0.5271032350398606,0.0069510158401072655,0.4729001442114797,2.667395276510417,40.0343767087938,42.93652300812713,66.10951988272649,2.6673952765104394,40.034376708793815,120
1.0,0.1,0.02,0.02,0.2563103131089201,0.084,0.3608576846774956,0.01746061481401865,0.36087086867438367,1.740567521124785,44.09912821118447,51.568324433215054,56.68774297391373,1.7405675211250828,-44.09912821118448,121
1.0,0.1,0.02,0.02,0.2563103131089201,0.099,0.5471548923543215,0.02340974604566133,0.4531112613009404,2.4053470142237527,23.251399855159523,69.1809867688022,50.14947634651836,2.405347014223685,-23.251399855159537,122
1.0,0.1,0.02,0.02,0.2563103131089201,0.091,0.40713195964297344,0.006346417079791767,0.407127369733685,4.240666183366355,78.6149660291525,51.4158840121361,20.818278836259964,4.240666183366297,78.6149660291525,123
1.0,0.1,0.02,0.02,0.2563103131089201,0.113,0.7163961435441683,0.01973375815389556,0.28370520486071776,1.0831895768514848,43.66714277130367,61.94502334575738,80.22783588518934,-1.0831895768518591,-43.66714277130369,124
1.0,0.1,0.02,0.02,0.2563103131089201,0.095,0.5006484100498789,0.0200305753621403,0.49936132423253343,2.5086544186848743,77.94201565906324,8.767253237593058,46.65089825056254,-2.5086544186849613,-77.94201565906324,125
1.0,0.1,0.02,0.02,0.2563103131089201,0.089,0.2380724694728014,0.019045401592085735,0.23812004699038175,3.553936047998901,0.6495328594720622,76.47812595805765,4.4771002553587165,3.553936047998824,0.6495328594725147,126
1.0,0.1,0.02,0.02,0.2563103131089201,0.085,0.4995542874475449,0.000475787082791664,0.499554286366589,2.675662037009545,22.89379575436921,19.107972656175782,55.876536986700614,2.6756620370097424,-22.893795754369222,127
1.0,0.1,0.02,0.02,0.2563103131089201,0.092,0.4986732850725191,0.007227563474398679,0.49875848808317663,1.3467178124266481,69.41255775848691,62.30153709531491,71.95412907887314,-1.346717812426684,69.41255775848693,128
1.0,0.1,0.02,0.02,0.2563103131089201,0.113,0.347166396085684,0.0057645068970395424,0.3472969384520131,1.0853575259563837,37.24616520062833,37.32655799208963,26.452049226101213,1.085357525956178,-37.24616520062833,129
1.0,0.1,0.02,0.02,0.2563103131089201,0.1,0.5751361997714499,0.01655901456632782,0.4249395199696741,3.268618731787699,41.941276667305395,83.88572022280381,74.43866645992064,-3.268618731787775,-41.9412766673054,130
1.0,0.1,0.02,0.02,0.2563103131089201,0.095,0.8110984631633213,0.009215458896558658,0.18872641491688166,2.971344790803545,72.898327129585,,64.8332303545476,-2.971344790803681,-72.898327129585,131
1.0,0.1,0.02,0.02,0.2563103131089201,0.088,0.47492380155295577,0.008130349216407127,0.47508461309948435,0.24498156362279241,12.880499436588032,32.39376577584373,50.324185271144124,-0.2449815636235128,12.880499436588062,132
1.0,0.1,0.02,0.02,0.2563103131089201,0.1,0.7096202989931494,0.007088971471136644,0.2907432338863093,3.566782014789592,83.2312065785369,61.09459494386033,75.25276504667268,-3.5667820147897142,83.2312065785369,133
1.0,0.1,0.02,0.02,0.2563103131089201,0.099,0.3627548794575219,0.0012789995310803712,0.36300854262149784,0.4133059074770743,4.823615966937728,10.656744609824484,10.22875298699789,0.41330590747758505,4.823615966937716,134
1.0,0.1,0.02,0.02,0.2563103131089201,0.092,0.46037723028340727,0.014433013576587495,0.46036322207509023,0.7659285807547854,25.016884714760604,77.33422891056468,86.86410481097289,-0.7659285807547657,25.01688471476062,135
1.0,0.1,0.02,0.02,0.2563103131089201,0.103,0.35268871135339463,0.021358455234075126,0.3527373304594733,3.1846376633049402,0.8056139446680627,32.53732493380369,81.62711455604891,3.184637663305014,-0.8056139446681605,136
1.0,0.1,0.02,0.02,0.2563103131089201,0.117,0.11564942527302494,0.015442063153833112,0.11568192633387617,2.149014285811348,10.751927654635388,,13.630514810693784,2.1490142858113708,-10.751927654635425,137
1.0,0.1,0.02,0.02,0.2563103131089201,0.105,0.6162656659488576,0.024247945324409912,0.38395023950914314,0.4885589869819512,32.31759650496558,40.90701202297189,72.37332813597826,0.48855898698258443,-32.31759650496559,138
1.0,0.1,0.02,0.02,0.2563103131089201,0.089,0.49730809010780425,0.022462023222264604,0.49732600780676123,2.136513023285273,62.006054241052055,47.825835730778174,60.16756626975637,-2.1365130232853646,-62.006054241052055,139
1.0,0.1,0.02,0.02,0.2563103131089201,0.11,0.5977524281581106,0.018068066419225835,0.40234328111322387,1.3997153716998763,82.02315902721702,66.81882480809979,27.898782922625333,1.3997153716999526,82.02315902721703,140
1.0,0.1,0.02,0.02,0.2563103131089201,0.093,0.7065752229201169,0.018085187185114572,0.2935291881224595,1.3206111860845353,75.37077906888803,69.71172419982899,80.7726294683472,-1.3206111860848677,-75.37077906888803,141
1.0,0.1,0.02,0.02,0.2563103131089201,0.088,0.12448027497281602,0.021720194773007354,0.12456236776284052,1.4854147832358517,40.717320602318075,53.91467134804611,72.48966849156605,-1.4854147832360924,40.717320602318075,142
1.0,0.1,0.02,0.02,0.2563103131089201,0.097,0.49094241743451505,0.017068259785754398,0.4909843872901987,1.3433398886486523,32.83251244301277,21.06287719379251,21.04615198174384,1.343339888648892,-32.83251244301278,143
1.0,0.1,0.02,0.02,0.2563103131089201,0.113,0.6428325525327557,0.015242216888440255,0.35718963198641984,0.031131005371722014,60.41650461582007,85.59646788898796,72.16273882952989,0.031131005362211597,60.41650461582007,144
1.0,0.1,0.02,0.02,0.2563103131089201,0.097,0.49550858525852065,0.02085847493174057,0.4955072911544931,0.574097923212298,70.14807158140353,85.66188311291964,31.949980698281735,-0.5740979232121788,-70.14807158140353,145
1.0,0.1,0.02,0.02,0.2563103131089201,0.099,0.6489061267862093,0.018757109104259838,0.3511056390761778,0.6883272700012787,10.057325644890266,49.520626930073,68.30774030860613,0.6883272700009433,-10.057325644890305,146
1.0,0.1,0.02,0.02,0.2563103131089201,0.113,0.5685975814978688,0.0025178501137074717,0.43147909132998197,0.5770474657783085,1.819888768078732,1.7286106099566345,61.89258143187753,0.577047465779257,-1.8198887680787104,147
1.0,0.1,0.02,0.02,0.2563103131089201,0.093,0.4672280183933169,0.019401721452043302,0.46724762980372037,1.8684132049543338,64.53577836072239,17.127877620054328,45.574423302224275,-1.8684132049543725,64.53577836072239,148
1.0,0.1,0.02,0.02,0.2563103131089201,0.095,0.3023591589010332,0.010495160275777814,0.3023752273924121,0.6498571999425579,49.01665141779899,46.22081588455212,44.14471555005378,-0.6498571999428515,-49.016651417799,149
1.0,0.1,0.02,0.02,0.2563103131089201,0.097,0.5539092025011894,0.008274040201619013,0.4464826329847521,0.08086689660727187,39.63565663752709,26.977550193588087,25.59511947258631,0.08086689661110066,-39.63565663752709,150
1.0,0.1,0.02,0.02,0.2563103131089201,0.105,0.5892189600134308,0.0185208368701567,0.4108177537414379,3.4229924256809103,27.559892576842554,48.682196838204156,70.865919062766,-3.4229924256810143,-27.559892576842568,151
1.0,0.1,0.02,0.02,0.2563103131089201,0.1,0.5342363323031911,0.0066054543230043925,0.46568276936645747,1.4728100522195386,59.41419115289947,42.449199347473254,13.623793007916856,-1.472810052219816,59.41419115289947,152
1.0,0.1,0.02,0.02,0.2563103131089201,0.084,0.5940711753382659,0.010386666854421831,0.4059720938533447,3.9630740635790205,29.73326484392188,42.39374996682638,32.36730434341249,3.963074063579079,29.733264843921887,153
1.0,0.1,0.02,0.02,0.2563103131089201,0.105,0.29781129661118255,0.0225881093599596,0.2978736223986083,5.327755219923645,15.701362387264078,32.92721744922308,16.023378158070628,-5.327755219923663,15.70136238726409,154
1.0,0.1,0.02,0.02,0.2563103131089201,0.096,0.6076601557165311,0.018302493461506822,0.3924002425391345,1.5960930614560773,55.344495307529186,33.9480754615266,7.712578276711153,-1.5960930614560214,55.344495307529186,155
1.0,0.1,0.02,0.02,0.2563103131089201,0.109,0.5038214543799081,0.01634857363240865,0.4962010208586789,2.2114457506908987,59.07209771634414,33.577338173572315,86.92571080334235,2.211445750690885,59.07209771634414,156
1.0,0.1,0.02,0.02,0.2563103131089201,0.109,0.5138845737480476,0.0010235465593663876,0.4865845134909537,2.454680203663366,63.20076258064918,74.44136087546633,15.367645448945073,-2.454680203663503,63.2007625806492,157
1.0,0.1,0.02,0.02,0.2563103131089201,0.105,0.5206793032088606,0.002376493495158667,0.479320314347384,2.8181041746192985,20.19111610398526,68.89963014751223,32.90988845615064,2.818104174619468,20.191116103985298,158
1.0,0.1,0.02,0.02,0.2563103131089201,0.105,0.3827990954513032,0.015356559474425326,0.3828435678565267,0.14307737359873018,82.59416953004647,40.87400696619058,37.12823270460733,0.14307737359859843,82.59416953004647,159
1.0,0.1,0.02,0.02,0.2563103131089201,0.085,0.47439923918466703,0.01745366414171981,0.47443627458012744,1.5264908601301184,17.87902883798166,15.432844653207267,41.09423106274456,1.526490860130319,17.879028837981682,160
1.0,0.1,0.02,0.02,0.2563103131089201,0.101,0.7516624778560406,0.02498954564384117,0.24880300261835606,1.2703421983621632,2.3371816968358945,18.819938313634026,87.97205542408507,-1.2703421983628054,2.3371816968360424,161
1.0,0.1,0.02,0.02,0.2563103131089201,0.109,0.44776862448005306,0.01796464478016975,0.4477623325240965,0.12541666648380353,48.04267886435559,50.34826900346846,43.35316984044524,0.12541666648366656,48.04267886435559,162
1.0,0.1,0.02,0.02,0.2563103131089201,0.093,0.49731878083155445,0.00660648923620351,0.4972212911570282,1.9762360103166796,2.3540786437715195,49.652207166509136,40.3310757752449,1.9762360103167582,-2.354078643771497,163
1.0,0.1,0.02,0.02,0.2563103131089201,0.101,0.7708697079811035,0.008144184896781459,0.22942734457141645,0.9673212424342686,6.31933664711583,,20.82816646363629,-0.9673212424346137,6.319336647115875,164
1.0,0.1,0.02,0.02,0.2563103131089201,0.111,0.49363764844311503,0.014354153786495974,0.4936372891915952,1.4073990111392947,18.001441916150245,22.365302188695708,63.386212661854636,-1.4073990111396584,18.001441916150277,165
1.0,0.1,0.02,0.02,0.2563103131089201,0.104,0.5308070932851776,0.01752166223167719,0.4692262053327936,5.713953780967413,43.08707754716612,37.952232970563095,23.168568906118402,-5.713953780967459,-43.087077547166125,166
1.0,0.1,0.02,0.02,0.2563103131089201,0.115,0.5068154852701388,0.022290028186239857,0.4932249831649176,1.707495254165793,0.1589259983702807,3.6023939684391517,14.439405655273667,1.7074952541657793,-0.15892599837209184,167
1.0,0.1,0.02,0.02,0.2563103131089201,0.106,0.8773590000935397,0.017212464357730405,0.12267387363057869,1.474304575344152,35.80124441393919,,41.19973456733342,1.474304575344515,-35.8012444139392,168
1.0,0.1,0.02,0.02,0.2563103131089201,0.098,0.4494468044371553,0.005329432562971302,0.44943932910164175,0.339532754102238,84.2822391796618,21.699681833778897,84.58670793945412,0.33953275410216976,-84.2822391796618,169
1.0,0.1,0.02,0.02,0.2563103131089201,0.091,0.4346358646446739,0.008021387647915844,0.43481547163826234,1.8272721464099666,50.65036583040974,77.9015078693477,83.32819664184662,-1.8272721464098842,-50.65036583040973,170
1.0,0.1,0.02,0.02,0.2563103131089201,0.106,0.49196657210768885,0.018676480085254413,0.49209377607053384,0.24796076457678123,64.67718857174005,64.88566239747846,66.12781426113405,-0.2479607645755403,64.67718857174005,171
1.0,0.1,0.02,0.02,0.2563103131089201,0.098,0.46575896974359426,0.012642254573811256,0.4657715914363392,5.194018613678205,41.196675070878214,75.06276529856406,57.71555323855973,-5.19401861367819,-41.19667507087822,172
1.0,0.1,0.02,0.02,0.2563103131089201,0.101,0.49456382039912683,0.020700011317528542,0.49469018998376185,1.4175641996139665,64.76607077531895,21.3920884434252,34.81937394217374,1.4175641996141957,64.76607077531895,173
1.0,0.1,0.02,0.02,0.2563103131089201,0.109,0.4965271562239007,0.01971176968031483,0.49654022297854716,1.4782054675963556,81.61033184669564,48.20861264224738,7.481562398040002,1.4782054675964427,81.61033184669564,174
1.0,0.1,0.02,0.02,0.2563103131089201,0.105,0.5659325065266084,0.0214616810048188,0.4344280602025669,1.6537848669140727,79.74053638626275,1.8695197947171942,27.75689094084084,1.6537848669141482,79.74053638626275,175
1.0,0.1,0.02,0.02,0.2563103131089201,0.096,0.34530823872361815,0.0035636949571715,0.3460110263019343,3.1648364022192865,21.24114367524283,40.66859697064709,8.064885888396313,3.164836402219382,-21.24114367524284,176
1.0,0.1,0.02,0.02,0.2563103131089201,0.098,0.5140850225851259,0.016404079813101654,0.48596642229143727,0.7326291118607289,24.438275333462645,27.200253856295312,81.03702281275244,-0.732629111861187,24.43827533346266,177
1.0,0.1,0.02,0.02,0.2563103131089201,0.11,0.47476084057808426,0.008167239198316906,0.4747989279308974,1.1726684485833856,54.9528291658448,36.80743400131558,50.897991010232815,-1.1726684485836796,-54.952829165844804,178
1.0,0.1,0.02,0.02,0.2563103131089201,0.1,0.3961378636259873,0.024881773303670522,0.3962413374224223,0.4007940534846442,46.538734513400335,34.85064819615556,10.606771477567307,0.4007940534850999,-46.53873451340034,179
1.0,0.1,0.02,0.02,0.2563103131089201,0.087,0.767653808511849,0.009041130625465126,0.2324304183926774,2.610011891907653,58.90077817278803,65.80333092625969,2.737242449172452,2.6100118919078334,-58.900778172788044,180
1.0,0.1,0.02,0.02,0.2563103131089201,0.099,0.30160246351952175,0.021672827314688867,0.3016254659069747,0.060519652112696144,49.27699652505365,32.182249598848145,72.41444347749602,0.06051965211825215,-49.276996525053654,181
1.0,0.1,0.02,0.02,0.2563103131089201,0.108,0.6010285236354199,0.00028761611325196876,0.39906946291618517,1.396288777958828,6.1131940928243145,84.89387085649699,79.32864643422279,1.3962887779589477,-6.113194092824407,182
1.0,0.1,0.02,0.02,0.2563103131089201,0.096,0.21203098006119453,0.024363007468772114,0.2121027639329382,0.7473427579380728,5.484857521564403,11.289431401874477,63.452454902138186,-0.7473427579383529,5.484857521564408,183
1.0,0.1,0.02,0.02,0.2563103131089201,0.096,0.5520102710276737,0.017156197830738358,0.44800931393754356,2.3014639969798494,52.05448533323007,33.446188363623236,67.57184429388943,2.301463996979918,52.054485333230076,184
1.0,0.1,0.02,0.02,0.2563103131089201,0.087,0.5115865266431397,0.021653164907721477,0.48858575790441466,0.1898190766053734,70.59699681480777,79.26763705113342,86.36321003885101,-0.1898190766065694,70.59699681480777,185
1.0,0.1,0.02,0.02,0.2563103131089201,0.085,0.4959756867891962,0.018932225588683117,0.49606814628540685,1.8456119690338326,58.26867926741365,65.94316617712613,81.9373539561697,1.845611969033982,-58.26867926741365,186
1.0,0.1,0.02,0.02,0.2563103131089201,0.112,0.23385757256191977,0.007146102224131392,0.23415740478323951,2.1049276115797335,36.08400715159538,60.45794631422176,26.955868443074486,-2.104927611579747,36.0840071515954,187
1.0,0.1,0.02,0.02,0.2563103131089201,0.102,0.2912421347565741,0.019983513826281996,0.29139821108633135,2.1887368670127683,54.236467921897734,55.70570053626343,62.13458559518104,-2.1887368670128193,54.23646792189774,188
1.0,0.1,0.02,0.02,0.2563103131089201,0.106,0.476446841370562,0.00965024218254771,0.4765507168431411,1.7003035726367852,55.340463377951856,41.10784046624453,16.18871888394111,1.7003035726370235,-55.34046337795186,189
1.0,0.1,0.02,0.02,0.2563103131089201,0.108,0.5582940649892426,0.008092406236072618,0.4419917581955081,0.959047555637032,1.4920516692575736,37.644445798751335,24.039914348777607,-0.9590475556370333,-1.4920516692576942,190
1.0,0.1,0.02,0.02,0.2563103131089201,0.112,0.44425150442264466,0.02324398477493985,0.4445652272963455,2.6808827439506686,48.774066227456444,15.64393455339599,62.02443934464512,-2.6808827439507605,48.77406622745645,191
1.0,0.1,0.02,0.02,0.2563103131089201,0.111,0.48219768191534185,0.005824226322424009,0.4821611204716556,1.0349694057986265,34.76113867399009,87.60454673191411,42.29007490864986,1.0349694057988355,34.761138673990104,192
1.0,0.1,0.02,0.02,0.2563103131089201,0.119,0.6438125838461015,0.012697457027076814,0.3562171805592881,0.955204597803599,32.468244583719596,28.124380106027214,50.86061587172793,-0.9552045978040755,32.468244583719596,193
1.0,0.1,0.02,0.02,0.2563103131089201,0.109,0.6402148431989617,0.0231208079200901,0.3598360772560848,2.207469784118858,20.80854183009017,43.75430919203295,72.96706304389637,-2.207469784119024,20.80854183009018,194
1.0,0.1,0.02,0.02,0.2563103131089201,0.092,0.4999650847474233,0.020500464003375247,0.49994954936651337,3.351657331622968,89.81464206051778,71.51326629597986,89.0301008321261,-3.351657331623027,-89.81464206051778,195
1.0,0.1,0.02,0.02,0.2563103131089201,0.118,0.6282300971934777,0.02022775808087329,0.3719166705590213,2.3731895466941975,69.2001927246691,43.30843149966554,3.973838672395164,-2.373189546694238,69.2001927246691,196
1.0,0.1,0.02,0.02,0.2563103131089201,0.11,0.9318003036988028,0.027713302847925704,0.06829247434608997,0.30876637868944545,35.444717100392985,,23.84725733394931,-0.3087663786896581,35.444717100393,197
1.0,0.1,0.02,0.02,0.2563103131089201,0.105,0.43934232678279483,0.015060368781481473,0.4393899011145377,0.8512629195985238,1.4191435312595106,52.966261132289134,48.51109014588456,0.8512629195984744,-1.4191435312594316,198
1.0,0.1,0.02,0.02,0.2563103131089201,0.105,0.4954760913803283,0.016710318911794583,0.4954584995325315,4.0081568757327535,6.053104085127023,42.232971951423046,45.3323566929255,-4.008156875732797,-6.053104085127124,199
1.0,0.2,0.02,0.02,0.16832424671458285,0.203,0.5666200601932726,0.013003197941927397,0.43338340133428727,0.5400538467745107,36.60573062859363,82.50465802437773,63.31241816224101,0.540053846774815,36.60573062859365,0
1.0,0.2,0.02,0.02,0.16832424671458285,0.22,0.6940194760925756,0.008006696427234658,0.30637966151520385,3.741930777685765,43.79621573917408,,59.09428828742726,-3.741930777685744,43.79621573917409,1
1.0,0.2,0.02,0.02,0.16832424671458285,0.226,0.7376950972227239,0.012032815771283203,0.2626672222435885,3.41591446134305,34.482676781776505,47.36943326304109,40.283753692414194,3.4159144613431476,-34.48267678177652,2
1.0,0.2,0.02,0.02,0.16832424671458285,0.204,0.20220613946239654,0.012936813183480961,0.20228594143651912,2.2125056623305164,21.395164152008306,71.62211449109783,14.889151206968751,-2.2125056623307775,21.395164152008316,3
1.0,0.2,0.02,0.02,0.16832424671458285,0.2,0.44915458969647076,0.005434976100228254,0.449391458627219,4.145805297534631,3.631937924947742,15.599823353992848,65.053891267537,-4.145805297534727,3.6319379249478074,4
1.0,0.2,0.02,0.02,0.16832424671458285,0.214,0.3221520002752123,0.002499053102490399,0.3220656543943685,0.231464453905474,66.72342911509847,79.43778004905246,0.07665033609504524,0.23146445390650683,-66.72342911509847,5
1.0,0.2,0.02,0.02,0.16832424671458285,0.208,0.7165741359631678,0.019346500472749488,0.283497039694982,0.6589212410157571,58.40154270246112,38.37219018063628,3.2902749424474114,0.6589212410168093,58.401542702461136,6
1.0,0.2,0.02,0.02,0.16832424671458285,0.179,0.24382571717597035,0.003348695308263071,0.24384546764886583,0.3485494174546507,62.28725714759223,83.55590616033292,45.28502086770226,0.3485494174549928,62.287257147592214,7
1.0,0.2,0.02,0.02,0.16832424671458285,0.218,0.5118307619300931,0.016416065703105158,0.48822207957587394,2.4345346009547275,40.92846258636769,53.08918220041358,35.31843588144199,2.434534600954849,-40.9284625863677,8
1.0,0.2,0.02,0.02,0.16832424671458285,0.179,0.719763918241056,0.021757544588002373,0.28034418512501325,0.5082255961874037,7.926705278908584,52.73252805119738,78.74612291735987,-0.5082255961883734,7.926705278908596,9
1.0,0.2,0.02,0.02,0.16832424671458285,0.217,0.7269337388446124,0.021990667842385753,0.27308368501185554,5.183517744805385,45.25183650391479,66.28901579935965,58.295712446514464,-5.183517744805414,45.25183650391479,10
1.0,0.2,0.02,0.02,0.16832424671458285,0.213,0.5048699781593553,0.010717644690618465,0.4951468880912935,2.7045829584815966,23.953447371047343,74.37307351194335,11.462813895865127,-2.7045829584816707,-23.953447371047353,11
1.0,0.2,0.02,0.02,0.16832424671458285,0.198,0.38605204701600415,0.0017506476948055192,0.38633807705375506,0.12318654080714281,29.759424600482593,,4.823559064848612,-0.12318654080795316,-29.759424600482586,12
1.0,0.2,0.02,0.02,0.16832424671458285,0.215,0.5347147308572513,0.0035472998956800053,0.46534454899483024,0.9978289715576742,70.51193936050304,39.153787277959026,63.48191646439097,-0.9978289715579878,70.51193936050304,13
1.0,0.2,0.02,0.02,0.16832424671458285,0.195,0.47138011605670116,0.017130364657625644,0.47149924937789317,2.0771795144492393,50.114066002842925,19.705581923643177,12.106911007667273,2.0771795144494183,-50.114066002842925,14
1.0,0.2,0.02,0.02,0.16832424671458285,0.193,0.5065038686067754,0.018958066712980157,0.49353054209038566,0.8536125802069953,23.643657106911125,18.893646540810913,0.8253271602288049,0.8536125802078266,-23.643657106911146,15
1.0,0.2,0.02,0.02,0.16832424671458285,0.205,0.38323751795321526,0.01278035289907621,0.38327453049401555,0.1343363454846877,69.83891190383358,5.016617239613742,55.778723670225915,-0.13433634548783954,69.83891190383358,16
1.0,0.2,0.02,0.02,0.16832424671458285,0.191,0.3134955232911775,0.0212640385786127,0.3135250888854267,0.7316488096448526,3.1859802431570947,67.18976265718082,44.28123580902432,0.7316488096451186,3.1859802431572235,17
1.0,0.2,0.02,0.02,0.16832424671458285,0.189,0.415344049519087,0.023362201578977657,0.41546759991450255,1.3486045831821822,87.1583297062819,85.07353487687828,45.07697165549545,1.3486045831822462,-87.1583297062819,18
1.0,0.2,0.02,0.02,0.16832424671458285,0.2,0.464494185171554,0.02291292335397925,0.464518777464347,1.2597172571471755,55.215438637185095,48.3140648931786,83.33246779537998,-1.2597172571473436,55.215438637185095,19
1.0,0.2,0.02,0.02,0.16832424671458285,0.213,0.4586832207536449,0.023827009739616024,0.45889543889170886,1.712824961143135,22.02405311838996,38.69872507879583,3.260348289262267,-1.7128249611432744,22.024053118389975,20
1.0,0.2,0.02,0.02,0.16832424671458285,0.194,0.5204678875861987,0.0027395750587276974,0.4795324508742204,1.8123262573588228,25.892933258559566,59.85877887198496,88.49001415440063,-1.8123262573589525,-25.89293325855958,21
1.0,0.2,0.02,0.02,0.16832424671458285,0.205,0.665907927884177,0.012494151128877994,0.3341467670787437,2.6329261010514227,2.283419338742968,5.10710651419775,80.37548708710723,2.632926101051614,2.2834193387432693,22
1.0,0.2,0.02,0.02,0.16832424671458285,0.174,0.5021248160467152,0.01867978995272091,0.4979519769153506,1.8560411050620111,65.71166031015825,9.230574784033392,43.959705299217894,1.856041105062252,65.71166031015827,23
1.0,0.2,0.02,0.02,0.16832424671458285,0.18,0.7110552667140286,0.017518005046794214,0.28896472322979627,1.3985357912425755,31.070138342841265,10.334756046193245,34.10137769674056,-1.3985357912425282,-31.070138342841275,24
1.0,0.2,0.02,0.02,0.16832424671458285,0.2,0.6543729463104105,0.024678924723784256,0.3457326143625614,1.58399666839407,29.24488886873324,80.8321714124494,34.7676246216347,-1.583996668394352,-29.24488886873325,25
1.0,0.2,0.02,0.02,0.16832424671458285,0.206,0.42348931262305123,0.01603842659295738,0.4234890667551846,4.117062829388465,19.722549624936562,51.66755017352091,9.786739447654023,-4.117062829388595,-19.722549624936594,26
1.0,0.2,0.02,0.02,0.16832424671458285,0.191,0.6389936471312666,0.01997875121324559,0.36114223662466854,1.908206069824918,14.342714426393186,60.681328928007616,4.90712713835126,1.9082060698250618,14.342714426393213,27
1.0,0.2,0.02,0.02,0.16832424671458285,0.175,0.29187903828527806,0.01922423463783226,0.29182946682888744,1.5032898940920212,73.94569817648755,29.78962381574768,31.08392566546092,-1.503289894092096,-73.94569817648755,28
1.0,0.2,0.02,0.02,0.16832424671458285,0.2,0.9584433485247843,0.024745369244036534,0.041610078464477666,0.28797488943058847,44.6988760753404,,21.329030377184576,-0.28797488943182126,44.69887607534042,29
1.0,0.2,0.02,0.02,0.16832424671458285,0.188,0.32434432073619435,0.007045744099093245,0.32519520558799303,3.4429840168909984,0.03809529736213415,24.5679296930742,38.41688647508264,3.4429840168910926,-0.038095297367366616,30
1.0,0.2,0.02,0.02,0.16832424671458285,0.197,0.41304635295722947,0.013476094869501262,0.41313852123632056,0.615121522969685,63.64437155594624,52.61458353403693,87.60423350117898,0.6151215229698768,63.64437155594624,31
1.0,0.2,0.02,0.02,0.16832424671458285,0.192,0.3528013248037223,0.016786730110851515,0.3527986332312415,4.54668811109588,88.48089260925465,28.97203120589862,29.987854216576885,-4.546688111095945,88.48089260925465,32
1.0,0.2,0.02,0.02,0.16832424671458285,0.216,0.4885371846100328,0.019056062108425795,0.4885705701081962,1.381920583440187,80.08523323178031,4.502294393508504,26.46227157227472,1.3819205834404231,80.08523323178031,33
1.0,0.2,0.02,0.02,0.16832424671458285,0.189,0.25830563480146834,0.004450380812392642,0.25833847250909875,0.051452191808294474,13.876880148219632,0.03130000116868404,79.77315355222109,-0.051452191821073086,-13.87688014821967,34
1.0,0.2,0.02,0.02,0.16832424671458285,0.181,0.05532702575555713,0.018371326467096705,0.055379334487975634,0.8391750369056115,59.526821062633786,,25.63039321607382,0.8391750369065403,-59.526821062633786,35
1.0,0.2,0.02,0.02,0.16832424671458285,0.198,0.23571553386804894,0.005186854100211196,0.2359462127355523,1.1653539159302366,7.366977716316304,,14.946189585469947,1.1653539159306092,7.3669777163163745,36
1.0,0.2,0.02,0.02,0.16832424671458285,0.213,0.19902449175323228,0.016478121948625975,0.19905865552030455,0.8855540889365199,10.253387035171446,37.70102922072799,52.22834594645041,-0.8855540889368194,-10.253387035171457,37
1.0,0.2,0.02,0.02,0.16832424671458285,0.224,0.35145784176194017,0.02050409876628528,0.3514976773917203,0.02726027544754602,84.53578034574097,88.47540257836094,3.3498091460955743,-0.027260275465782732,-84.53578034574097,38
1.0,0.2,0.02,0.02,0.16832424671458285,0.235,0.4685196428017338,0.022051413451097027,0.4685956711002191,1.0032084938407584,89.08821568755016,63.78761743881073,61.30870145606342,1.0032084938409658,-89.08821568755016,39
1.0,0.2,0.02,0.02,0.16832424671458285,0.207,0.195628894635981,0.021894745690526296,0.1959413247458767,0.5726478588396435,42.88896111649629,68.46912200365527,6.138002045956901,-0.5726478588399384,42.888961116496304,40
1.0,0.2,0.02,0.02,0.16832424671458285,0.189,0.485797447205742,0.0033309094621648693,0.48592232259412055,2.329772014201546,24.92574511574422,21.1260190091738,0.5315561451908611,2.329772014201643,-24.925745115744242,41
1.0,0.2,0.02,0.02,0.16832424671458285,0.22,0.4931763510143871,0.008188133786696673,0.4931970722687111,1.0631906436509257,11.402548830392835,75.36380658001774,61.42637000416448,1.0631906436507554,11.402548830392842,42
1.0,0.2,0.02,0.02,0.16832424671458285,0.185,0.5519341630688396,0.005087115818510625,0.4485421207936302,0.5844275356197342,74.35564042085605,31.36237310118224,35.785107456426815,0.584427535620273,-74.35564042085605,43
1.0,0.2,0.02,0.02,0.16832424671458285,0.21,0.4868237491051357,0.02489115537516172,0.48700894908583464,1.9409325739926542,62.00793087208659,13.684113919594758,74.85456517632518,1.9409325739926486,62.00793087208659,44
1.0,0.2,0.02,0.02,0.16832424671458285,0.184,0.46107173263150136,0.01446290274800784,0.46115885908598536,0.31164080853851456,73.23913803511581,80.17420755724416,34.397437513818375,0.31164080853909104,-73.23913803511581,45
1.0,0.2,0.02,0.02,0.16832424671458285,0.212,0.4819552315355909,0.025040200944618375,0.482086888046548,0.3159264464624722,62.3794873769278,79.78369370359489,3.974831279151865,0.3159264464640418,-62.37948737692781,46
1.0,0.2,0.02,0.02,0.16832424671458285,0.201,0.42754647858876627,0.007895366957833036,0.4277537307397556,2.62376627345039,23.7027781945616,25.37768265606219,56.57268366140451,2.623766273450236,-23.702778194561603,47
1.0,0.2,0.02,0.02,0.16832424671458285,0.204,0.7880608764250442,0.023365731098824144,0.21213303822818583,1.713102316204876,23.575937034018576,10.797358575993284,20.68005722252204,1.713102316205082,-23.57593703401859,48
1.0,0.2,0.02,0.02,0.16832424671458285,0.213,0.4858299820438981,0.01784080373056334,0.4859306183234657,2.0426824022605055,68.65605861780591,67.42109470360366,40.22566371884722,2.0426824022604975,68.65605861780591,49
1.0,0.2,0.02,0.02,0.16832424671458285,0.187,0.4962813203909673,0.01886553484413185,0.49632000039593804,1.5700835320920843,46.04242473159986,43.97214525186591,89.37537903135147,-1.5700835320919746,46.04242473159986,50
1.0,0.2,0.02,0.02,0.16832424671458285,0.183,0.20241324571572164,0.0010305367441953849,0.20270271763598258,0.5668592193329609,75.98687576188735,36.356889409268604,7.659313102865456,-0.5668592193329405,-75.98687576188735,51
1.0,0.2,0.02,0.02,0.16832424671458285,0.202,0.36980003596160765,0.02369888032504737,0.36985374703870555,0.21740734173157256,19.81294267545252,55.41534966810254,9.318021580590429,-0.2174073417322523,-19.812942675452543,52
1.0,0.2,0.02,0.02,0.16832424671458285,0.216,0.4474663145587671,0.015260434522257045,0.4476729092661369,3.199156288463582,43.905237707912846,23.336585284684997,7.510899268472506,3.199156288463722,43.90523770791285,53
1.0,0.2,0.02,0.02,0.16832424671458285,0.211,0.47728062876686544,0.011050926922991079,0.4774203606309794,0.10472924181601379,71.52899657733059,37.19003156516859,58.02120102434657,-0.10472924181962909,71.52899657733059,54
1.0,0.2,0.02,0.02,0.16832424671458285,0.182,0.46346189704058316,0.017870639211311577,0.4635494311458381,1.3340888221402136,12.11710794498245,0.9309240833731119,51.87367063926191,1.3340888221400429,12.117107944982465,55
1.0,0.2,0.02,0.02,0.16832424671458285,0.223,0.7228395390902806,0.024383349154385454,0.27773915544658057,1.070290150491877,60.61223166782708,88.08438784976804,74.9558888122902,-1.070290150491733,60.61223166782708,56
1.0,0.2,0.02,0.02,0.16832424671458285,0.214,0.6238181871212582,0.012191881997789625,0.3762406261190237,1.6265218097121492,54.214280820654466,64.9570353961745,33.0161049770505,-1.6265218097120053,-54.214280820654466,57
1.0,0.2,0.02,0.02,0.16832424671458285,0.229,0.49935409365986383,0.018766131329683723,0.4993557162380113,1.013578741969603,48.96394108284603,19.779930119494303,27.67833853205271,1.0135787419701099,-48.963941082846034,58
1.0,0.2,0.02,0.02,0.16832424671458285,0.186,0.20871177674060382,0.0052859771440651295,0.20911379287350546,1.3823887737239553,45.918607614029355,23.004879019223644,70.62157456453492,-1.3823887737240899,-45.918607614029355,59
1.0,0.2,0.02,0.02,0.16832424671458285,0.188,0.4979304667907403,0.02227938841439782,0.49811168893712426,0.2820607008661512,55.12153929374367,79.28568109729413,87.20169559033467,0.28206070086597607,55.121539293743666,60
1.0,0.2,0.02,0.02,0.16832424671458285,0.197,0.487478215129706,0.0012622495030318874,0.48789946493520014,0.1557791067961859,67.0974698039375,47.319795985791565,24.96152345752161,-0.15577910679910936,67.09746980393751,61
1.0,0.2,0.02,0.02,0.16832424671458285,0.185,0.48806285397529825,0.024522562342568208,0.4882044413349099,3.311921075819628,32.45384469007144,62.90668526640097,71.73437815776589,3.311921075819753,32.45384469007145,62
1.0,0.2,0.02,0.02,0.16832424671458285,0.197,0.5119371363240444,0.01880732432557975,0.4881747342385892,1.4543911899482955,74.68198383140736,80.64795674066863,1.4588086088850536,-1.4543911899484727,-74.68198383140736,63
1.0,0.2,0.02,0.02,0.16832424671458285,0.193,0.4231422384795749,0.025127670016258367,0.4233195457630692,1.7500807229943083,4.189727378926835,28.62500302691191,89.3657498421025,1.7500807229944735,4.1897273789268885,64
1.0,0.2,0.02,0.02,0.16832424671458285,0.221,0.5058774510016643,0.007765796847151313,0.4940092211063264,0.4882276941954379,7.010733293190891,18.946640543192213,29.674718572594774,-0.48822769419664164,7.010733293191015,65
1.0,0.2,0.02,0.02,0.16832424671458285,0.191,0.28977813317755624,0.0226225611722029,0.28997395244782387,0.8651604414438263,86.88705287491078,3.651411202693582,79.2753929219975,0.8651604414440842,-86.88705287491078,66
1.0,0.2,0.02,0.02,0.16832424671458285,0.193,0.31001220235318755,0.01602522561247234,0.3100507104504448,2.740493635136345,44.417767048236755,51.54781182978276,5.493077294864019,2.7404936351364184,-44.41776704823676,67
1.0,0.2,0.02,0.02,0.16832424671458285,0.183,0.3600262065120471,0.011792176401267562,0.36007063765710423,1.9368455806449225,56.55169339202636,43.746518450392486,31.821337863304336,1.9368455806451008,56.551693392026365,68
1.0,0.2,0.02,0.02,0.16832424671458285,0.178,0.5023061679287839,0.021248283571057756,0.4978040710517734,1.479956167104087,34.33014770294374,40.01205322077629,28.957850058138966,1.4799561671042152,34.33014770294374,69
1.0,0.2,0.02,0.02,0.16832424671458285,0.181,0.5452585846406105,0.022728801652127907,0.45496869855459415,0.7372876686501103,24.83579588674236,19.03345376620557,33.933157782034925,-0.7372876686496174,24.835795886742368,70
1.0,0.2,0.02,0.02,0.16832424671458285,0.18,0.5970018982738062,0.004638230334987427,0.4029989507248678,4.476815307974855,65.94973595116949,72.00136142467015,30.909063074429326,-4.476815307974893,-65.94973595116949,71
1.0,0.2,0.02,0.02,0.16832424671458285,0.196,0.49985057741701,0.021857862981060575,0.49987635222362564,0.7953488742801383,35.997593869647886,61.23006142112844,37.820834664391256,-0.7953488742811455,-35.99759386964789,72
1.0,0.2,0.02,0.02,0.16832424671458285,0.201,0.5629127170567765,0.008803429844157492,0.4370848309722197,0.8356669246519052,63.90801952631104,49.1129103490323,8.789618808069315,0.835666924651857,63.90801952631104,73
1.0,0.2,0.02,0.02,0.16832424671458285,0.182,0.2195303384515128,0.010640081656049252,0.219569514242974,1.1937583649089203,50.12672973819756,68.38755987337434,80.66556706595111,-1.1937583649094663,-50.12672973819757,74
1.0,0.2,0.02,0.02,0.16832424671458285,0.191,0.5261612351124075,0.0014929794475691165,0.474099765262056,1.5713545918855851,31.177368238191946,62.11531254498277,72.0466033771732,1.5713545918858927,31.177368238191963,75
1.0,0.2,0.02,0.02,0.16832424671458285,0.174,0.5055882999495475,0.021954689358540603,0.49457142793992903,1.1584505124561988,16.94945625177906,16.8992930595812,56.86896859924564,-1.1584505124566657,16.949456251779093,76
1.0,0.2,0.02,0.02,0.16832424671458285,0.201,0.5003110824877953,0.024631596760408124,0.49968992876058665,0.12692280266786196,51.219576599347974,23.57334577070586,44.951009477117864,0.12692280267089628,51.21957659934798,77
1.0,0.2,0.02,0.02,0.16832424671458285,0.186,0.48794983924476676,0.013398862043936602,0.48798864359366745,0.025865473183201756,19.207094175208134,13.579398746771105,17.091978511123976,0.02586547319887988,-19.20709417520815,78
1.0,0.2,0.02,0.02,0.16832424671458285,0.223,0.5834694899511925,0.006352283754021951,0.41674504237280235,0.09514766982864628,1.6008163204404438,55.877546068961934,66.24668474978135,0.09514766983237527,1.6008163204405303,79
1.0,0.2,0.02,0.02,0.16832424671458285,0.186,0.5074145739017949,0.019811385070060132,0.49265142286637986,1.8337243487576258,78.97420272043401,35.99490995259765,67.9533992538567,1.833724348757606,78.97420272043401,80
1.0,0.2,0.02,0.02,0.16832424671458285,0.186,0.801345836015336,0.010367978194822393,0.1987374166520727,0.44430006700106095,75.36660024175033,,63.276515120635125,-0.4443000670017652,75.36660024175033,81
1.0,0.2,0.02,0.02,0.16832424671458285,0.204,0.23156820365974057,0.0036829869816771095,0.23143182558368627,0.9183469310683186,23.65156989905032,,85.29168808494258,-0.9183469310685961,-23.651569899050347,82
1.0,0.2,0.02,0.02,0.16832424671458285,0.198,0.0853191112552627,0.02668381362489012,0.08538805020387494,1.7262079001354178,88.54307958061972,89.30966242608449,75.6714780771602,1.7262079001357007,-88.54307958061972,83
1.0,0.2,0.02,0.02,0.16832424671458285,0.214,0.5839343352165718,0.021790738478498613,0.41612766448647215,0.48005963705605925,80.66105941990331,9.452054641289918,0.6907173261542152,0.48005963705648586,80.66105941990331,84
1.0,0.2,0.02,0.02,0.16832424671458285,0.194,0.3672781678258716,0.01689527174190926,0.3673068348316293,1.7083711742522896,38.246500493997516,44.40251990967277,58.65926842984074,-1.7083711742523326,38.24650049399753,85
1.0,0.2,0.02,0.02,0.16832424671458285,0.206,0.4841917263366886,0.00872075398815764,0.48426035375845394,0.3071955268232206,57.331342877280065,2.757550170667813,88.52900298099125,0.3071955268243583,-57.331342877280065,86
1.0,0.2,0.02,0.02,0.16832424671458285,0.197,0.500784641117224,0.01741710392619733,0.49921861079188967,1.7266964179028332,50.04943718875988,64.11639518341106,50.35589310954371,1.7266964179030722,-50.049437188759896,87
1.0,0.2,0.02,0.02,0.16832424671458285,0.195,0.4978535168873851,0.00016550990705328108,0.4978535168419307,2.4981676657696776,45.93967555384362,35.82235857575733,10.352385289999507,2.498167665769781,45.93967555384363,88
1.0,0.2,0.02,0.02,0.16832424671458285,0.191,0.3775477556554354,0.005206488126862239,0.37769544658154885,2.8638418427136973,51.950543205470275,,2.060262829392289,-2.8638418427138994,-51.95054320547028,89
1.0,0.2,0.02,0.02,0.16832424671458285,0.201,0.40044785607773,0.008730822154118925,0.40053069704072086,3.1531521640730085,17.98477189698415,24.174563541639735,8.795980089545472,-3.1531521640730547,17.984771896984174,90
1.0,0.2,0.02,0.02,0.16832424671458285,0.206,0.3447063930417403,0.010658717208808273,0.3446780756351075,1.3652566500963643,34.084771912164115,32.449179595001894,35.43458156463895,1.365256650096722,-34.08477191216413,91
1.0,0.2,0.02,0.02,0.16832424671458285,0.179,0.6022404145593996,0.019806244089481912,0.3978708379512218,3.2733454473210526,54.57439166017026,75.23951151219322,53.35048602287718,3.273345447321073,-54.57439166017026,92
1.0,0.2,0.02,0.02,0.16832424671458285,0.183,0.4776040908167176,0.01326882044229939,0.4777369505676897,0.7405928752144662,71.91621376170218,81.69111122985315,61.30259176103836,-0.7405928752149409,-71.91621376170218,93
1.0,0.2,0.02,0.02,0.16832424671458285,0.177,0.36407198751085523,0.019536783202929543,0.3640669001747408,0.3591476982009664,80.72021151478816,58.539654514550264,67.6341999054496,0.35914769820155495,80.72021151478816,94
1.0,0.2,0.02,0.02,0.16832424671458285,0.212,0.5411907363678488,0.008973261786359214,0.45903979548478024,1.8894182497557814,83.12257632338445,68.55539734072367,30.372724792848654,-1.8894182497559093,83.12257632338445,95
1.0,0.2,0.02,0.02,0.16832424671458285,0.23,0.42801173053404445,0.02363503951908063,0.4281090700379208,1.9792731365503045,68.36317470765346,82.81101715598625,84.50548700671787,1.9792731365505232,-68.36317470765346,96
1.0,0.2,0.02,0.02,0.16832424671458285,0.206,0.590030784037607,0.0038861080124303485,0.4103628238933961,1.1546121097710473,14.698405823257838,39.45401149741783,1.2000396234355788,-1.1546121097712583,14.698405823257861,97
1.0,0.2,0.02,0.02,0.16832424671458285,0.158,0.5143661558083001,0.0018918438063942208,0.48558114558270554,1.941847489398014,10.668545445968434,9.527049855044377,40.81175313508473,1.9418474893981699,-10.668545445968473,98
1.0,0.2,0.02,0.02,0.16832424671458285,0.193,0.2210269320689627,0.01167313686358841,0.22089127176568898,0.22008028471360533,87.13579142099323,,69.3939171330456,0.2200802847137066,87.13579142099323,99
1.0,0.2,0.02,0.02,0.16832424671458285,0.213,0.3712051399938356,0.024281444056031463,0.3711774075428977,2.5713105948791832,59.449018963912046,31.098900560958516,17.36548417991595,-2.571310594879129,-59.44901896391206,100
1.0,0.2,0.02,0.02,0.16832424671458285,0.195,0.6150517416083808,0.021956143638506575,0.3850464003044322,1.0110222757715441,34.73883943829128,88.20398921155724,69.40341246093597,-1.0110222757717924,34.73883943829128,101
1.0,0.2,0.02,0.02,0.16832424671458285,0.205,0.43589486114882914,0.020463559401189345,0.4361005100535962,1.0071422738586957,45.5282541477861,68.19677056716105,48.40673918216452,1.0071422738590445,-45.528254147786114,102
1.0,0.2,0.02,0.02,0.16832424671458285,0.196,0.5467334120177123,0.009454378731841014,0.4532987667962789,1.1546186449424447,24.498309459490926,78.2821113403405,67.3951802451629,-1.1546186449427385,24.498309459490947,103
1.0,0.2,0.02,0.02,0.16832424671458285,0.196,0.5968251739912298,0.007824660825658547,0.4038190920357885,0.26655356392886514,79.95935985860974,8.74324496818,58.28498084342875,-0.26655356393091717,79.95935985860974,104
1.0,0.2,0.02,0.02,0.16832424671458285,0.202,0.5114307888896337,0.009305109220448932,0.4887748686486127,0.08784533436228915,3.513065980178936,56.14181659137004,89.98330662699786,0.08784533436293034,3.5130659801789887,105
1.0,0.2,0.02,0.02,0.16832424671458285,0.197,0.32778884510316836,0.026176745791083256,0.3279954085516546,2.8034830015712875,3.7702563239430393,16.17542485756989,77.4431406201879,2.80348300157123,-3.77025632394325,106
1.0,0.2,0.02,0.02,0.16832424671458285,0.222,0.4886632862871302,0.017930570190988742,0.48878846501454676,2.005258570951053,74.88221665232457,49.2063573348002,76.68665397416495,2.005258570951158,74.88221665232457,107
1.0,0.2,0.02,0.02,0.16832424671458285,0.201,0.5660498153323786,0.018126279679665017,0.4339382808682583,3.338549539694752,9.333926323982636,25.635441989701253,48.093860696145455,3.3385495396950002,9.333926323982686,108
1.0,0.2,0.02,0.02,0.16832424671458285,0.214,0.8157672969475349,0.025549123034443837,0.18497061805257944,1.275647229094788,28.407732965329057,24.347808743780533,56.62757300312193,1.2756472290946874,-28.407732965329057,109
1.0,0.2,0.02,0.02,0.16832424671458285,0.187,0.608753214504365,0.00792812061124779,0.39180415852569633,0.7145711185807734,89.11410713143853,,23.799399474376226,0.7145711185812951,-89.11410713143853,110
1.0,0.2,0.02,0.02,0.16832424671458285,0.202,0.5006499584377018,0.020237363005850533,0.4994756725791387,1.6418720081304212,67.01607085630854,32.640641777725016,21.851762736965604,1.641872008130644,67.01607085630854,111
1.0,0.2,0.02,0.02,0.16832424671458285,0.201,0.10526609927670669,0.01790551437771633,0.10536356752415302,0.38845944247436454,37.937211603030235,,72.95733541769378,-0.38845944247537795,37.937211603030235,112
1.0,0.2,0.02,0.02,0.16832424671458285,0.194,0.49595391240508185,0.018242632013869067,0.4959905008451101,0.17830849036003837,13.504403518155936,79.78233819838367,58.1254761411581,0.17830849036251328,-13.504403518155968,113
1.0,0.2,0.02,0.02,0.16832424671458285,0.219,0.470556251373487,0.017923373038794512,0.4705659577932152,0.18873280771040618,7.964364787864153,74.750449238525,13.61829152550343,0.18873280771124842,-7.964364787864181,114
1.0,0.2,0.02,0.02,0.16832424671458285,0.225,0.4243791167880442,0.0061465683991470815,0.4254899962979551,2.449976206486086,41.02019072529373,1.6582022859450394,6.405107001407349,-2.449976206486225,-41.02019072529374,115
1.0,0.2,0.02,0.02,0.16832424671458285,0.198,0.49619045548056023,0.017336762769252022,0.49625544686588513,2.3569923431163473,67.99271419671028,19.5491031950139,62.228965696057195,2.356992343116548,-67.99271419671028,116
1.0,0.2,0.02,0.02,0.16832424671458285,0.196,0.4812127781947875,0.010788426317312833,0.48123567493047203,3.3372522254443044,14.506392486452013,1.421989448296602,32.867899019718124,-3.3372522254443995,-14.50639248645201,117
1.0,0.2,0.02,0.02,0.16832424671458285,0.197,0.34253069695643323,0.023129785397665886,0.3428114324401281,0.7396784116699125,17.196600932755228,18.88703018861748,33.38638750263821,-0.7396784116705428,-17.19660093275525,118
1.0,0.2,0.02,0.02,0.16832424671458285,0.195,0.4974100984508501,0.024045645660220834,0.49750592511031055,1.0342232666151963,55.585583225428,47.398745329698215,79.97061772042225,1.0342232666155349,55.585583225428,119
1.0,0.2,0.02,0.02,0.16832424671458285,0.218,0.8155683916110106,0.02369688755715877,0.18427764354683301,0.9968910010445511,62.70258497600049,36.46127226469248,79.23481711382311,-0.9968910010448594,-62.7025849760005,120
1.0,0.2,0.02,0.02,0.16832424671458285,0.198,0.5655824132186067,0.022028978403158875,0.4347926229145819,0.7306551717782568,78.45411162649296,38.93544579014854,14.244721937596816,0.730655171778844,-78.45411162649296,121
1.0,0.2,0.02,0.02,0.16832424671458285,0.191,0.15252433722317202,0.009295842489418683,0.15270603126120993,0.7534437995070424,43.66332919993985,37.268682264817265,22.624560424569243,0.7534437995076481,43.66332919993986,122
1.0,0.2,0.02,0.02,0.16832424671458285,0.203,0.4943548776366184,0.014216823571580519,0.4944489339643279,0.9742070804880315,17.000747069997526,0.9787791537147568,6.6155521296100765,-0.9742070804881706,17.00074706999753,123
1.0,0.2,0.02,0.02,0.16832424671458285,0.2,0.47756545517071974,0.0022885569126692585,0.47770826136283706,0.2748905533705099,37.379904767632055,22.18761732825201,21.309168658030654,-0.2748905533703581,37.37990476763206,124
1.0,0.2,0.02,0.02,0.16832424671458285,0.181,0.6873809923224274,0.017594449667071407,0.3126686719397816,2.2579257724796524,86.11504936002535,37.65849405388998,6.153997330577673,2.2579257724798274,-86.11504936002535,125
1.0,0.2,0.02,0.02,0.16832424671458285,0.21,0.4898306305538645,0.0025344383006598225,0.48987355181293446,0.8592083710334083,22.05893762322483,58.8563888856078,34.621485845729985,-0.8592083710338594,-22.05893762322483,126
1.0,0.2,0.02,0.02,0.16832424671458285,0.224,0.4073421742824762,0.009148039975882167,0.40763742359316635,0.9699364627383169,63.23717549971123,16.506604157497804,28.015348186214023,0.9699364627385463,-63.23717549971123,127
1.0,0.2,0.02,0.02,0.16832424671458285,0.194,0.5861475861394717,0.007280346275980207,0.4138527551975434,2.147739551188921,36.02290228112935,37.26717417231146,10.089890872343544,2.147739551188822,-36.02290228112934,128
1.0,0.2,0.02,0.02,0.16832424671458285,0.201,0.4797173276859525,0.011348319436663357,0.4795012052268286,3.574320862163134,55.48904360612019,69.1681791027003,77.40552800943676,-3.574320862163273,-55.489043606120205,129
1.0,0.2,0.02,0.02,0.16832424671458285,0.213,0.27010519378111486,0.008452295897230688,0.2701842583215679,1.1865743166000597,24.79972893031332,25.958583543422804,39.496289528642535,-1.1865743166000078,-24.79972893031333,130
1.0,0.2,0.02,0.02,0.16832424671458285,0.214,0.5017178501110214,0.019571528265503728,0.49827432253023735,0.5856544500644975,77.06972136346658,7.030330851331106,70.5340391682118,-0.5856544500650527,77.06972136346658,131
1.0,0.2,0.02,0.02,0.16832424671458285,0.197,0.5019746301318682,0.02043068029247918,0.4979869357882773,5.497354748995968,3.2360370612035134,12.600404996953596,70.08736676344151,5.497354748995961,3.236037061203494,132
1.0,0.2,0.02,0.02,0.16832424671458285,0.221,0.6680468700420787,0.005618144831364162,0.3322412454913949,2.0455395435252584,52.55626478749688,,58.75876131278761,-2.045539543525378,52.55626478749689,133
1.0,0.2,0.02,0.02,0.16832424671458285,0.205,0.47526666288913155,0.005514688527553059,0.4753842522536684,2.290940715573946,0.7015517773232102,1.2563502224377658,1.9173586046591433,2.2909407155742834,0.7015517773242406,134
1.0,0.2,0.02,0.02,0.16832424671458285,0.19,0.6546044043197855,0.022738970334485187,0.3454113600320008,3.056186494176848,55.12237353276216,74.95877413783927,16.314564314798687,3.0561864941768193,55.12237353276216,135
1.0,0.2,0.02,0.02,0.16832424671458285,0.181,0.4768768665707032,0.010955854119111826,0.47706614573668976,0.2119879515149019,5.716326042353792,3.7605360337162272,21.43965710132141,-0.21198795151445013,-5.716326042353833,136
1.0,0.2,0.02,0.02,0.16832424671458285,0.215,0.47925513790714264,0.012702948128015486,0.4793255304628239,1.8417619263431813,59.46515079890715,37.36091473124092,29.669472213582566,1.8417619263433995,-59.46515079890715,137
1.0,0.2,0.02,0.02,0.16832424671458285,0.195,0.48715504869129317,0.017959665159713388,0.4872720714288675,3.0483967763944313,43.495956848090096,63.87782933235646,10.721987310139967,3.048396776394514,43.4959568480901,138
1.0,0.2,0.02,0.02,0.16832424671458285,0.194,0.4975528574615017,0.01972190129155786,0.4976449897226275,0.24886794593786118,36.8286884673626,33.181339893133696,16.32690693953602,-0.24886794594065814,-36.828688467362625,139
1.0,0.2,0.02,0.02,0.16832424671458285,0.204,0.4896933101232667,0.01651857755143469,0.4897907921787371,0.8627276183819659,45.33542109078528,0.2949359828731065,53.964224240972385,-0.8627276183822126,-45.33542109078529,140
1.0,0.2,0.02,0.02,0.16832424671458285,0.19,0.4906487019053628,0.0165280195400603,0.49070969265196174,0.8836823151399792,42.53005042464683,44.49797860949842,62.67065984055839,0.8836823151401,-42.530050424646845,141
1.0,0.2,0.02,0.02,0.16832424671458285,0.208,0.26515931537894427,0.021607109853554643,0.2651998576711961,0.18043209240673666,76.05348593427755,82.2576057005144,60.605562062031495,-0.18043209240741254,-76.05348593427755,142
1.0,0.2,0.02,0.02,0.16832424671458285,0.194,0.6081925625936051,0.01400819237442419,0.3917808658618057,1.3360032006670686,61.91733721412725,38.426353121016156,44.07963932654325,-1.336003200667287,-61.91733721412725,143
1.0,0.2,0.02,0.02,0.16832424671458285,0.197,0.5198002525034909,0.02051570155092155,0.48032229507926666,1.7385693265943303,35.371411595165156,19.443792001848898,19.754466326401495,1.7385693265944304,35.37141159516516,144
1.0,0.2,0.02,0.02,0.16832424671458285,0.193,0.5999126869368779,0.013871400316125854,0.40016487744544005,1.698016897464407,27.593873643519043,17.037560202986523,68.83470038946626,1.6980168974646734,-27.59387364351906,145
1.0,0.2,0.02,0.02,0.16832424671458285,0.196,0.5020447508772464,0.023000734403808287,0.49805297598580434,0.9763465052261875,61.46812358163492,66.02309880474755,38.70402635399464,-0.9763465052263318,-61.46812358163492,146
1.0,0.2,0.02,0.02,0.16832424671458285,0.194,0.5045820889729468,0.01764327677648331,0.4954428290861726,1.0362441265821705,45.854994077634295,82.90437893323424,34.30481444685657,-1.0362441265824982,-45.854994077634295,147
1.0,0.2,0.02,0.02,0.16832424671458285,0.186,0.5019909490905257,0.022325047226501506,0.4980867245669022,0.12902643912132464,57.39971733880771,7.259514965733633,61.77390005079777,0.12902643912497158,57.39971733880771,148
1.0,0.2,0.02,0.02,0.16832424671458285,0.19,0.5066915395231448,0.009162301635877336,0.4933025585087368,0.26808257046373035,77.82411455187524,67.67756037005962,38.48930784474303,0.26808257046469425,-77.82411455187524,149
1.0,0.2,0.02,0.02,0.16832424671458285,0.201,0.5124250802093624,0.022277459693677663,0.4877515580740229,2.124320502285372,83.23302683455198,58.011202254461054,43.430782561486424,2.124320502285494,-83.23302683455198,150
1.0,0.2,0.02,0.02,0.16832424671458285,0.197,0.3979140289746347,0.013932358619656696,0.39797646097642647,1.6191463829786885,72.13226339123767,87.42139881356368,54.80396933390929,1.619146382978758,72.13226339123767,151
1.0,0.2,0.02,0.02,0.16832424671458285,0.195,0.3648562350103542,0.010132697537872949,0.364980301182764,1.0897775485489152,23.08915189215945,21.49111837755776,4.781677322510994,1.0897775485492553,23.089151892159443,152
1.0,0.2,0.02,0.02,0.16832424671458285,0.192,0.49284857775751023,0.022857772064671107,0.4930147457640096,0.15511269946949544,72.34151536702993,82.9689026071707,20.028717110768632,-0.15511269946908035,-72.34151536702993,153
1.0,0.2,0.02,0.02,0.16832424671458285,0.21,0.6075566789938773,0.007939600930599824,0.39289865793618345,2.185025042147222,60.11807994842717,,40.70180030872688,-2.1850250421473585,60.11807994842718,154
1.0,0.2,0.02,0.02,0.16832424671458285,0.201,0.44407346533665665,0.011348126479550979,0.4441250278559207,0.12537549163645295,75.16824295268992,77.97579335924415,42.29056914062217,-0.12537549163996844,-75.16824295268992,155
1.0,0.2,0.02,0.02,0.16832424671458285,0.194,0.5040637442192923,0.0037140808838513435,0.49595410274960655,0.297327399982358,60.52557240719088,1.9932348553157753,45.98486247818675,-0.29732739998250657,-60.52557240719088,156
1.0,0.2,0.02,0.02,0.16832424671458285,0.194,0.41046727837136326,0.014917190974670121,0.4104957429232362,0.7456372767680368,5.107963009036505,14.654934765566637,54.13912618617254,0.7456372767689469,5.107963009036667,157
1.0,0.2,0.02,0.02,0.16832424671458285,0.181,0.6770692527368994,0.007769455801957117,0.32442678659280944,0.39619230638982467,57.760714917478495,,61.44637663855535,0.39619230639028086,-57.760714917478495,158
1.0,0.2,0.02,0.02,0.16832424671458285,0.206,0.37011459771791433,0.011127844369776404,0.3700912781164372,1.3823378481026887,20.575310306831273,7.358612982787421,35.58258060886688,1.3823378481029513,-20.57531030683129,159
1.0,0.2,0.02,0.02,0.16832424671458285,0.176,0.5588893174970676,0.00405870689700916,0.44107221293657733,1.6796811570040904,0.8055118388724544,,55.893096873677955,-1.6796811570044672,-0.8055118388728578,160
1.0,0.2,0.02,0.02,0.16832424671458285,0.201,0.4931846273223534,0.0015914273813981492,0.49322403428763895,3.043816774567179,87.07953145014929,60.06845955520075,7.286014696484176,-3.04381677456716,-87.07953145014929,161
1.0,0.2,0.02,0.02,0.16832424671458285,0.211,0.40396649259818934,0.020041833809712306,0.4040108658024012,2.292216009029722,86.97844060200542,66.18215819931287,47.574839204366555,2.292216009029904,-86.97844060200542,162
1.0,0.2,0.02,0.02,0.16832424671458285,0.21,0.5162089570568312,0.004727778096463117,0.4838102038698679,2.9508275326645657,6.34288933770856,35.87956489085266,10.249532062705825,2.9508275326646216,6.342889337708613,163
1.0,0.2,0.02,0.02,0.16832424671458285,0.216,0.4920351177942947,0.01911804821703044,0.4920999788980813,0.8771570371702732,46.75772096465608,69.41710249671755,74.65238784764803,-0.8771570371702951,-46.75772096465609,164
1.0,0.2,0.02,0.02,0.16832424671458285,0.18,0.5224934562384588,0.003996110830387171,0.4775356835606562,1.9564586136094348,20.220709176163243,60.91891063955604,17.24339742087665,-1.9564586136095272,-20.220709176163254,165
1.0,0.2,0.02,0.02,0.16832424671458285,0.182,0.6112745433170316,0.00879967373025484,0.38885919048477136,0.7853589563701426,85.69354551688686,76.4144625527028,61.349276338652295,0.7853589563705626,-85.69354551688686,166
1.0,0.2,0.02,0.02,0.16832424671458285,0.2,0.5034969984641711,0.020688605917098774,0.49648833219046223,2.209449006747822,50.49118753760002,15.938267919221538,61.43318669782525,2.2094490067479575,50.49118753760003,167
1.0,0.2,0.02,0.02,0.16832424671458285,0.205,0.48360517483787735,0.007409606067975719,0.48352062543943275,1.348522676357424,4.242701442146921,53.62582755558305,17.816669768604985,-1.3485226763577152,4.242701442147003,168
1.0,0.2,0.02,0.02,0.16832424671458285,0.218,0.6528325358796657,0.0033644870201823924,0.3473311386358628,2.812528265273174,85.52203310666683,36.57779759943401,9.974191775262625,-2.8125282652732415,-85.52203310666683,169
1.0,0.2,0.02,0.02,0.16832424671458285,0.218,0.49397475672383123,0.020203682645244414,0.49402007042929813,3.796100559176115,64.54047420737646,16.680661103496117,76.26948726328325,-3.796100559176245,-64.54047420737646,170
1.0,0.2,0.02,0.02,0.16832424671458285,0.219,0.5161574023468286,0.0022408858097723644,0.4838359154530423,0.8855560667358855,17.498528229289832,43.31388182745249,14.804843932618741,0.8855560667364383,17.498528229289846,171
1.0,0.2,0.02,0.02,0.16832424671458285,0.181,0.6050530978658955,0.011103965854011577,0.39518037855367927,1.0676246578665907,68.31318734717536,11.238954041902026,34.06354304297148,1.0676246578670499,-68.31318734717536,172
1.0,0.2,0.02,0.02,0.16832424671458285,0.216,0.7427780142518616,0.007109749020161733,0.2572641932525455,1.4494408826782672,71.07569110106897,78.99976367229893,44.01321347218924,-1.449440882678398,71.07569110106897,173
1.0,0.2,0.02,0.02,0.16832424671458285,0.173,0.3525104735183473,0.02505044162417709,0.3526242947527819,1.6761046760578204,25.58908189759152,20.258208332976775,2.7361314715568232,1.676104676058096,-25.58908189759153,174
1.0,0.2,0.02,0.02,0.16832424671458285,0.208,0.5044149621197508,0.019161858210056074,0.4956821033914193,1.1082748606812851,77.84608492234315,46.70701805245908,21.47658521301154,1.108274860681702,-77.84608492234315,175
1.0,0.2,0.02,0.02,0.16832424671458285,0.2,0.5438984986740387,0.000583419411451284,0.456246074826982,0.09078729710980728,51.50962261070205,51.88104305112987,31.76963480665687,0.09078729711368123,-51.50962261070205,176
1.0,0.2,0.02,0.02,0.16832424671458285,0.187,0.4913436647283104,0.00043126137420372514,0.4914745850093149,2.586091661639237,18.05673881016415,15.215289135914926,14.03982296417441,-2.586091661639268,18.056738810164145,177
1.0,0.2,0.02,0.02,0.16832424671458285,0.192,0.4251800170464265,0.010558956223370108,0.42518428548204024,1.50178981601571,81.76384034360382,70.60388528366427,48.27469925945086,1.5017898160157515,81.76384034360382,178
1.0,0.2,0.02,0.02,0.16832424671458285,0.208,0.520246875072315,0.011780413083662742,0.47993291656114445,5.207494684378684,7.647685732773005,37.84712058969559,47.65503237244822,5.207494684378666,-7.6476857327730166,179
1.0,0.2,0.02,0.02,0.16832424671458285,0.203,0.5017168361293647,0.02001266520763781,0.49837626706680915,3.045334203645962,9.513798631980054,51.2902565331446,2.172636685310994,3.0453342036459485,9.513798631980071,180
1.0,0.2,0.02,0.02,0.16832424671458285,0.183,0.33238171487436197,0.02075666087404585,0.33253091289459324,0.5757446553884897,34.83355120029405,6.263814625605205,21.26359794534176,-0.5757446553889709,-34.83355120029406,181
1.0,0.2,0.02,0.02,0.16832424671458285,0.184,0.3756406378961777,0.010477708206495047,0.37563067668097555,3.6712710458538114,33.463617176562764,42.84954547259404,15.397294873431127,-3.6712710458538638,-33.463617176562764,182
1.0,0.2,0.02,0.02,0.16832424671458285,0.212,0.5395860522437492,0.0017637263256850436,0.46040624123491924,1.4603436607123517,63.85021889396659,82.73514080887219,63.24025216048582,-1.4603436607123614,63.85021889396659,183
1.0,0.2,0.02,0.02,0.16832424671458285,0.189,0.4342491565717141,0.0177871662718455,0.4343794838168378,1.683685722174994,59.95021967868835,45.49074080909552,38.63872540642388,1.6836857221750872,-59.95021967868835,184
1.0,0.2,0.02,0.02,0.16832424671458285,0.175,0.40989803877176906,0.024219056874420702,0.4104158152933573,3.5039309461453017,4.202730947525358,84.17268413998954,71.78917633364276,3.50393094614528,-4.202730947525384,185
1.0,0.2,0.02,0.02,0.16832424671458285,0.207,0.5194687215291883,0.019041219274509386,0.4807401364640014,0.22929672561623296,15.539331407121018,80.51743661712418,3.009990582419523,0.2292967256170635,-15.539331407121038,186
1.0,0.2,0.02,0.02,0.16832424671458285,0.2,0.7473377648492993,0.014978721012902723,0.25266688278467475,3.166183006500396,77.52682834616402,46.97501414136746,48.87578218071003,-3.166183006500366,77.52682834616402,187
1.0,0.2,0.02,0.02,0.16832424671458285,0.207,0.3075619141693451,0.016668488948673836,0.3075763827341114,4.022821935773929,21.403605440302023,28.20989318249884,52.28757732997881,-4.022821935774052,-21.403605440302044,188
1.0,0.2,0.02,0.02,0.16832424671458285,0.202,0.5763153182189655,0.01638143309788265,0.4236969740861342,2.9718270546223997,79.45465198658681,6.640755695277509,8.841942957408904,2.9718270546227576,79.45465198658681,189
1.0,0.2,0.02,0.02,0.16832424671458285,0.215,0.4466857299545637,0.025809078377666703,0.446875585342686,2.9968569917065144,56.3946545908852,38.668917988011756,38.569466843891334,2.996856991706604,-56.3946545908852,190
1.0,0.2,0.02,0.02,0.16832424671458285,0.203,0.6257600499365755,0.01943661039621616,0.3743118583175974,0.5992887771767219,1.7399573409341489,16.071297317277086,52.17622832384541,0.5992887771769838,-1.7399573409341975,191
1.0,0.2,0.02,0.02,0.16832424671458285,0.208,0.6517967116901588,0.0032005392672425957,0.34839911384866856,2.472350231795101,76.78585625374618,18.286624609506703,81.23431550549078,2.4723502317951693,-76.78585625374618,192
1.0,0.2,0.02,0.02,0.16832424671458285,0.194,0.5097410524281922,0.022240281145743168,0.4904437354172692,1.9059733091125721,51.86689438316553,87.7801612119091,63.46383974808736,1.905973309112536,-51.86689438316554,193
1.0,0.2,0.02,0.02,0.16832424671458285,0.21,0.5495465491260823,0.007068874629238687,0.4504437949876919,3.5678135972118157,50.071071710106075,8.932193730018376,31.366016169945986,3.567813597212018,-50.07107171010608,194
1.0,0.2,0.02,0.02,0.16832424671458285,0.19,0.4920521717725901,0.022979776278764803,0.49213980641921656,1.1593007026412292,70.8851259549818,24.240025594656046,48.11735883346454,1.159300702641519,70.8851259549818,195
1.0,0.2,0.02,0.02,0.16832424671458285,0.217,0.5021017809817664,0.01939999501618933,0.4979139715934849,4.330235965891784,70.38845649678237,71.43203465447728,44.082697932117256,-4.330235965891837,-70.38845649678237,196
1.0,0.2,0.02,0.02,0.16832424671458285,0.183,0.4188887133063914,0.02099016305519883,0.41887933033399216,0.34059219286075404,49.44967901345109,41.21354153755215,66.89255510659608,-0.3405921928607884,49.4496790134511,197
1.0,0.2,0.02,0.02,0.16832424671458285,0.206,0.47289595279314267,0.014038090591162355,0.47308077956582195,1.1949927319340015,38.99434728889757,33.64727485030385,58.717774309862044,1.1949927319339033,-38.99434728889757,198
1.0,0.2,0.02,0.02,0.16832424671458285,0.193,0.5392775155495372,0.025416089151426,0.4608135554064628,0.9571786368307742,71.89990496855647,34.08977252195586,83.9152456189542,0.9571786368309438,-71.89990496855647,199
1.0,0.35,0.02,0.02,0.07706409328151355,0.338,0.5800431420480812,0.004991514298007795,0.41995658262544583,1.3430460263923236,69.80817084140449,61.08863015106624,77.83863995367108,-1.3430460263927497,-69.80817084140449,0
1.0,0.35,0.02,0.02,0.07706409328151355,0.34,0.4940199946292491,0.01888761269425236,0.49409954914854276,0.2136238586294543,2.8029031581635984,71.11144672070184,74.91434571995345,-0.21362385863080616,2.8029031581637383,1
1.0,0.35,0.02,0.02,0.07706409328151355,0.349,0.10894876688499934,0.032697791884351776,0.10932949754786031,0.8109323342348866,44.381909059930905,30.816293327783765,60.70014408796631,-0.8109323342349927,-44.381909059930905,2
1.0,0.35,0.02,0.02,0.07706409328151355,0.343,0.7100921215048934,0.014265728964050891,0.28995437192983897,0.04642977862434395,67.41783866070924,29.04052629111605,86.33705171559775,0.04642977862404965,-67.41783866070924,3
1.0,0.35,0.02,0.02,0.07706409328151355,0.34,0.5987094168183781,0.017382257768764113,0.40130284086903806,0.7847446334705983,39.25534801649961,24.426919329199063,5.7008716132563695,-0.7847446334710767,39.255348016499624,4
1.0,0.35,0.02,0.02,0.07706409328151355,0.355,0.36624062020987536,0.0016985518202919144,0.36658106573066573,0.3846926116763654,40.1208283088267,,50.292279166808726,0.38469261167669644,-40.12082830882672,5
1.0,0.35,0.02,0.02,0.07706409328151355,0.342,0.12402057767193657,0.02778582662476729,0.1241785169635547,0.6513644054032404,27.804443033081377,6.486780215230764,79.90069053705295,-0.651364405403625,-27.804443033081387,6
1.0,0.35,0.02,0.02,0.07706409328151355,0.347,0.34751596534523044,0.02263793389124739,0.3476710212147809,0.07425798552872785,0.9725355948627382,46.786348388934826,81.93838125090015,0.07425798553125083,-0.9725355948632977,7
1.0,0.35,0.02,0.02,0.07706409328151355,0.353,0.7494822953013147,0.004458027090157595,0.2510241094501549,0.14068925125644263,64.18813423769645,31.36645078402814,17.258552935590835,0.14068925125659273,64.18813423769645,8
1.0,0.35,0.02,0.02,0.07706409328151355,0.38,0.40123327085060323,0.015703979729455444,0.4012530022082291,0.3096437673257194,39.35121589805971,15.477693858441594,39.327108674318495,0.30964376732566284,39.35121589805972,9
1.0,0.35,0.02,0.02,0.07706409328151355,0.346,0.5792918096972498,0.0016909125834148973,0.42136178284540426,0.731571744003956,11.70355330541422,43.44885757040874,52.249048317116404,-0.7315717440050449,-11.703553305414259,10
1.0,0.35,0.02,0.02,0.07706409328151355,0.372,0.7346064837191761,0.023884762789567957,0.26583641737273084,0.4476812678785528,30.17616340668408,39.32026348314343,62.78378947420394,0.44768126788001317,30.176163406684097,11
1.0,0.35,0.02,0.02,0.07706409328151355,0.338,0.46705019544254484,0.0108529507044131,0.46705396456374243,0.5095129177057612,76.07660237505755,44.47685350096808,41.563928651224494,-0.5095129177065664,76.07660237505755,12
1.0,0.35,0.02,0.02,0.07706409328151355,0.337,0.4996066042920623,0.019292386298490442,0.49955976323965184,1.9952088577981637,27.047045077341537,61.482888669019566,21.51956344179058,-1.995208857798328,27.047045077341544,13
1.0,0.35,0.02,0.02,0.07706409328151355,0.365,0.4573251223432806,0.0033177662680115468,0.45732543512951085,0.49796407685631416,40.254413231271435,21.069682466552333,74.01041308344541,0.49796407685697947,-40.254413231271435,14
1.0,0.35,0.02,0.02,0.07706409328151355,0.344,0.7636278901143149,0.022303642517968847,0.23642008266223974,1.5807591988522967,61.67366409205299,63.75437915167265,4.020000517457102,-1.5807591988526974,61.67366409205299,15
1.0,0.35,0.02,0.02,0.07706409328151355,0.342,0.5164638772454234,0.013660076816297502,0.4835781768360335,0.5337453884161919,70.50365140343204,2.0484691385900073,77.88553368657023,0.5337453884158383,-70.50365140343204,16
1.0,0.35,0.02,0.02,0.07706409328151355,0.346,0.5026598132931889,0.021186258759865503,0.49729605872099286,0.944010030460832,65.65928748651127,27.348602678583916,87.54914022910617,-0.9440100304606728,-65.65928748651129,17
1.0,0.35,0.02,0.02,0.07706409328151355,0.339,0.09799072294498518,0.030935010305472938,0.09817146156958159,1.2590649664297402,24.75089844421192,82.56973151387245,82.8585998512112,1.2590649664298819,24.750898444211938,18
1.0,0.35,0.02,0.02,0.07706409328151355,0.355,0.8197633842081055,0.020258344950722238,0.18029151127084006,0.8385347469740171,47.413578159671616,23.304224731983595,37.69921031499531,0.8385347469748194,-47.41357815967162,19
1.0,0.35,0.02,0.02,0.07706409328151355,0.363,0.5712492558919023,0.017967443451501693,0.42878518416472494,1.751444905326072,57.914053355179256,14.764190076921945,21.04242654233737,1.7514449053263954,57.91405335517926,20
1.0,0.35,0.02,0.02,0.07706409328151355,0.369,0.6983552123914079,0.02325178052663642,0.30165045050166933,1.40203931848435,9.082702277170238,82.90539580068634,54.34417082913297,-1.4020393184845916,-9.082702277170249,21
1.0,0.35,0.02,0.02,0.07706409328151355,0.368,0.5252185684045589,0.00738326098866075,0.4747409365302891,0.731105502674674,40.24816883748849,1.8023289149719566,33.60911532687406,-0.7311055026753017,-40.24816883748851,22
1.0,0.35,0.02,0.02,0.07706409328151355,0.345,0.27467355556413403,0.010459707181424412,0.27472857358457736,1.3489704671594114,44.34291696444098,18.535924160085507,43.52532217134424,1.3489704671592677,44.34291696444098,23
1.0,0.35,0.02,0.02,0.07706409328151355,0.32,0.13184171071082426,0.004299360047125177,0.13263552452025387,0.4212788379673746,1.9013626173121516,52.298666628019504,37.85257436993355,-0.4212788379676314,1.901362617312378,24
1.0,0.35,0.02,0.02,0.07706409328151355,0.327,0.484031979131817,0.0052897452647655205,0.48410307009004244,0.6475640212706566,74.62973466601429,60.03742879608458,23.936804633071127,-0.6475640212716113,74.62973466601429,25
1.0,0.35,0.02,0.02,0.07706409328151355,0.346,0.5789830639172535,0.016693061326651635,0.4210431315856995,0.51091510129004,26.839437260118874,51.85374066631597,17.266256759464902,0.5109151012900037,26.839437260118896,26
1.0,0.35,0.02,0.02,0.07706409328151355,0.332,0.3537605871478159,0.0033553260962935543,0.35393477746305957,1.0341839665330108,29.012718194957735,4.50489370059787,86.48011531387048,1.0341839665331947,29.012718194957746,27
1.0,0.35,0.02,0.02,0.07706409328151355,0.351,0.4982323182844137,0.019930992415744354,0.498294892028599,0.35329170228250756,5.791210669501409,8.159528174171994,18.66614345871902,-0.35329170228289464,-5.791210669501389,28
1.0,0.35,0.02,0.02,0.07706409328151355,0.345,0.5570988116073801,0.004403601282034875,0.44321019015748997,2.6435735023108604,14.374178395495289,89.57339571062181,50.52159805405216,2.6435735023109914,14.374178395495308,29
1.0,0.35,0.02,0.02,0.07706409328151355,0.353,0.5607107845719849,0.013641211367224463,0.43931183706164345,0.24628577330522355,59.265449523408144,37.22582903071506,85.37724970488726,-0.2462857733067876,59.265449523408144,30
1.0,0.35,0.02,0.02,0.07706409328151355,0.353,0.4491078169827072,0.012634099048617276,0.4491032334664331,2.7167973211770398,17.745754340390125,3.1501519561557716,67.83470219535023,-2.716797321177196,17.745754340390132,31
1.0,0.35,0.02,0.02,0.07706409328151355,0.342,0.6052785402370657,0.005837153724769714,0.39502729518328283,1.321482282159679,24.548212885969726,62.52643794261081,36.58566080911494,-1.3214822821599286,-24.548212885969736,32
1.0,0.35,0.02,0.02,0.07706409328151355,0.345,0.4991205583579022,0.02224161640728821,0.4991420873021861,2.451614897819511,68.49177606776315,64.60073467405905,42.73999161880048,2.451614897819541,68.49177606776315,33
1.0,0.35,0.02,0.02,0.07706409328151355,0.336,0.5438859824315838,0.018009757587652574,0.4562194847955101,1.8092173912318368,86.73139428755746,69.16413510647048,75.22769884736516,1.8092173912320324,86.73139428755746,34
1.0,0.35,0.02,0.02,0.07706409328151355,0.357,0.3758795262530925,0.0047171790981193115,0.37600024101583834,2.9316326437127422,43.542344026399896,38.572647041424325,15.396447442904764,-2.931632643712849,43.5423440263999,35
1.0,0.35,0.02,0.02,0.07706409328151355,0.335,0.46618435537028197,0.0012198477698281652,0.4661736556181,1.9810103948637332,10.65818689420749,22.037593866534277,87.35877755852792,-1.9810103948638147,10.658186894207502,36
1.0,0.35,0.02,0.02,0.07706409328151355,0.346,0.581498577594895,0.005329520307264546,0.41883409453961845,2.0627052126050995,4.336118759090423,0.44150818331445596,83.51032667468961,-2.062705212605169,-4.336118759090512,37
1.0,0.35,0.02,0.02,0.07706409328151355,0.364,0.6561859921602436,0.014956036317317147,0.3438551053222473,2.3024310791163574,70.58629235682567,22.91184927613619,45.05999501160405,2.302431079116404,-70.58629235682567,38
1.0,0.35,0.02,0.02,0.07706409328151355,0.355,0.6418391449169502,0.012419970372701466,0.3581880190133241,1.5296055828439172,31.479189957600227,21.926447235757568,35.087751833708154,-1.529605582844127,-31.479189957600248,39
1.0,0.35,0.02,0.02,0.07706409328151355,0.348,0.5374601615407013,0.017090216977112233,0.4625778607560946,0.6861556071003951,11.504787196386024,44.06543807574341,8.365453998399229,-0.6861556071001811,11.504787196386015,40
1.0,0.35,0.02,0.02,0.07706409328151355,0.346,0.5060795329370453,0.021417484537978107,0.49392255411819574,0.7940626567373831,40.58914415779775,8.928829719499475,22.22867891213091,0.794062656737746,-40.58914415779775,41
1.0,0.35,0.02,0.02,0.07706409328151355,0.343,0.4619385736223014,0.008211456002662425,0.4618519625043669,0.1452521600310143,65.018938588954,32.64555446769239,16.124121790711072,-0.1452521600303899,-65.018938588954,42
1.0,0.35,0.02,0.02,0.07706409328151355,0.359,0.4557573769830443,0.020636425018033186,0.455803103562618,0.7874896427910066,39.01362191119108,66.32291257011543,27.71828730435359,0.7874896427913689,-39.01362191119108,43
1.0,0.35,0.02,0.02,0.07706409328151355,0.375,0.5535202698736669,0.004394944692426668,0.44648016946595015,0.7014561531184366,11.304359552166922,5.439888688128858,60.85671775899798,0.7014561531187803,-11.304359552166959,44
1.0,0.35,0.02,0.02,0.07706409328151355,0.36,0.5297950684560188,0.0016299023775827285,0.4704162608230854,0.3715354512600925,88.50506672522506,57.463851957555654,19.821921644696882,-0.3715354512597538,88.50506672522506,45
1.0,0.35,0.02,0.02,0.07706409328151355,0.346,0.5064294183481347,0.005034273264330583,0.49353832597150255,1.5369732542363432,47.882997130521865,64.08868429223364,67.3351318590629,1.5369732542365058,47.88299713052187,46
1.0,0.35,0.02,0.02,0.07706409328151355,0.317,0.49616813807414634,0.021486502956383054,0.49610224396068514,0.7117366682227563,16.660961031647226,51.34164772871151,0.06259008476843932,0.7117366682235898,16.66096103164725,47
1.0,0.35,0.02,0.02,0.07706409328151355,0.348,0.4938443493125858,0.019310978549976696,0.49384137731042244,1.1243664921440149,81.81756737377833,8.39356312704597,75.82391238699411,1.1243664921438694,-81.81756737377833,48
1.0,0.35,0.02,0.02,0.07706409328151355,0.333,0.8755718898881318,0.01858418836972647,0.1244762817422042,2.1274141304712337,45.051482608716285,53.59716475993481,46.78792009338941,2.127414130471251,-45.051482608716285,49
1.0,0.35,0.02,0.02,0.07706409328151355,0.34,0.5028934109046439,0.019081170600702583,0.497144671182671,0.9775511065468437,2.72145815389286,81.29511779123463,18.376367345998162,0.9775511065471016,-2.7214581538930775,50
1.0,0.35,0.02,0.02,0.07706409328151355,0.361,0.49880734245145875,0.02120895195002634,0.49882603622890104,0.7687057796459218,26.59021467168543,4.470365635353379,61.729433871884744,0.7687057796460757,-26.590214671685448,51
1.0,0.35,0.02,0.02,0.07706409328151355,0.362,0.4550398221455821,0.0035866603894726557,0.45504935139491937,1.3466679921567628,19.642133726058784,78.56516513945711,86.30759309789289,1.346667992156911,-19.642133726058788,52
1.0,0.35,0.02,0.02,0.07706409328151355,0.369,0.38751944076689393,0.006762837096884263,0.38760692750176073,1.882157029113719,61.45655176518812,88.46944111163863,62.497206550057584,1.8821570291138983,61.45655176518812,53
1.0,0.35,0.02,0.02,0.07706409328151355,0.339,0.5959010839501269,0.0247996305289759,0.4042678622198517,2.3801415580301746,43.02730218614101,54.53081346032346,71.09851007627391,-2.3801415580302185,43.027302186141014,54
1.0,0.35,0.02,0.02,0.07706409328151355,0.329,0.6218269094224735,0.0023957368015539906,0.3785379659670271,0.06068725793995857,47.55165281356003,,59.882814300344016,0.060687257942696506,-47.55165281356003,55
1.0,0.35,0.02,0.02,0.07706409328151355,0.358,0.5183900372540883,0.011776872969069915,0.48162044954672567,0.7418235738427071,44.52347646280743,62.35332414755699,31.17436725444464,-0.7418235738432761,-44.52347646280744,56
1.0,0.35,0.02,0.02,0.07706409328151355,0.348,0.36558311854582826,0.025637192631905854,0.3655848709002446,1.4950486453418064,77.55996289453556,24.372492938576638,1.3238900926361972,1.4950486453417822,-77.55996289453556,57
1.0,0.35,0.02,0.02,0.07706409328151355,0.311,0.4289891895184204,0.023481131116337726,0.42937162490139086,0.6625877877625055,79.96591772627174,87.03227782085624,50.15665970152404,0.662587787762267,-79.96591772627174,58
1.0,0.35,0.02,0.02,0.07706409328151355,0.365,0.5515659890592555,0.022535830620611493,0.4486126529759036,0.36886295731533464,13.213000353831506,79.04689999296026,27.726952982309005,0.36886295731663704,-13.213000353831523,59
1.0,0.35,0.02,0.02,0.07706409328151355,0.32,0.5434433846740006,0.022827090659751987,0.45676473348437957,0.9487912780458991,13.588049427127318,33.83377396453279,78.49785430814676,0.94879127804599,-13.588049427127332,60
1.0,0.35,0.02,0.02,0.07706409328151355,0.326,0.46967332469376927,0.0028169625595558436,0.4696727936324867,0.2365014646378023,79.46104492947421,75.0603963802015,77.7348079254671,-0.2365014646399819,-79.46104492947421,61
1.0,0.35,0.02,0.02,0.07706409328151355,0.345,0.1909651861109372,0.021058653247552635,0.19105289736372624,1.6423159386688568,86.00921879835545,85.0571988889787,19.548121760680388,1.6423159386688426,-86.00921879835545,62
1.0,0.35,0.02,0.02,0.07706409328151355,0.355,0.6140589172236487,0.020174668663205875,0.3860141166141587,0.5046749833150015,57.0947225929557,37.043092927186024,66.99304158208892,0.504674983316006,57.0947225929557,63
1.0,0.35,0.02,0.02,0.07706409328151355,0.336,0.4574529155022409,0.01893900620056487,0.4574789884378838,1.6958161638112563,34.91032580149029,56.35221555883195,81.44551831900402,-1.695816163811329,34.910325801490295,64
1.0,0.35,0.02,0.02,0.07706409328151355,0.338,0.24701161769441937,0.0245988782398787,0.24747730366225218,0.09133210026815124,47.098919639233856,62.174767129737425,23.942407039372764,-0.0913321002684375,-47.098919639233856,65
1.0,0.35,0.02,0.02,0.07706409328151355,0.353,0.0864641104186373,0.026419211345818646,0.08661065243274021,0.6404725747767078,47.25468126853037,,40.22085214384547,-0.6404725747775062,47.25468126853038,66
1.0,0.35,0.02,0.02,0.07706409328151355,0.334,0.4942825343188078,0.007817906696152845,0.4943599106787534,1.0894438342255786,63.4822972132804,13.143001513709958,83.74251421325184,-1.0894438342258148,63.4822972132804,67
1.0,0.35,0.02,0.02,0.07706409328151355,0.346,0.4820875300822289,0.01752819069020215,0.4822061437738024,0.6828796830935748,11.25331962209963,10.95588839822804,32.11111649370957,0.6828796830938578,11.25331962209965,68
1.0,0.35,0.02,0.02,0.07706409328151355,0.349,0.4854393800393037,0.020123649476681698,0.4855274250318596,2.4270011939439073,24.96989528181741,89.75980837693209,44.888921948918025,2.4270011939439464,-24.969895281817415,69
1.0,0.35,0.02,0.02,0.07706409328151355,0.322,0.48990251082734443,0.005841416376280025,0.4899013257181569,1.7310311033792183,2.5019039890400427,35.54108531386969,76.17706667863578,-1.7310311033793375,-2.501903989040094,70
1.0,0.35,0.02,0.02,0.07706409328151355,0.369,0.32042172939701963,0.025467149232674603,0.32045025787635806,3.0303635813151883,26.134027420881058,49.73242383098849,33.85724718464089,-3.030363581315247,26.13402742088107,71
1.0,0.35,0.02,0.02,0.07706409328151355,0.344,0.39115009570473813,0.0013788205559599116,0.3912314641476236,0.42239452562137586,58.786201654854274,71.66623784325742,75.75695962101354,0.42239452562104934,58.78620165485429,72
1.0,0.35,0.02,0.02,0.07706409328151355,0.326,0.5053294725590172,0.021159497111796093,0.4946191600333659,0.7906689427760456,11.819753497691217,47.46112125961652,15.610760518272732,0.7906689427758755,-11.819753497691254,73
1.0,0.35,0.02,0.02,0.07706409328151355,0.343,0.20287815593977535,0.0020769306171691117,0.20307261200648521,1.293849375460063,56.98893416804054,,54.02830687641972,-1.2938493754600406,-56.988934168040544,74
1.0,0.35,0.02,0.02,0.07706409328151355,0.341,0.37519470449308245,0.018715275590861946,0.3752729611802206,1.7907126885676263,37.630746259001114,40.56721593994268,87.72842331140932,1.7907126885676419,37.63074625900112,75
1.0,0.35,0.02,0.02,0.07706409328151355,0.35,0.32931240006252904,0.005401336529649659,0.3299624189520788,0.07325430174712716,75.65332877616066,45.80670553776461,66.53131886315708,-0.0732543017490855,75.65332877616066,76
1.0,0.35,0.02,0.02,0.07706409328151355,0.35,0.5777026710142507,0.004773239879677616,0.422599171186012,0.7898792387110121,69.54569378186399,,48.6746448743932,0.7898792387117765,-69.54569378186399,77
1.0,0.35,0.02,0.02,0.07706409328151355,0.365,0.5215525977950463,0.0034395370717762064,0.4784576544333818,1.0333403569845019,82.3699866118498,73.75200146530473,28.40430822507204,1.033340356984712,82.3699866118498,78
1.0,0.35,0.02,0.02,0.07706409328151355,0.345,0.44033537856577837,0.020143488431702328,0.44035811044182377,2.5969160159662383,2.6389112543949307,41.408873741262425,80.27061704899236,2.5969160159663067,-2.6389112543950457,79
1.0,0.35,0.02,0.02,0.07706409328151355,0.334,0.4446901128238684,0.008557487963928027,0.4446813431824803,0.3335026056881762,63.64480454518656,9.490262558351468,8.396699930727552,-0.33350260569006646,-63.644804545186574,80
1.0,0.35,0.02,0.02,0.07706409328151355,0.364,0.2864178701152912,0.01231354168122757,0.28641558718890014,0.0970044078564457,69.64155048198954,4.129085895553718,83.06897158264694,0.09700440785838157,-69.64155048198954,81
1.0,0.35,0.02,0.02,0.07706409328151355,0.33,0.24635302887066995,0.012197244863996905,0.24659992176740275,0.2651420627190766,81.70072881833815,,88.93615122519051,-0.2651420627210607,-81.70072881833815,82
1.0,0.35,0.02,0.02,0.07706409328151355,0.343,0.41900035460357493,0.006825279605204719,0.41898234486572117,1.567729672691939,41.79148554500911,27.783058330485435,69.39130320236619,1.5677296726918375,-41.79148554500912,83
1.0,0.35,0.02,0.02,0.07706409328151355,0.375,0.5519174508024984,0.021360483288782133,0.44824023646850286,0.18718539912168297,70.67313620229845,15.71389102419531,58.84727017934308,0.18718539912355722,-70.67313620229845,84
1.0,0.35,0.02,0.02,0.07706409328151355,0.341,0.6686261180292774,0.0003780414188877106,0.3320221568022142,0.9059984856024086,46.87633084636695,80.90108281673352,40.16967738983655,0.9059984856025793,46.87633084636695,85
1.0,0.35,0.02,0.02,0.07706409328151355,0.32,0.5428609539509587,0.023445508128537518,0.4573553227372009,2.716389293330862,60.91388209071766,45.800373615664256,68.42284874412266,2.716389293331116,-60.91388209071766,86
1.0,0.35,0.02,0.02,0.07706409328151355,0.325,0.24927583263876146,0.016422915389295193,0.24928934726475813,1.5614762730583387,65.13244733272599,78.99705543507235,29.20510546649329,1.5614762730582037,-65.13244733272599,87
1.0,0.35,0.02,0.02,0.07706409328151355,0.375,0.5012760234504775,0.016746775697368238,0.49870322185504046,1.990424109193735,0.03175891527515818,6.570124662227037,10.90326962435099,-1.9904241091939834,-0.03175891527851214,88
1.0,0.35,0.02,0.02,0.07706409328151355,0.33,0.5010544926725976,0.019685802917714015,0.4989207152146178,1.0516253724778544,30.02120492096905,88.55401191406109,1.849084422642798,1.0516253724781548,30.021204920969073,89
1.0,0.35,0.02,0.02,0.07706409328151355,0.367,0.6488773401735318,0.0007876151330583393,0.35144734548473117,0.5523893131560028,16.727258633448717,20.575408022367185,69.4231732871274,-0.5523893131569124,-16.727258633448752,90
1.0,0.35,0.02,0.02,0.07706409328151355,0.324,0.454985780006674,0.013460233215208913,0.4549760632308051,0.9812347989146326,33.354835724869574,23.842756961428535,9.86108462688974,-0.9812347989149948,-33.35483572486958,91
1.0,0.35,0.02,0.02,0.07706409328151355,0.347,0.26901935090840506,0.020392809552541982,0.26910957923917556,1.0521957101906072,42.176233729851816,46.10862295865131,66.40811228021646,-1.0521957101907147,42.17623372985182,92
1.0,0.35,0.02,0.02,0.07706409328151355,0.353,0.5032539266555027,0.019527294629318764,0.496838868704092,0.038731522354366485,19.260602182951335,67.79100230810963,3.4056955436411203,0.03873152235878477,-19.26060218295135,93
1.0,0.35,0.02,0.02,0.07706409328151355,0.369,0.49946472225358285,0.021302266566826475,0.4994436429350926,4.190036641824828,51.55179910531193,39.41645297270171,89.82080466484636,-4.190036641824858,-51.55179910531193,94
1.0,0.35,0.02,0.02,0.07706409328151355,0.338,0.48699430953232786,0.022739888860279223,0.48716160415739235,0.018563769572481053,36.451325845700175,71.31980978673933,14.174464792438936,0.0185637695854151,-36.45132584570018,95
1.0,0.35,0.02,0.02,0.07706409328151355,0.327,0.47300273935999093,0.010130144265114428,0.4730343517562893,1.8616005136455043,43.250225879645036,33.82210890645756,52.905745895366586,-1.861600513645693,-43.25022587964504,96
1.0,0.35,0.02,0.02,0.07706409328151355,0.369,0.7824484625809951,0.006125280852936879,0.21838151112144696,1.6887872468945562,53.14601299423833,,69.29372616929562,1.6887872468949852,53.14601299423833,97
1.0,0.35,0.02,0.02,0.07706409328151355,0.375,0.3712904272541479,0.024708410614826773,0.37136651701082235,0.5359349666453666,43.16981046322944,13.104733601885837,61.061472938163774,0.535934966645684,-43.169810463229446,98
1.0,0.35,0.02,0.02,0.07706409328151355,0.352,0.5008369486861985,0.0062964285478599846,0.499160367064988,2.291687144473512,3.652644383428007,64.2520967268607,25.176008530159574,-2.2916871444736016,3.652644383428045,99
1.0,0.35,0.02,0.02,0.07706409328151355,0.358,0.4982840617326617,0.02078414973808327,0.49833904882302804,0.1994854109058379,79.88773903492762,21.683536865653032,3.1169552326831953,-0.19948541090782923,-79.88773903492762,100
1.0,0.35,0.02,0.02,0.07706409328151355,0.365,0.49826383756706705,0.021946146054268777,0.49822680294301025,1.2067227262410163,15.322491338400331,38.43996203384684,19.028520548060087,-1.2067227262412155,-15.322491338400338,101
1.0,0.35,0.02,0.02,0.07706409328151355,0.358,0.5864235887888605,0.02063102039476836,0.4138568419998314,0.8037971092143521,4.805005893643774,17.205084607066517,8.305553962916493,0.8037971092143116,4.805005893643838,102
1.0,0.35,0.02,0.02,0.07706409328151355,0.342,0.4979277380040921,0.0012116912246501958,0.4979278175739665,0.3971422877694632,49.18176530001795,84.4669939046125,81.76208269707038,-0.3971422877704482,-49.18176530001796,103
1.0,0.35,0.02,0.02,0.07706409328151355,0.359,0.502049514487131,0.00011602167397732665,0.49795048552560606,0.7903316872201931,89.28747409649776,2.8135281556677723,19.879753170890133,-0.7903316872204846,89.28747409649776,104
1.0,0.35,0.02,0.02,0.07706409328151355,0.334,0.5139372850522417,0.00024604117405892966,0.4861084286250115,0.6516129813425511,29.943567172872626,14.107070615005291,12.376639101343388,-0.651612981342858,29.94356717287264,105
1.0,0.35,0.02,0.02,0.07706409328151355,0.356,0.44304802042676,0.007737224608042157,0.4430510618965638,0.6472874379575378,6.813453776608926,16.29475840314473,72.32626899165349,-0.6472874379574315,-6.813453776608981,106
1.0,0.35,0.02,0.02,0.07706409328151355,0.357,0.49940260438363443,0.021254233464723653,0.49923740957757656,1.4215681168327472,40.84158931870964,19.99818522498602,23.735451527891094,1.4215681168329022,-40.84158931870964,107
1.0,0.35,0.02,0.02,0.07706409328151355,0.349,0.418518969974201,0.0029981110499995973,0.41878986569477833,1.3036423967871362,42.84555182218569,4.36067236795347,84.48346712137362,1.3036423967873159,42.84555182218569,108
1.0,0.35,0.02,0.02,0.07706409328151355,0.361,0.5792837187775891,0.018823232794595426,0.42072674654546044,1.468388775034518,37.86654846721777,29.198866746981036,37.30720276682497,-1.4683887750345304,37.86654846721777,109
1.0,0.35,0.02,0.02,0.07706409328151355,0.377,0.8093435848275767,0.00768590444631207,0.19083815717679903,1.543140916220582,44.1326430555621,,75.12200790472374,-1.543140916220747,44.132643055562106,110
1.0,0.35,0.02,0.02,0.07706409328151355,0.384,0.6561755625113058,0.024870329932005907,0.34425645862585624,0.20933508926414365,84.87011197818185,17.047484818851117,33.55616014216104,0.20933508926561673,-84.87011197818185,111
1.0,0.35,0.02,0.02,0.07706409328151355,0.315,0.6001462105126238,0.022758985358930093,0.39996011734549597,0.7899247821962933,69.69760031024515,82.17222440205637,43.62136899589172,-0.7899247821965557,69.69760031024515,112
1.0,0.35,0.02,0.02,0.07706409328151355,0.333,0.236956431186928,0.02196322689972737,0.23707819606064923,2.29340822993618,55.3835589104913,49.49365739434979,9.70242134968121,2.293408229936245,55.38355891049131,113
1.0,0.35,0.02,0.02,0.07706409328151355,0.344,0.4995539507062299,0.008568489954538178,0.4997832461337996,0.9228959264015646,11.138482877410464,55.21088151108247,54.87732267880544,-0.9228959264016092,11.138482877410457,114
1.0,0.35,0.02,0.02,0.07706409328151355,0.331,0.5322224000561109,0.023554015560143124,0.4677790344569507,0.4758593443570812,9.55907346299853,24.47449646181294,31.847895441667816,-0.4758593443586365,9.559073462998555,115
1.0,0.35,0.02,0.02,0.07706409328151355,0.345,0.5912197871854903,0.009467320156077708,0.40878579328964726,1.0785731166761114,21.89141421470689,5.170793238184564,10.388887238581544,1.0785731166764516,-21.89141421470691,116
1.0,0.35,0.02,0.02,0.07706409328151355,0.344,0.3617991339788192,0.009174483842723138,0.3618887972617103,2.7443548898762424,80.52062110106985,61.70800923023717,5.251632124777187,2.744354889876358,80.52062110106985,117
1.0,0.35,0.02,0.02,0.07706409328151355,0.35,0.49935712340602517,0.019295936994451535,0.4993677403083864,0.8575434414369334,74.86935548499817,60.71397420001187,77.6643585452746,-0.8575434414368425,74.86935548499817,118
1.0,0.35,0.02,0.02,0.07706409328151355,0.371,0.2897981980549589,0.0005197454611107293,0.2897691356540805,0.8794671259542781,31.056720795213256,87.06124375478272,11.838301900511427,-0.879467125954496,31.056720795213277,119
1.0,0.35,0.02,0.02,0.07706409328151355,0.364,0.5578178076491286,0.010311954606619718,0.44216681442056205,0.9623314957712367,87.90512089135275,63.09698427288808,85.39128201544614,0.9623314957710787,-87.90512089135275,120
1.0,0.35,0.02,0.02,0.07706409328151355,0.347,0.5084324647157955,0.01702202751479061,0.4916242368967971,0.8736653677417945,23.359312634542984,80.00055364437772,10.08330179620297,0.8736653677422798,23.359312634543002,121
1.0,0.35,0.02,0.02,0.07706409328151355,0.35,0.5373778775679016,0.01754780446405487,0.4626586232919018,2.7850341303685147,1.3467244577888673,0.18054515038499327,10.747658154243874,2.78503413036857,-1.3467244577889628,122
1.0,0.35,0.02,0.02,0.07706409328151355,0.349,0.3302404489473062,0.017746713954666152,0.3302686262200361,0.35743597078380723,59.054130483618486,27.326425784395525,48.126915351371224,0.3574359707833389,-59.054130483618486,123
1.0,0.35,0.02,0.02,0.07706409328151355,0.327,0.5983863230557999,0.01782928406376858,0.4016513726681409,1.3059060951390193,44.28137117731887,8.741531742365188,47.456505530906526,-1.3059060951392296,44.28137117731887,124
1.0,0.35,0.02,0.02,0.07706409328151355,0.33,0.5222929522414129,0.014597846690802992,0.47776053416661307,0.8797665255955199,84.29498054407776,34.74004302952646,37.560515232347655,0.8797665255955512,84.29498054407776,125
1.0,0.35,0.02,0.02,0.07706409328151355,0.326,0.5002871632566904,0.012309168599215624,0.4996970855782269,0.5541759419795276,3.0330421945020727,16.589743836052953,51.33345617213368,0.5541759419803377,3.033042194502152,126
1.0,0.35,0.02,0.02,0.07706409328151355,0.373,0.4092168394974617,0.013026114030100476,0.40950575434828934,1.0000586336162138,54.19697330082861,71.92418623975672,35.55146050769776,1.0000586336165131,-54.19697330082862,127
1.0,0.35,0.02,0.02,0.07706409328151355,0.352,0.4895491829026235,0.001994386046803951,0.4896388930744359,0.02430820554259469,69.42064065101103,26.324274235589204,89.70253778496048,0.024308205544104917,69.42064065101103,128
1.0,0.35,0.02,0.02,0.07706409328151355,0.348,0.48767652326343,0.01813062783225953,0.48771090221040503,0.04149566604890763,35.39063225091502,65.31191738771412,48.34981026991297,0.041495666052360075,35.390632250915026,129
1.0,0.35,0.02,0.02,0.07706409328151355,0.352,0.41790023821878586,0.020574768589615513,0.4180815072473127,2.1492437880093287,76.96122392472333,20.719391420833656,28.717583171545957,-2.14924378800948,-76.96122392472333,130
1.0,0.35,0.02,0.02,0.07706409328151355,0.372,0.49188715564402424,0.016652595139865223,0.49193613454917046,1.6028709523197873,60.3966741421693,75.39208476580716,17.40916678316133,1.602870952319927,60.39667414216932,131
1.0,0.35,0.02,0.02,0.07706409328151355,0.346,0.4701565211698001,0.022401654069902834,0.47014872960912235,4.206294866256634,30.783021886151843,88.62703910129648,64.85713063111196,-4.2062948662568385,-30.78302188615185,132
1.0,0.35,0.02,0.02,0.07706409328151355,0.346,0.31539027686366605,0.010085022188948573,0.3154194090940896,0.7962776691532218,60.68787499847678,3.2055503136982013,13.072015640713744,0.7962776691538009,60.68787499847678,133
1.0,0.35,0.02,0.02,0.07706409328151355,0.331,0.48822676501720663,0.009079745712195834,0.4882929868798104,1.2493349919908066,22.371990132905907,77.65068044206578,39.936740503311775,1.2493349919910584,22.371990132905918,134
1.0,0.35,0.02,0.02,0.07706409328151355,0.344,0.5372621400198194,0.003260078578777921,0.46273760089510696,1.524951984170646,35.27116651797604,38.67533151282289,83.6182337392356,1.5249519841710715,-35.27116651797605,135
1.0,0.35,0.02,0.02,0.07706409328151355,0.367,0.4844718581642713,0.006335075420751738,0.4844900234333366,0.20041581846311127,85.43394607337873,83.22517689017843,70.92955636840793,-0.20041581846273235,85.43394607337873,136
1.0,0.35,0.02,0.02,0.07706409328151355,0.34,0.5091052298584249,0.011719175521039554,0.49087934980473025,2.783921445800213,32.36188876804749,27.59008642792703,89.19524003809671,-2.7839214458004258,32.361888768047514,137
1.0,0.35,0.02,0.02,0.07706409328151355,0.368,0.6900898236784847,0.0213325393506749,0.309993440362825,0.5481829733356068,11.831340408161065,31.28569541700894,70.86511543540188,0.5481829733365593,11.831340408161108,138
1.0,0.35,0.02,0.02,0.07706409328151355,0.334,0.8603496570648799,0.01213513845033924,0.13975305596211302,0.8433073129327561,67.41575344634852,16.942100532514026,89.66029268614459,-0.8433073129330473,-67.41575344634852,139
1.0,0.35,0.02,0.02,0.07706409328151355,0.382,0.49970466634733385,0.021219535388285894,0.49959460613070444,0.02354186729412583,17.053180110524504,13.29855752385546,18.4972028319156,0.023541867307885923,17.053180110524533,140
1.0,0.35,0.02,0.02,0.07706409328151355,0.353,0.4586918423526323,0.005861406698797724,0.4585845110967966,2.5563649035293334,35.485380509955625,10.834379131875611,52.53788091491707,-2.556364903529454,-35.48538050995563,141
1.0,0.35,0.02,0.02,0.07706409328151355,0.344,0.5063452294297969,0.02580179226647957,0.49370473333005555,1.5034492151125582,68.61182096409891,82.25230475162628,73.33590773144029,1.5034492151129106,68.61182096409892,142
1.0,0.35,0.02,0.02,0.07706409328151355,0.339,0.707502151193614,0.02062549708978559,0.2925022433732036,0.18316064662616882,28.585661457066866,33.158283244871896,64.15739863260515,0.18316064662682652,-28.585661457066873,143
1.0,0.35,0.02,0.02,0.07706409328151355,0.347,0.4947944333322946,0.007447038471097955,0.4948824165629722,1.1055651661933061,10.80741080293929,1.2365474628364244,3.539964267669701,1.105565166193209,-10.80741080293929,144
1.0,0.35,0.02,0.02,0.07706409328151355,0.34,0.49376930508309147,0.022304392436308086,0.49388901436099875,1.2706159795206258,19.32514165536009,70.46719570301404,14.506561893364504,-1.2706159795209395,-19.325141655360095,145
1.0,0.35,0.02,0.02,0.07706409328151355,0.311,0.49223452391533634,0.005453250295223442,0.4922823138738502,0.7164196436701552,35.147694445253364,89.58412196859014,48.89871473739174,-0.7164196436705246,-35.14769444525337,146
1.0,0.35,0.02,0.02,0.07706409328151355,0.338,0.6140374868149435,0.021796619176128428,0.3861320045890957,0.6330194661714132,18.19834825302026,0.6906255016324776,68.39330835727358,0.6330194661711719,-18.198348253020274,147
1.0,0.35,0.02,0.02,0.07706409328151355,0.358,0.6019837485149405,0.011337651780730276,0.39803545649525574,1.661198390286657,29.261152547221418,68.04713753894178,64.39297862087858,-1.661198390286809,-29.261152547221435,148
1.0,0.35,0.02,0.02,0.07706409328151355,0.367,0.397109225982797,0.003113680568388036,0.39732395085778915,1.5668728664114588,58.338799876552585,89.33747601989053,43.88139131087987,-1.5668728664117122,58.338799876552585,149
1.0,0.35,0.02,0.02,0.07706409328151355,0.34,0.9080199648568087,0.02116033849759841,0.09206605007876809,0.6769370421132075,11.346628143625749,4.392929624455514,49.39476928321189,-0.6769370421139276,11.346628143625807,150
1.0,0.35,0.02,0.02,0.07706409328151355,0.342,0.4338828368561484,0.022937197012190907,0.4342120530068579,2.697328389249188,21.492979700455468,6.014426635341464,57.53918740822315,2.697328389249102,-21.49297970045549,151
1.0,0.35,0.02,0.02,0.07706409328151355,0.358,0.6278553127506923,0.015272990959099765,0.3722129188458987,0.2963429772570918,73.66626497526454,79.99827153838112,6.565879502237287,0.29634297725798087,-73.66626497526454,152
1.0,0.35,0.02,0.02,0.07706409328151355,0.33,0.30943263317947095,0.006061234368908685,0.3096767952446029,0.36924917846048283,21.77728683560545,33.683521535542084,39.78317439467559,-0.369249178460544,-21.777286835605448,153
1.0,0.35,0.02,0.02,0.07706409328151355,0.337,0.3475107034632681,0.02241424387625589,0.3476405599495547,0.34801277583501333,52.654852421738795,10.316013121238374,26.72595879172233,0.3480127758364329,-52.6548524217388,154
1.0,0.35,0.02,0.02,0.07706409328151355,0.342,0.8582872508822836,0.001672040694330963,0.1419351625350718,1.6271464704409357,35.248244094947715,62.917377545829545,26.783006821654077,1.6271464704409466,35.248244094947715,155
1.0,0.35,0.02,0.02,0.07706409328151355,0.348,0.49045010864419136,0.01190886416342564,0.49049044923463814,2.6557895367613233,56.5509461264202,23.093996469333128,42.37652845510573,-2.6557895367614246,-56.55094612642021,156
1.0,0.35,0.02,0.02,0.07706409328151355,0.364,0.4757625223766289,0.00487873748427772,0.47586180546378537,1.9728454984089563,69.11172107383145,58.1102256494809,45.19184160867787,-1.972845498409004,69.11172107383145,157
1.0,0.35,0.02,0.02,0.07706409328151355,0.347,0.4913533057967803,0.016000126082246047,0.49138331563543003,1.7306117734037272,34.93854989471684,77.50444263741007,0.31807047390008186,1.7306117734041533,-34.93854989471685,158
1.0,0.35,0.02,0.02,0.07706409328151355,0.32,0.5307416408101283,0.019516684606484973,0.4692727958212717,1.9605735693490265,69.09377078829401,80.40866208606424,76.12692325744742,-1.9605735693493644,69.09377078829402,159
1.0,0.35,0.02,0.02,0.07706409328151355,0.335,0.6346132817038217,0.018328403677957177,0.36542430462190756,0.5588126344702357,42.587277069728984,81.83857592608453,26.121125329681504,-0.5588126344704664,-42.58727706972899,160
1.0,0.35,0.02,0.02,0.07706409328151355,0.36,0.5011332538963886,0.026647293902812,0.4988718010538123,1.1859081875390374,48.59527687749945,6.7943278193817855,59.71212135396494,-1.1859081875394502,48.59527687749945,161
1.0,0.35,0.02,0.02,0.07706409328151355,0.338,0.34059618450541346,0.00851914964935359,0.34059258185498953,0.7486622899153115,66.77397560102749,80.17310859170722,15.39373985095551,0.7486622899151439,-66.77397560102749,162
1.0,0.35,0.02,0.02,0.07706409328151355,0.334,0.5653578535400736,0.011138548943909829,0.4346390452588185,0.050046004838793505,75.2841294992315,64.71468559424139,77.83583649645938,0.05004600484052483,75.2841294992315,163
1.0,0.35,0.02,0.02,0.07706409328151355,0.365,0.39179872059324394,0.004099589444837834,0.39206159266525065,0.09084808886649352,20.89990537677524,15.667158065245063,82.32368897462742,0.09084808886989183,-20.899905376775255,164
1.0,0.35,0.02,0.02,0.07706409328151355,0.347,0.3502723624630959,0.0037047297734631984,0.3505096020096085,1.5333535510391683,85.56909704182898,,48.1206668226405,1.5333535510392013,-85.56909704182898,165
1.0,0.35,0.02,0.02,0.07706409328151355,0.354,0.3998832758988608,0.018383872330596213,0.3999408433855202,0.09835724250818871,33.457924214417574,14.734475836295735,50.4165292423007,0.09835724251155453,-33.45792421441759,166
1.0,0.35,0.02,0.02,0.07706409328151355,0.342,0.5016736001598012,0.021188453692648827,0.49833272461244954,1.5060452397634172,19.47241453313663,44.51826231505782,33.556508376578556,-1.5060452397635895,-19.472414533136664,167
1.0,0.35,0.02,0.02,0.07706409328151355,0.379,0.2972619917928596,0.01619518094681925,0.29737488331960055,1.3342085857298052,10.957972942769368,5.321765842748378,38.03348989322865,-1.3342085857300208,10.957972942769363,168
1.0,0.35,0.02,0.02,0.07706409328151355,0.351,0.22582608931856285,0.027553349158211952,0.22593418446376662,1.2857330547689074,67.07966776303148,10.868585681303012,11.922538401756823,1.2857330547689456,-67.07966776303148,169
1.0,0.35,0.02,0.02,0.07706409328151355,0.35,0.5853170225796928,0.0008201245434014458,0.4146605617672202,3.8600889883129974,45.561862639540266,8.966219382993055,65.78742395030335,3.860088988313073,-45.56186263954027,170
1.0,0.35,0.02,0.02,0.07706409328151355,0.348,0.4089671295140715,0.015792125968237983,0.40906636992221346,1.7914877090368,87.43026910404937,78.86219397918096,59.81213224942457,1.791487709037009,-87.43026910404937,171
1.0,0.35,0.02,0.02,0.07706409328151355,0.368,0.5310260570031772,0.01677191991431256,0.4690238253712374,1.3229513157076167,42.61477780428087,32.74382178687322,16.315579351732104,-1.3229513157077013,42.61477780428087,172
1.0,0.35,0.02,0.02,0.07706409328151355,0.36,0.49350072663260847,0.021885551333897912,0.4936150967270818,0.25733090622483723,10.048028589622177,71.34304084190579,67.04500935308658,-0.2573309062260118,-10.048028589622223,173
1.0,0.35,0.02,0.02,0.07706409328151355,0.322,0.5149192608441234,0.004608849825168927,0.4849295887826671,1.7025357531979965,68.38620671664287,77.6162702767924,54.836434407107504,1.7025357531981784,-68.38620671664289,174
1.0,0.35,0.02,0.02,0.07706409328151355,0.354,0.3248251300510151,0.013348195554731903,0.32487826349269316,0.1268284847591406,29.814360799906535,61.322223829701976,63.08452879851391,0.12682848476033054,29.81436079990653,175
1.0,0.35,0.02,0.02,0.07706409328151355,0.38,0.7648196916087487,0.01342837116531194,0.2352411931475116,0.17073371613623078,10.4311264228698,84.4361858529597,39.49777614529591,-0.17073371613557517,10.431126422869825,176
1.0,0.35,0.02,0.02,0.07706409328151355,0.317,0.4662359730349994,0.002801267907714184,0.46622656021579134,1.7058476649793048,33.0028113513606,46.18394648033242,34.878655909939866,1.7058476649795635,-33.00281135136062,177
1.0,0.35,0.02,0.02,0.07706409328151355,0.358,0.6109803075677762,0.02221037963223168,0.3890862918744418,3.130374367848183,31.037097976498746,5.129585272777837,44.97941320881072,-3.1303743678483187,31.037097976498757,178
1.0,0.35,0.02,0.02,0.07706409328151355,0.349,0.35484931618482335,0.01970740226222934,0.35497138558197894,0.7225191963151624,22.75651186258921,31.438661209481644,65.76748418527943,0.7225191963157352,-22.75651186258922,179
1.0,0.35,0.02,0.02,0.07706409328151355,0.337,0.8627460867256149,0.01661985748960165,0.13728978321017016,3.5453651045993304,61.66047858767826,8.730591114428787,89.35400194420846,3.5453651045994032,61.66047858767828,180
1.0,0.35,0.02,0.02,0.07706409328151355,0.36,0.4969277029611847,0.02170616210065919,0.4969765381836415,2.688639497528915,87.50021205797503,11.596269199113031,68.65229631077416,2.688639497529176,87.50021205797503,181
1.0,0.35,0.02,0.02,0.07706409328151355,0.353,0.4840769872650152,0.008890514400075315,0.48414012351109087,1.205374801890263,16.50356068938127,42.606358717910865,85.75575637976345,1.2053748018905774,16.503560689381285,182
1.0,0.35,0.02,0.02,0.07706409328151355,0.359,0.4962447187313109,0.00281632114296818,0.49636900959435926,1.0944958212433202,52.26554939271472,9.282072200807008,21.661514014641828,-1.0944958212436282,-52.265549392714725,183
1.0,0.35,0.02,0.02,0.07706409328151355,0.353,0.504017019527026,0.01950469317681199,0.4960211146127044,0.6988182690940209,11.139711852771246,4.923202811964559,4.312296889254006,0.6988182690943818,-11.139711852771253,184
1.0,0.35,0.02,0.02,0.07706409328151355,0.334,0.3570216749828489,0.010578123506035948,0.35706368884711,0.08678389384697627,77.90056770092788,64.65325561222072,79.62347899850572,0.08678389385123625,77.90056770092788,185
1.0,0.35,0.02,0.02,0.07706409328151355,0.322,0.3527167143628279,0.019007839200424138,0.3528508229686517,0.29354145815414673,30.370940157358053,26.20607379620456,39.59816249623482,0.293541458155929,30.370940157358067,186
1.0,0.35,0.02,0.02,0.07706409328151355,0.354,0.5809815412541071,0.002426606442861497,0.4191654698106831,0.2664166249121362,83.08881931583161,65.5832126324377,6.005854271159353,0.2664166249118938,-83.08881931583161,187
1.0,0.35,0.02,0.02,0.07706409328151355,0.344,0.7145756279840673,0.02868158732366643,0.28586582004268546,0.23885006426862027,74.9144896611738,43.89209762949967,6.998867305770834,0.23885006426917088,-74.9144896611738,188
1.0,0.35,0.02,0.02,0.07706409328151355,0.349,0.4846014574816499,0.0087098951314848,0.4846369068487971,0.5681151248320986,51.49925380099038,1.2626792473647868,8.574433819061294,0.5681151248333304,-51.499253800990395,189
1.0,0.35,0.02,0.02,0.07706409328151355,0.368,0.2740863373557994,0.02030491831560706,0.2741340685387073,0.4208989223535908,2.496337247398309,7.02112771613961,75.8652432763091,-0.42089892235425735,2.496337247398454,190
1.0,0.35,0.02,0.02,0.07706409328151355,0.351,0.5886940177729321,0.010998112015481846,0.4113474568141339,0.3198775114213954,42.87465821207111,67.59570858532882,13.719272083845139,-0.3198775114209973,-42.87465821207112,191
1.0,0.35,0.02,0.02,0.07706409328151355,0.371,0.6385227980173024,0.026579347634047606,0.36158922614241673,0.8099762040880812,59.56716126823174,66.46540798894443,0.8599284880469356,0.8099762040885558,59.56716126823174,192
1.0,0.35,0.02,0.02,0.07706409328151355,0.347,0.24349042159128254,0.01164244518282407,0.24409958131135048,1.6710714890357612,41.425072815756906,,7.91056748720486,1.6710714890358478,-41.425072815756906,193
1.0,0.35,0.02,0.02,0.07706409328151355,0.331,0.4639037017390901,0.021623666770484856,0.46401329103215955,0.5063848637822433,7.232339002082622,38.29939576945731,67.04940231794518,0.5063848637831585,7.232339002082633,194
1.0,0.35,0.02,0.02,0.07706409328151355,0.347,0.6051569911808442,0.010361793696016617,0.39487212659871795,2.7787937828152027,34.94894400266603,70.91066889397864,19.48904855395181,-2.7787937828153253,-34.94894400266604,195
1.0,0.35,0.02,0.02,0.07706409328151355,0.36,0.8615150158509162,0.023839228172252418,0.13858784082284437,0.8333802628906716,56.81190886495984,65.84469477011751,81.97318420974028,0.833380262891047,56.81190886495985,196
1.0,0.35,0.02,0.02,0.07706409328151355,0.369,0.5258677675084005,0.016654096659122344,0.4741539764913375,0.6440548657918839,43.5429447808873,82.40434355069306,29.709922887307272,0.6440548657921452,-43.5429447808873,197
1.0,0.35,0.02,0.02,0.07706409328151355,0.371,0.11692034261265849,0.011982388349535,0.11695375216409146,1.7234514299336274,26.606030431664905,,74.49415907091584,1.7234514299339523,-26.606030431664923,198
1.0,0.35,0.02,0.02,0.07706409328151355,0.347,0.49812307090739283,0.020877555553216604,0.49803595437531945,1.096363394043431,68.75927394290764,44.12795931364699,15.245772481835472,-1.0963633940434119,68.75927394290764,199
1.0,0.5,0.02,0.02,-0.0,0.51,0.07888920757582717,0.01604230864320511,0.07893100272643712,1.4659477347603946,63.51037365805607,,74.3313476423394,-1.4659477347604102,63.51037365805607,0
1.0,0.5,0.02,0.02,-0.0,0.494,0.5113983047788324,0.007435867428548374,0.48860719587910145,0.007531573069397362,55.11848562629755,52.852927701406294,43.2055185446443,0.007531573113122028,55.11848562629755,1
1.0,0.5,0.02,0.02,-0.0,0.52,0.25353500532136436,0.025923387494458838,0.2534399771960093,1.731187113281368,44.150839539757015,60.78643143668793,14.672049351516572,1.7311871132814065,-44.15083953975702,2
1.0,0.5,0.02,0.02,-0.0,0.528,0.8800719018059545,0.023442713235563205,0.12001162318681372,2.177165879503816,84.67832786931571,40.12694437377991,11.14414814637099,-2.1771658795038236,84.67832786931571,3
1.0,0.5,0.02,0.02,-0.0,0.501,0.6064438087259698,0.018247327214871017,0.3936679594608636,2.1110876588767575,17.63466119267908,33.10649264098997,2.473325333296535,-2.11108765887695,-17.63466119267909,4
1.0,0.5,0.02,0.02,-0.0,0.496,0.2205680467435115,0.020156941105811947,0.22061058627804214,0.5482685153739985,56.32031795324375,80.91856122464306,18.121986873574233,0.5482685153742689,56.32031795324375,5
1.0,0.5,0.02,0.02,-0.0,0.525,0.5100410270461163,0.0062485654971048965,0.48986483023686844,2.1806470563542883,34.43289110114779,40.924948908745094,62.42336629088497,-2.1806470563544638,34.432891101147796,6
1.0,0.5,0.02,0.02,-0.0,0.486,0.20069908220674448,0.019984162108247754,0.2007289898547149,0.6365217986383027,58.672816440664775,82.65316566795815,46.12938886005742,-0.6365217986384125,58.672816440664775,7
1.0,0.5,0.02,0.02,-0.0,0.504,0.49870813766553895,0.016606376322736986,0.49870640577957226,2.0588527921283553,78.60046662443906,1.3882403035626723,15.289489181937034,2.0588527921284534,78.60046662443906,8
1.0,0.5,0.02,0.02,-0.0,0.525,0.8640783020016256,0.03142535023590647,0.13617789824812201,1.7331405766513284,10.592689719239841,61.36125711560039,2.5718412844072924,1.7331405766513637,10.592689719239848,9
1.0,0.5,0.02,0.02,-0.0,0.473,0.3309334061429469,0.010178945019571938,0.3309672656884517,1.8801471344055323,49.644066458247764,67.92636297301215,84.10380075347268,1.8801471344055483,49.644066458247764,10
1.0,0.5,0.02,0.02,-0.0,0.519,0.5030694727683497,0.0006935574941190751,0.49693049754570684,1.2327963466896035,54.011062692435964,44.91676087829413,3.1319940212506547,1.2327963466899217,-54.01106269243597,11
1.0,0.5,0.02,0.02,-0.0,0.496,0.34957765957081705,0.0008089513973161445,0.3496485811182905,1.0712314028753194,79.8412247160899,,77.4459284395878,-1.0712314028759073,-79.8412247160899,12
1.0,0.5,0.02,0.02,-0.0,0.489,0.6416964059893134,0.022570037159513466,0.358288730286985,1.7660501555388077,60.23493532799113,58.71998701878823,87.36534714299671,-1.766050155538991,-60.23493532799113,13
1.0,0.5,0.02,0.02,-0.0,0.477,0.31753599173822883,0.019673037430743466,0.3174653327399578,1.394572670846768,36.51846111640647,74.91170482235866,32.39362907840998,-1.3945726708469701,36.51846111640648,14
1.0,0.5,0.02,0.02,-0.0,0.517,0.41248106333236845,0.020563065228298594,0.41251808794518213,0.34376677551673707,74.90307595706331,31.50042843506854,89.1181377178939,-0.34376677551782514,-74.90307595706331,15
1.0,0.5,0.02,0.02,-0.0,0.497,0.39247763407792885,0.004163713051729294,0.3929220245225859,0.7813241638456988,43.228516371004694,,42.50706886497539,0.7813241638457024,-43.2285163710047,16
1.0,0.5,0.02,0.02,-0.0,0.535,0.5029468380303386,0.003912171867870215,0.4969917042460958,2.235306582272243,71.55539176905424,80.80848424452134,4.536355196118237,2.235306582272397,-71.55539176905424,17
1.0,0.5,0.02,0.02,-0.0,0.51,0.3113906831466709,0.014953409374687516,0.31139850497332666,1.2211232476623701,13.813484085877608,79.57046906478512,3.132348129499023,-1.2211232476627107,13.81348408587765,18
1.0,0.5,0.02,0.02,-0.0,0.508,0.4140208754747633,0.0093082162703467,0.41401871750804303,0.5990533779087385,9.954355456908013,6.0215412244469695,81.95913537617066,0.5990533779091994,-9.95435545690807,19
1.0,0.5,0.02,0.02,-0.0,0.498,0.5848260449320557,0.011376360563515125,0.4152761923840313,0.1865179541472002,29.826358857514123,32.83106146485542,12.978918348908758,0.18651795414782293,-29.826358857514133,20
1.0,0.5,0.02,0.02,-0.0,0.497,0.4983200784322462,0.0005365300017807395,0.4975654810132438,3.0206094200442295,1.4473188062560671,12.741805629187494,6.2153554431280496,3.0206094200444515,-1.4473188062565971,21
1.0,0.5,0.02,0.02,-0.0,0.515,0.5571673456099316,0.0010615540596538658,0.4433465475518127,0.895399643309113,53.7891678390246,51.28921129781139,0.35377937006499455,0.8953996433095239,-53.789167839024614,22
1.0,0.5,0.02,0.02,-0.0,0.519,0.6811539803002373,0.021898132672560033,0.31892330113656725,1.581543372061669,14.374771122237867,49.770188705844475,43.68191892516673,1.5815433720619703,-14.374771122237899,23
1.0,0.5,0.02,0.02,-0.0,0.498,0.5423879827888791,0.0036797259546139886,0.45763005620598685,0.515796733612257,86.4096193489983,54.928294178687814,3.5594858471119117,-0.5157967336131839,-86.4096193489983,24
1.0,0.5,0.02,0.02,-0.0,0.493,0.5669763643156632,0.007722724926031583,0.43301726699368065,0.35161522855035704,18.59177382429026,14.43406219354287,4.983539056019371,0.35161522855190613,-18.59177382429028,25
1.0,0.5,0.02,0.02,-0.0,0.488,0.6114026523980859,0.019828271238560954,0.38875777085169194,0.23720324912722943,36.81404862171402,38.5534355276198,49.02599246132678,0.2372032491289995,36.814048621714015,26
1.0,0.5,0.02,0.02,-0.0,0.51,0.5338098588729008,0.011674957928999401,0.46625467974579776,0.36381600353508076,77.8924624967999,3.26263777604502,78.02875931244529,-0.3638160035350586,77.8924624967999,27
1.0,0.5,0.02,0.02,-0.0,0.486,0.11164226484342822,0.0075127434054414405,0.11210335707691435,0.5158193102631934,85.44352785539579,,60.083721483059996,-0.5158193102635897,-85.44352785539579,28
1.0,0.5,0.02,0.02,-0.0,0.495,0.5045129021246588,0.017840237071102688,0.49553031194873814,0.31298353696093256,82.74632682452321,45.39802470358218,15.999930557112695,-0.31298353696254655,82.74632682452321,29
1.0,0.5,0.02,0.02,-0.0,0.532,0.6026227112175182,0.022272792821452413,0.39751386499626934,0.32229840362238343,75.61003884701285,73.1542575826714,66.06671581089655,-0.3222984036222744,75.61003884701285,30
1.0,0.5,0.02,0.02,-0.0,0.484,0.800604380249597,0.022442309447393158,0.19946994577779423,0.8492228723686668,67.03187156471463,74.63308357547233,87.56621062219557,-0.8492228723690785,-67.03187156471463,31
1.0,0.5,0.02,0.02,-0.0,0.505,0.723488120446572,0.012282492042161107,0.27688128230625775,0.4185792088977891,27.467650545752665,,1.2647992336391227,0.4185792088981436,-27.467650545752665,32
1.0,0.5,0.02,0.02,-0.0,0.486,0.38209031549190836,0.006042755670622816,0.38208126239217377,0.29497624504602304,45.18102665454056,,37.919973780585714,0.29497624504717634,-45.18102665454057,33
1.0,0.5,0.02,0.02,-0.0,0.477,0.7327497809239472,0.02515640482592554,0.26714869281320736,1.5394963492331506,35.18710562679029,57.33110254128512,66.82178934644239,1.539496349233463,-35.187105626790284,34
1.0,0.5,0.02,0.02,-0.0,0.51,0.4025128890898588,0.022335859035676198,0.40292773261880216,0.04244514597720548,69.82223645061764,27.371053918973065,61.359025091749395,0.04244514598038782,69.82223645061764,35
1.0,0.5,0.02,0.02,-0.0,0.542,0.7053230215757192,0.018182117269195927,0.2946946899944513,1.9021964602724835,10.069563795769668,21.513857767131647,42.54003989839091,-1.9021964602723895,-10.069563795769678,36
1.0,0.5,0.02,0.02,-0.0,0.514,0.22861468463702578,0.022220371388364198,0.2286334224005975,0.9442828272879661,13.695474021226513,11.411724351153325,27.67822208394454,-0.9442828272878313,13.695474021226527,37
1.0,0.5,0.02,0.02,-0.0,0.492,0.49844404957294247,0.0008474215362925916,0.4984440514728821,0.22263446783411664,52.10768341065221,69.87860798865691,73.4048399574715,-0.22263446783553573,52.107683410652214,38
1.0,0.5,0.02,0.02,-0.0,0.493,0.8864220672604408,9.810994006157904e-05,0.11382014936280468,0.26413804670835744,85.44041698715392,,72.9893103413504,-0.2641380467085336,-85.44041698715392,39
1.0,0.5,0.02,0.02,-0.0,0.482,0.4850988384742073,0.002912246860666027,0.48510338838981276,1.4879717251766331,67.4006436951152,44.33962670211046,40.65103567885039,1.4879717251768798,67.4006436951152,40
1.0,0.5,0.02,0.02,-0.0,0.488,0.5015932466918887,0.021337428809461816,0.4983559985403075,0.07746677443266482,27.358518051677898,39.366527250788586,33.52515248615414,-0.07746677443822635,-27.358518051677905,41
1.0,0.5,0.02,0.02,-0.0,0.498,0.3459121673669592,0.026016973306475823,0.34610601797014734,3.0832514467092507,34.157630151347,37.25697737865818,48.798406303574545,3.083251446709328,-34.15763015134701,42
1.0,0.5,0.02,0.02,-0.0,0.502,0.5122588504229065,0.018837488425280262,0.48782863515713426,0.24543163202130247,38.38757815077867,19.471587364107098,38.87193791140584,0.2454316320221625,-38.38757815077868,43
1.0,0.5,0.02,0.02,-0.0,0.495,0.540413820540391,0.017358866810295845,0.45956393581867405,0.3409255868282697,11.407788115256036,75.95747092749392,30.238330203112284,0.3409255868284732,-11.40778811525606,44
1.0,0.5,0.02,0.02,-0.0,0.505,0.48859545403639154,0.002971332522470696,0.488596121997879,1.0789582961185873,54.032361676835684,78.09039213737572,75.02848531699078,-1.0789582961185575,54.0323616768357,45
1.0,0.5,0.02,0.02,-0.0,0.513,0.8008133782999121,0.024749864020011857,0.19931798340069354,1.304291653486971,7.195628485168285,29.76972000628701,41.64409948026504,-1.3042916534868476,-7.19562848516832,46
1.0,0.5,0.02,0.02,-0.0,0.495,0.4994691799853249,0.020749484656676538,0.49952116869478963,1.6771390593263222,57.96891853697997,10.976245195981072,30.164770545892722,1.677139059326523,-57.968918536979984,47
1.0,0.5,0.02,0.02,-0.0,0.479,0.4989708097291343,0.0007056943870806039,0.4989708403412302,1.0008921794051655,17.50818724136685,27.849745283636345,82.66602161393557,1.0008921794051997,-17.50818724136684,48
1.0,0.5,0.02,0.02,-0.0,0.528,0.48790520096420587,0.022118528564941252,0.4879936301870397,0.392383983500084,33.26988035760556,47.14997813904858,14.374583156712308,-0.3923839835,33.269880357605565,49
1.0,0.5,0.02,0.02,-0.0,0.553,0.4939487949181314,0.005432935330198033,0.49396270403623216,1.6455764541932267,40.15479739842773,55.45284153032992,78.69595542239212,-1.6455764541933966,40.15479739842774,50
1.0,0.5,0.02,0.02,-0.0,0.506,0.5167543404056063,0.0034146389745464056,0.4834924448887437,2.206257178647463,16.924121984281303,48.49527895484934,9.626349292004713,-2.206257178647549,-16.92412198428134,51
1.0,0.5,0.02,0.02,-0.0,0.483,0.4741291210878128,0.002993350066757235,0.47412444770755835,0.022971094862714186,37.32827485002226,12.786649334129963,34.10475496626557,-0.022971094873244377,-37.32827485002226,52
1.0,0.5,0.02,0.02,-0.0,0.487,0.658784378165245,0.010164382116240525,0.3412349645757458,0.11595159632994724,55.177621307781216,70.06752078518821,83.27164573165298,0.11595159633180986,-55.177621307781216,53
1.0,0.5,0.02,0.02,-0.0,0.524,0.03060316633723015,0.023422565432342904,0.030645229198741207,1.6885877932344517,34.44088091819394,,15.708367819054612,-1.6885877932345479,34.44088091819395,54
1.0,0.5,0.02,0.02,-0.0,0.499,0.533264380245263,0.00824187278090031,0.46672934016244794,0.5855853215194647,51.486601047636064,42.07604997970526,21.171554515478295,-0.5855853215190779,51.486601047636064,55
1.0,0.5,0.02,0.02,-0.0,0.489,0.5095282770479246,0.001252565698823745,0.49054536834549356,0.6992048300798157,83.48786326113284,57.2357144214652,17.594997385391252,-0.6992048300800437,83.48786326113284,56
1.0,0.5,0.02,0.02,-0.0,0.502,0.748670209193703,0.01908472584471045,0.2513477534850518,0.24692602697462013,7.288404586205259,6.477530525465094,19.308490301987586,-0.24692602697527186,-7.288404586205318,57
1.0,0.5,0.02,0.02,-0.0,0.518,0.4675470348397195,0.02014694169070748,0.46762051893741374,1.7862220599462486,17.74687751131692,32.114619767948724,75.01923641205119,1.7862220599462002,-17.746877511316935,58
1.0,0.5,0.02,0.02,-0.0,0.508,0.6142395958521604,0.021525657804652952,0.38582675880795164,0.057659353791957205,54.39850008414735,57.59816910391606,64.19774033396956,0.05765935380063129,-54.39850008414736,59
1.0,0.5,0.02,0.02,-0.0,0.498,0.4963164066251662,0.02409762843893736,0.4963102845016817,0.9640328698054881,31.090531498088374,46.00712733898986,77.29621348370357,0.9640328698056704,-31.09053149808839,60
1.0,0.5,0.02,0.02,-0.0,0.5,0.48016413621644866,0.021241590697874943,0.4803649465475896,1.570334499983317,4.199022769675297,5.084753591908325,36.174770112175324,-1.5703344999836453,-4.199022769675401,61
1.0,0.5,0.02,0.02,-0.0,0.496,0.5059787602948727,0.012493654855022027,0.49405416216943754,0.3785744554926212,74.50085023973662,78.32066946409309,24.673944952333127,0.378574455492774,74.50085023973662,62
1.0,0.5,0.02,0.02,-0.0,0.508,0.45418243081313825,0.008234071680899199,0.4544503292940116,3.1434459390968614,44.583035904819134,1.0186036189348247,8.318651569452019,-3.1434459390969067,44.58303590481914,63
1.0,0.5,0.02,0.02,-0.0,0.485,0.5126407875209513,0.01406077059867051,0.48741539282340335,0.2858877533942825,70.12521957899824,42.21488876877667,62.572812359146354,-0.2858877533951282,-70.12521957899824,64
1.0,0.5,0.02,0.02,-0.0,0.508,0.36747887300984017,0.02413504217650254,0.3674546324477286,1.9060605599700526,60.83990404574755,45.85979627906974,82.89340104547975,1.9060605599702396,60.83990404574755,65
1.0,0.5,0.02,0.02,-0.0,0.504,0.5321629935255803,0.006668819910901869,0.46784069116635174,1.611801504343325,30.95010408683567,87.34627573915482,43.160651145605584,-1.6118015043433667,-30.95010408683567,66
1.0,0.5,0.02,0.02,-0.0,0.503,0.5278603850681403,0.020038625635152574,0.47227660763307705,1.2665645692564838,28.358415188347433,87.36061961731743,60.040511518944356,-1.2665645692566916,-28.35841518834745,67
1.0,0.5,0.02,0.02,-0.0,0.516,0.4220221630772767,0.021987067589295917,0.4220671698983027,1.6532397633218223,71.43309448390258,51.61967851059834,69.3136326958507,1.653239763321748,71.43309448390258,68
1.0,0.5,0.02,0.02,-0.0,0.502,0.4996265688940184,0.009431528615992453,0.4996064025464861,0.32176679201785524,6.750866632409412,19.37021247360127,73.73888826025963,0.32176679201743086,6.750866632409427,69
1.0,0.5,0.02,0.02,-0.0,0.501,0.4207557523341886,0.010804988156025156,0.4207878143338187,1.0412624953867398,81.28609597109217,72.33310343909845,36.911681270862935,-1.0412624953873966,81.28609597109217,70
1.0,0.5,0.02,0.02,-0.0,0.513,0.3826025636636723,0.0016043725637088918,0.38267547933724466,3.031482908479144,53.56335583056387,,43.09853497971128,3.031482908479242,-53.56335583056388,71
1.0,0.5,0.02,0.02,-0.0,0.511,0.4578650212834521,0.017872958591827318,0.45789389955469095,1.5085655596628895,0.7313224902650846,44.189970874818776,80.19831508669088,-1.5085655596628447,-0.7313224902651972,72
1.0,0.5,0.02,0.02,-0.0,0.492,0.4200785672105591,0.005337573502280184,0.4201860022195056,1.285447215027028,15.645175589418463,39.16297504864157,16.018829485455917,1.2854472150272658,15.645175589418459,73
1.0,0.5,0.02,0.02,-0.0,0.519,0.5565738787512778,0.013686738900359256,0.4435010424729328,3.5487413772279712,69.10569593095192,48.892361971780545,20.14448163776426,-3.5487413772281275,-69.10569593095194,74
1.0,0.5,0.02,0.02,-0.0,0.502,0.4045274456732,0.0049680388501304445,0.40455818667644977,0.24959901094936945,47.38312395977139,,24.87609528927963,-0.24959901095135298,47.383123959771396,75
1.0,0.5,0.02,0.02,-0.0,0.501,0.47815890123177457,0.008876816872011658,0.47826363299023233,0.24125368913286155,20.94998055838993,38.07403781586296,21.20905072576935,0.24125368913256412,20.94998055838994,76
1.0,0.5,0.02,0.02,-0.0,0.489,0.6142144263193361,0.021786521998575385,0.3861547784509234,1.3975441537019608,44.385339840651376,69.97935168820841,38.92087955924688,-1.3975441537019955,-44.385339840651376,77
1.0,0.5,0.02,0.02,-0.0,0.504,0.49135882859984925,0.0024569693643806245,0.49135856790558785,0.7355999621003791,38.714956288042515,17.028690476359873,54.388285001210235,0.7355999621011157,38.714956288042515,78
1.0,0.5,0.02,0.02,-0.0,0.492,0.2494288210659878,0.007374660139395153,0.2507612071721479,0.9146663451400487,87.86384696049623,,82.85987584830565,-0.9146663451403838,87.86384696049623,79
1.0,0.5,0.02,0.02,-0.0,0.506,0.4721144226513076,0.0028337076031207196,0.4721755182475559,1.276437842388713,23.094399168009527,85.24175778329669,85.85414442603556,1.2764378423888214,23.094399168009527,80
1.0,0.5,0.02,0.02,-0.0,0.514,0.5109477279653922,0.010708066695509619,0.48909138169659944,0.15949489462424832,68.57198865608844,41.679446258527506,36.2999690378808,-0.1594948946267705,-68.57198865608845,81
1.0,0.5,0.02,0.02,-0.0,0.495,0.42387195019494284,0.011657700182389607,0.4239022796999961,1.1935905014542012,56.952014828027174,63.08402199001415,58.36765249037086,-1.1935905014546762,-56.95201482802718,82
1.0,0.5,0.02,0.02,-0.0,0.498,0.5047033856053196,0.020586157468556673,0.4953565998155141,0.6716229538330547,4.94143363273905,51.19958707123352,34.47490033816658,0.6716229538338904,4.941433632739189,83
1.0,0.5,0.02,0.02,-0.0,0.471,0.2775773281223781,0.027096256415303006,0.277929612689022,0.4984580529700969,3.7016865527544707,88.16161791581791,27.111469087304005,0.4984580529707233,3.701686552754578,84
1.0,0.5,0.02,0.02,-0.0,0.485,0.5471916985720536,0.025798836041124616,0.45294656068192773,1.5700853528542393,83.95379173798734,65.315083433156,47.64013133557261,1.570085352854345,83.95379173798734,85
1.0,0.5,0.02,0.02,-0.0,0.51,0.545431653229588,0.018454910548074077,0.45463542030727994,0.8498199576465314,58.745941294468125,62.11082052336253,36.97033388887602,0.8498199576471095,-58.74594129446813,86
1.0,0.5,0.02,0.02,-0.0,0.495,0.5001028410401233,0.02091701105644902,0.4998265571203052,0.8745325094216609,54.418952159787985,45.3154525919215,18.882571146102823,-0.8745325094219252,-54.418952159788,87
1.0,0.5,0.02,0.02,-0.0,0.499,0.6924756881015394,0.02230844089477857,0.3076311996988721,1.3573187922132015,43.85911998567415,51.6049548019164,34.86239870396692,-1.3573187922131085,43.85911998567414,88
1.0,0.5,0.02,0.02,-0.0,0.486,0.49792279997016853,0.01101533359132421,0.4978868732964644,0.9774080241976462,82.7140188404271,87.54522070167774,54.9172842766113,0.9774080241980634,-82.71401884042712,89
1.0,0.5,0.02,0.02,-0.0,0.489,0.4151957299945062,0.021307524742303113,0.4153390211209896,1.366534690930363,50.4006650332672,52.31397544149486,85.05048340044424,-1.3665346909306613,50.40066503326721,90
1.0,0.5,0.02,0.02,-0.0,0.494,0.49766504310119863,0.0170709290206503,0.4976689831995662,0.8239837892192172,3.425798549310308,23.793761104427517,35.99253660663661,0.8239837892197578,3.4257985493104073,91
1.0,0.5,0.02,0.02,-0.0,0.491,0.5047201096879389,0.02146753582276786,0.495293513820204,0.7080752892220723,53.97325653649733,47.88257661807088,28.280392807704608,0.708075289222552,-53.97325653649734,92
1.0,0.5,0.02,0.02,-0.0,0.489,0.675064129729501,0.021474575924929906,0.324996275608238,2.2816079559048457,39.11693180061621,2.330112851489817,46.036939545035516,-2.2816079559049856,-39.11693180061622,93
1.0,0.5,0.02,0.02,-0.0,0.504,0.5948450040366942,0.0007049039516364195,0.4056053095395123,1.8242259430869747,84.66966839522804,83.80331445104642,20.26351858605921,-1.8242259430873278,84.66966839522804,94
1.0,0.5,0.02,0.02,-0.0,0.525,0.4245524136377115,0.0047994442308247655,0.42460569136028126,1.0947505782452414,68.74594599658691,31.89933665547026,48.28251954039454,1.0947505782455276,68.74594599658691,95
1.0,0.5,0.02,0.02,-0.0,0.512,0.835392639798029,0.004260336539847265,0.16475100185526226,0.27209529685257494,30.242129235030795,86.7395580850595,28.784115674713497,0.2720952968531118,30.242129235030806,96
1.0,0.5,0.02,0.02,-0.0,0.508,0.5698211589407347,0.005834749772403831,0.43059615511596877,1.6443654619496628,6.932149315482999,43.61959083718313,18.85268648585368,-1.6443654619496268,-6.932149315482993,97
1.0,0.5,0.02,0.02,-0.0,0.51,0.5872902113020629,0.025132883040151488,0.4129269702558866,2.424671047219825,61.02075100933596,88.91457975035628,3.402712707673257,-2.4246710472198427,61.02075100933596,98
1.0,0.5,0.02,0.02,-0.0,0.534,0.5032091139821819,0.022890698669622293,0.49686893735111826,0.016094076221860487,82.37156434104406,31.201362543298803,63.98350989837408,0.01609407622388028,82.37156434104406,99
1.0,0.5,0.02,0.02,-0.0,0.516,0.49914773158808795,0.021210387892842936,0.4992206682063647,2.203945249521156,21.07746520275291,14.587290909018423,28.393846366351607,-2.203945249521071,21.077465202752915,100
1.0,0.5,0.02,0.02,-0.0,0.515,0.6469718587021192,0.026992011248110934,0.35323161610229575,1.8616288378881067,38.63640967617659,14.613256423411046,50.64242626726341,1.86162883788829,38.636409676176605,101
1.0,0.5,0.02,0.02,-0.0,0.492,0.49237937273035864,0.002194749698777432,0.4921382728698992,1.2233037079626294,68.36514744371671,25.5466171875997,63.808436476562605,1.2233037079626996,68.36514744371671,102
1.0,0.5,0.02,0.02,-0.0,0.496,0.5013397091041688,0.019333708605494077,0.49868217924839636,1.7104733840775324,67.40652548722267,74.0411348668064,86.16241427013595,-1.710473384077512,67.40652548722267,103
1.0,0.5,0.02,0.02,-0.0,0.505,0.41230977807949604,0.013766042583262047,0.41237228723245273,0.2999305486406629,10.081990157239737,11.461680195702913,15.201409148614488,0.29993054864115054,10.081990157239714,104
1.0,0.5,0.02,0.02,-0.0,0.521,0.3912867294017307,0.017098685087347867,0.391308260688553,0.8058616917633138,79.12207774630949,67.01170827447706,71.33619263228854,-0.8058616917636321,-79.12207774630949,105
1.0,0.5,0.02,0.02,-0.0,0.508,0.485728061001522,0.02018990697035814,0.48591732894701967,1.4422263964434352,5.19265724707368,13.145426437160541,57.880669703560336,-1.4422263964434612,5.1926572470737415,106
1.0,0.5,0.02,0.02,-0.0,0.492,0.7151148176722171,0.02641137093558108,0.285406883212497,1.0715699174753366,3.9129198276352017,60.53053378735162,38.071523028898234,1.071569917475479,-3.912919827635325,107
1.0,0.5,0.02,0.02,-0.0,0.511,0.4835865886164668,0.006049251892882334,0.48363484911083554,1.1406741663685895,66.04843046026338,62.19843772367654,21.91530032857186,-1.1406741663687832,66.04843046026338,108
1.0,0.5,0.02,0.02,-0.0,0.511,0.16361464039194426,0.024746306466116502,0.16376119219666324,1.580827669221577,88.31701145504726,84.40808607457124,53.70924160991922,-1.5808276692218215,-88.31701145504726,109
1.0,0.5,0.02,0.02,-0.0,0.54,0.7330095856059707,0.011253218685921888,0.26704050398907064,0.08988111663399881,30.235820022297247,46.81252958680334,62.13573538214213,-0.0898811166356057,-30.23582002229726,110
1.0,0.5,0.02,0.02,-0.0,0.489,0.5605658974164273,0.01682634855704307,0.43950530841864194,0.7531997974306074,35.292472347742354,2.1531073929079354,56.31020256539845,0.7531997974310021,35.29247234774237,111
1.0,0.5,0.02,0.02,-0.0,0.52,0.46785593292867905,0.00723158783222164,0.4679258558880007,1.570089949438424,34.74014413952838,61.632915319677295,66.53329272790064,-1.5700899494385312,-34.74014413952839,112
1.0,0.5,0.02,0.02,-0.0,0.521,0.23257519701047782,0.005757197339928789,0.2330136001204629,1.4895205704687096,14.12356169103508,,7.746543661515376,1.4895205704688956,-14.123561691035137,113
1.0,0.5,0.02,0.02,-0.0,0.496,0.491221888138281,0.006983349445616552,0.4911882924107541,2.4771917225492683,76.58037985172065,74.55561543719332,37.61821224332828,-2.4771917225494495,-76.58037985172065,114
1.0,0.5,0.02,0.02,-0.0,0.513,0.4152457728704496,0.005150462542135107,0.4155259474156289,1.950760905085285,20.014482671638795,24.05088628096986,25.446883732913477,-1.9507609050854322,-20.01448267163881,115
1.0,0.5,0.02,0.02,-0.0,0.453,0.5033425775716368,0.021533184561260216,0.49663513392517267,1.4649939346699814,28.280423503994367,17.04093797663494,61.01537415351871,1.4649939346700598,28.280423503994378,116
1.0,0.5,0.02,0.02,-0.0,0.534,0.5030404270395219,0.020775531583995456,0.49684597430287214,1.2330031283904246,63.784571957428795,30.31154778968409,89.06279272571412,1.233003128390611,63.784571957428795,117
1.0,0.5,0.02,0.02,-0.0,0.502,0.5803901868822078,0.022075581901080867,0.41970944831045115,0.018881988654511496,88.64992632759899,46.59927441607143,22.515534316378105,-0.01888198865276182,88.64992632759899,118
1.0,0.5,0.02,0.02,-0.0,0.472,0.5736819757409365,0.023317406751480443,0.42657764773958146,0.24039274934121874,27.485825474043,40.988035892860395,43.7475064234722,0.24039274934350718,-27.485825474043008,119
1.0,0.5,0.02,0.02,-0.0,0.511,0.7827049628907582,0.02420455806556774,0.21738185320449563,1.946891173582122,62.01032448783912,73.63550091960101,1.3497399330435318,-1.9468911735822658,-62.01032448783912,120
1.0,0.5,0.02,0.02,-0.0,0.502,0.6228915839915048,0.02320709421403526,0.3778630116531474,0.8077602392662981,47.08592334303356,68.62603236207414,7.8538695949234825,0.807760239266798,47.08592334303358,121
1.0,0.5,0.02,0.02,-0.0,0.483,0.270278777712948,0.018247674931480926,0.2702595326628795,1.1499955471458656,83.36934655314435,87.01407183809532,8.662829869682428,1.1499955471460799,-83.36934655314435,122
1.0,0.5,0.02,0.02,-0.0,0.52,0.4954929928851186,0.02046991412486933,0.49545832723264394,0.09818666740208741,32.59173689548008,59.92733492382458,17.51778858997194,0.09818666740516728,-32.591736895480096,123
1.0,0.5,0.02,0.02,-0.0,0.496,0.5050015005563928,0.020359394945301666,0.4950354782791136,0.2679594202011719,40.178137574478356,84.8120921114863,81.82698596449066,-0.2679594202023075,-40.178137574478356,124
1.0,0.5,0.02,0.02,-0.0,0.498,0.4632856031014085,0.01699353220877149,0.46334270539673816,0.5149599273216743,3.8151467092658904,69.09380065070022,45.043247071161325,-0.5149599273219315,-3.8151467092658904,125
1.0,0.5,0.02,0.02,-0.0,0.524,0.3336012182886029,0.004894510860895552,0.334195369784571,0.5497348541621394,17.544326314244167,,33.95968763014213,0.5497348541633598,17.5443263142442,126
1.0,0.5,0.02,0.02,-0.0,0.461,0.7792223766248271,0.019455829575953848,0.22086253501136174,0.6990940471722944,17.59238925499126,16.996120186628985,55.559077464580504,-0.6990940471724502,-17.59238925499128,127
1.0,0.5,0.02,0.02,-0.0,0.536,0.582610996316834,0.00614119979703516,0.41743606183372467,1.7364174780082986,19.337492709349785,42.25711942745693,86.54451679219954,-1.7364174780085306,-19.33749270934982,128
1.0,0.5,0.02,0.02,-0.0,0.491,0.49460805672435126,0.013052189326591905,0.49461756865977224,3.345422995623099,21.5840025803607,59.68586196091237,45.462730601575274,-3.3454229956231405,21.58400258036071,129
1.0,0.5,0.02,0.02,-0.0,0.494,0.7432125415169075,0.01019734532563506,0.25683291265268876,0.1992751741241385,85.58631657205984,72.37139176875615,44.82874738613449,0.1992751741265012,85.58631657205984,130
1.0,0.5,0.02,0.02,-0.0,0.516,0.3777673570910123,0.024679447807533103,0.37789721732002374,0.4400390000310838,70.47995723707396,27.63798535779713,62.72244846334985,-0.44003900003187196,-70.47995723707396,131
1.0,0.5,0.02,0.02,-0.0,0.472,0.6110206845040823,0.015317344602062508,0.38899810353976333,0.8820464267782501,60.767412949746294,64.28639168862874,39.70570305242548,-0.8820464267784998,60.76741294974631,132
1.0,0.5,0.02,0.02,-0.0,0.511,0.13095398253420698,0.03083619974486999,0.13139109552242875,1.5144109527781786,50.27006990794571,63.36124239924768,60.786427393755574,-1.5144109527786405,-50.27006990794571,133
1.0,0.5,0.02,0.02,-0.0,0.501,0.5046979045025655,0.02439721845369235,0.4953908813692789,0.9166537602815407,87.48622207854257,23.030530394267984,83.83638064030725,-0.9166537602817957,87.48622207854257,134
1.0,0.5,0.02,0.02,-0.0,0.504,0.3825247451376238,0.022510851856723284,0.38251042377243016,0.4595710704838455,57.04041126153246,11.088465113757522,63.62492009274487,0.45957107048419477,57.04041126153247,135
1.0,0.5,0.02,0.02,-0.0,0.527,0.5644443633562235,0.020792187745996168,0.4358632815843254,1.0849521971831164,67.78749909406277,30.079702620379337,27.158316482693785,1.084952197183446,67.78749909406277,136
1.0,0.5,0.02,0.02,-0.0,0.518,0.49809804963705584,0.023461017720178903,0.4981900325695991,0.751225877141118,58.78458499533762,63.704429928854395,33.55832438649198,-0.7512258771413486,58.78458499533762,137
1.0,0.5,0.02,0.02,-0.0,0.465,0.48331625175778786,0.022865925587696685,0.4834448485883394,1.2116222320711898,84.26481591436388,2.1130608910910644,81.40334142075876,1.2116222320713659,84.26481591436388,138
1.0,0.5,0.02,0.02,-0.0,0.497,0.47954334804691734,0.0009897740284544971,0.4794708986944662,0.23612268107557682,37.66686097152037,73.54677379614142,2.8047921954641395,-0.2361226810774269,37.66686097152037,139
1.0,0.5,0.02,0.02,-0.0,0.522,0.43980571334006346,0.025222652520541046,0.4398070421752632,0.7927824403743533,32.48722136872148,15.757477201046306,15.86941933874855,-0.792782440374369,-32.48722136872149,140
1.0,0.5,0.02,0.02,-0.0,0.512,0.5042374670152286,0.019274336315889116,0.49577676385288383,0.2305862034048814,13.800297262517619,51.809066808761415,6.532759265890828,0.23058620340779204,-13.800297262517645,141
1.0,0.5,0.02,0.02,-0.0,0.476,0.9220196604992013,0.01280235197509022,0.07787214792402142,1.2727403558735444,59.83684277863296,,63.552748127088826,1.27274035587353,59.83684277863296,142
1.0,0.5,0.02,0.02,-0.0,0.509,0.5082418990511441,0.013408257840571659,0.4917291941956975,1.1590376736609787,47.84921407531604,52.03428833336803,42.9759470042817,1.1590376736611836,-47.84921407531605,143
1.0,0.5,0.02,0.02,-0.0,0.487,0.4999536455763616,0.02075440541617083,0.49994487887168093,2.1876617826929334,3.0814616554668577,15.95637134356679,36.5019148576885,2.187661782692858,3.0814616554668657,144
1.0,0.5,0.02,0.02,-0.0,0.506,0.4688580522412719,0.00031152642303121635,0.46920595439114465,0.6583659035351105,74.2660481428408,44.474313378241895,10.557646586597834,0.6583659035358199,-74.2660481428408,145
1.0,0.5,0.02,0.02,-0.0,0.494,0.513347628774518,0.008034285419788283,0.4866316570445351,1.4005921175422003,0.4905404372945817,44.42193655969826,7.213670602411621,1.4005921175424962,0.49054043729593877,146
1.0,0.5,0.02,0.02,-0.0,0.489,0.6100084840066068,0.018484706066798893,0.3900623333976854,1.4233633986946863,83.25923935277912,67.31829064152588,51.236511264186575,1.4233633986947822,-83.25923935277912,147
1.0,0.5,0.02,0.02,-0.0,0.476,0.48907128504870323,0.015572522245812973,0.48913716169680566,0.2662605832680431,84.44014736442,32.341828553655816,72.93704000459748,-0.26626058326943286,84.44014736442,148
1.0,0.5,0.02,0.02,-0.0,0.525,0.27237610221946634,0.0044921187084319475,0.2721157343912238,0.8179798473417959,68.47931838199229,,77.04822128139568,0.8179798473419306,68.47931838199229,149
1.0,0.5,0.02,0.02,-0.0,0.48,0.37523296811974477,0.017188673953718966,0.3752823460105891,0.2959297243545352,10.740918678816083,0.07611491935162171,88.72171605327537,-0.2959297243569213,10.740918678816115,150
1.0,0.5,0.02,0.02,-0.0,0.52,0.6298279712413676,0.010162971961524834,0.37016814153288685,0.4568919581380039,21.81200966034142,62.96347888534531,70.75048323237131,0.45689195813811706,-21.812009660341424,151
1.0,0.5,0.02,0.02,-0.0,0.514,0.0915994985040999,0.02925446163836992,0.09163356242792935,1.3689323710721653,31.579689760598903,83.9488772993522,18.60109548053591,1.3689323710725578,31.57968976059892,152
1.0,0.5,0.02,0.02,-0.0,0.499,0.7386444579893716,0.019878623332006733,0.26142275770696594,3.1450187247041748,39.1406306358049,78.16326138490015,14.882376775202543,-3.1450187247042147,-39.1406306358049,153
1.0,0.5,0.02,0.02,-0.0,0.49,0.30633911488306,0.013563805838778106,0.30641321402556015,1.6407704277018353,34.66397838665656,63.4459284969116,73.23126667861185,-1.640770427701919,-34.663978386656574,154
1.0,0.5,0.02,0.02,-0.0,0.5,0.2257952356383868,0.007862511915997395,0.22613895376664242,0.7966079144611413,51.79467726467264,,46.06152762955245,-0.7966079144620328,-51.79467726467265,155
1.0,0.5,0.02,0.02,-0.0,0.506,0.22838762111090102,0.008793831372646577,0.228561436512821,0.705909229035171,74.0950822424419,36.408249280800035,63.96360586692959,-0.7059092290357176,-74.0950822424419,156
1.0,0.5,0.02,0.02,-0.0,0.509,0.5032503342896734,0.01988483267594752,0.4968048883186255,0.7873446262474847,81.17210475528742,79.97906990313905,57.299060292769255,0.7873446262479502,81.17210475528742,157
1.0,0.5,0.02,0.02,-0.0,0.491,0.49866071938769435,0.009109793255361237,0.4986486803090771,0.37550960504860986,11.508106057797693,38.197019086054304,23.252003828331308,-0.3755096050489546,11.50810605779771,158
1.0,0.5,0.02,0.02,-0.0,0.484,0.12691263505313122,0.027479367927507724,0.12727369186638005,2.2835960260485813,27.41390851162148,73.38913002912153,70.16397048882062,-2.2835960260487282,-27.413908511621486,159
1.0,0.5,0.02,0.02,-0.0,0.521,0.5332818686945591,0.0029479348971320936,0.4666740506243627,0.4605348902001979,48.51799994312451,43.0502339402708,1.3236246185444556,-0.4605348902014295,-48.517999943124515,160
1.0,0.5,0.02,0.02,-0.0,0.512,0.5373763472211963,0.018869494548204822,0.46277031118611534,2.778143399742213,76.37857536201935,20.333690796564348,51.04266199146867,2.778143399742246,76.37857536201935,161
1.0,0.5,0.02,0.02,-0.0,0.508,0.4995483078919467,0.02232068245564216,0.4995082140304917,1.3135436178386066,66.9873939241233,86.91926964909166,27.73269702901103,-1.3135436178390978,66.9873939241233,162
1.0,0.5,0.02,0.02,-0.0,0.525,0.3751662758188094,0.014910069192840198,0.3751904212349781,0.9151927506494824,59.2604028136803,58.001021956104175,11.070932156803533,0.9151927506497067,59.2604028136803,163
1.0,0.5,0.02,0.02,-0.0,0.489,0.31471858464686614,0.02457775987963194,0.3148144075165749,0.2721341622858017,10.05008151990642,8.847718057078428,57.12440331577711,-0.27213416228732595,10.05008151990644,164
1.0,0.5,0.02,0.02,-0.0,0.488,0.5687524143291787,0.025375467495261535,0.4315987585581628,1.3018382379253637,29.734294123951525,18.46050400287856,83.56030442195049,-1.3018382379254236,-29.734294123951525,165
1.0,0.5,0.02,0.02,-0.0,0.49,0.5145389870021984,0.006793357119811966,0.48523946713067984,1.2914000903639395,88.42167274642873,76.94291316056668,50.80343835243172,1.2914000903640697,-88.42167274642873,166
1.0,0.5,0.02,0.02,-0.0,0.502,0.5356743416962161,0.004158877067103496,0.4644629774493281,0.5439276467718326,67.3548416122829,88.11928140598354,27.443910062948486,0.5439276467725576,-67.3548416122829,167
1.0,0.5,0.02,0.02,-0.0,0.498,0.4923535547401303,0.0050572303582423275,0.4922597407886961,0.23236859193496706,21.113999409514058,26.907394432034522,31.044039854731103,0.23236859193565182,21.113999409514065,168
1.0,0.5,0.02,0.02,-0.0,0.501,0.5093967709275505,0.01827812605218066,0.4905635136738601,1.8184854173987963,39.16139354933198,61.1983361708885,18.526691636385724,-1.8184854173991896,39.16139354933199,169
1.0,0.5,0.02,0.02,-0.0,0.485,0.4635997919241589,0.00928960508323528,0.4635776792169946,0.3824368303079569,69.35280633634802,76.36210322406359,55.92127694228152,0.38243683030899894,-69.35280633634802,170
1.0,0.5,0.02,0.02,-0.0,0.515,0.45121891070071934,0.009234123256801504,0.4512400103214741,0.11835090377366157,15.476978267468365,49.579479654519695,11.800779611072372,0.11835090377554759,-15.476978267468391,171
1.0,0.5,0.02,0.02,-0.0,0.513,0.5981096497076746,0.016270237775197885,0.4019479963473658,1.9480526629966815,24.973776848783825,25.913303904862296,77.65187386053209,-1.9480526629967492,24.973776848783828,172
1.0,0.5,0.02,0.02,-0.0,0.509,0.13547804147983272,0.005068246517312164,0.13565531886133458,1.9878684537577174,84.34161584990085,,78.75560885379994,1.9878684537578657,84.34161584990085,173
1.0,0.5,0.02,0.02,-0.0,0.489,0.48651784500020917,0.014969833421684344,0.4865386372413264,0.25314024001721536,80.99235799798237,76.61860168172674,12.255799059478607,-0.25314024001866575,-80.99235799798237,174
1.0,0.5,0.02,0.02,-0.0,0.503,0.29024404252553054,0.01968547798460237,0.29019490663214004,0.3147485961287703,71.77451307248334,42.13649344119129,42.42940388924024,0.3147485961291475,-71.77451307248334,175
1.0,0.5,0.02,0.02,-0.0,0.51,0.49423730708241603,0.021396295002186438,0.49423441762997344,0.8251882425736007,83.8190642829123,83.4574920235208,65.3662506478139,-0.8251882425741037,83.8190642829123,176
1.0,0.5,0.02,0.02,-0.0,0.468,0.5165237889318831,0.011741069075365582,0.4834834702178091,1.1930444628474428,85.1820669939244,58.500850485289305,34.240690852246274,1.1930444628475487,85.1820669939244,177
1.0,0.5,0.02,0.02,-0.0,0.487,0.25568162583056436,0.02503837586866609,0.2559960055049775,0.3494371182199737,66.89524219871548,88.49870954068066,46.479120838581224,-0.3494371182207827,-66.89524219871548,178
1.0,0.5,0.02,0.02,-0.0,0.474,0.39395929205239294,0.012094785983301493,0.3939475113511922,1.9757375720026265,79.0924530771429,76.58236789459374,5.213223635957648,-1.975737572002713,79.0924530771429,179
1.0,0.5,0.02,0.02,-0.0,0.499,0.4751321858808883,0.0071694573820025136,0.47527902833432345,1.590015575210357,60.42613058614462,31.339082927699156,11.031309506533441,-1.5900155752102891,-60.42613058614462,180
1.0,0.5,0.02,0.02,-0.0,0.485,0.6934614974564675,0.024501870559385817,0.3065835131064634,0.24299577641801842,12.571648441789222,48.15545889754468,4.301270649715983,-0.24299577641773554,12.571648441789229,181
1.0,0.5,0.02,0.02,-0.0,0.48,0.5121816582101968,0.018773201240641982,0.487879524654972,1.3848168549290816,86.83012071527776,5.786281200839151,6.2256763452460255,-1.3848168549293,-86.83012071527776,182
1.0,0.5,0.02,0.02,-0.0,0.517,0.35468589597338923,0.019279882028700103,0.3546809086540553,0.278762758299204,89.43251981852698,39.70000096926717,11.479245607667774,0.27876275829976954,89.43251981852698,183
1.0,0.5,0.02,0.02,-0.0,0.532,0.3527429135196001,0.01740988226641625,0.35280861473596953,1.0302577809443345,73.0238608665698,44.12001825415856,68.27652260031897,-1.0302577809445528,-73.0238608665698,184
1.0,0.5,0.02,0.02,-0.0,0.5,0.29730613947232903,0.0018166332053957672,0.2979037268183029,1.6526130917934116,22.086225401988706,19.961954959834994,66.70193724351849,-1.6526130917934128,22.086225401988724,185
1.0,0.5,0.02,0.02,-0.0,0.5,0.49695865645067316,0.015369309934807084,0.4969711537487101,1.8518735744510872,1.8894588664988141,89.15760951778796,52.2066412188353,-1.8518735744512853,1.889458866498952,186
1.0,0.5,0.02,0.02,-0.0,0.51,0.4653010641907152,0.022596956041698243,0.46540945781204407,1.8366265043546839,21.7823286306153,12.787512654479508,39.033954722621296,1.836626504354818,-21.782328630615293,187
1.0,0.5,0.02,0.02,-0.0,0.481,0.824567451308762,0.022983282049155018,0.1755472428601008,2.274767917207885,41.25537715198858,33.37492283105405,40.38764817832675,-2.274767917208015,41.25537715198858,188
1.0,0.5,0.02,0.02,-0.0,0.473,0.4872425528159961,0.007691532580499615,0.4872395054417221,1.345928429373021,89.44863525102869,52.69698865216111,52.33395917806383,-1.3459284293730922,89.44863525102869,189
1.0,0.5,0.02,0.02,-0.0,0.506,0.49801009154339027,0.023632844167085346,0.49807934392292347,0.07687279627223075,58.2595658093279,42.63564277228105,42.939247698135325,0.07687279627802773,58.25956580932791,190
1.0,0.5,0.02,0.02,-0.0,0.525,0.2189191392104746,0.004597471440582142,0.21885401156068818,2.11738904248153,86.94433635930233,,86.75994020113488,2.1173890424816393,-86.94433635930233,191
1.0,0.5,0.02,0.02,-0.0,0.477,0.6136960580132454,0.021279659526993993,0.38644766720635465,0.1537289573678777,44.48340509027362,9.454161750071062,47.26622393407877,0.15372895736623712,-44.48340509027363,192
1.0,0.5,0.02,0.02,-0.0,0.518,0.4123796423370269,0.019322024648188874,0.4124031875914934,0.09316977168130983,2.4601135122264957,6.793048041342991,39.51824555813939,-0.09316977168351977,-2.4601135122266706,193
1.0,0.5,0.02,0.02,-0.0,0.477,0.4969952882469601,0.018247539814733364,0.4970256186638815,0.471012329262261,41.61662501248884,41.572598153313095,77.41321076507771,0.47101232926311093,41.616625012488846,194
1.0,0.5,0.02,0.02,-0.0,0.518,0.477619344362437,0.01027242268442671,0.47771647417762153,0.021345123834303814,6.077332359728929,0.4635034495254379,34.686646668325274,-0.021345123853301475,-6.077332359729017,195
1.0,0.5,0.02,0.02,-0.0,0.481,0.5039769482806146,0.02259914060741942,0.49602243053497935,3.0732459384862287,36.09246447139969,69.74537734736727,52.31564442862022,-3.0732459384863486,-36.0924644713997,196
1.0,0.5,0.02,0.02,-0.0,0.493,0.4933485994691912,0.01945899679246158,0.49342192836295823,0.9632294867889253,75.8818536526911,65.49925199536612,10.348331810801247,-0.9632294867892531,-75.8818536526911,197
1.0,0.5,0.02,0.02,-0.0,0.475,0.44119665309733863,0.0235071302321904,0.441364435343557,1.0552251980518865,36.73514763231002,41.58482325506034,33.77815642958376,1.0552251980523069,-36.73514763231003,198
1.0,0.5,0.02,0.02,-0.0,0.491,0.32878101065986215,0.012853015785605798,0.32877739948486573,0.3292620553725352,52.054030043427574,72.9300692666542,11.384699581660216,-0.32926205537430114,-52.05403004342758,199
1.5,0.05,0.03,0.02,0.3289707253902946,0.064,0.48854180478873716,0.004708281900631365,0.4884969769715552,5.8823160710251585,3.8687320687899707,6.152077186034876,24.759961984401148,-5.8823160710251425,3.8687320687899747,0
1.5,0.05,0.03,0.02,0.3289707253902946,0.05,0.47296682157009867,0.02146545520047954,0.47311288250294814,2.2185183339052834,24.02827763724828,81.88627580434637,6.474447926998503,2.218518333905298,24.028277637248287,1
1.5,0.05,0.03,0.02,0.3289707253902946,0.05,0.6183297392455036,0.008320007647937982,0.38179820520658037,1.0380203659494085,79.6797653592782,61.46438248225373,2.21561985804033,1.0380203659494214,79.67976535927822,2
1.5,0.05,0.03,0.02,0.3289707253902946,0.047,0.5305256274205522,0.02050551561133226,0.4695912141035868,0.7108085233310031,78.01507076084523,62.40668067967214,38.23192682347735,0.7108085233317026,-78.01507076084523,3
1.5,0.05,0.03,0.02,0.3289707253902946,0.046,0.50033749740384,0.020228480744645727,0.4996119783543246,3.679011435125646,48.55456445881835,44.098198330757604,40.784373157490336,3.6790114351256724,-48.55456445881835,4
1.5,0.05,0.03,0.02,0.3289707253902946,0.065,0.484331926882807,0.0012098534702717997,0.4843015536856427,0.614667563559993,11.008668508880696,13.578476032949428,59.62384206415979,0.6146675635601583,11.008668508880703,5
1.5,0.05,0.03,0.02,0.3289707253902946,0.057,0.477417022728529,0.01193627908507146,0.477473163390694,0.5336189947400237,29.13518847142275,36.06098464950099,59.019561138605965,0.5336189947410804,-29.13518847142276,6
1.5,0.05,0.03,0.02,0.3289707253902946,0.049,0.5063691930986858,0.014511944228177195,0.49363532094652884,0.11863688358598512,30.572207640330202,5.886866426675107,60.61583709421044,0.11863688358689792,30.572207640330195,7
1.5,0.05,0.03,0.02,0.3289707253902946,0.046,0.43140942043809116,0.0013581643080953375,0.43189990291435754,1.0527610228173274,5.588550888381193,19.261593261744324,47.44846484413742,-1.052761022817452,-5.588550888381219,8
1.5,0.05,0.03,0.02,0.3289707253902946,0.039,0.5308721545123222,0.008063110185963824,0.46911207793354354,3.8366382276079953,38.330822761532296,63.672281254703016,22.95074297176241,-3.836638227608066,38.33082276153231,9
1.5,0.05,0.03,0.02,0.3289707253902946,0.044,0.8322190550132079,0.015708989120450476,0.1678214502657446,3.6756977833203903,43.85232329871101,,8.664258296539955,-3.675697783320324,-43.85232329871102,10
1.5,0.05,0.03,0.02,0.3289707253902946,0.056,0.4971665201585565,0.0010882638649165398,0.49684300211482363,3.673324139153203,7.040750422533498,17.7013659883917,43.33358413727068,3.6733241391533173,-7.0407504225335815,11
1.5,0.05,0.03,0.02,0.3289707253902946,0.059,0.39855155214553395,0.010100760502172183,0.398706021605374,0.2495514476031278,51.45555859996242,61.71050218292281,39.88212042440741,0.24955144760287193,-51.45555859996243,12
1.5,0.05,0.03,0.02,0.3289707253902946,0.056,0.17101346070643625,0.009293582166005312,0.1713720502038032,1.3181306812262332,0.5031034303899157,34.542863687821324,26.54593418705765,-1.3181306812265419,0.5031034303908914,13
1.5,0.05,0.03,0.02,0.3289707253902946,0.049,0.49578719376595004,0.004324183094927843,0.4957447351874958,4.832045406787901,23.373525924876727,29.508151748674813,24.928876840065236,-4.832045406787952,23.373525924876734,14
1.5,0.05,0.03,0.02,0.3289707253902946,0.066,0.2776219590411609,0.013564307846304652,0.27772756618798883,1.5767444844070067,26.913179417946335,9.498257355397746,52.33992571792718,-1.5767444844070955,26.913179417946345,15
1.5,0.05,0.03,0.02,0.3289707253902946,0.051,0.5913033681987908,0.004520370024169099,0.40861074683474125,5.685359728273668,79.98782574052892,,58.08511904243421,5.685359728273632,79.98782574052892,16
1.5,0.05,0.03,0.02,0.3289707253902946,0.046,0.5048516109642831,3.0865816754127374e-05,0.4952063297738663,1.817056154278505,23.166161735846362,12.687943445935058,47.871189184780405,-1.8170561542785735,23.166161735846355,17
1.5,0.05,0.03,0.02,0.3289707253902946,0.04,0.5639578024494807,0.003475471227948365,0.4361802890749854,2.8134483703313253,7.230995833853933,27.70697593229756,6.8957207112218954,2.813448370331479,7.23099583385396,18
1.5,0.05,0.03,0.02,0.3289707253902946,0.047,0.3998221907804702,0.007614495130502559,0.3998531767310598,0.6784787498621353,1.313180724819716,63.88774631925427,60.73791692513803,-0.6784787498623589,-1.313180724819923,19
1.5,0.05,0.03,0.02,0.3289707253902946,0.043,0.20600390613314123,0.018346492319641024,0.2060837564014128,2.9266525104593493,34.46136563268462,68.15286615933744,16.925366949831062,2.9266525104594887,-34.461365632684625,20
1.5,0.05,0.03,0.02,0.3289707253902946,0.053,0.48684647751200416,0.006346087269105479,0.4867156281343161,4.934269099447556,20.32494289634743,20.7996426921545,18.636708744061384,-4.9342690994475875,20.32494289634744,21
1.5,0.05,0.03,0.02,0.3289707253902946,0.047,0.3973034602179672,0.013748706665204133,0.39736001513298363,5.754917556744069,23.21459780555363,41.52666244947339,79.93054519712946,-5.754917556744116,-23.214597805553623,22
1.5,0.05,0.03,0.02,0.3289707253902946,0.053,0.6057117589536994,0.014350095015724321,0.39426602483382706,3.3607877866387157,36.11744505935035,12.304958366834274,36.36893322137259,-3.360787786638817,36.117445059350366,23
1.5,0.05,0.03,0.02,0.3289707253902946,0.054,0.5175717181637299,0.011519045156816102,0.4824662487110214,2.9484424687019772,54.26921685512872,25.822190566197364,1.8146114943530112,2.9484424687020643,54.269216855128725,24
1.5,0.05,0.03,0.02,0.3289707253902946,0.053,0.20048853288215981,0.017591724554037947,0.20051047950386358,3.9507609843729394,35.142386372170776,43.46086466377209,54.06569310268017,-3.9507609843729976,35.1423863721708,25
1.5,0.05,0.03,0.02,0.3289707253902946,0.057,0.7252231745093545,0.008920286680572542,0.27483505433939887,9.103308421698578,84.54531461684171,87.24806116828337,27.604861526082594,9.103308421698562,-84.54531461684171,26
1.5,0.05,0.03,0.02,0.3289707253902946,0.057,0.34778740954843207,0.009053341424580238,0.3477974360712973,0.02245472086326312,9.747846728197743,9.276532198699918,89.02267344232129,0.02245472086341868,9.747846728197747,27
1.5,0.05,0.03,0.02,0.3289707253902946,0.046,0.4872313633751172,0.01748621043009478,0.48735049482580906,1.2376880031864594,45.07138045735578,50.75271027707823,5.7075994814840785,-1.2376880031865862,-45.071380457355794,28
1.5,0.05,0.03,0.02,0.3289707253902946,0.053,0.649674170327545,0.003148534297565425,0.3503826782992099,3.339605902281752,25.505726345765122,,83.31502603723322,3.3396059022818694,25.505726345765126,29
1.5,0.05,0.03,0.02,0.3289707253902946,0.053,0.24796997380812846,0.008042857948668831,0.24814478954929028,2.5420279772161436,5.537546632264132,11.329837390384867,30.8818784140816,2.5420279772161534,-5.537546632264127,30
1.5,0.05,0.03,0.02,0.3289707253902946,0.046,0.6219917695785875,0.021175480772625897,0.3780944550075839,0.4860678246025372,11.673361517955362,87.96871784493331,14.991318327613275,0.48606782460305187,11.673361517955401,31
1.5,0.05,0.03,0.02,0.3289707253902946,0.056,0.4420839428028588,0.01863900009204473,0.4420641222079799,1.503846697356029,10.507644647124799,84.92667394875326,38.982337534712855,-1.5038466973560527,10.5076446471248,32
1.5,0.05,0.03,0.02,0.3289707253902946,0.059,0.63191204623582,0.019737073875144503,0.36814562296788417,1.9684059700725445,52.319194853714,55.85900036298082,67.57142625112884,1.9684059700727734,-52.31919485371401,33
1.5,0.05,0.03,0.02,0.3289707253902946,0.058,0.500409459352,0.02073109782373606,0.4996200494519768,0.27058222259216885,74.12788228968041,38.323790932908594,15.474718443364045,0.2705822225925498,74.12788228968041,34
1.5,0.05,0.03,0.02,0.3289707253902946,0.065,0.4287417495187964,0.018614074146099915,0.4287574374269874,0.15687485395300288,70.74496409367147,57.88404178894296,61.93000319576398,-0.1568748539546957,70.74496409367147,35
1.5,0.05,0.03,0.02,0.3289707253902946,0.05,0.6847428928827128,0.007374666466872713,0.315989295955641,1.7330629594505773,0.3415080870311027,,63.030755132558475,1.7330629594507168,0.34150808703180435,36
1.5,0.05,0.03,0.02,0.3289707253902946,0.05,0.4737742876095137,0.015572615142480994,0.47381901071301363,0.5805303725105705,58.13585791944545,76.8302453584121,66.2904246333479,0.5805303725105174,-58.13585791944546,37
1.5,0.05,0.03,0.02,0.3289707253902946,0.052,0.49154671036198977,0.0010943381690760624,0.4914179356491558,0.8927298074675449,1.9185407505668164,9.762934843755314,59.54168053054269,0.8927298074680731,-1.9185407505668295,38
1.5,0.05,0.03,0.02,0.3289707253902946,0.054,0.46613290012169306,0.005650591113579156,0.4661764305511557,0.8150999191794982,1.6277066802073576,14.182208970344247,56.74888161460068,0.8150999191793522,1.627706680207264,39
1.5,0.05,0.03,0.02,0.3289707253902946,0.051,0.6013692901527388,0.0032221401488194473,0.3987552902058321,2.1938737007876576,12.963060523519777,,11.311350112451024,-2.193873700787665,12.963060523519813,40
1.5,0.05,0.03,0.02,0.3289707253902946,0.052,0.49853874422488037,0.006333865343937261,0.49855025231430633,0.23666050539868805,6.549983470390801,21.823777166397186,22.621778855506193,-0.23666050539994452,-6.549983470390789,41
1.5,0.05,0.03,0.02,0.3289707253902946,0.065,0.4986774880906099,0.021238465133244153,0.4986401827090309,3.4960973884822666,31.91675567483976,76.34208100333119,48.17611220239005,3.4960973884823536,-31.916755674839788,42
1.5,0.05,0.03,0.02,0.3289707253902946,0.047,0.488737266292177,0.006929401095902115,0.4887229952214671,6.2659185026589865,21.70255559414431,5.14709103086394,58.85594892488534,6.265918502659056,-21.702555594144307,43
1.5,0.05,0.03,0.02,0.3289707253902946,0.049,0.46619676973570107,0.005021395746220866,0.46632547586582135,2.887716926991829,0.7398916990804612,14.637466087292967,86.28441304295332,-2.8877169269920073,0.7398916990809324,44
1.5,0.05,0.03,0.02,0.3289707253902946,0.039,0.3622135790359189,0.02451925064049717,0.3623353754911308,5.18288088663257,49.469562646750894,9.478127937307567,4.061630432768963,-5.182880886632686,49.4695626467509,45
1.5,0.05,0.03,0.02,0.3289707253902946,0.053,0.7077468124941758,0.0192770826957488,0.29240636470137427,2.1674423184258087,77.28525809382383,41.478192200927296,11.61117886849822,2.1674423184257443,-77.28525809382383,46
1.5,0.05,0.03,0.02,0.3289707253902946,0.059,0.4767164708534112,0.018878322839081536,0.4767892528697536,0.03520732467426628,50.00379479923966,7.910385733582948,13.718975614832585,-0.03520732467959231,-50.003794799239664,47
1.5,0.05,0.03,0.02,0.3289707253902946,0.055,0.6027131025650855,0.009603055827248012,0.39752525036390274,1.1584448011165895,2.988647485488585,67.23703788125712,56.711402967038644,1.1584448011169028,-2.9886474854886114,48
1.5,0.05,0.03,0.02,0.3289707253902946,0.061,0.8042637611144726,0.015627111565636998,0.19578065209275947,3.255145070873815,48.41417616633852,,33.62251666452285,-3.2551450708738474,-48.41417616633853,49
1.5,0.05,0.03,0.02,0.3289707253902946,0.042,0.5049334975894072,0.020192785788621673,0.49515205772640725,1.3784910517838103,6.3791169942280295,2.983684973589429,1.656819616831774,-1.3784910517842446,6.379116994228051,50
1.5,0.05,0.03,0.02,0.3289707253902946,0.056,0.5616376355374716,0.003305054579569818,0.4385871761010715,0.7169283042673182,57.17983270976829,81.65590412213804,42.40453830699636,-0.7169283042680668,57.17983270976829,51
1.5,0.05,0.03,0.02,0.3289707253902946,0.043,0.7358512192074615,0.005041741768111328,0.2640548858651086,4.180090371801774,24.767285936872437,,50.403630698910234,4.18009037180185,24.767285936872454,52
1.5,0.05,0.03,0.02,0.3289707253902946,0.064,0.2654841050842422,0.020580899122470308,0.2654916763163614,1.0611906767980321,1.6249523547733538,1.463075538861779,25.746156449742763,-1.0611906767981123,-1.624952354773366,53
1.5,0.05,0.03,0.02,0.3289707253902946,0.052,0.5606460364450208,0.01635649371628515,0.439380311837344,2.2951673248955506,10.110479017414827,22.248968601069,7.379705256487502,2.295167324895634,-10.110479017414812,54
1.5,0.05,0.03,0.02,0.3289707253902946,0.036,0.855477119937943,0.002553824719194034,0.14521283212496375,3.8345841083102776,33.64404720882175,,40.77144663016527,3.8345841083104917,33.64404720882176,55
1.5,0.05,0.03,0.02,0.3289707253902946,0.044,0.4697728464723027,0.01760091257036175,0.4697800531448446,1.6623939352823924,18.210852730632958,53.71401367271022,5.546148226625933,-1.6623939352825625,-18.21085273063298,56
1.5,0.05,0.03,0.02,0.3289707253902946,0.049,0.37345717608930956,0.001315166864872584,0.3734249831130594,4.349228034525077,68.20746292718894,,63.48976028741221,-4.349228034525191,-68.20746292718894,57
1.5,0.05,0.03,0.02,0.3289707253902946,0.045,0.48480766066775033,0.000832361047287285,0.4849357429970409,5.545084343049338,6.017458891263069,7.366778842782342,3.8455727167727773,-5.545084343049383,-6.017458891263146,58
1.5,0.05,0.03,0.02,0.3289707253902946,0.055,0.25582043203608673,0.0028936382884198414,0.25601982090875275,3.9163506233709366,60.307064936794475,33.2591578745665,49.329373508302446,3.9163506233710033,60.307064936794475,59
1.5,0.05,0.03,0.02,0.3289707253902946,0.044,0.45921199203656415,0.00034537010979433303,0.4593349893307183,2.2046158179769484,10.601803811366109,32.970680811844645,30.136995243326947,-2.20461581797697,-10.601803811366116,60
1.5,0.05,0.03,0.02,0.3289707253902946,0.057,0.4895426190894475,0.0019954127473324965,0.489542467897334,0.6404105557359142,67.36874154046077,10.62628884345477,16.038802216443436,0.6404105557357034,-67.36874154046077,61
1.5,0.05,0.03,0.02,0.3289707253902946,0.069,0.2654671333471691,0.016756358249903246,0.2655286692245531,5.122985838182334,14.76818294093315,8.448832252397075,88.22607600690792,-5.122985838182348,14.76818294093316,62
1.5,0.05,0.03,0.02,0.3289707253902946,0.052,0.770923315130478,0.02596748430292766,0.2293350612884075,7.568078818228968,17.905876403732748,5.645176003604178,66.34258809342225,7.568078818228949,-17.90587640373276,63
1.5,0.05,0.03,0.02,0.3289707253902946,0.039,0.5337802584223102,0.0021063876327034187,0.46627641451445195,0.19329446368822256,43.38671563879754,4.761332921692942,9.010621602658421,0.19329446369043474,43.38671563879754,64
1.5,0.05,0.03,0.02,0.3289707253902946,0.036,0.5017423630148924,0.019765323405431752,0.4982841322228656,5.061554783762479,26.08650084749794,10.22348340808303,18.13598449697652,-5.0615547837625865,-26.08650084749796,65
1.5,0.05,0.03,0.02,0.3289707253902946,0.036,0.4230549011066503,0.003691010717873152,0.42302390750330693,6.8912013423196985,10.84866612761908,13.943351812199042,63.63740146291778,6.891201342319719,10.848666127619136,66
1.5,0.05,0.03,0.02,0.3289707253902946,0.044,0.4705700979091838,0.01009694303584363,0.4707694676446754,1.1420030631265732,10.233304919181679,25.157654946280424,89.06329874672393,-1.1420030631268974,-10.233304919181686,67
1.5,0.05,0.03,0.02,0.3289707253902946,0.048,0.5291284704072182,0.011663612046034959,0.4708606666713568,2.0407564446862,45.18368100572528,88.39951925859256,49.151880203069034,-2.040756444686405,45.18368100572528,68
1.5,0.05,0.03,0.02,0.3289707253902946,0.046,0.3606037949004733,0.0037932350272729155,0.360649727430992,1.4923174981672995,0.3704134687171484,37.27065973698515,74.1989072363687,1.4923174981675609,-0.37041346871800096,69
1.5,0.05,0.03,0.02,0.3289707253902946,0.046,0.46787356157632654,0.006666598824818615,0.4679827960604246,1.901564217404789,9.924184409912577,22.01138080834058,73.80201572462659,-1.9015642174047132,-9.92418440991259,70
1.5,0.05,0.03,0.02,0.3289707253902946,0.065,0.4252248617354046,0.018068706120157513,0.42535233353539387,1.8436867603331584,52.60448258841985,57.641332394768376,55.70533660737602,-1.8436867603333202,-52.604482588419856,71
1.5,0.05,0.03,0.02,0.3289707253902946,0.058,0.5807346101345815,0.022429986559161456,0.4197070483637266,4.4099526437828205,34.82710756632153,56.74169799775443,6.922295882616677,4.409952643782811,-34.82710756632152,72
1.5,0.05,0.03,0.02,0.3289707253902946,0.043,0.34510878271061973,0.02376559204248564,0.3454594618715083,1.103769430799572,32.56550143669714,52.93751569311739,39.385829060241605,-1.103769430799634,-32.56550143669713,73
1.5,0.05,0.03,0.02,0.3289707253902946,0.046,0.5751373081496207,0.0034974131414118323,0.4254252618551311,4.612874796901127,8.493561653467697,34.665532808141336,46.695568692935105,4.612874796901205,-8.493561653467726,74
1.5,0.05,0.03,0.02,0.3289707253902946,0.064,0.5025684075592319,0.018558803733697782,0.497426229491916,0.9989692972287094,4.823017792948575,86.27461338630964,38.437994142891604,0.998969297228741,4.8230177929485665,75
1.5,0.05,0.03,0.02,0.3289707253902946,0.054,0.46114759756535056,0.003932680275404362,0.4613705109842808,1.7909167549518619,0.07620070493943862,11.139366728866568,82.98180059052106,-1.7909167549519418,0.07620070494022901,76
1.5,0.05,0.03,0.02,0.3289707253902946,0.035,0.6540658272570528,0.004837529043580216,0.34614128644450337,1.379256365797033,4.65176471348289,,61.304074497351166,1.3792563657972585,4.65176471348297,77
1.5,0.05,0.03,0.02,0.3289707253902946,0.041,0.4976310409973313,0.019235359290222694,0.4976475685628737,0.9937093713559136,79.33326333542402,54.99631506561801,68.33415117304429,0.9937093713560793,-79.33326333542402,78
1.5,0.05,0.03,0.02,0.3289707253902946,0.042,0.33532433199342687,0.008477256239346545,0.3358638651626294,4.8374122373449095,20.289684703980942,34.86057241259203,17.929852452329207,-4.83741223734502,20.289684703980953,79
1.5,0.05,0.03,0.02,0.3289707253902946,0.047,0.5075081382896176,0.00359333087941,0.49248889744772584,1.2038901402011586,3.5105720626918258,1.0216234749789097,58.84521963225368,-1.2038901402010236,-3.510572062691835,80
1.5,0.05,0.03,0.02,0.3289707253902946,0.051,0.23036637787820724,0.014417406709316627,0.23049720308624927,0.863088724837959,6.464277439867234,25.98461569298172,68.17912070434998,0.8630887248379032,-6.464277439867229,81
1.5,0.05,0.03,0.02,0.3289707253902946,0.053,0.41989500490275106,0.018199536940837202,0.4200017197267143,3.7228751709147803,79.06156617985623,53.53328797071364,80.12042375682621,3.7228751709149144,79.06156617985623,82
1.5,0.05,0.03,0.02,0.3289707253902946,0.041,0.469315477597982,0.004007425074152282,0.4692561221402179,8.965976538152585,49.53844678293632,38.64586237245503,47.59784362424351,8.965976538152665,49.53844678293632,83
1.5,0.05,0.03,0.02,0.3289707253902946,0.052,0.5491697138044973,0.001049403088678432,0.4510279958586049,2.0325232579144,20.383361591599414,23.64481323251186,48.489294339665676,-2.032523257914419,20.383361591599414,84
1.5,0.05,0.03,0.02,0.3289707253902946,0.044,0.4490136058917219,0.002960239597024253,0.4492699630648338,4.952872222671288,9.74094523847156,15.824296594385737,32.873684930667004,4.952872222671271,9.740945238471587,85
1.5,0.05,0.03,0.02,0.3289707253902946,0.067,0.546382540069737,0.0025802229782405364,0.4536349519245273,3.8206637697653503,22.948844269639167,27.257370868084653,3.3920175440986946,3.8206637697654964,22.94884426963918,86
1.5,0.05,0.03,0.02,0.3289707253902946,0.053,0.2752689771842719,0.002970390493918529,0.2753506841399838,0.19442981098516357,1.6832065729466028,5.42661406863117,56.96591976130541,0.19442981098715087,-1.6832065729465522,87
1.5,0.05,0.03,0.02,0.3289707253902946,0.061,0.6945527087598281,0.024376599715513085,0.30560552555630127,0.38986560094220246,61.12639765170835,67.91955325086148,4.206323088112945,-0.3898656009428436,-61.12639765170835,88
1.5,0.05,0.03,0.02,0.3289707253902946,0.052,0.41165484172036615,0.006056965291311412,0.4118113704119172,4.819493317584597,24.781026152254487,15.134873708754805,69.28926029923095,4.819493317584685,24.7810261522545,89
1.5,0.05,0.03,0.02,0.3289707253902946,0.052,0.4869203373760428,0.018616275361815274,0.48695972074513294,0.928265528725356,32.88098288051294,26.435265299313922,83.38358794341842,-0.928265528725279,-32.880982880512946,90
1.5,0.05,0.03,0.02,0.3289707253902946,0.048,0.5901049496979838,0.011671504813416325,0.40989483915598784,1.844594080849379,11.379077225350347,29.905351500556115,7.2207523592426375,1.844594080849631,-11.379077225350331,91
1.5,0.05,0.03,0.02,0.3289707253902946,0.059,0.4908472452802764,0.015184497791156236,0.49088749915943175,1.007781709217435,9.272374017875315,80.36430590509845,5.333079870118673,1.007781709217459,-9.272374017875302,92
1.5,0.05,0.03,0.02,0.3289707253902946,0.062,0.6557006130265405,0.0058040531833955765,0.3445213910218247,5.4405472912602075,65.08346045742785,,52.991244754536886,5.440547291260211,-65.08346045742785,93
1.5,0.05,0.03,0.02,0.3289707253902946,0.044,0.3727372776505151,0.02264557214749323,0.37293605856980727,3.12457284852508,4.384086246989113,16.546396944603835,70.03440553170879,3.124572848525168,-4.384086246989225,94
1.5,0.05,0.03,0.02,0.3289707253902946,0.056,0.4929438099983121,0.023804235398783402,0.4930928866508404,3.076336908326204,55.05909871293633,67.31130843740388,50.13408408228521,3.076336908326254,-55.05909871293633,95
1.5,0.05,0.03,0.02,0.3289707253902946,0.047,0.4407546953947833,0.0057844478954984626,0.4410742476198299,0.9723375759818439,15.243106397993854,27.348151774799234,78.70839663560562,0.9723375759820597,15.243106397993854,96
1.5,0.05,0.03,0.02,0.3289707253902946,0.05,0.38533949946068013,0.01458605970235162,0.38536485508876933,0.4558719990648224,27.24204645077459,23.35718668621406,77.16525544471025,0.4558719990650642,27.24204645077459,97
1.5,0.05,0.03,0.02,0.3289707253902946,0.051,0.4894883382936388,0.015485969562441661,0.4894380464149525,0.12034509375325816,27.007868197015153,55.33258792202319,9.93668056038583,-0.12034509375381658,27.007868197015164,98
1.5,0.05,0.03,0.02,0.3289707253902946,0.044,0.5007939166655644,0.019874840299840293,0.4992879832890278,2.267539415323853,62.73935045032965,87.54829802746403,17.13851500684589,-2.2675394153239887,-62.73935045032965,99
1.5,0.05,0.03,0.02,0.3289707253902946,0.036,0.5035351666947983,0.017455277743624972,0.49653438674561917,3.53352863565143,5.437439513749751,15.97424362164282,14.076159701136286,-3.533528635651472,-5.437439513749766,100
1.5,0.05,0.03,0.02,0.3289707253902946,0.038,0.577703970470267,0.0029056728258321698,0.42283274798608406,6.148977575567433,5.263583808282559,8.437115802335377,82.5118719776557,-6.148977575567452,5.263583808282503,101
1.5,0.05,0.03,0.02,0.3289707253902946,0.043,0.3241782229042279,0.025415946960834043,0.32430275127291086,1.3238125027735568,79.11217679743314,79.19706631622591,12.77422846684664,1.3238125027736292,-79.11217679743314,102
1.5,0.05,0.03,0.02,0.3289707253902946,0.045,0.8504932611536437,0.010098519344788866,0.14965462680927627,0.13107518480613484,24.855261755478107,,31.894279994058614,-0.13107518480863053,-24.855261755478118,103
1.5,0.05,0.03,0.02,0.3289707253902946,0.057,0.31344511168626904,0.00917954708090032,0.31343220896207324,0.7433232679271119,25.801251853260485,49.406667377314804,8.835042851924294,0.743323267927421,25.80125185326048,104
1.5,0.05,0.03,0.02,0.3289707253902946,0.047,0.511383908632771,0.023948650882899138,0.48879181821792284,2.9653480543509536,55.689922134402295,42.86590668744851,62.93491804611611,2.965348054351084,-55.6899221344023,105
1.5,0.05,0.03,0.02,0.3289707253902946,0.045,0.607259011256372,0.004678379260201747,0.3927371832856453,1.142802323436111,13.793797746853997,,26.10577705405228,1.142802323436428,13.793797746854041,106
1.5,0.05,0.03,0.02,0.3289707253902946,0.039,0.5881976086935062,0.005512535005432584,0.4118791843823795,11.34393341632605,19.381319117377124,4.807309629400925,8.762097453546229,-11.343933416326038,-19.38131911737714,107
1.5,0.05,0.03,0.02,0.3289707253902946,0.056,0.45413316509721807,0.02117045460537447,0.45424761227443117,2.373064536390867,19.19699708565289,9.678476038519769,70.47386951730748,2.3730645363907845,-19.19699708565289,108
1.5,0.05,0.03,0.02,0.3289707253902946,0.049,0.4799938195471169,0.012967930655175167,0.47998619278617094,1.4399707525230883,1.080600296175351,32.406358570247995,3.974384249777145,-1.4399707525230263,1.0806002961752967,109
1.5,0.05,0.03,0.02,0.3289707253902946,0.058,0.41077132502231756,0.016017684572824757,0.4108220172887735,4.417875125560756,46.533540836621974,42.527155757203765,3.0991239313768437,-4.4178751255607205,46.53354083662198,110
1.5,0.05,0.03,0.02,0.3289707253902946,0.047,0.4489762246321644,0.002981924221144172,0.4490419167513828,0.8024078090223284,22.465192797108152,23.41873260627453,42.85533996958671,0.8024078090224235,22.465192797108173,111
1.5,0.05,0.03,0.02,0.3289707253902946,0.061,0.49161769842921726,0.018237238973774147,0.49166056734436947,1.4085832030735024,2.6088516832717974,0.6044322657026975,63.35965509976811,-1.4085832030735566,-2.6088516832719093,112
1.5,0.05,0.03,0.02,0.3289707253902946,0.052,0.6855054709279642,0.006374188194587455,0.3147220836134108,0.15727374328230573,10.091818631468808,,54.76549733497511,0.15727374328284446,10.091818631468842,113
1.5,0.05,0.03,0.02,0.3289707253902946,0.039,0.4934636279555891,0.02028492194401865,0.49355107784016555,2.421282842537802,67.16556971602198,33.38996663907431,21.25177972664027,2.4212828425378286,-67.16556971602198,114
1.5,0.05,0.03,0.02,0.3289707253902946,0.045,0.6346305730135703,0.015519051510193435,0.365393232808842,8.0486470371991,13.423426529460855,55.65008737563928,0.7760773671077358,-8.048647037199151,-13.423426529460874,115
1.5,0.05,0.03,0.02,0.3289707253902946,0.048,0.3647406053057957,0.02299701635451675,0.3647976759970799,12.651618177931553,33.65789158281496,1.8839080496683662,60.96002107811501,12.65161817793158,33.657891582814976,116
1.5,0.05,0.03,0.02,0.3289707253902946,0.052,0.7415907784363119,0.0037299458738938524,0.2584423508344682,8.267255398923774,16.56310241874235,,29.361826050685764,8.267255398923831,16.563102418742368,117
1.5,0.05,0.03,0.02,0.3289707253902946,0.059,0.5079363464354745,0.017197577350859826,0.492133119780585,2.624679795062794,60.03666839502228,76.61596188576166,3.415959010118966,-2.6246797950629657,-60.036668395022296,118
1.5,0.05,0.03,0.02,0.3289707253902946,0.04,0.7794503562373506,0.004447185693407845,0.22059610112549916,3.439976680013083,14.603113407621029,,57.4524675231936,-3.4399766800131166,-14.603113407621038,119
1.5,0.05,0.03,0.02,0.3289707253902946,0.049,0.21188575162509685,0.007422298644543531,0.21220052769253983,6.454205756682168,14.089549413370069,,45.625217717950775,-6.454205756682238,14.0895494133701,120
1.5,0.05,0.03,0.02,0.3289707253902946,0.054,0.545021967959502,0.004357597180391768,0.45506882122734693,2.173309631012857,9.057619521598026,5.162806471071374,5.172691430605384,-2.173309631012905,9.057619521598028,121
1.5,0.05,0.03,0.02,0.3289707253902946,0.047,0.44509415267695124,0.013437260390088225,0.44531621954983336,2.096318198356358,18.07585724263248,19.559654807068128,31.007714102093882,2.0963181983566117,18.075857242632523,122
1.5,0.05,0.03,0.02,0.3289707253902946,0.058,0.5252790875249405,0.0028865956664026414,0.47495492809065987,2.131902195702846,3.952326794145494,4.992594163958148,27.428333798817572,2.1319021957030135,-3.9523267941455957,123
1.5,0.05,0.03,0.02,0.3289707253902946,0.047,0.3730275701316758,0.004404006139956366,0.37303498792533046,3.070959199592218,5.499613338739625,,78.13057990676754,-3.0709591995923144,5.499613338739619,124
1.5,0.05,0.03,0.02,0.3289707253902946,0.05,0.5191726962994577,0.00827373457359902,0.48079029993536415,1.1055857218024883,7.652884497061945,26.272061927393175,45.81171280049383,-1.1055857218027798,-7.652884497061979,125
1.5,0.05,0.03,0.02,0.3289707253902946,0.05,0.6751781522017896,0.0009716889998080826,0.3262046412246458,2.4508986954870213,4.401233484347953,,24.610724926979998,2.450898695486992,4.4012334843479435,126
1.5,0.05,0.03,0.02,0.3289707253902946,0.05,0.5002858155529764,0.00431608774709409,0.49976450788690563,3.2154824782239735,39.7346445982864,3.2101685314005945,5.676227015229728,3.215482478224088,39.73464459828642,127
1.5,0.05,0.03,0.02,0.3289707253902946,0.046,0.4034704720189843,0.01759634359366672,0.4035118014666212,5.035256397380573,10.867846712605227,33.853475637421624,31.282379842687458,5.035256397380575,10.867846712605223,128
1.5,0.05,0.03,0.02,0.3289707253902946,0.038,0.7878118139238757,0.004865471488436598,0.21294560700645593,1.2957986078543906,3.4519710887448665,,58.316059277463374,1.2957986078545423,3.45197108874494,129
1.5,0.05,0.03,0.02,0.3289707253902946,0.052,0.4984255924397756,0.010329822435403473,0.4984507071061252,3.3423685210461827,32.0757203168932,22.4089379634025,72.30505448968631,-3.342368521046388,-32.075720316893204,130
1.5,0.05,0.03,0.02,0.3289707253902946,0.05,0.504550560646627,0.02039332018880563,0.4954723713190483,3.1947454253885104,42.80520427864579,23.49079411305016,6.439243665816381,3.1947454253886676,-42.80520427864579,131
1.5,0.05,0.03,0.02,0.3289707253902946,0.06,0.38789581430083825,0.016385419813709137,0.3879610078462953,4.626591321872015,24.844192351841485,31.307374772479097,77.68447991960117,4.626591321872015,24.844192351841503,132
1.5,0.05,0.03,0.02,0.3289707253902946,0.043,0.41768100466567387,0.01597179591444959,0.4177549349519826,6.199856269070387,7.521743783080271,81.17935099185927,22.97124097954653,6.199856269070366,-7.521743783080254,133
1.5,0.05,0.03,0.02,0.3289707253902946,0.047,0.47770282017181376,0.006778054144859722,0.477679901177592,5.8637375557073685,2.688913543686439,17.409382929921073,3.1287598440387203,5.86373755570746,-2.6889135436866147,134
1.5,0.05,0.03,0.02,0.3289707253902946,0.056,0.8591579658406172,0.004093354231083481,0.1403795620472451,1.3995460094909624,23.522730839072405,,79.7842862932893,1.3995460094910843,-23.522730839072427,135
1.5,0.05,0.03,0.02,0.3289707253902946,0.053,0.7353525905619765,0.01815370579908794,0.26469813356304284,5.049453983590689,14.706941836507673,21.29319565361113,88.80869758107853,-5.04945398359075,14.706941836507673,136
1.5,0.05,0.03,0.02,0.3289707253902946,0.065,0.41588370748148634,0.009012873956121784,0.4160225180587098,0.4580286037497083,88.52206175582758,6.068741501668586,11.908830391322299,-0.4580286037497176,88.52206175582758,137
1.5,0.05,0.03,0.02,0.3289707253902946,0.052,0.9018756026820284,0.00923484652693254,0.09931541880932004,1.1696771549831664,9.942701508206689,,44.55913256399652,-1.1696771549835343,-9.942701508206719,138
1.5,0.05,0.03,0.02,0.3289707253902946,0.051,0.4131653455573764,0.012064018404763588,0.4131844516710135,1.8642093731978846,32.24743587726726,30.603229800342987,65.32627490834543,-1.8642093731980827,-32.24743587726726,139
1.5,0.05,0.03,0.02,0.3289707253902946,0.063,0.5880487259345134,0.023884183986266024,0.41240200947079814,1.441214869476262,43.520644355200105,82.38588021259015,1.2636284628972814,1.441214869476277,43.52064435520011,140
1.5,0.05,0.03,0.02,0.3289707253902946,0.061,0.4690520640933177,0.012016372250082247,0.46924440440292337,3.2680800741908334,28.85885448404175,15.71448199592662,20.289134910971796,-3.268080074190909,28.858854484041764,141
1.5,0.05,0.03,0.02,0.3289707253902946,0.06,0.4493463299598456,0.009732529997080052,0.44945270886111716,6.038497855383112,5.854491739623683,67.79472214907405,30.121416558473243,-6.038497855383133,-5.85449173962375,142
1.5,0.05,0.03,0.02,0.3289707253902946,0.043,0.5415171708084674,0.01257755617748086,0.4587060151173416,6.167365447514254,86.73433840331768,32.8180589364766,50.037447804809084,6.1673654475143636,-86.73433840331768,143
1.5,0.05,0.03,0.02,0.3289707253902946,0.045,0.3459607867963291,0.011038833440472937,0.3459502451357729,1.3955133444224472,9.247538354387066,41.62565682743405,17.62864699261477,-1.3955133444224908,-9.24753835438712,144
1.5,0.05,0.03,0.02,0.3289707253902946,0.057,0.48837968192717507,0.0002950544565426029,0.4882294052004799,0.31124549084457226,1.993477568695978,6.5899535854773434,42.308284972358074,-0.31124549084570574,-1.9934775686963024,145
1.5,0.05,0.03,0.02,0.3289707253902946,0.057,0.5139990388194631,0.021081685891746367,0.4860745575064528,0.6360852325884798,40.34657684128075,64.2915005697477,4.696469170993252,-0.6360852325887625,40.34657684128075,146
1.5,0.05,0.03,0.02,0.3289707253902946,0.046,0.5939539668917407,0.017593873101970338,0.40608768977438264,4.861602499974731,31.03773047323002,6.216394829241741,27.063683323408,4.8616024999747625,31.03773047323002,147
1.5,0.05,0.03,0.02,0.3289707253902946,0.056,0.4717815649555596,0.008045741723615042,0.4717607297659001,5.31716946136615,17.061244513222864,68.84223191639033,50.17769244969748,5.317169461366213,17.0612445132229,148
1.5,0.05,0.03,0.02,0.3289707253902946,0.062,0.13249645445281874,0.019919055789479192,0.13256667460486685,3.330229347792867,18.811809713983113,17.57273529180795,45.58748583369077,-3.3302293477928377,-18.8118097139831,149
1.5,0.05,0.03,0.02,0.3289707253902946,0.06,0.5046514033374617,0.019926276549234144,0.49537990882092364,1.2333327710083626,20.81423754879526,72.03355780097877,39.86891253104614,-1.2333327710085997,20.814237548795276,150
1.5,0.05,0.03,0.02,0.3289707253902946,0.051,0.7119362595057576,0.017124098605206303,0.28811145391015863,2.9957440533350312,3.9746300483977843,9.157268169405835,44.342768438782706,2.995744053335248,-3.9746300483978407,151
1.5,0.05,0.03,0.02,0.3289707253902946,0.041,0.7247868966899733,0.015383199429244505,0.2753686014053475,5.480794500589951,80.86691637179953,,33.507000385386725,5.480794500589953,-80.86691637179953,152
1.5,0.05,0.03,0.02,0.3289707253902946,0.067,0.5034441122402417,0.018812164919727592,0.4966369956784546,2.037950314884514,66.71082903344099,9.09475049335702,21.347489288035735,-2.0379503148847427,-66.71082903344099,153
1.5,0.05,0.03,0.02,0.3289707253902946,0.064,0.4227830165359287,0.0031138236598015423,0.4229541338964654,0.9854946122782805,28.366346272444567,19.8081808459865,65.56874528577936,-0.9854946122786135,-28.366346272444577,154
1.5,0.05,0.03,0.02,0.3289707253902946,0.058,0.5025775759985857,0.02444972183936469,0.4974619224767073,1.9130365623904204,74.59892118028162,77.54589855019647,58.87081876349036,-1.9130365623907835,74.59892118028162,155
1.5,0.05,0.03,0.02,0.3289707253902946,0.047,0.38894132331842407,0.0056056812210304886,0.38915066436017476,1.7474170962598137,11.818475750679347,38.05576471888187,89.87297154642708,-1.747417096259864,-11.818475750679353,156
1.5,0.05,0.03,0.02,0.3289707253902946,0.058,0.42055278321757816,0.01982212060150382,0.42063918929278626,2.9940902049746585,42.4796656779139,36.1714854251164,0.39969517383135544,-2.994090204974724,42.47966567791391,157
1.5,0.05,0.03,0.02,0.3289707253902946,0.044,0.4893636729034974,0.005081059990358843,0.48940273627995434,0.04597506221265888,0.5095986264932326,2.7982643358886232,30.83040410363201,0.04597506221404278,-0.5095986264937846,158
1.5,0.05,0.03,0.02,0.3289707253902946,0.067,0.4710898463728359,0.008636536997772382,0.47109963206110994,1.5779932346968981,1.8318201893044388,26.490221775489843,10.70914977134569,-1.577993234696964,1.8318201893046933,159
1.5,0.05,0.03,0.02,0.3289707253902946,0.06,0.8608583937029292,0.0225295284690674,0.13920345877598955,4.741117773334919,43.5827959895122,67.1158754625295,32.046432202687726,-4.74111777333499,43.58279598951221,160
1.5,0.05,0.03,0.02,0.3289707253902946,0.052,0.5819244014537642,0.00011188070902976905,0.4183833482415144,5.080180079374217,14.935930566903473,8.595370110218294,7.105314747447572,-5.080180079374312,-14.935930566903485,161
1.5,0.05,0.03,0.02,0.3289707253902946,0.061,0.4153003321287241,0.023858057329883595,0.41533795850094835,4.480205551328984,40.711307050481025,1.6909501933184552,47.4040635095178,4.4802055513289805,40.71130705048103,162
1.5,0.05,0.03,0.02,0.3289707253902946,0.053,0.5150617279121023,0.009503926707531578,0.4852643942580193,5.637923775174143,76.78534232376151,71.20653584921091,54.08775356777537,-5.6379237751741815,76.78534232376151,163
1.5,0.05,0.03,0.02,0.3289707253902946,0.035,0.5762287320153386,0.0020073922984395584,0.4238524508508077,1.6969473860133004,1.7035330685403995,12.134408637499877,19.988247352541386,-1.696947386013294,1.7035330685405148,164
1.5,0.05,0.03,0.02,0.3289707253902946,0.045,0.49045821242885373,0.006623984860230395,0.490349742448215,2.1341828053698286,20.497214428764373,79.36605926977789,82.53468935293483,2.1341828053698566,-20.497214428764376,165
1.5,0.05,0.03,0.02,0.3289707253902946,0.056,0.41845075531150133,0.02099892792708316,0.41850660251927346,2.0199481947550564,29.415705754692507,42.437579893694505,85.27725874731378,-2.0199481947553486,-29.415705754692514,166
1.5,0.05,0.03,0.02,0.3289707253902946,0.055,0.5831190227826756,0.022084456911831606,0.41709842957746907,7.960709189095035,2.54721787590205,11.723565728966642,7.749051913023734,7.960709189095073,2.54721787590222,167
1.5,0.05,0.03,0.02,0.3289707253902946,0.056,0.488684142745362,0.007657463958798773,0.48869534422748817,0.10040955159824698,10.41213093653191,29.035467430989474,27.730496149207397,-0.10040955160002939,10.412130936531874,168
1.5,0.05,0.03,0.02,0.3289707253902946,0.051,0.4485065364417353,0.008064665596134396,0.44882270059030754,1.6784130066578433,6.774626781314654,20.61543480027562,12.128221253778156,-1.6784130066578193,-6.774626781314709,169
1.5,0.05,0.03,0.02,0.3289707253902946,0.048,0.46687774183541164,0.0009926564339547924,0.46731948503794457,3.3295467071569567,16.887330117094383,5.475141424685036,1.1125578068164608,3.3295467071570206,16.88733011709438,170
1.5,0.05,0.03,0.02,0.3289707253902946,0.048,0.702303356927444,0.011324358172561493,0.29774611600074397,1.9242301760362646,18.692971479668692,26.86387557208236,18.42556889218838,-1.9242301760363318,-18.692971479668696,171
1.5,0.05,0.03,0.02,0.3289707253902946,0.04,0.5154847712792564,0.00496170775533542,0.48457047002934645,0.20448670837577265,33.407192084570084,53.98706648350485,10.843788555007258,0.20448670837667285,-33.4071920845701,172
1.5,0.05,0.03,0.02,0.3289707253902946,0.047,0.4982570280632035,0.002481734704533756,0.49825450418340383,2.906841057912887,28.86612146553961,45.0950528406993,67.31742590151666,-2.9068410579130064,-28.866121465539617,173
1.5,0.05,0.03,0.02,0.3289707253902946,0.044,0.3915677650170778,0.014879571665622848,0.391609153643454,2.564775349628238,17.47723057669361,35.38336793853985,50.6500741748396,2.564775349628386,17.47723057669362,174
1.5,0.05,0.03,0.02,0.3289707253902946,0.06,0.20464910826471946,0.0029369829837589422,0.2053227029255863,3.853546586970647,13.718055041727794,33.114249454237296,85.29648923890001,-3.8535465869708125,13.718055041727828,175
1.5,0.05,0.03,0.02,0.3289707253902946,0.048,0.29584359477175814,0.00815099576556716,0.29586818536564186,2.5557042828743914,77.4965862676991,77.81633044580595,43.673653422504565,-2.5557042828744216,-77.4965862676991,176
1.5,0.05,0.03,0.02,0.3289707253902946,0.043,0.5207996377233932,0.010321628078879793,0.4791937649095073,0.42314982296898096,47.62802052763608,77.714035648871,17.81075743556646,0.42314982296957165,47.62802052763608,177
1.5,0.05,0.03,0.02,0.3289707253902946,0.044,0.5698071129298286,0.009441391331228958,0.43018288023434886,2.819194352880148,26.86171141694887,82.40833364110156,40.633566181554755,-2.819194352880226,-26.86171141694889,178
1.5,0.05,0.03,0.02,0.3289707253902946,0.049,0.5030257042577014,0.02049700264061197,0.4968843686897763,1.6259025698767906,86.89002238718516,38.83774788815705,79.63388515893044,1.6259025698772158,86.89002238718516,179
1.5,0.05,0.03,0.02,0.3289707253902946,0.038,0.2767220086816822,0.013516984742957712,0.27694244998087836,3.043345485032666,15.654659530885736,20.68109334772092,76.17757047842925,-3.0433454850327095,15.654659530885757,180
1.5,0.05,0.03,0.02,0.3289707253902946,0.048,0.6454474231817069,0.022570347099985448,0.35483657537869256,3.952608538494609,79.01028297240204,27.117045848970317,38.78199406141197,3.952608538494765,79.01028297240205,181
1.5,0.05,0.03,0.02,0.3289707253902946,0.049,0.3977273357539687,0.017885495456594937,0.3977912360793405,1.9134589409172351,42.02431021032605,82.6612264913321,18.787886204723193,1.9134589409174407,-42.02431021032606,182
1.5,0.05,0.03,0.02,0.3289707253902946,0.049,0.4276857895369986,0.013731039957488894,0.42767159632369833,0.7299492877816596,22.329324068483814,22.348969164429754,45.837741253252815,0.729949287782278,-22.329324068483842,183
1.5,0.05,0.03,0.02,0.3289707253902946,0.057,0.6002895852142354,0.008266397579484646,0.3996663854765955,0.3158637778019565,1.2207140548652526,5.071864142719382,3.9282974214206177,-0.3158637778027215,-1.2207140548655453,184
1.5,0.05,0.03,0.02,0.3289707253902946,0.053,0.6133066126630041,0.016484141694706425,0.38675933530645545,4.234303849826655,54.568148799691684,3.654970249965164,66.2966082033438,-4.23430384982669,54.56814879969169,185
1.5,0.05,0.03,0.02,0.3289707253902946,0.05,0.5197018217620255,0.007963576699866932,0.48042894428256344,1.6637404512116734,64.28597462974307,23.245242373869626,22.393220343812512,-1.6637404512119194,-64.28597462974307,186
1.5,0.05,0.03,0.02,0.3289707253902946,0.05,0.5925375838648861,0.009912485570932614,0.40743747531166863,4.313778035222696,34.55626353265085,71.08785992700523,43.73908585096083,4.313778035222824,34.55626353265086,187
1.5,0.05,0.03,0.02,0.3289707253902946,0.05,0.23489586113789845,0.02550597940770803,0.2348907225779572,2.8086891159806306,5.350231248895685,13.5616708969112,17.46971867038191,2.808689115980835,5.350231248895752,188
1.5,0.05,0.03,0.02,0.3289707253902946,0.047,0.47437240992445495,0.002806474415599675,0.4743727057567903,4.003687212568165,9.463646034457234,10.261825377860617,9.657132672749963,-4.003687212568197,-9.463646034457268,189
1.5,0.05,0.03,0.02,0.3289707253902946,0.064,0.4957546471858326,0.020569615736873118,0.49573745288985716,7.505203937365999,23.01732644877088,26.294692903641444,21.246705985072506,-7.505203937366029,-23.0173264487709,190
1.5,0.05,0.03,0.02,0.3289707253902946,0.055,0.4687458470889208,0.012540194126295671,0.46882153592232856,5.1466115943251145,6.248843414073121,4.4353026810561165,9.288015018169881,5.146611594325207,6.248843414073188,191
1.5,0.05,0.03,0.02,0.3289707253902946,0.062,0.5050748079909556,0.0028894538772570076,0.49526557760907125,2.774971036299741,4.172766909871664,31.30412188459671,83.1763833638315,-2.7749710362998687,4.1727669098716085,192
1.5,0.05,0.03,0.02,0.3289707253902946,0.04,0.5447911546155279,0.021597482809278652,0.4554341402977057,8.740102826391244,21.88905747617919,14.371610095380094,63.53725806291761,-8.740102826391272,-21.88905747617919,193
1.5,0.05,0.03,0.02,0.3289707253902946,0.054,0.3891768150888237,0.013448890791917195,0.3892928325395073,0.2394464188398482,2.4388514061742055,16.969493817557172,28.302288475197344,-0.2394464188402355,2.4388514061744035,194
1.5,0.05,0.03,0.02,0.3289707253902946,0.055,0.6467135205726672,0.014771014182039896,0.35332456858562217,2.688163496422016,8.207950542969854,74.46670298938086,48.976468546355754,-2.688163496422157,8.207950542969915,195
1.5,0.05,0.03,0.02,0.3289707253902946,0.05,0.22972740127424873,0.005238483677208538,0.23008475436874234,2.0000634908412116,0.9695545695921048,3.2405742004312432,63.41230356470772,2.0000634908413697,0.9695545695925964,196
1.5,0.05,0.03,0.02,0.3289707253902946,0.059,0.7536261144186208,0.019907696401444366,0.24653742480440227,0.47604109186951676,26.41192182703098,36.40647363799842,84.8210757697489,0.4760410918697188,26.411921827030984,197
1.5,0.05,0.03,0.02,0.3289707253902946,0.058,0.06415560547853562,0.012333962406174206,0.06453064097923476,0.9655726277826389,11.075902587293312,10.62942477522329,52.51814806351998,0.9655726277830201,11.075902587293328,198
1.5,0.05,0.03,0.02,0.3289707253902946,0.044,0.9117339472806631,0.010731931235578057,0.08829022102407913,7.14659001778422,5.679522998118876,,2.637843301815686,7.146590017784311,-5.679522998118996,199
1.5,0.1,0.03,0.02,0.2563103131089201,0.098,0.2662496317839169,0.02376892279493656,0.26622847047744763,5.492598680380877,63.03989069405301,47.439783829771976,4.1716755001940875,-5.492598680380926,63.03989069405301,0
1.5,0.1,0.03,0.02,0.2563103131089201,0.107,0.5062944092085339,0.02289359926889653,0.4938833267437971,1.722054146325846,48.92091529632055,46.27501579752544,19.346082777589384,1.7220541463260342,48.920915296320565,1
1.5,0.1,0.03,0.02,0.2563103131089201,0.099,0.6479246343845829,0.01015075633507493,0.352087848411895,3.9772756041688373,3.793208386179937,12.230514816852239,0.7301317372685523,-3.9772756041688577,-3.7932083861799972,2
1.5,0.1,0.03,0.02,0.2563103131089201,0.113,0.7135954050112379,0.017197657916878682,0.28642124338400815,2.0546887441646806,27.44709181366446,14.889635993926865,66.09666285463445,-2.0546887441646056,27.447091813664468,3
1.5,0.1,0.03,0.02,0.2563103131089201,0.105,0.3893076105206144,0.010542962148504274,0.3894464563304364,3.5451458303116525,35.220724646961294,25.632832832125967,49.51737463122892,-3.5451458303118817,35.2207246469613,4
1.5,0.1,0.03,0.02,0.2563103131089201,0.103,0.3455480085017711,0.02508995103298908,0.3458572801893001,1.4371063722797421,5.502931995361803,45.47667437638761,58.80636869647262,-1.4371063722799424,-5.502931995361881,5
1.5,0.1,0.03,0.02,0.2563103131089201,0.101,0.5303317336216467,0.0030588041503904705,0.46966832608880515,1.084110732395663,29.63363573404786,7.72338053045875,41.22139800200557,-1.0841107323963206,-29.63363573404787,6
1.5,0.1,0.03,0.02,0.2563103131089201,0.111,0.45011167297274973,0.01945407708971298,0.4501457677809409,0.4670298773137585,54.27639774998948,63.13868965804183,13.855957853301751,0.46702987731430445,-54.27639774998949,7
1.5,0.1,0.03,0.02,0.2563103131089201,0.108,0.5218265034908824,0.0122624291443921,0.47823795583710915,0.723972513966986,60.569668789344114,89.15303592067079,81.64633431165238,-0.7239725139668949,-60.569668789344114,8
1.5,0.1,0.03,0.02,0.2563103131089201,0.102,0.7806054279104992,0.015137617557492669,0.21938832061983632,2.5727950455197304,59.65586881598638,86.75223409523699,69.9195070859107,-2.5727950455199142,-59.655868815986395,9
1.5,0.1,0.03,0.02,0.2563103131089201,0.093,0.4043165902214813,0.010994413551350238,0.4045701831977158,6.607667446155252,16.51296187760253,24.320063069414466,38.47244662230393,-6.607667446155323,-16.512961877602557,10
1.5,0.1,0.03,0.02,0.2563103131089201,0.103,0.6899287992673909,0.005619675419817812,0.31075077484986546,2.2066176719438633,24.832501299562892,,1.1511369464802321,2.2066176719440804,-24.832501299562903,11
1.5,0.1,0.03,0.02,0.2563103131089201,0.092,0.1125339785036265,0.01965845262896339,0.11263051814783279,1.2866261550642442,3.6849621120449636,7.028353782838524,14.292106827494328,1.2866261550643543,-3.6849621120449387,12
1.5,0.1,0.03,0.02,0.2563103131089201,0.094,0.6299640763383815,0.020002298783436304,0.370040643806065,2.558957395941351,76.06627939877546,47.80577625850975,38.600228387239895,2.5589573959413863,-76.06627939877546,13
1.5,0.1,0.03,0.02,0.2563103131089201,0.097,0.4566820552660481,0.021649519096556102,0.456907200307342,1.064888738545332,7.847218073419882,31.486397723906958,6.302242598951773,1.0648887385454666,-7.8472180734198815,14
1.5,0.1,0.03,0.02,0.2563103131089201,0.097,0.49844140682235094,0.021215280754829556,0.49845916955579456,0.7520556875140895,13.509867879144087,15.407056538754446,44.22324468188244,0.7520556875149681,13.50986787914412,15
1.5,0.1,0.03,0.02,0.2563103131089201,0.12,0.49208876385515815,0.024258495106318712,0.49215258853524607,2.350983651984616,81.53491062047392,89.45676693836312,80.34118459709845,2.3509836519845075,81.53491062047392,16
1.5,0.1,0.03,0.02,0.2563103131089201,0.102,0.4836238889486153,0.02406485083793892,0.4836469584535107,0.6879542522750902,28.27164827589312,4.01997369394005,31.524186375475114,-0.6879542522750935,28.27164827589313,17
1.5,0.1,0.03,0.02,0.2563103131089201,0.102,0.46284547094694406,0.020484089289303904,0.4630281333252754,2.304734098214215,23.86811585081957,49.72997716249032,10.576885662423633,2.304734098214489,-23.868115850819603,18
1.5,0.1,0.03,0.02,0.2563103131089201,0.096,0.48964772993705596,0.02087464006083018,0.4898549345617814,0.606720918611212,64.01518743131236,41.01889831828221,8.86701779308209,-0.6067209186117587,-64.01518743131236,19
1.5,0.1,0.03,0.02,0.2563103131089201,0.09,0.6413594186708944,0.01519934498730661,0.35986363306362595,1.2036357066640773,11.46201101992315,87.03624663955411,68.02759425924157,-1.2036357066643988,11.462011019923162,20
1.5,0.1,0.03,0.02,0.2563103131089201,0.107,0.23822382902525457,0.013583037451221348,0.2382822637372884,6.320812669183249,19.896375567678884,28.34212777857042,1.0276492800241728,6.320812669183274,19.896375567678884,21
1.5,0.1,0.03,0.02,0.2563103131089201,0.106,0.478699982619317,0.0057188460898332065,0.4787003906615679,1.4657266782586034,56.9093322054651,52.81116644454581,35.17001382757968,1.4657266782590401,-56.909332205465105,22
1.5,0.1,0.03,0.02,0.2563103131089201,0.099,0.6795058305564812,0.016148453992906178,0.3205358711554353,0.3761247363155003,13.463419572357529,20.818198355593694,31.82210963618387,0.3761247363150997,-13.463419572357529,23
1.5,0.1,0.03,0.02,0.2563103131089201,0.108,0.5011893924589766,0.023061791270128713,0.49882581734623727,2.5995421419709865,6.5078017805506025,70.93114559483615,30.530880026584903,2.5995421419710203,-6.5078017805506185,24
1.5,0.1,0.03,0.02,0.2563103131089201,0.102,0.5027333624304764,0.02035124575831789,0.49740686785234783,1.4319983866915817,13.10267576338085,17.149684225288002,43.902827675195326,-1.4319983866917216,-13.10267576338085,25
1.5,0.1,0.03,0.02,0.2563103131089201,0.117,0.7506776164183527,0.022373549620238325,0.24944369813897657,0.8886502744667956,57.73704052371418,20.124228619605635,5.439422447247182,-0.888650274467013,-57.73704052371418,26
1.5,0.1,0.03,0.02,0.2563103131089201,0.099,0.48231448466430604,0.014315205235242733,0.4823189904603483,1.7638786207444748,44.58412665193505,73.49892315793724,54.1816422884832,1.7638786207446384,-44.58412665193505,27
1.5,0.1,0.03,0.02,0.2563103131089201,0.12,0.5414708962830632,0.02013886524102585,0.45860707173670423,1.5476499994083637,68.5317419348572,11.359277188775286,71.03254965189988,1.5476499994083097,68.5317419348572,28
1.5,0.1,0.03,0.02,0.2563103131089201,0.092,0.7736865765009872,0.018254070536363413,0.2263007753233042,2.9272121547397223,83.71788379804941,68.75002725516534,10.751567134846448,-2.9272121547399457,83.71788379804941,29
1.5,0.1,0.03,0.02,0.2563103131089201,0.093,0.44373340095156383,0.005042595256915208,0.44375284972429485,1.7156535806380324,25.92552822607259,79.40005847924704,39.92362423156825,1.7156535806380695,25.92552822607259,30
1.5,0.1,0.03,0.02,0.2563103131089201,0.112,0.6497905421236271,0.01628327963922348,0.35021061730509,0.7384806302831672,35.406830661343974,31.01000931206611,76.43895670972144,-0.7384806302832227,-35.406830661343974,31
1.5,0.1,0.03,0.02,0.2563103131089201,0.091,0.4526741505636064,0.020494671539599926,0.4527235779952723,2.830980833938723,31.61696515315499,24.623127506316486,54.14377690362111,2.8309808339387437,-31.616965153154993,32
1.5,0.1,0.03,0.02,0.2563103131089201,0.107,0.49951612759380865,0.021111195090263712,0.499449883494267,3.1520893936949963,3.9660395163234843,56.86594343340293,59.04859758910814,3.152089393695003,-3.966039516323579,33
1.5,0.1,0.03,0.02,0.2563103131089201,0.103,0.49990851767325634,0.02050501175235868,0.4999189313192556,1.2625598484880611,5.151563389131906,24.94328665077484,24.861349569890027,-1.2625598484882634,5.151563389131953,34
1.5,0.1,0.03,0.02,0.2563103131089201,0.089,0.6333319926190696,0.004639227568280569,0.36721092144377177,2.4383491012803087,30.96181420761558,,73.32994107770998,2.4383491012803193,-30.96181420761558,35
1.5,0.1,0.03,0.02,0.2563103131089201,0.11,0.5000178597021867,0.02022551746069528,0.49998956727001137,2.9641031380914153,61.598527492870026,50.282500720029944,28.18475060800079,2.9641031380915717,61.598527492870026,36
1.5,0.1,0.03,0.02,0.2563103131089201,0.098,0.4932843653473085,0.014711167393077634,0.4933189050581245,1.7102212505913816,32.95668522002025,73.01807646428041,47.00766750562519,1.7102212505914138,32.95668522002026,37
1.5,0.1,0.03,0.02,0.2563103131089201,0.105,0.3344605654792574,0.02840023931554396,0.3346325672200451,0.9158872119608625,28.415645171106778,0.20539649743451446,40.64547654673198,0.9158872119612331,-28.41564517110679,38
1.5,0.1,0.03,0.02,0.2563103131089201,0.103,0.6352328733134778,0.005374540925262272,0.3648052760987981,2.7544735923896204,3.311957063014391,19.85191249463328,35.31873465231605,2.754473592389663,-3.3119570630143698,39
1.5,0.1,0.03,0.02,0.2563103131089201,0.093,0.5490675334390315,0.009510757360565059,0.45097437877012303,0.5974497615915181,25.08523334616179,22.94614179190089,89.690389247203,-0.5974497615922666,-25.085233346161804,40
1.5,0.1,0.03,0.02,0.2563103131089201,0.103,0.39434232072372105,0.019414941405532057,0.3943696913801466,2.8639606839851703,42.23926419811425,47.69227305030061,70.94336894618569,2.863960683985279,42.239264198114256,41
1.5,0.1,0.03,0.02,0.2563103131089201,0.11,0.48302920743550576,0.015728075190774467,0.4831153968459101,3.201765547086952,2.562066865195613,9.817399063708535,4.249660951916355,-3.2017655470870294,2.562066865195776,42
1.5,0.1,0.03,0.02,0.2563103131089201,0.115,0.35232385063844684,0.0037706674446359384,0.35275203245392395,0.33174019737929183,0.3064280567926568,3.4350036030789894,80.6785104407375,-0.3317401973805168,0.30642805679476853,43
1.5,0.1,0.03,0.02,0.2563103131089201,0.115,0.5047898159817756,0.016618302671278364,0.49521115536003874,1.9457697266482836,69.41694248756914,2.131117745918563,11.623685487194676,-1.9457697266483596,69.41694248756914,44
1.5,0.1,0.03,0.02,0.2563103131089201,0.098,0.4818158270534602,0.01473113177286113,0.4819612087983672,1.1571331536770513,37.30258971889562,15.761132110598204,23.09339340940714,1.157133153676954,-37.30258971889563,45
1.5,0.1,0.03,0.02,0.2563103131089201,0.107,0.48406817762546134,0.01649866574000078,0.4841348648207302,2.4950708658871563,2.398457883221212,30.824289679581014,9.136486320210086,-2.4950708658872465,2.3984578832213654,46
1.5,0.1,0.03,0.02,0.2563103131089201,0.092,0.24145505724979344,0.013011035976631741,0.2415293935440613,1.5103825988014328,23.969318935331405,35.00015271378715,68.62261434734926,1.5103825988017956,23.96931893533143,47
1.5,0.1,0.03,0.02,0.2563103131089201,0.095,0.47762001508965696,0.015337317340077102,0.47774225674519954,1.5129318291858047,53.65359212647194,35.67603094339199,3.131723298638923,-1.5129318291859255,-53.65359212647195,48
1.5,0.1,0.03,0.02,0.2563103131089201,0.103,0.8548325850926617,0.03195667483600074,0.14568209525811188,2.966728477794526,80.96334054297358,31.48684866148759,53.03571721481296,2.9667284777944807,-80.96334054297358,49
1.5,0.1,0.03,0.02,0.2563103131089201,0.1,0.7126452673196045,0.023225310759850022,0.28753457960602674,0.8577576069686277,5.341783697930282,0.35431099832093294,24.66260296991048,0.8577576069685643,-5.3417836979302775,50
1.5,0.1,0.03,0.02,0.2563103131089201,0.102,0.5833237502252566,0.026153678032599735,0.41698518930094375,0.33006924979201485,57.68688029347728,21.548051947369288,20.4765855944678,-0.3300692497920981,-57.68688029347728,51
1.5,0.1,0.03,0.02,0.2563103131089201,0.103,0.5005822140588598,0.02314110984367758,0.49944302213282565,2.6798612403783078,87.96265225423721,23.67355903593483,65.9931645002406,-2.6798612403784783,87.96265225423721,52
1.5,0.1,0.03,0.02,0.2563103131089201,0.13,0.6612577184516137,0.02689746403125342,0.33905536700679767,0.40296288742891506,1.8319315662386226,22.035085883422948,11.837246335530706,-0.4029628874299729,1.8319315662387634,53
1.5,0.1,0.03,0.02,0.2563103131089201,0.109,0.5208556828402604,0.007363360070024439,0.4791027916547772,1.2828563576353214,44.3004050220207,89.73663309478476,56.02658237619648,-1.2828563576356597,44.30040502202071,54
1.5,0.1,0.03,0.02,0.2563103131089201,0.11,0.17084358238690894,0.021149872065637766,0.17093582640898577,2.60860630594058,85.80947744983096,11.939662878334499,0.8142621542453998,-2.6086063059406523,-85.80947744983096,55
1.5,0.1,0.03,0.02,0.2563103131089201,0.101,0.6474995825223782,0.01697208212991143,0.3525069294502572,1.2436912203010504,81.4079239828403,57.91937807034088,74.7822238506984,1.2436912203014092,-81.40792398284032,56
1.5,0.1,0.03,0.02,0.2563103131089201,0.104,0.7840812571783506,0.02381036404454576,0.21608708935676255,0.2449614322852629,6.189512799602518,85.80341274651175,67.19950442926493,-0.2449614322863896,6.1895127996025785,57
1.5,0.1,0.03,0.02,0.2563103131089201,0.111,0.5871787201324927,0.016016664530962475,0.41280708104785385,2.07750764911012,26.86081810115386,59.61285345530395,57.88977464421348,-2.077507649110074,-26.86081810115386,58
1.5,0.1,0.03,0.02,0.2563103131089201,0.092,0.5389333485976158,0.005774756704846862,0.46145578261453996,2.5095154006787035,11.665326693664456,19.931948522013396,63.366533912570866,-2.5095154006788722,11.665326693664515,59
1.5,0.1,0.03,0.02,0.2563103131089201,0.104,0.4788875772082333,0.006691497069033687,0.4789256997898742,1.3891019754197855,0.2505424395890539,87.79312248432468,5.691288770819593,1.3891019754195904,-0.2505424395885654,60
1.5,0.1,0.03,0.02,0.2563103131089201,0.1,0.5951642739631645,0.021444473484095325,0.40485351178450685,0.4760895972956883,47.76041230668708,61.48167214524564,47.1834147420609,-0.47608959729618655,47.76041230668707,61
1.5,0.1,0.03,0.02,0.2563103131089201,0.097,0.5298915974191468,0.007472982117662272,0.4702820474666401,4.776981293110385,6.037568962132995,43.881856153289725,5.1743167180691,-4.776981293110492,6.037568962133026,62
1.5,0.1,0.03,0.02,0.2563103131089201,0.107,0.3982761622157608,0.009046693397331558,0.3985907128330949,0.4067224975396348,14.701110185737384,9.94124970507537,63.82781003558218,-0.4067224975402425,14.701110185737425,63
1.5,0.1,0.03,0.02,0.2563103131089201,0.11,0.5945420473548214,0.026667409660651238,0.40574358777779135,1.7750568331686998,18.980905764772057,5.5793084666399615,18.78302339993087,-1.7750568331689682,18.98090576477208,64
1.5,0.1,0.03,0.02,0.2563103131089201,0.116,0.4260277482846217,0.007224433310228275,0.42606035852823754,1.7095130687426692,42.10787861738359,34.872236268641196,31.954980605547778,-1.709513068742839,-42.107878617383605,65
1.5,0.1,0.03,0.02,0.2563103131089201,0.101,0.5490092538996832,0.018762765799494072,0.4510295606041235,1.6945947780316988,34.07959892770325,30.818835025644916,21.94100114109257,1.6945947780318327,-34.079598927703266,66
1.5,0.1,0.03,0.02,0.2563103131089201,0.098,0.4799317446851778,0.01222025441211125,0.4799261805155158,1.8111077639501234,25.761971350181906,51.998012883700504,67.30703342379913,1.8111077639504498,-25.761971350181923,67
1.5,0.1,0.03,0.02,0.2563103131089201,0.092,0.5023658998634639,0.018954518829022788,0.4976263464044244,1.1219039837851565,34.8462530990851,11.94356239072809,56.33431212513879,1.121903983785417,-34.8462530990851,68
1.5,0.1,0.03,0.02,0.2563103131089201,0.088,0.49619965279194134,0.022658972240592334,0.4961905089046134,0.14066107112811646,4.457393219074982,64.70693799130547,56.33873188445832,-0.14066107112704399,-4.4573932190749606,69
1.5,0.1,0.03,0.02,0.2563103131089201,0.101,0.48917740381800456,0.015362163514285041,0.48917145417016533,5.355676646860713,20.435937906389587,53.78412653616225,7.090776936526341,-5.355676646860741,20.435937906389587,70
1.5,0.1,0.03,0.02,0.2563103131089201,0.097,0.42313579889287783,0.009792436575787485,0.42317914421036007,0.7126104426917992,12.101805501675395,18.381376288584768,11.358792942067355,0.712610442692181,12.10180550167542,71
1.5,0.1,0.03,0.02,0.2563103131089201,0.094,0.3944566160018791,0.016272047111545916,0.3944991554025141,1.5643856580221118,3.7955608035697974,19.536283043147062,24.761432846382522,1.5643856580220377,3.7955608035698507,72
1.5,0.1,0.03,0.02,0.2563103131089201,0.097,0.405896088223314,0.0013423687178570755,0.4058404835918403,1.2265016633613879,10.103631471027937,,41.72165978350954,-1.2265016633617014,10.103631471027981,73
1.5,0.1,0.03,0.02,0.2563103131089201,0.099,0.6284314630077086,0.010060329192686127,0.3724091215255933,0.5972574387966277,48.41762419225899,,2.29225270505861,0.5972574387973173,48.41762419225899,74
1.5,0.1,0.03,0.02,0.2563103131089201,0.117,0.5452881122082306,0.02044126550460411,0.45495272792810965,0.9996913179027812,65.37951068497426,47.10701009157837,82.77444345073452,-0.9996913179033863,65.37951068497426,75
1.5,0.1,0.03,0.02,0.2563103131089201,0.092,0.4983886872169204,0.02138953504206855,0.4983167949626648,3.560299841366661,23.08958563324122,17.20025506870712,49.8842684714958,-3.560299841366734,-23.08958563324123,76
1.5,0.1,0.03,0.02,0.2563103131089201,0.11,0.5521316002286701,0.0030188836956278027,0.448268921469744,0.31112598582030665,1.568214473446158,4.42644389776185,12.612150240428948,0.3111259858215864,1.5682144734463062,77
1.5,0.1,0.03,0.02,0.2563103131089201,0.091,0.5961994996893731,0.02055187765235151,0.4039049996990162,0.33513916236076385,86.73007767451666,25.12268240448348,87.8575775037369,-0.33513916236048225,-86.73007767451666,78
1.5,0.1,0.03,0.02,0.2563103131089201,0.089,0.6683862474087284,0.013139283807451392,0.33160357904529947,2.2314770470464254,32.497260657923356,21.46826083316159,6.655459020611643,2.231477047046567,32.49726065792337,79
1.5,0.1,0.03,0.02,0.2563103131089201,0.11,0.5418905525521127,0.002838918537947921,0.4586185708208992,2.6441262839148174,14.603447348501826,0.5247804407785037,24.698489668497192,2.644126283914894,-14.60344734850183,80
1.5,0.1,0.03,0.02,0.2563103131089201,0.086,0.4820736715748896,0.007640835736218843,0.4820695593563758,1.9510411985894802,27.023371165386518,78.24599133057589,55.43148714309656,-1.9510411985898584,-27.023371165386532,81
1.5,0.1,0.03,0.02,0.2563103131089201,0.095,0.3566234699756468,0.019624505566569153,0.35675718659021066,1.7594985178977487,26.05528426168145,3.4946328303537935,11.309096932057882,-1.7594985178978098,-26.055284261681454,82
1.5,0.1,0.03,0.02,0.2563103131089201,0.139,0.5090978442229914,0.01319185333091492,0.49092007750239736,6.572498178430223,15.977811998986372,17.358197598773348,42.56566954707606,6.572498178430226,-15.977811998986397,83
1.5,0.1,0.03,0.02,0.2563103131089201,0.096,0.2848396918604751,0.008930933946881986,0.2852074555626263,1.6001116004779448,1.1179844967192787,10.706222533747232,0.577905982213584,-1.6001116004783018,1.1179844967198076,84
1.5,0.1,0.03,0.02,0.2563103131089201,0.106,0.5686221334260754,0.02126347381879835,0.43148418738080896,0.4831738782384028,53.07724317069369,23.96927103670841,50.87292043375823,0.48317387823929564,-53.0772431706937,85
1.5,0.1,0.03,0.02,0.2563103131089201,0.113,0.5080543094649982,0.018063089271919935,0.4919822910496348,1.5702726958603206,89.00297490538546,8.212507772616183,37.222656019856906,1.570272695860371,89.00297490538546,86
1.5,0.1,0.03,0.02,0.2563103131089201,0.092,0.5010651321115207,0.01812501490703109,0.49897655772938093,0.6493489300883399,30.925521708521984,77.76378458843254,77.3266976030058,0.6493489300891147,-30.92552170852201,87
1.5,0.1,0.03,0.02,0.2563103131089201,0.092,0.4364857701212277,0.004229924401294944,0.4365946307045263,0.46538984314789145,3.3142057878443447,3.7238486893931397,65.98766206707262,0.46538984314851545,-3.3142057878444224,88
1.5,0.1,0.03,0.02,0.2563103131089201,0.096,0.49804092446422693,0.006469458357516276,0.4978659392774843,5.158544063761458,35.4411004555507,34.67942173810594,59.7664730520754,5.1585440637615365,-35.44110045555072,89
1.5,0.1,0.03,0.02,0.2563103131089201,0.087,0.5242151938463655,0.004223032808319867,0.47573192807325976,4.125566172343577,72.83631287327866,50.64698870543506,35.78946098739238,-4.125566172343646,-72.83631287327866,90
1.5,0.1,0.03,0.02,0.2563103131089201,0.117,0.5316644911854471,0.02320931681663636,0.4684751434661284,3.0091050232249734,47.66276241620976,4.384695097880237,2.262669708928604,-3.009105023225018,-47.66276241620977,91
1.5,0.1,0.03,0.02,0.2563103131089201,0.12,0.5165037659217082,0.0018976126568830548,0.48349617507179055,0.47013474760679713,50.99963253103222,57.16246285231201,68.02049462420865,0.4701347476072609,-50.99963253103223,92
1.5,0.1,0.03,0.02,0.2563103131089201,0.115,0.6293091097531114,0.010277670505638837,0.37073031177397675,2.0684514378756194,64.0655611026771,56.40866911433223,39.83333173848132,2.0684514378757424,64.0655611026771,93
1.5,0.1,0.03,0.02,0.2563103131089201,0.106,0.49857784295900476,0.005571897969753115,0.4986015801701282,3.3774675249330466,16.906773432579012,20.83294091956046,25.82731118712411,-3.3774675249331376,-16.906773432579037,94
1.5,0.1,0.03,0.02,0.2563103131089201,0.093,0.5372682556512555,0.0026344434140147797,0.4627954437605481,5.313609838020479,5.491600312289235,8.478548918523979,86.58435403495169,5.313609838020497,-5.491600312289257,95
1.5,0.1,0.03,0.02,0.2563103131089201,0.091,0.1723143233765001,0.028490196294688942,0.17246492180011974,0.14366860880919005,44.2974550809737,60.07660639588002,6.604831566935685,-0.14366860881083166,44.297455080973705,96
1.5,0.1,0.03,0.02,0.2563103131089201,0.102,0.9394697871613396,0.02453678784910997,0.060626149458421985,2.9061182238395813,16.512710377746277,1.6691638552385066,87.87941654192942,2.906118223839729,16.51271037774631,97
1.5,0.1,0.03,0.02,0.2563103131089201,0.088,0.5607021177882827,0.0196972422721969,0.43930138626159226,1.7181164280083614,70.69990932242995,30.825828471410215,56.46934437096388,1.7181164280083465,70.69990932242995,98
1.5,0.1,0.03,0.02,0.2563103131089201,0.101,0.49977556080235114,0.02214664242123158,0.49980723701414775,0.28005179314070616,12.192562440309278,5.6755289357793295,13.722377695651415,0.2800517931409124,-12.19256244030928,99
1.5,0.1,0.03,0.02,0.2563103131089201,0.107,0.19302555403846416,0.0221693078437899,0.1930965784245519,1.3551064996914293,75.70861816319517,84.49169123980315,39.53257393339215,-1.3551064996917381,75.70861816319517,100
1.5,0.1,0.03,0.02,0.2563103131089201,0.089,0.48817304549556667,0.005586749870251753,0.48817387613308666,1.3015989721126375,31.676063997739735,29.62676730290521,30.41019099844475,-1.3015989721128722,31.67606399773975,101
1.5,0.1,0.03,0.02,0.2563103131089201,0.098,0.307817355756707,0.013489935316663296,0.30785241078719683,0.3692285074096267,5.677593470026633,3.514495513712062,14.215665984700612,0.369228507410053,-5.6775934700266015,102
1.5,0.1,0.03,0.02,0.2563103131089201,0.108,0.8014092821527153,0.025954607753284172,0.1987603539038393,2.3534995578934437,23.087360840882052,15.212116470602835,75.57209288360566,-2.3534995578935813,23.087360840882077,103
1.5,0.1,0.03,0.02,0.2563103131089201,0.09,0.5928111344555816,0.02066933259222574,0.40729585918488714,2.342985678909945,3.255366269918818,60.5505598639619,22.172149912400542,2.3429856789101584,3.255366269918885,104
1.5,0.1,0.03,0.02,0.2563103131089201,0.114,0.4951502090309175,0.018498003200818514,0.49516203273272075,1.1471801045869505,59.89668027882897,59.93898110308746,72.97392691370898,-1.1471801045869623,-59.89668027882898,105
1.5,0.1,0.03,0.02,0.2563103131089201,0.088,0.3772288412558993,0.023104502770477972,0.3772327861487882,2.2275851985311523,1.2139530850476818,72.26830169359204,78.93382668865092,2.2275851985312918,1.2139530850477611,106
1.5,0.1,0.03,0.02,0.2563103131089201,0.101,0.44234225252489795,0.007675699758536977,0.44234340381769505,2.0325238441143845,7.376673018206405,48.178633804184685,19.28255610187903,-2.0325238441147278,7.376673018206481,107
1.5,0.1,0.03,0.02,0.2563103131089201,0.084,0.2355099312415693,0.02034525924714098,0.23547672320396523,1.6649877242345932,4.776228628663174,9.179997056792512,65.42269399682121,-1.66498772423499,4.7762286286632,108
1.5,0.1,0.03,0.02,0.2563103131089201,0.103,0.25831592386229796,0.01956464285761225,0.25833430671412017,0.8602645848702688,3.3931491225436474,2.9802969304293643,8.62758416814401,0.860264584870339,3.39314912254365,109
1.5,0.1,0.03,0.02,0.2563103131089201,0.094,0.24407528534286296,0.019527346405676202,0.24416890566060098,1.3254710200476907,8.861362226878404,12.203771184632233,21.105914204130276,1.3254710200479947,8.861362226878486,110
1.5,0.1,0.03,0.02,0.2563103131089201,0.103,0.4126420138854339,0.001969440630062381,0.41276981170719784,0.7398346245577259,16.35041160690083,0.8298315846248173,21.705334241672094,-0.739834624558684,16.35041160690085,111
1.5,0.1,0.03,0.02,0.2563103131089201,0.098,0.302862226633227,0.0004876581328975408,0.3027634025560313,1.5159225125514597,72.15769616955208,72.2412488855462,74.79370339350201,-1.5159225125516405,-72.15769616955208,112
1.5,0.1,0.03,0.02,0.2563103131089201,0.098,0.1161147820039611,0.016058030591043843,0.11618076451199325,3.1268232276652905,9.52723494234467,1.10533684041936,15.689227278087554,3.1268232276653696,-9.527234942344691,113
1.5,0.1,0.03,0.02,0.2563103131089201,0.098,0.16664616563411203,0.024808878158852358,0.16685524256829615,1.6571081976547164,13.280213633682171,19.43581040538048,33.30604657724734,-1.6571081976550883,-13.28021363368219,114
1.5,0.1,0.03,0.02,0.2563103131089201,0.106,0.5090603100860239,0.026066826768790567,0.49106714534848783,3.5562065400245104,52.2089763793779,2.866964645107429,30.034813808686216,3.55620654002462,52.2089763793779,115
1.5,0.1,0.03,0.02,0.2563103131089201,0.111,0.4935892383571546,0.020939843582951104,0.4935992058250649,0.44003634034841016,8.252832715369793,79.3324640547424,58.29139380507162,0.44003634034927824,8.252832715369829,116
1.5,0.1,0.03,0.02,0.2563103131089201,0.094,0.2683927397413995,0.026057756991338853,0.268533658667248,0.3279590424794879,3.647522355757835,6.929979249500223,5.714335628240098,-0.3279590424805749,3.647522355757995,117
1.5,0.1,0.03,0.02,0.2563103131089201,0.1,0.47734126373388575,0.012223617863031711,0.47743199875103975,2.280344734574202,18.734177505994474,22.660060107612626,8.606894423880188,-2.280344734574321,-18.734177505994495,118
1.5,0.1,0.03,0.02,0.2563103131089201,0.1,0.48029881329494517,0.015096313804939771,0.48040925684724123,0.07215674508346487,70.31288205602041,12.750223384630099,78.99589401890618,-0.07215674508032766,70.31288205602041,119
1.5,0.1,0.03,0.02,0.2563103131089201,0.102,0.688538624006259,0.007238959975104342,0.31148915748543327,3.9921949477153076,3.7752220400421854,,24.124418213333282,3.9921949477153547,3.77522204004228,120
1.5,0.1,0.03,0.02,0.2563103131089201,0.084,0.35627409410544403,0.01516783273464289,0.35634430892698243,0.8782143041828285,76.47237264135826,45.256996646924016,9.710806734149427,-0.878214304183059,-76.47237264135826,121
1.5,0.1,0.03,0.02,0.2563103131089201,0.111,0.8391768738024357,0.01308755030899087,0.1608123003807442,2.9573017031223605,11.297780327595653,,83.72112729488008,-2.9573017031224036,11.297780327595685,122
1.5,0.1,0.03,0.02,0.2563103131089201,0.102,0.5068207934019232,0.005061328154110065,0.4932013668679221,0.9568483088273506,12.847927279252001,14.003721305468224,29.63070148199803,0.95684830882771,-12.847927279252046,123
1.5,0.1,0.03,0.02,0.2563103131089201,0.11,0.5305138411586272,0.0215258300846052,0.46967848643392734,0.7352769587117854,52.311379215669604,73.37818093598108,12.243030639723873,0.7352769587118091,52.311379215669604,124
1.5,0.1,0.03,0.02,0.2563103131089201,0.103,0.9101207364990556,0.02399483913975265,0.08992938871204179,1.490688004423344,32.467411684601416,71.45288354942105,30.299223969313935,1.4906880044233952,32.46741168460142,125
1.5,0.1,0.03,0.02,0.2563103131089201,0.094,0.5385079815610759,0.0030559699900909584,0.46157146785125147,3.3419800135847626,16.07097931312528,52.92267829336827,11.574641665440907,-3.341980013584794,16.070979313125275,126
1.5,0.1,0.03,0.02,0.2563103131089201,0.111,0.44999079186918156,0.02242072117000516,0.45022094714089717,1.2468307958152016,49.175344484610044,25.16006448402492,29.899511620170376,-1.2468307958155396,49.175344484610044,127
1.5,0.1,0.03,0.02,0.2563103131089201,0.087,0.19489999085876344,0.01664145874535412,0.1950751790021367,2.551212927379779,33.29167398851357,46.346484020224764,13.829846358340525,-2.5512129273799538,33.2916739885136,128
1.5,0.1,0.03,0.02,0.2563103131089201,0.08,0.49590045858726767,0.017742062873016502,0.4959164490608031,2.114664109942567,2.275123977458023,23.099478724624547,74.36829469741801,2.1146641099427708,2.2751239774580947,129
1.5,0.1,0.03,0.02,0.2563103131089201,0.108,0.4068135373711336,0.017962244282390953,0.40687356449710455,4.091115563112106,46.825911842653966,48.981652182597,33.71236646596896,-4.091115563112142,-46.825911842653966,130
1.5,0.1,0.03,0.02,0.2563103131089201,0.117,0.48946964948732,0.011422712173106187,0.4894968151082504,3.1175590837970293,20.95066071605802,19.577740712994324,34.77422811142894,-3.117559083797093,20.950660716058028,131
1.5,0.1,0.03,0.02,0.2563103131089201,0.098,0.4964138730324815,0.01886036415606963,0.4964246836592551,0.18361339765480292,70.95072464179134,16.462531063749342,60.052979550975174,-0.18361339765570178,70.95072464179134,132
1.5,0.1,0.03,0.02,0.2563103131089201,0.099,0.3212924871409622,0.017717373593415117,0.32135135073584004,1.515802701408685,7.414343063009634,22.473260592029828,7.496657891165481,1.5158027014092643,7.414343063009718,133
1.5,0.1,0.03,0.02,0.2563103131089201,0.1,0.5024144999920691,0.019182489487799912,0.4975897009098765,0.9529386626685739,72.92016715977273,61.266786313604776,39.83427815169596,-0.952938662668954,-72.92016715977273,134
1.5,0.1,0.03,0.02,0.2563103131089201,0.098,0.2654080620976737,0.024646970881013315,0.26556417529895304,1.5797490344767526,19.858870147457175,9.039737979443636,51.443913613854285,-1.5797490344767433,19.858870147457168,135
1.5,0.1,0.03,0.02,0.2563103131089201,0.122,0.4829339531943168,0.0014398463876958054,0.48293395494605745,0.18860925046978114,30.27561301988129,33.62392088834228,52.661773466026006,0.18860925047251287,30.275613019881305,136
1.5,0.1,0.03,0.02,0.2563103131089201,0.105,0.39611085010620634,0.018087564421768045,0.3961061961315069,1.0223292162791904,86.67687345127345,0.6947801339468787,19.60882221353622,-1.0223292162797302,-86.67687345127345,137
1.5,0.1,0.03,0.02,0.2563103131089201,0.086,0.4898624859611181,0.004998355726510711,0.4901261264349597,0.2702712657120046,14.125068246906284,16.817803790938587,1.3754254255406442,-0.27027126571177695,14.12506824690629,138
1.5,0.1,0.03,0.02,0.2563103131089201,0.105,0.280387380537656,0.020308360902308732,0.2804010132108627,2.5841672143653045,6.594880339819792,26.700028600509345,19.588317539678624,2.5841672143654484,-6.594880339819849,139
1.5,0.1,0.03,0.02,0.2563103131089201,0.104,0.5034666868298124,0.008783417428641756,0.4965137469248397,0.8011325634609512,59.21066830109159,10.64988739958697,47.94843068707501,-0.8011325634608645,59.21066830109159,140
1.5,0.1,0.03,0.02,0.2563103131089201,0.104,0.4867505425201325,0.018210907225587263,0.48683746997209354,1.3237309746875012,5.916873053683843,26.310895964945786,68.52376589309792,-1.3237309746873993,-5.916873053683884,141
1.5,0.1,0.03,0.02,0.2563103131089201,0.13,0.22098519067610303,0.0022331769586980523,0.22125534599179347,1.144072833030864,19.368655544492185,53.6003826923442,4.535171184789586,-1.1440728330311911,19.368655544492192,142
1.5,0.1,0.03,0.02,0.2563103131089201,0.093,0.3893669076909204,0.005593683551575704,0.3894666169703067,3.087125702450405,5.256297314929981,1.6891430959080005,42.01677999935312,3.0871257024504635,5.256297314929956,143
1.5,0.1,0.03,0.02,0.2563103131089201,0.095,0.4911497497635324,0.02319139126020783,0.491248967543147,0.006637889532112665,25.021799850218557,50.07419604684791,12.018380964783699,0.006637889582681795,25.021799850218585,144
1.5,0.1,0.03,0.02,0.2563103131089201,0.119,0.5230586134852698,0.008729120727995636,0.47730498309906655,0.09562427541799558,25.044737161920022,15.931225616318711,41.78954225325328,-0.09562427542191683,-25.044737161920043,145
1.5,0.1,0.03,0.02,0.2563103131089201,0.1,0.5627823879334372,0.012230032385224123,0.4372534964903028,1.9124860302730802,6.766777006315304,79.48866981040375,36.82465261559268,1.9124860302731506,6.766777006315344,146
1.5,0.1,0.03,0.02,0.2563103131089201,0.102,0.4399323341875889,0.00578764290137819,0.4397968250000029,0.6298628005410507,0.24255200356590645,87.93078663928505,28.998743093662526,-0.6298628005408908,-0.2425520035661023,147
1.5,0.1,0.03,0.02,0.2563103131089201,0.107,0.5389338376855606,0.016546802429740937,0.46105049303080564,1.2776925959937286,29.571560858340575,25.64452879241398,39.92120498773282,-1.2776925959940546,29.57156085834059,148
1.5,0.1,0.03,0.02,0.2563103131089201,0.098,0.8944636261570421,0.015282294839429977,0.10557431770643744,0.8112669502076684,87.40633075491013,,57.23968459536448,-0.8112669502074848,-87.40633075491013,149
1.5,0.1,0.03,0.02,0.2563103131089201,0.088,0.4911385600310171,0.017295937321294502,0.49118900040930863,1.6947129706603559,0.6425863733573866,14.19029465513354,43.89148435787842,1.6947129706607573,0.6425863733583005,150
1.5,0.1,0.03,0.02,0.2563103131089201,0.102,0.4968999019772546,0.016757635011530575,0.4969242440517875,1.7630416264584985,38.24459185126699,42.48337499248577,70.70761867408561,-1.7630416264587958,38.244591851266996,151
1.5,0.1,0.03,0.02,0.2563103131089201,0.104,0.5003759870657134,0.02313140309157016,0.49968071088843435,1.6765367438060654,68.3143539694608,47.758578561966,48.78428743239921,1.676536743806416,-68.31435396946081,152
1.5,0.1,0.03,0.02,0.2563103131089201,0.105,0.5996676965556461,0.012925219832648455,0.40136935483108566,3.512882901186469,8.17591647129502,83.747252699023,77.70936084295964,-3.5128829011866087,8.175916471295071,153
1.5,0.1,0.03,0.02,0.2563103131089201,0.101,0.4739994379057862,0.0004897280360106581,0.47431322632864564,2.176604463680556,13.150127166547012,42.09953657826767,80.99293136193793,-2.176604463680426,13.150127166547012,154
1.5,0.1,0.03,0.02,0.2563103131089201,0.123,0.46458417441701516,0.0020851925480908605,0.46468989447860254,0.3531478148928894,17.097219839071126,20.60278475337051,12.026888224551268,0.35314781489299124,-17.09721983907114,155
1.5,0.1,0.03,0.02,0.2563103131089201,0.079,0.7253042545538698,0.018176152854929094,0.27467350075900926,2.6659320449945816,29.204811582323455,7.55099704123715,63.383544315745134,-2.6659320449945905,29.20481158232347,156
1.5,0.1,0.03,0.02,0.2563103131089201,0.1,0.4252055175807602,0.006943018969897901,0.42551649307364725,1.6055940170002183,1.8560545138746136,29.493749469756978,39.14237617502516,1.6055940170003564,1.8560545138747326,157
1.5,0.1,0.03,0.02,0.2563103131089201,0.093,0.4975886159709919,0.021166994818679945,0.497648102823957,1.5665360408020153,23.292305605029796,36.54875634623756,13.134635120094087,1.5665360408021767,23.29230560502981,158
1.5,0.1,0.03,0.02,0.2563103131089201,0.1,0.2762243070828918,0.011404253451035337,0.2762735456065567,0.4566846625145428,10.503093631043972,8.594857516799097,67.50154331904146,-0.4566846625152639,-10.503093631043988,159
1.5,0.1,0.03,0.02,0.2563103131089201,0.094,0.6549289045063281,0.0223041225381182,0.3451324782130607,1.3358554529159425,41.15466617806876,36.68501307169011,28.741522018801422,-1.3358554529158406,41.15466617806877,160
1.5,0.1,0.03,0.02,0.2563103131089201,0.094,0.5208307418609399,0.008585544934384029,0.47920102112975776,5.109779255395004,6.997972752244314,1.8677688386607765,14.192057341599236,5.109779255395085,6.997972752244331,161
1.5,0.1,0.03,0.02,0.2563103131089201,0.087,0.4070404065937097,0.01266056382056872,0.4070868505115724,1.3875064921271512,66.89972374977849,70.16315479117732,73.52346847030547,1.3875064921272995,-66.89972374977849,162
1.5,0.1,0.03,0.02,0.2563103131089201,0.104,0.5399975854058311,0.0012168383703073634,0.4600234386880601,1.5603202047749738,36.330662421295024,50.1702145563262,33.936965219540056,-1.5603202047749696,36.330662421295024,163
1.5,0.1,0.03,0.02,0.2563103131089201,0.102,0.16052260192831874,0.023795965630432826,0.16048456788817594,0.930202631857275,73.67043613924722,69.82734229596142,44.42207882684672,0.9302026318570782,-73.67043613924722,164
1.5,0.1,0.03,0.02,0.2563103131089201,0.096,0.4587151288915943,0.019608200172797997,0.4587336669710229,1.4893419654884066,44.08894066042001,8.1328717456423,29.82139946125262,1.4893419654886844,-44.08894066042001,165
1.5,0.1,0.03,0.02,0.2563103131089201,0.112,0.48621230794946885,0.017736167381946222,0.48624825800261123,3.1126519356077362,54.191649878300574,30.653043190650532,83.17933419232986,-3.1126519356078766,-54.191649878300574,166
1.5,0.1,0.03,0.02,0.2563103131089201,0.1,0.3994760574920667,0.024138540190206396,0.3996591101510791,3.5160382254238143,43.85329443921563,34.816105352156846,58.85642093122539,3.5160382254239755,43.853294439215645,167
1.5,0.1,0.03,0.02,0.2563103131089201,0.087,0.5414870133993211,0.0009650343344671721,0.4585311351494534,1.692826828080598,14.488040167554512,19.368917443491778,18.871151149431576,-1.6928268280806276,14.488040167554509,168
1.5,0.1,0.03,0.02,0.2563103131089201,0.126,0.5409597321345331,0.0008983681671185202,0.4588824719282759,0.43720609224275037,23.520464486017364,3.3646075038677465,56.798117833705895,-0.4372060922430533,-23.520464486017378,169
1.5,0.1,0.03,0.02,0.2563103131089201,0.092,0.4946632265379804,0.01633466568406786,0.49469347042968964,0.5430061888993769,9.372571532344919,16.495057869857607,17.845903927044525,-0.5430061889002273,9.372571532344999,170
1.5,0.1,0.03,0.02,0.2563103131089201,0.088,0.49762395020182054,0.0075142766513284776,0.4976710500859439,0.46686859313345025,14.676481353495417,53.16784990849169,19.11024935195453,-0.4668685931345622,-14.676481353495438,171
1.5,0.1,0.03,0.02,0.2563103131089201,0.103,0.3585786900195011,0.028050973367331276,0.35906068564999544,4.869700559185618,11.83665030089675,18.112763946538514,41.26423297658775,4.869700559185608,-11.836650300896784,172
1.5,0.1,0.03,0.02,0.2563103131089201,0.098,0.6500053431783479,0.02002469126755499,0.3500791717807348,2.6003319641422062,79.13239733038996,16.016819989754875,15.406842248937778,-2.60033196414221,-79.13239733038996,173
1.5,0.1,0.03,0.02,0.2563103131089201,0.09,0.518406136497616,0.017808947716671197,0.48162157571739495,0.5565068094350023,66.0146419822288,32.60374443444271,31.195103422292156,0.5565068094359082,66.0146419822288,174
1.5,0.1,0.03,0.02,0.2563103131089201,0.094,0.693839891238458,0.02479232377887209,0.30665171643849565,6.146392046331498,80.07446847576827,32.34722314245539,1.1654630838461504,-6.146392046331477,-80.07446847576827,175
1.5,0.1,0.03,0.02,0.2563103131089201,0.102,0.5892409683737488,0.008818533870577228,0.4108737039632531,1.0756755583790494,54.74100172990304,51.8776157921511,58.90824626523648,-1.0756755583795121,54.74100172990304,176
1.5,0.1,0.03,0.02,0.2563103131089201,0.105,0.44390741608745504,0.001263235591498208,0.4440425493226897,1.4142606221347036,24.772485516340943,51.45215769441504,12.720312778729632,-1.4142606221349023,-24.772485516340943,177
1.5,0.1,0.03,0.02,0.2563103131089201,0.107,0.46676087166758623,0.003887087883931447,0.4665918572186341,0.029551751299473447,7.057081322171985,1.56902439613051,37.09213225508855,0.029551751315331505,-7.057081322171984,178
1.5,0.1,0.03,0.02,0.2563103131089201,0.1,0.415149754891945,0.021506083870633606,0.41517884878220074,6.444072950413618,65.49948334858537,51.34128633778458,53.825381408817115,-6.444072950413715,-65.49948334858537,179
1.5,0.1,0.03,0.02,0.2563103131089201,0.097,0.5142419857812209,0.007359996777219866,0.485754507494,2.95592880897874,0.6551404776854333,51.27794937153371,2.702557522086636,2.955928808978816,-0.6551404776861651,180
1.5,0.1,0.03,0.02,0.2563103131089201,0.102,0.4724456120508985,0.011974586535296523,0.47260385310803704,4.04255392590131,17.194923513334437,20.803327555922422,33.90673479771899,-4.042553925901338,-17.19492351333447,181
1.5,0.1,0.03,0.02,0.2563103131089201,0.08,0.506327679612716,0.01938779509316991,0.4937427758858921,3.646261092547103,78.73872850384767,48.009692000945435,41.85984893593518,-3.6462610925471024,-78.73872850384767,182
1.5,0.1,0.03,0.02,0.2563103131089201,0.087,0.4966624477747698,0.02138048153536428,0.4966730523618197,3.9249421990623583,87.42222686371942,32.6368684071262,58.267307787813635,-3.924942199062317,-87.42222686371942,183
1.5,0.1,0.03,0.02,0.2563103131089201,0.08,0.5989941633495177,0.008545183958780667,0.40163491066240253,1.4301793347929324,24.88161363386761,73.14164565429607,79.87993873094571,1.4301793347927818,24.881613633867623,184
1.5,0.1,0.03,0.02,0.2563103131089201,0.097,0.6202492551134657,0.0006976223032543582,0.3806784326607748,1.192135605119481,22.334398563015622,70.46660794022802,9.763923112717967,1.1921356051196137,22.33439856301564,185
1.5,0.1,0.03,0.02,0.2563103131089201,0.083,0.510532916007295,0.016527651856536898,0.4895307706562927,3.0235168364501512,44.244673048129414,80.70715955709612,64.26732723618765,3.023516836450129,-44.24467304812943,186
1.5,0.1,0.03,0.02,0.2563103131089201,0.117,0.478743645864485,0.0020398991414122543,0.4789746548891349,1.0585796984956732,26.51311320750566,50.23321440704824,48.81351868587457,1.0585796984956768,-26.513113207505658,187
1.5,0.1,0.03,0.02,0.2563103131089201,0.11,0.5386509753455407,0.002378908817896683,0.46197444176482166,3.0168858807313113,6.938256877082851,11.565334936012327,32.811788421866275,-3.016885880731409,-6.938256877082916,188
1.5,0.1,0.03,0.02,0.2563103131089201,0.097,0.4152047380943205,0.02328996999378826,0.41552414184688286,1.0052556650262956,40.248233148090165,37.97957018011006,43.930070364407214,-1.005255665026131,40.248233148090165,189
1.5,0.1,0.03,0.02,0.2563103131089201,0.09,0.49805676113539304,0.0185186582531855,0.4980628472229934,1.2629678184873794,17.000642773070286,9.115603858219409,8.290232449819118,-1.262967818487417,-17.000642773070297,190
1.5,0.1,0.03,0.02,0.2563103131089201,0.082,0.6284680738411614,0.014949733999933655,0.37160557471805883,0.1699426415395394,39.392143372492185,60.095847769900196,7.66369889889418,0.1699426415411035,39.392143372492185,191
1.5,0.1,0.03,0.02,0.2563103131089201,0.088,0.32337254837503726,0.00054017491240659,0.323418947609088,4.573488225854516,23.405679959017363,29.433279546233024,1.2657640972948587,4.573488225854486,-23.40567995901737,192
1.5,0.1,0.03,0.02,0.2563103131089201,0.105,0.5418729764385865,0.005363928210856888,0.45863397312942433,2.0934238853896523,11.008476593155107,13.169967504916572,37.63496482361715,2.093423885389725,11.008476593155136,193
1.5,0.1,0.03,0.02,0.2563103131089201,0.092,0.4433518578797543,0.020871523585593924,0.4434376678121198,0.9762819640636317,65.03657241524941,75.34463094281263,74.3277087221219,-0.976281964064154,65.03657241524941,194
1.5,0.1,0.03,0.02,0.2563103131089201,0.099,0.1435620035026947,0.02803740769046183,0.14378339146448194,3.771953394788283,36.15501559874373,63.81233909206641,12.87730260153166,3.771953394788301,36.15501559874373,195
1.5,0.1,0.03,0.02,0.2563103131089201,0.095,0.864173271706557,0.030246830635355708,0.1366127085027541,2.8837959592564233,25.506160310171897,27.87398284156878,17.143677059763817,2.8837959592566818,25.50616031017192,196
1.5,0.1,0.03,0.02,0.2563103131089201,0.086,0.44477290960493615,0.009628228090499912,0.4447914984458411,2.983838756292135,48.702038130090855,7.212894526150894,5.055668128514975,-2.9838387562921587,48.70203813009086,197
1.5,0.1,0.03,0.02,0.2563103131089201,0.094,0.4885462439767523,0.015987769695057198,0.48854493782597863,0.1602408642987944,14.345201179300604,30.643806674642125,38.45956158737111,-0.1602408643025249,-14.345201179300613,198
1.5,0.1,0.03,0.02,0.2563103131089201,0.107,0.4990043554928331,0.020964787228835012,0.4990159600090978,1.061469802282999,55.12917239061221,38.933884737590624,44.956534755039144,-1.061469802283146,-55.12917239061222,199
1.5,0.2,0.03,0.02,0.16832424671458285,0.191,0.49250228316046757,0.01894759142107732,0.49262044430837443,0.10102891345239437,60.1629585311729,71.7056171197923,16.759049559888197,0.10102891345639005,-60.1629585311729,0
1.5,0.2,0.03,0.02,0.16832424671458285,0.192,0.8227106483218495,0.022281537696833047,0.17812859820359034,1.8568248601724044,58.8179524406138,,83.17433766716847,1.8568248601724429,-58.8179524406138,1
1.5,0.2,0.03,0.02,0.16832424671458285,0.196,0.3407483478656646,0.00026139335193729247,0.34125746598292767,1.5602449676476062,4.66282341948284,,26.70321248513916,1.5602449676477848,-4.662823419482877,2
1.5,0.2,0.03,0.02,0.16832424671458285,0.197,0.3444069055970094,0.006396487930334772,0.3446103537009693,0.45891030090532053,42.851946611469735,58.85944729842155,27.530670110649964,-0.4589103009064949,-42.851946611469735,3
1.5,0.2,0.03,0.02,0.16832424671458285,0.217,0.3149836005345458,0.014867868695842064,0.3150061614573802,0.2800751021610959,49.78345574431828,39.78609892294672,28.310987668319022,-0.2800751021626455,49.78345574431828,4
1.5,0.2,0.03,0.02,0.16832424671458285,0.214,0.30858529611396374,0.004329490148537849,0.30866313292544184,2.09633053967007,83.48489683443213,,32.82152914685246,2.0963305396699554,83.48489683443213,5
1.5,0.2,0.03,0.02,0.16832424671458285,0.198,0.43549238279214797,0.009261242843105059,0.4355278808572894,0.6325080841806777,14.22076163728315,51.576743630106655,78.26946685869346,0.6325080841810541,14.22076163728318,6
1.5,0.2,0.03,0.02,0.16832424671458285,0.194,0.5935105495119387,0.019074669600974186,0.40652424053538305,1.7176054777200478,83.17693469931577,25.883349313577366,73.6018379001761,-1.7176054777203762,-83.17693469931578,7
1.5,0.2,0.03,0.02,0.16832424671458285,0.175,0.46950855207427206,0.01847975646868337,0.4695332661851048,2.2802680739596437,81.14681860530037,12.561754462528468,29.774710126101873,-2.280268073959653,-81.14681860530037,8
1.5,0.2,0.03,0.02,0.16832424671458285,0.191,0.5264432577766427,0.00774095493256214,0.4736185590445085,2.1657542370141,61.280575339110726,48.54161800613432,22.69414725150833,2.165754237014284,61.28057533911074,9
1.5,0.2,0.03,0.02,0.16832424671458285,0.185,0.8013823700703767,0.007395807116568894,0.19897709634607516,0.4771740085403047,65.33617634633667,,31.482399253932204,0.4771740085403552,65.33617634633667,10
1.5,0.2,0.03,0.02,0.16832424671458285,0.195,0.49945041067864576,0.02133904768712573,0.4994577243384843,0.4932645915605061,37.13462568309238,70.50014888591281,58.99835997271526,-0.4932645915612257,37.13462568309239,11
1.5,0.2,0.03,0.02,0.16832424671458285,0.212,0.49953126281191285,0.021544700285606712,0.4996376875145576,0.9648600701025059,31.478783931432204,84.35808457055961,79.46485891591306,0.9648600701024215,-31.478783931432204,12
1.5,0.2,0.03,0.02,0.16832424671458285,0.195,0.4797149503850876,0.02797448723401289,0.47989793183297774,0.130984018118398,77.81276454962864,13.376991112081118,53.48297295003779,0.13098401812072039,-77.81276454962864,13
1.5,0.2,0.03,0.02,0.16832424671458285,0.205,0.5122216881777848,0.014697456200393078,0.4878493221570829,3.178574053497293,5.121516255335604,81.78468099524663,29.29159303935373,3.1785740534973788,-5.12151625533567,14
1.5,0.2,0.03,0.02,0.16832424671458285,0.183,0.35714633758234643,0.014668269681541038,0.357366532960956,0.45212278904945286,81.31143012708604,85.16423046892544,77.82836934991194,-0.4521227890501146,-81.31143012708604,15
1.5,0.2,0.03,0.02,0.16832424671458285,0.204,0.520134858242663,0.00737772577462791,0.4799069741354618,2.2158125645810864,31.70616775786483,22.756817648799455,66.26684220648927,2.215812564581206,31.70616775786485,16
1.5,0.2,0.03,0.02,0.16832424671458285,0.22,0.6991310327486849,0.023863952296993337,0.30083766386470095,0.1293533620996372,59.63868884732596,38.88153320252849,26.915764795355845,-0.12935336209958728,59.63868884732596,17
1.5,0.2,0.03,0.02,0.16832424671458285,0.224,0.4882884935084453,0.01891842257594791,0.488356856483453,2.6505413984217316,88.04526945078241,57.690400019768795,3.7943908897933833,-2.6505413984218147,-88.04526945078241,18
1.5,0.2,0.03,0.02,0.16832424671458285,0.2,0.5477457298322602,0.010893332065572064,0.45223190505991256,2.181623075169903,68.60569030512397,41.00520490424901,17.78612500537806,-2.1816230751701937,68.60569030512397,19
1.5,0.2,0.03,0.02,0.16832424671458285,0.208,0.45322871399148434,0.00964531227491207,0.4532266068969169,1.8438578942341908,6.675127804646236,28.07328037429075,31.859085852392496,1.8438578942343045,6.675127804646284,20
1.5,0.2,0.03,0.02,0.16832424671458285,0.194,0.49547161103571224,0.02252826770745621,0.49552170124512684,0.9789693087221493,81.46536927087146,77.43150133176921,75.24318259571406,0.9789693087226379,81.46536927087146,21
1.5,0.2,0.03,0.02,0.16832424671458285,0.21,0.49256807873153685,0.020878178658309682,0.4926447203493461,1.1300721332796617,57.30162693411983,1.9753320307492241,18.710745779066386,1.1300721332797758,57.30162693411984,22
1.5,0.2,0.03,0.02,0.16832424671458285,0.197,0.4822713939948785,0.018974306214129336,0.4823053323449089,2.17066807684307,47.912502585146356,38.72295451977156,67.41740923711792,2.1706680768432944,-47.91250258514637,23
1.5,0.2,0.03,0.02,0.16832424671458285,0.175,0.5627233328738223,0.0037720622338235435,0.4378128111777731,1.942949588298266,15.760406661157925,4.994877208761688,70.49528692430152,-1.9429495882985064,15.760406661157953,24
1.5,0.2,0.03,0.02,0.16832424671458285,0.187,0.12530562852603988,0.016649802841043095,0.12538717360492285,2.465644396575407,12.759524875408326,44.509856751842996,18.832891641122128,-2.4656443965757173,12.75952487540837,25
1.5,0.2,0.03,0.02,0.16832424671458285,0.208,0.4431132098582241,0.005404418856353416,0.4435224285984243,1.5871595908343794,1.6561822868789302,11.677606094886887,8.55445424640693,1.5871595908344223,1.6561822868789011,26
1.5,0.2,0.03,0.02,0.16832424671458285,0.194,0.5176210228899167,0.010287841681257112,0.4823812294938258,0.47789446442091343,79.34169416009267,28.97292471350731,66.84553943150708,-0.4778944644213378,79.34169416009267,27
1.5,0.2,0.03,0.02,0.16832424671458285,0.179,0.5097678349808595,0.019829378233168368,0.49036270493612266,2.3720774171528856,33.09335159329674,69.74943952515807,15.242887501631019,-2.372077417153035,-33.09335159329675,28
1.5,0.2,0.03,0.02,0.16832424671458285,0.202,0.6184619764261093,0.022208731237725307,0.3815584400443782,0.25560895267128647,25.816558316997824,67.59959932691426,66.38308451067907,-0.2556089526711438,25.816558316997824,29
1.5,0.2,0.03,0.02,0.16832424671458285,0.205,0.4955574959558777,0.02290232550850512,0.49563927685773346,1.1780263089355614,40.21272819487407,13.65527236457813,18.07521430870989,-1.1780263089359333,40.21272819487407,30
1.5,0.2,0.03,0.02,0.16832424671458285,0.215,0.5037219475650144,0.010961306574824324,0.49631394678191754,0.4788486881473078,14.293093976281575,56.13548420811558,1.7606239218299853,0.4788486881475679,14.293093976281584,31
1.5,0.2,0.03,0.02,0.16832424671458285,0.208,0.4198607742694838,9.549377877868251e-05,0.4198636020322263,0.6841366271010654,13.639289559781,21.27765734544473,10.891840560750179,-0.6841366271013584,13.63928955978101,32
1.5,0.2,0.03,0.02,0.16832424671458285,0.187,0.49956316342258433,0.023091702645498823,0.49958799471554666,1.1086869724243589,33.263629523872886,12.956014961392597,11.192161388339581,-1.1086869724248445,-33.26362952387289,33
1.5,0.2,0.03,0.02,0.16832424671458285,0.231,0.5806452974128307,0.003076086406759336,0.419301315008775,0.43303873795303793,13.68810647541137,,27.611323606525257,0.4330387379539504,13.688106475411379,34
1.5,0.2,0.03,0.02,0.16832424671458285,0.21,0.6933945377245277,0.028018160198465307,0.307162052173239,0.49466068902502514,13.486588457863197,26.880198852601232,55.909298335910535,0.49466068902537375,-13.48658845786322,35
1.5,0.2,0.03,0.02,0.16832424671458285,0.183,0.6465002607810141,0.002523959972969222,0.3537779457566468,0.6041417864123346,21.796806613738966,21.001111517215882,12.27579719456213,0.604141786413582,-21.796806613738994,36
1.5,0.2,0.03,0.02,0.16832424671458285,0.196,0.5364402496433108,0.023117763515463397,0.46356306415987153,0.6161487131019415,1.629186122397121,12.744114788728957,15.789795028074087,0.6161487131025527,1.629186122397115,37
1.5,0.2,0.03,0.02,0.16832424671458285,0.2,0.4979700024438698,0.02078269498909392,0.4980042894951081,0.7819370755057551,41.7067787317086,8.580264930965543,24.531794906795383,-0.7819370755060793,41.70677873170862,38
1.5,0.2,0.03,0.02,0.16832424671458285,0.196,0.4292018073804485,0.023030802192677162,0.4295594147578621,1.025539053704246,51.12920019830678,25.241361370392518,17.556541658895654,1.025539053704251,-51.12920019830679,39
1.5,0.2,0.03,0.02,0.16832424671458285,0.194,0.83717759573711,0.02193737806532421,0.1629715331365791,3.0244530225079984,31.73433305143879,22.941656741272812,56.44668760294463,-3.024453022508074,31.73433305143879,40
1.5,0.2,0.03,0.02,0.16832424671458285,0.197,0.4309923439822402,0.02368667019734941,0.4311372133090829,2.5257531745083956,71.5099113389655,42.20466649185962,18.198326849942635,-2.5257531745084516,-71.5099113389655,41
1.5,0.2,0.03,0.02,0.16832424671458285,0.211,0.4381185772793309,0.019056998870863567,0.438197910189555,2.6282143063072736,50.58957126539253,39.00586566415666,9.617286558657785,-2.628214306307397,50.58957126539253,42
1.5,0.2,0.03,0.02,0.16832424671458285,0.204,0.2606317996311379,0.008063179208402617,0.2607151215517784,1.4869365924975813,63.45400053578492,63.524249312888124,37.023602576511095,-1.4869365924981115,-63.45400053578492,43
1.5,0.2,0.03,0.02,0.16832424671458285,0.19,0.38886386164374254,0.020670154024220268,0.3889510094049861,0.004042009980324194,57.67176105163924,19.80043162459185,47.22278058963194,-0.0040420100894413774,-57.67176105163924,44
1.5,0.2,0.03,0.02,0.16832424671458285,0.245,0.5213685055484143,0.009806522109461252,0.47862514895846336,0.8107278308326787,50.48694534404898,51.79525629939138,10.635045904203865,0.8107278308330325,-50.48694534404898,45
1.5,0.2,0.03,0.02,0.16832424671458285,0.215,0.6819344114824215,0.0031637166552357966,0.3181197882570506,2.6380718165796035,13.086077425675496,3.1627777894711246,76.5128536572375,2.6380718165795427,13.086077425675489,46
1.5,0.2,0.03,0.02,0.16832424671458285,0.208,0.1319680849908712,0.028302409393105174,0.13241927167016285,4.072751729538231,1.067094609832079,2.820544798283988,63.12847735639186,-4.072751729538359,-1.0670946098323235,47
1.5,0.2,0.03,0.02,0.16832424671458285,0.189,0.5497426897848343,0.024339909392933234,0.4503284524074342,1.5780226700966127,28.1072808289419,82.73223402569707,44.685091610422575,-1.5780226700967477,28.10728082894191,48
1.5,0.2,0.03,0.02,0.16832424671458285,0.206,0.4856743828662856,0.019584706057686536,0.4857710958727099,0.9257357214323298,4.3977609937404445,9.996173968326643,31.83291502955737,0.9257357214328449,4.397760993740547,49
1.5,0.2,0.03,0.02,0.16832424671458285,0.191,0.7253835424140769,0.024578182113722345,0.27499408475836656,2.615346671754449,33.151120011421135,80.9961375280254,52.41335026250601,-2.615346671754751,-33.151120011421135,50
1.5,0.2,0.03,0.02,0.16832424671458285,0.217,0.4111561299061456,0.003935071971471724,0.41142518392904764,0.06702777785355588,48.13314731215795,0.002086901716552044,19.4040679398182,0.06702777785707908,-48.13314731215795,51
1.5,0.2,0.03,0.02,0.16832424671458285,0.189,0.4830231328460607,0.009164218926167755,0.4831132993883952,1.0139660412312197,79.636630242499,32.58254349881892,77.99235473294479,-1.0139660412310008,79.636630242499,52
1.5,0.2,0.03,0.02,0.16832424671458285,0.202,0.4448941189033283,0.023722482745245146,0.4451978400914981,0.36356434977028235,57.127118317167344,22.90598788460129,42.76146272508655,0.3635643497713349,-57.12711831716735,53
1.5,0.2,0.03,0.02,0.16832424671458285,0.206,0.49661227129921803,0.026060490629521284,0.49668255645758536,3.509128638134781,35.09973191809987,25.51997474462452,75.48936239913986,-3.509128638134769,-35.09973191809987,54
1.5,0.2,0.03,0.02,0.16832424671458285,0.203,0.6198561288396011,0.0016454287411860411,0.38018723468720694,3.3527916317879627,49.4240339377107,,66.90011806954273,-3.3527916317880457,-49.42403393771071,55
1.5,0.2,0.03,0.02,0.16832424671458285,0.193,0.4966232500384753,0.0165923619901846,0.49663827377812353,3.9611665133987226,34.78218567657238,39.89438609981398,72.56649639006687,-3.961166513398812,-34.78218567657239,56
1.5,0.2,0.03,0.02,0.16832424671458285,0.198,0.4973212376705516,0.02347714193387187,0.49735809117426283,2.9046017105701196,77.38429717221986,86.08386521387118,80.2770059426976,2.9046017105701902,77.38429717221986,57
1.5,0.2,0.03,0.02,0.16832424671458285,0.198,0.4992710932538515,0.020565740914899745,0.4992384934546114,1.1484358692425567,54.57570514580138,47.06905407535247,3.4360122713128094,-1.1484358692427357,-54.575705145801386,58
1.5,0.2,0.03,0.02,0.16832424671458285,0.172,0.5207048851325344,0.015818699343047138,0.47931459962891637,0.43346773058957744,87.59334073864964,64.59894865318947,51.82695148122627,0.43346773058997395,-87.59334073864964,59
1.5,0.2,0.03,0.02,0.16832424671458285,0.208,0.45848563822970756,0.01594053804300551,0.4584788343926181,0.38569485245006885,59.71607261822425,39.32400519368015,43.72362700045509,0.3856948524511577,59.71607261822426,60
1.5,0.2,0.03,0.02,0.16832424671458285,0.197,0.5546091515750348,0.011269233136750854,0.44537971282878486,0.4765129727196231,53.87057671680205,74.060161494274,61.941523903975806,-0.4765129727205658,53.870576716802056,61
1.5,0.2,0.03,0.02,0.16832424671458285,0.207,0.7536498778370513,0.025575418119582777,0.24656700152585234,1.348087343863627,47.60336495984838,18.400264317018678,17.359423367376074,-1.3480873438639556,-47.603364959848385,62
1.5,0.2,0.03,0.02,0.16832424671458285,0.204,0.404322392464341,0.021609822781108005,0.40436114835485726,2.1583652226062835,3.0411302584653574,26.089633940796876,74.22634039229943,-2.158365222606176,3.041130258465298,63
1.5,0.2,0.03,0.02,0.16832424671458285,0.193,0.33847093744532264,0.00512679473066217,0.3386804128437315,0.15196951264669042,11.29245514644829,8.44469151475564,39.09768813212477,0.15196951265004527,-11.292455146448315,64
1.5,0.2,0.03,0.02,0.16832424671458285,0.214,0.35204235942829937,0.027838605538801228,0.351998235960377,1.0541067172382463,10.133040775517257,53.59843500360135,14.189886017672233,-1.0541067172383316,10.133040775517227,65
1.5,0.2,0.03,0.02,0.16832424671458285,0.213,0.49260530221898297,0.017530495687732267,0.49264824342112834,3.1237526162675464,77.55440799846218,66.09708358050479,33.06465501698656,-3.123752616267669,77.55440799846218,66
1.5,0.2,0.03,0.02,0.16832424671458285,0.203,0.489895798696554,0.013701443662765204,0.48987665874919367,1.08660393190027,26.753934705031135,52.83707687224757,15.986239449537473,1.0866039319003176,-26.75393470503114,67
1.5,0.2,0.03,0.02,0.16832424671458285,0.209,0.2048213691941667,0.02550786509576209,0.20490155158970802,0.6506961578121984,44.08379459094326,36.83567393994502,33.77608045446795,0.6506961578124304,44.08379459094326,68
1.5,0.2,0.03,0.02,0.16832424671458285,0.211,0.7158005549843969,0.022546893635095676,0.2841900440825436,0.6153559172855042,49.86899183015565,50.92004613126659,41.266452421838466,-0.6153559172855417,49.86899183015564,69
1.5,0.2,0.03,0.02,0.16832424671458285,0.208,0.47244328598157825,0.012187429243720805,0.4726327916064688,2.4185452593400956,42.12736400509887,5.232361296648933,22.28998188543741,-2.4185452593401124,42.12736400509886,70
1.5,0.2,0.03,0.02,0.16832424671458285,0.224,0.48968860114554363,0.013400384409662902,0.4897123570655307,1.575172563796683,24.716757399375684,50.73071123865702,5.6109272578781,-1.5751725637967717,24.716757399375687,71
1.5,0.2,0.03,0.02,0.16832424671458285,0.203,0.15625370563896265,0.006322565693665683,0.15629559677730673,0.9427706767346182,12.797676900029966,76.57028119473753,7.4959234263539,0.9427706767349125,-12.797676900029959,72
1.5,0.2,0.03,0.02,0.16832424671458285,0.215,0.24338632759262724,0.01979154616757254,0.24340809287948512,0.765256910706988,34.98935684021953,1.2805489370384278,19.245610419537094,-0.7652569107078325,34.989356840219536,73
1.5,0.2,0.03,0.02,0.16832424671458285,0.187,0.6177828236663954,0.004555914496183143,0.382407664018126,1.0513646778887875,7.730551120425195,6.074978200128713,13.934659836388871,-1.0513646778887507,7.730551120425234,74
1.5,0.2,0.03,0.02,0.16832424671458285,0.203,0.5017500864951492,0.018240636606082893,0.4982465508768308,0.6824863890643741,17.28424842263159,4.215897302867356,75.24178637248485,-0.6824863890652744,17.28424842263162,75
1.5,0.2,0.03,0.02,0.16832424671458285,0.188,0.45414427906106075,0.02371435392275152,0.45438588323817874,2.0091034190113857,38.027541631915625,69.28983151873923,33.858688391540646,-2.009103419011382,-38.02754163191563,76
1.5,0.2,0.03,0.02,0.16832424671458285,0.19,0.5229133454433327,0.00735993308481467,0.4773779257924911,1.8362420401297845,32.16796453418584,44.3003092173924,21.26490494839376,1.8362420401299517,32.167964534185856,77
1.5,0.2,0.03,0.02,0.16832424671458285,0.192,0.612769143839997,0.000835165130718297,0.38797975745930285,0.03015545973246724,88.37793128622302,,4.30606723961421,0.030155459744683283,-88.37793128622303,78
1.5,0.2,0.03,0.02,0.16832424671458285,0.204,0.6775025730736638,0.0047077147756303585,0.32253061719286735,0.8788373484141312,15.160381552521459,,24.698760826040324,0.8788373484146382,-15.160381552521471,79
1.5,0.2,0.03,0.02,0.16832424671458285,0.195,0.5572856009287751,0.026155366840097227,0.4430246855371231,0.06525489357508474,16.820832446084573,31.433141475588336,28.0796521091035,-0.0652548935846888,-16.820832446084577,80
1.5,0.2,0.03,0.02,0.16832424671458285,0.206,0.5234002725301209,0.006550094042683144,0.47657941088257566,1.5001615017241043,80.91287987794928,27.177457458417067,16.553186926338217,-1.500161501724233,-80.91287987794928,81
1.5,0.2,0.03,0.02,0.16832424671458285,0.2,0.5000774563844412,0.022834877498969963,0.499900074137658,1.5911786415387625,49.18793547934138,67.5649252754211,53.171234187268155,1.5911786415389932,-49.18793547934138,82
1.5,0.2,0.03,0.02,0.16832424671458285,0.187,0.22466118906383448,0.02790973074730423,0.22452179474359693,0.5049056278472835,2.3927700850244795,24.488322940092324,73.42975828116224,-0.5049056278476953,-2.3927700850245994,83
1.5,0.2,0.03,0.02,0.16832424671458285,0.202,0.7655910606703247,0.0009541962925313956,0.23425517163380016,0.9000880785834235,35.77184399740856,,18.26864628069478,-0.9000880785837124,-35.77184399740857,84
1.5,0.2,0.03,0.02,0.16832424671458285,0.2,0.5769766360792474,0.015267157778300532,0.42303980795040996,2.4913588986372157,61.87158032990143,56.30346845041959,61.30630916032474,2.4913588986372996,61.87158032990143,85
1.5,0.2,0.03,0.02,0.16832424671458285,0.208,0.4349862526880742,0.018030351901248867,0.434997125968354,0.4554523356739906,3.416973226281028,6.685332070481438,9.123566766683636,-0.4554523356749761,3.4169732262811308,86
1.5,0.2,0.03,0.02,0.16832424671458285,0.199,0.45547502177736865,0.020236567333846888,0.45553460224202263,1.256032501702876,26.55647680092865,73.82982493853594,20.99668761018465,1.2560325017031029,-26.556476800928653,87
1.5,0.2,0.03,0.02,0.16832424671458285,0.196,0.4632248742228284,0.021584065646055778,0.4632418571768133,1.402879280121527,28.19143992447799,24.341087700541404,1.81163496965899,1.4028792801216403,28.191439924477994,88
1.5,0.2,0.03,0.02,0.16832424671458285,0.192,0.6614889071076122,0.02099749390420637,0.33855596446489505,2.334751730448017,77.87215604128488,21.692718294731083,74.3489072411816,2.334751730448059,77.87215604128488,89
1.5,0.2,0.03,0.02,0.16832424671458285,0.195,0.42151919333816035,0.02095205739588221,0.4215889518660398,0.7331105275188385,18.31822827905292,49.11885981136009,66.25147141008532,0.7331105275190801,-18.31822827905293,90
1.5,0.2,0.03,0.02,0.16832424671458285,0.192,0.647571859479345,0.024151454792050893,0.35262022642858715,2.4565247205388503,62.80913573327682,48.58019027126834,50.315050153151084,2.456524720539005,-62.80913573327682,91
1.5,0.2,0.03,0.02,0.16832424671458285,0.195,0.5800466010167528,0.018792594522174137,0.42002796942667264,0.6038088459915746,54.69059887623654,84.96703157106151,71.90365596447586,-0.6038088459923414,54.69059887623654,92
1.5,0.2,0.03,0.02,0.16832424671458285,0.211,0.2491530728511363,0.02520593314975817,0.24949746021411845,2.2453606537012423,88.56540778244754,65.13868710327297,29.904450692126915,2.245360653701375,88.56540778244754,93
1.5,0.2,0.03,0.02,0.16832424671458285,0.209,0.4308689756348992,0.007404823220581527,0.4311559242062853,0.6088631486720192,12.066417992162721,8.901602480339099,41.67405899099992,-0.6088631486726265,-12.066417992162744,94
1.5,0.2,0.03,0.02,0.16832424671458285,0.202,0.6725464996739157,0.019349142075351766,0.32745744587233755,1.6865474823185178,14.535491891415251,22.58023374653086,27.750360348213395,1.6865474823186468,14.53549189141526,95
1.5,0.2,0.03,0.02,0.16832424671458285,0.204,0.5224413287918133,0.002187513165213871,0.47767288214610204,1.908578245605904,21.820368494901718,63.23441483912613,56.01218215779916,-1.9085782456058837,21.820368494901725,96
1.5,0.2,0.03,0.02,0.16832424671458285,0.204,0.3958100278195778,0.022377836720059257,0.39581376445885263,0.32118204416454077,85.88002098881985,1.2871364069005167,15.908632214265273,0.32118204416378143,85.88002098881985,97
1.5,0.2,0.03,0.02,0.16832424671458285,0.212,0.4683167202379469,0.006390686175610163,0.46832982977537724,1.1202305188037476,6.862138444553989,56.55301186796232,58.752697341131665,-1.1202305188037514,-6.862138444553998,98
1.5,0.2,0.03,0.02,0.16832424671458285,0.2,0.4865294486498043,0.004462646072301393,0.48641579389581985,1.4419488986106372,8.585385907123928,11.562545230785087,12.31646920478764,1.4419488986105826,8.585385907123982,99
1.5,0.2,0.03,0.02,0.16832424671458285,0.192,0.4811184065595628,0.015128078958263942,0.48124492979533284,0.6921924861563045,53.85606603451635,31.361824661461853,10.169085858137326,-0.6921924861561881,-53.85606603451636,100
1.5,0.2,0.03,0.02,0.16832424671458285,0.182,0.7068470626697825,0.004735222500684862,0.2932011459369329,0.1522292354376483,87.21034681939886,,8.784966023589531,0.15222923544106937,87.21034681939886,101
1.5,0.2,0.03,0.02,0.16832424671458285,0.226,0.6275875289456535,0.016286853326006566,0.3724323684820642,2.52771643169584,7.063898147698304,59.596354733107404,19.830289454037224,-2.5277164316958283,7.063898147698304,102
1.5,0.2,0.03,0.02,0.16832424671458285,0.202,0.4316695963725379,0.007259525282083854,0.4317041439631663,1.6868898653221507,32.58430443318986,38.85427694970783,43.01392590900412,-1.686889865322306,32.58430443318987,103
1.5,0.2,0.03,0.02,0.16832424671458285,0.19,0.4697717790768216,0.0230028253913079,0.46983737515213614,2.4024067206884925,74.52139471803692,15.868643180973114,54.05077829990342,-2.402406720688608,74.52139471803692,104
1.5,0.2,0.03,0.02,0.16832424671458285,0.209,0.2855618900918696,0.028304633640853838,0.2860795207791645,1.4370091044390683,33.189841718717446,12.091009597593022,78.81786309746032,-1.4370091044391984,33.189841718717446,105
1.5,0.2,0.03,0.02,0.16832424671458285,0.203,0.5040928579780181,0.0071335366133886005,0.4959282585165997,2.9954099654242006,24.336727972481512,56.55698316987081,78.17425710929615,2.9954099654243165,24.33672797248152,106
1.5,0.2,0.03,0.02,0.16832424671458285,0.193,0.7226175399674483,0.02495643710921961,0.27758867008448024,1.9603462175812434,53.38604431833071,58.24199647804455,61.78424781928821,1.9603462175813433,53.38604431833072,107
1.5,0.2,0.03,0.02,0.16832424671458285,0.192,0.6601149986122434,0.019171116573365947,0.3399215854785029,2.4960180620858465,52.202665338556585,13.842778587771189,13.36609576445917,-2.4960180620859522,-52.20266533855659,108
1.5,0.2,0.03,0.02,0.16832424671458285,0.179,0.36765602878539105,0.023326968813914717,0.36764415354952723,0.26008674701824314,25.902546210089987,16.40850000938264,27.639248854222444,0.26008674701958234,25.90254621009002,109
1.5,0.2,0.03,0.02,0.16832424671458285,0.202,0.659836859359649,0.00497851551578696,0.34014853959367364,0.3315686899436832,20.758746262397676,,87.89550079643507,-0.3315686899446132,20.758746262397676,110
1.5,0.2,0.03,0.02,0.16832424671458285,0.186,0.5132601022966762,0.008827976730086284,0.48685811720046646,1.3023414131134754,87.60538807251676,19.340625499738735,81.3479424517664,1.3023414131136524,-87.60538807251676,111
1.5,0.2,0.03,0.02,0.16832424671458285,0.183,0.5062697407235147,0.00866571173513822,0.49369295428476306,0.7695385262317931,67.58611521866645,55.266136592846244,86.40317565859864,0.7695385262322642,67.58611521866645,112
1.5,0.2,0.03,0.02,0.16832424671458285,0.182,0.49868116131969026,0.021517761911396156,0.49870898010735526,1.9875799732983468,68.0707269955227,60.16069302330747,39.82889966843428,1.987579973298418,-68.0707269955227,113
1.5,0.2,0.03,0.02,0.16832424671458285,0.225,0.4997231109002189,0.018793342860566175,0.4997279453546978,1.2449239686741638,27.84083056129437,65.18507798638187,44.38591128721282,1.2449239686748148,-27.840830561294386,114
1.5,0.2,0.03,0.02,0.16832424671458285,0.183,0.4866788407542109,0.01449227011129267,0.4867576658540676,3.212898615944684,26.108507580530194,77.33519612484277,16.08375311818494,-3.2128986159447375,-26.108507580530183,115
1.5,0.2,0.03,0.02,0.16832424671458285,0.194,0.5033200014825715,0.0215504507544953,0.49674189683732145,2.89699235966147,60.341997001825,48.09587012598034,56.64465801051123,2.8969923596616014,60.341997001825,116
1.5,0.2,0.03,0.02,0.16832424671458285,0.184,0.5217149726822147,0.02240607072062397,0.4784929382204047,0.6539929815783907,73.18779936183687,0.524051776157801,22.281444164284807,0.6539929815785885,-73.18779936183687,117
1.5,0.2,0.03,0.02,0.16832424671458285,0.234,0.4290880194409364,0.02108948519307318,0.42910238236828074,0.06672724669887778,86.81546349213811,17.58633843386387,83.38570404500427,-0.06672724669277993,-86.81546349213811,118
1.5,0.2,0.03,0.02,0.16832424671458285,0.19,0.5702024070178081,0.02321087716757081,0.4300106579639622,0.1559985312265308,46.01261520022682,48.253843340736445,24.241241343741017,0.15599853122997942,-46.012615200226826,119
1.5,0.2,0.03,0.02,0.16832424671458285,0.186,0.5922197897651743,0.018655804352799267,0.40779514932864963,1.1893844106179718,55.66608798889442,5.494104387443392,65.79232696849277,1.1893844106180846,55.666087988894425,120
1.5,0.2,0.03,0.02,0.16832424671458285,0.193,0.1540124158665149,0.01960679267939484,0.15406807876182843,1.4312335548898825,0.17189626723386464,22.805260876247555,6.106622999767766,-1.431233554889939,0.17189626723368676,121
1.5,0.2,0.03,0.02,0.16832424671458285,0.19,0.4906587188304733,0.022007745939297343,0.4908012245723309,1.427411622898366,48.81299451319261,13.054938191120437,78.00194320134877,-1.4274116228984177,48.81299451319262,122
1.5,0.2,0.03,0.02,0.16832424671458285,0.181,0.4344058920660182,0.021099162947430878,0.4344375399139493,5.521451850194881,59.606578901426445,51.85596682441897,62.795835097467304,-5.5214518501948975,-59.60657890142646,123
1.5,0.2,0.03,0.02,0.16832424671458285,0.205,0.4450200796633666,0.009402930730137158,0.4452521249005578,3.6700141558659474,1.2848514018722603,36.01947528657399,43.63595472366324,3.670014155866035,1.2848514018725008,124
1.5,0.2,0.03,0.02,0.16832424671458285,0.204,0.5212798358480623,0.01808678673917853,0.47885506262175453,1.2135953640027148,23.7696555232547,32.38260055682586,34.701296861068876,1.213595364002735,23.769655523254713,125
1.5,0.2,0.03,0.02,0.16832424671458285,0.179,0.6853629239946882,0.005767253717981979,0.3150062132747152,0.25514808817209234,7.765128563825657,,58.877965869267854,0.25514808817422885,7.765128563825716,126
1.5,0.2,0.03,0.02,0.16832424671458285,0.196,0.6445032926151937,0.006037764547684819,0.3555027416728432,2.5202809367654684,13.259321008049485,,26.65037012113917,2.5202809367656687,-13.25932100804951,127
1.5,0.2,0.03,0.02,0.16832424671458285,0.182,0.18583906226879776,0.019776287813581286,0.18594716608329356,1.211041381223746,0.5009729917453538,13.400649728524963,47.53347016512708,-1.2110413812238303,0.5009729917454178,128
1.5,0.2,0.03,0.02,0.16832424671458285,0.195,0.49602978296417416,0.020261555755790205,0.4959885582539049,1.2657773136150523,71.19212128003784,71.91223223850994,78.41244502445056,-1.2657773136154706,-71.19212128003785,129
1.5,0.2,0.03,0.02,0.16832424671458285,0.214,0.21369311988321818,0.0035987410385933992,0.21380542408679645,2.2531819680184304,64.85678948070668,,32.64463862484835,2.2531819680184726,64.85678948070668,130
1.5,0.2,0.03,0.02,0.16832424671458285,0.186,0.4999432880520943,0.021054432842048113,0.49997627815388573,1.9773709331682483,8.386085726819767,0.9694124995425226,33.096063696333914,-1.9773709331684721,8.386085726819823,131
1.5,0.2,0.03,0.02,0.16832424671458285,0.187,0.49265259950933354,0.019868901621311566,0.49269622260209184,1.3491814113473481,79.15676737915615,36.29939845904645,5.526519329312637,-1.3491814113473712,-79.15676737915615,132
1.5,0.2,0.03,0.02,0.16832424671458285,0.182,0.46002752003455033,0.00318329356245952,0.46013002419067195,3.1594992533689354,57.80745416296119,39.52700791427612,59.238904177414604,3.1594992533690958,57.80745416296119,133
1.5,0.2,0.03,0.02,0.16832424671458285,0.233,0.5497186491048996,0.020117900645311368,0.4503118554525958,1.123894788242498,7.441477952650821,68.41848845542805,73.6552923892957,1.1238947882427668,7.441477952650872,134
1.5,0.2,0.03,0.02,0.16832424671458285,0.185,0.4900845476499184,0.018151149198140867,0.490151655475259,0.09943677870825854,6.456587695499039,29.807720536361078,40.71161526132555,0.09943677871091934,-6.456587695499127,135
1.5,0.2,0.03,0.02,0.16832424671458285,0.227,0.684613600591764,0.020374432992623943,0.31554836353497356,0.9873805408540428,30.769790417743227,14.71258869917959,28.953380583007384,0.9873805408540999,30.769790417743227,136
1.5,0.2,0.03,0.02,0.16832424671458285,0.177,0.31129085953525065,0.014119853417340955,0.31129003241630687,0.37114792890773507,0.09856712600246266,6.897621809732349,2.7419198589726923,-0.37114792890853315,-0.0985671260090641,137
1.5,0.2,0.03,0.02,0.16832424671458285,0.211,0.5059810339726226,0.021322492842741323,0.4941768650545448,0.3652601455798014,27.50977603542655,5.365053558165637,49.762904897289324,-0.36526014558063674,-27.509776035426565,138
1.5,0.2,0.03,0.02,0.16832424671458285,0.211,0.4871978271934267,0.004268573498663718,0.4874033504529552,1.3819069696087245,46.907919728519474,41.38421477557786,35.01916335461071,1.381906969609089,46.90791972851949,139
1.5,0.2,0.03,0.02,0.16832424671458285,0.197,0.7464350851927172,0.00027799396326740554,0.2533322141431989,0.8939737334734852,3.6998958550303387,43.85786232353292,81.37579787380524,-0.8939737334741467,-3.6998958550305048,140
1.5,0.2,0.03,0.02,0.16832424671458285,0.217,0.282301304272475,0.0042149299008980325,0.28239068989929494,1.8342138810472008,2.082874615419829,31.653413081572353,19.685468550275615,-1.8342138810475188,-2.0828746154201223,141
1.5,0.2,0.03,0.02,0.16832424671458285,0.21,0.42938688675513026,0.0036928813902299333,0.42994370781655167,0.9392123289878458,89.59708295330076,85.49473380095723,42.92774083076885,-0.9392123289878623,-89.59708295330076,142
1.5,0.2,0.03,0.02,0.16832424671458285,0.217,0.5608777782894313,0.01774261116819741,0.43915367061720695,0.4478948710488932,42.94430873040494,30.03371678802818,36.31855942273772,0.4478948710484853,42.94430873040495,143
1.5,0.2,0.03,0.02,0.16832424671458285,0.182,0.5440780246317799,0.028212700794169904,0.4561140193175021,0.7351751076744434,83.6314552220922,62.103831138620556,24.498548810235743,0.7351751076753534,-83.6314552220922,144
1.5,0.2,0.03,0.02,0.16832424671458285,0.214,0.3763597636637696,0.010007069038439412,0.3764032844812752,1.0708606622035672,20.41748417464451,16.22742242090456,86.907333134153,1.0708606622037848,-20.41748417464453,145
1.5,0.2,0.03,0.02,0.16832424671458285,0.211,0.4908846583260367,0.024187273349882035,0.4910412415852455,2.244010010264069,30.258215755746708,76.45451357376497,12.169985036022712,-2.244010010264115,30.258215755746715,146
1.5,0.2,0.03,0.02,0.16832424671458285,0.221,0.23659958469353204,0.023259425986806297,0.236652691440973,1.897543172173629,72.27830360577092,74.67877712018249,0.8184065467573428,-1.8975431721738418,72.27830360577092,147
1.5,0.2,0.03,0.02,0.16832424671458285,0.212,0.4976386249091399,0.011585586128524516,0.4976243808455081,2.0683189722000583,3.76058520365012,57.934852092650964,52.365562129595375,-2.0683189722001747,3.760585203650312,148
1.5,0.2,0.03,0.02,0.16832424671458285,0.184,0.36493349835304423,0.025534824309379017,0.3653671309643704,0.02123576835565735,54.19678223071952,7.14669843375777,20.53116328699161,-0.02123576836836669,-54.196782230719535,149
1.5,0.2,0.03,0.02,0.16832424671458285,0.187,0.4616429138143957,0.0025559553411520215,0.46166048459781117,1.8913025615958374,44.547887837023275,56.95731931117734,61.96829341901938,-1.8913025615961165,-44.54788783702328,150
1.5,0.2,0.03,0.02,0.16832424671458285,0.193,0.544681046633417,0.015886364550687794,0.4553293712606783,0.2583718572580956,24.4217348740686,26.08327287760213,12.291977494481483,0.25837185725953854,24.421734874068623,151
1.5,0.2,0.03,0.02,0.16832424671458285,0.193,0.4605971369218639,0.012970915498889114,0.46068037026944353,1.6878507221368908,26.304673277767865,12.357451451518795,39.70840467017116,1.6878507221368504,-26.304673277767876,152
1.5,0.2,0.03,0.02,0.16832424671458285,0.222,0.32910249137289693,0.02458869887058082,0.32914687120621894,0.5611113397329245,61.550806478399714,68.70208113657458,41.971631234243794,0.5611113397326651,-61.55080647839973,153
1.5,0.2,0.03,0.02,0.16832424671458285,0.197,0.1636622649510819,0.01503504762707198,0.16370792300527715,0.9521428045870122,77.46937324201488,77.46011964795706,31.49656869127406,0.9521428045874044,-77.4693732420149,154
1.5,0.2,0.03,0.02,0.16832424671458285,0.191,0.6142862961825812,0.011441916715191012,0.3858418771050048,4.792618396868988,69.86728283306441,33.411041969695795,11.849016137369782,4.79261839686911,-69.86728283306441,155
1.5,0.2,0.03,0.02,0.16832424671458285,0.19,0.09624527024978198,0.026602229860612964,0.0962991511089885,0.5782317839550073,25.802009387308587,30.815184058539362,6.136695569009525,-0.5782317839552109,-25.802009387308615,156
1.5,0.2,0.03,0.02,0.16832424671458285,0.207,0.7501246131118562,0.01934440196219455,0.2497711202319344,0.5656250877361825,1.2521885952691614,,32.8140159262468,-0.5656250877368463,-1.252188595269447,157
1.5,0.2,0.03,0.02,0.16832424671458285,0.215,0.5018465472794696,0.018204161629458402,0.4981549064123607,4.974366942741889,31.902905101624153,75.00079355503792,17.576116065753993,-4.97436694274197,-31.902905101624167,158
1.5,0.2,0.03,0.02,0.16832424671458285,0.204,0.5047907951090481,0.020611094164090522,0.4951957761937915,0.8392914091102065,64.2551193878603,88.41605328224756,79.24543028367637,0.8392914091101247,64.2551193878603,159
1.5,0.2,0.03,0.02,0.16832424671458285,0.216,0.26041683451128217,0.019530147276485672,0.2604671866339265,1.6387997306673074,4.989200177779473,2.3079694782708184,21.43612308701728,1.6387997306674225,-4.989200177779702,160
1.5,0.2,0.03,0.02,0.16832424671458285,0.179,0.4919199302718129,0.01820094850551643,0.49199536677890315,1.0548603142790587,57.584244365208264,80.23401503646015,81.01840233928893,1.0548603142795723,57.584244365208264,161
1.5,0.2,0.03,0.02,0.16832424671458285,0.218,0.49653625231747583,0.020059249234896118,0.49656082537530133,1.8800440909715554,82.82450808797684,7.169439688480652,20.029923463642152,-1.8800440909716323,-82.82450808797685,162
1.5,0.2,0.03,0.02,0.16832424671458285,0.193,0.7213649252705363,0.0042751180348606695,0.2784053068478355,4.277245092130696,8.221749318703472,,89.34907854763131,-4.277245092130657,-8.221749318703507,163
1.5,0.2,0.03,0.02,0.16832424671458285,0.199,0.5558005220978941,0.02079425279936764,0.4442291293104735,2.6644029100677717,30.925276424342513,31.91856928957725,6.749011138094929,2.6644029100679227,-30.925276424342513,164
1.5,0.2,0.03,0.02,0.16832424671458285,0.22,0.46801008902513586,0.013980320877026045,0.4680700893688542,2.385310412642491,5.115964795298773,11.150138483469231,6.501352719294473,-2.385310412642596,-5.11596479529881,165
1.5,0.2,0.03,0.02,0.16832424671458285,0.199,0.49645917636631554,0.017639044038618483,0.4964637958099842,0.4190960336525952,44.70744333932134,49.84020172665652,37.89733849494172,0.41909603365256043,44.707443339321344,166
1.5,0.2,0.03,0.02,0.16832424671458285,0.229,0.418637847757112,0.030245766700269718,0.4189199836167729,1.6075142910124545,2.067116872303417,9.72141166176363,76.9049668961645,1.6075142910127442,-2.067116872303495,167
1.5,0.2,0.03,0.02,0.16832424671458285,0.207,0.6192291282417774,0.02449672598367427,0.3810058094899592,0.06805496120718948,47.264092684882414,8.585393050187195,73.4077221609166,-0.06805496121112926,-47.26409268488242,168
1.5,0.2,0.03,0.02,0.16832424671458285,0.187,0.6494769619090051,0.006549840737180722,0.35052170377911784,0.8520297517122792,13.800724431046998,61.17354060167718,7.29270369869836,0.8520297517127449,-13.80072443104701,169
1.5,0.2,0.03,0.02,0.16832424671458285,0.178,0.3864653310370048,0.017643694701539883,0.38654878244921403,0.28963833681707374,13.054773354581325,20.133835490262825,11.460052464691561,-0.2896383368167702,-13.054773354581336,170
1.5,0.2,0.03,0.02,0.16832424671458285,0.197,0.35704553674187,0.027449420993970196,0.3570076887125805,0.5454129960079798,61.60839290135657,75.95258335831697,44.4424850481756,-0.5454129960081203,61.60839290135657,171
1.5,0.2,0.03,0.02,0.16832424671458285,0.214,0.6155557947133502,0.021753160610263042,0.3845462637810028,0.07868296872277719,44.954503846204524,34.425637077734066,50.60840360988014,0.07868296872406426,-44.954503846204524,172
1.5,0.2,0.03,0.02,0.16832424671458285,0.204,0.6802984752479715,0.023735262857019733,0.3197872134126296,2.4564293567404394,47.424702970288294,67.56267434050571,73.73226302612602,2.4564293567406374,-47.4247029702883,173
1.5,0.2,0.03,0.02,0.16832424671458285,0.178,0.4731234872445386,0.006251232217176362,0.4731000326789844,0.987090886854217,25.80201323862246,87.27998282599208,81.22103510450883,0.987090886853877,25.80201323862245,174
1.5,0.2,0.03,0.02,0.16832424671458285,0.199,0.6041217710521325,0.024123856415021197,0.3959021115188211,0.6061088164634764,36.02762280124745,6.1263902752457655,4.665808925977861,0.6061088164640926,-36.02762280124746,175
1.5,0.2,0.03,0.02,0.16832424671458285,0.2,0.5085961529804831,0.022393316427440642,0.4914832105804194,0.18618595138698527,69.91597685004025,30.060401101285294,43.41904577384221,0.18618595138956967,69.91597685004025,176
1.5,0.2,0.03,0.02,0.16832424671458285,0.181,0.6885475239188769,0.007525028951133406,0.31173184975461277,0.38709128122664455,20.12367892835756,,73.95385847723331,-0.3870912812271178,-20.123678928357585,177
1.5,0.2,0.03,0.02,0.16832424671458285,0.2,0.5513048483856796,0.006926492121774125,0.44868008313795116,0.1597173878441462,10.697478536674145,49.078477657405244,26.70202154577086,-0.1597173878455981,10.69747853667419,178
1.5,0.2,0.03,0.02,0.16832424671458285,0.195,0.5110044867218017,0.021485536419384305,0.48916994060868757,0.5188097631015427,71.38790309301962,41.13461547411745,64.44259469619121,0.5188097631016247,-71.38790309301962,179
1.5,0.2,0.03,0.02,0.16832424671458285,0.205,0.5022847574088548,0.022739528789032445,0.49773324402412894,1.464786609017696,3.9871597314960887,56.103004442224666,29.380091061586448,-1.4647866090176955,-3.987159731496111,180
1.5,0.2,0.03,0.02,0.16832424671458285,0.222,0.5619167731692281,0.019265849343419572,0.43808007815624916,0.1969475743303225,33.41187651953464,89.8524976901056,47.25907713478959,0.19694757433066032,-33.41187651953464,181
1.5,0.2,0.03,0.02,0.16832424671458285,0.183,0.46695268689208436,0.01586329019290643,0.4670122649515851,0.42030297371599656,30.230602574986804,71.00339182058332,57.05233185278975,0.4203029737163525,-30.23060257498681,182
1.5,0.2,0.03,0.02,0.16832424671458285,0.209,0.9393684644334888,0.009188933881166522,0.0607141847417104,0.9848058672523042,4.034605743015594,,32.5007561320262,-0.9848058672528364,4.034605743015648,183
1.5,0.2,0.03,0.02,0.16832424671458285,0.198,0.37522784017663846,0.024827947644832968,0.37555682632592235,0.526908108177324,39.17054819177938,8.81934052881214,23.831662448235363,-0.5269081081776384,-39.17054819177938,184
1.5,0.2,0.03,0.02,0.16832424671458285,0.185,0.46519947603903133,0.01636500204228375,0.4652149336367697,1.8095138986092372,51.04435097288058,81.37412550741368,83.93536014241175,1.8095138986094963,51.044350972880586,185
1.5,0.2,0.03,0.02,0.16832424671458285,0.201,0.5742276763441448,0.01907027600645678,0.42582888241260575,1.3553541396182853,47.43315395588593,22.493220368997168,37.04157890210592,1.355354139618124,47.43315395588593,186
1.5,0.2,0.03,0.02,0.16832424671458285,0.193,0.49303408685751304,0.02323306296350742,0.4931727159407329,1.5190717536772316,86.64937652127615,88.14570844255542,35.62005461519999,-1.5190717536774303,-86.64937652127615,187
1.5,0.2,0.03,0.02,0.16832424671458285,0.193,0.6683371982351508,0.010226600207676087,0.33188322992550756,0.09255389168019953,52.18052333659408,,36.027058241899184,0.09255389168659023,52.180523336594085,188
1.5,0.2,0.03,0.02,0.16832424671458285,0.188,0.4882742229227174,0.02009570603262762,0.4884235484657142,1.9313183558414175,44.96609745388234,9.145367165224224,77.94608721637965,1.9313183558416025,44.96609745388234,189
1.5,0.2,0.03,0.02,0.16832424671458285,0.182,0.673076373065162,0.010789846954052525,0.3269633795698069,1.5954847502761447,31.76992180589877,41.22862717392585,33.91598035087885,1.5954847502761673,31.769921805898782,190
1.5,0.2,0.03,0.02,0.16832424671458285,0.209,0.719075484159215,0.013990763871253429,0.28098158872444007,1.3636261357155164,89.48099029623909,84.68115445160865,59.39454166434899,1.3636261357154358,-89.48099029623909,191
1.5,0.2,0.03,0.02,0.16832424671458285,0.217,0.4987230923221033,0.021640436189284067,0.49868381303674025,2.802048918322346,29.928882259031106,23.118735537752478,55.21913997412438,-2.8020489183223565,-29.928882259031106,192
1.5,0.2,0.03,0.02,0.16832424671458285,0.2,0.6272661249839615,0.011245801397163215,0.37328854430568187,1.77883373329502,9.814240585159041,78.02327750167527,46.94983696913034,1.7788337332953537,-9.814240585159066,193
1.5,0.2,0.03,0.02,0.16832424671458285,0.188,0.5005411281867935,0.023469454782280984,0.49953046401602696,0.8903764495163471,5.799120261495841,85.52064799483,28.533064223699736,-0.890376449516848,-5.799120261495887,194
1.5,0.2,0.03,0.02,0.16832424671458285,0.192,0.4475646964994873,0.002895048964152573,0.44761445617366985,1.871316145000053,3.878640787988399,15.818341916432988,13.328088828273351,1.8713161450003564,-3.878640787988617,195
1.5,0.2,0.03,0.02,0.16832424671458285,0.205,0.47813193703944074,0.006422893302847307,0.47814056716450454,0.7404576039422476,6.218565684135893,10.89728986335084,5.784349982854277,-0.7404576039431909,6.218565684135923,196
1.5,0.2,0.03,0.02,0.16832424671458285,0.203,0.3221486715562859,0.017638273059271563,0.32220246310174977,0.3537953730939849,28.982324260829703,40.41766415636308,89.02461712081693,0.35379537309537984,-28.982324260829706,197
1.5,0.2,0.03,0.02,0.16832424671458285,0.192,0.48579572331999893,0.00026994574448545446,0.4856920227462441,0.5758314250459313,33.25534266527931,40.238578075307174,82.5801950706587,-0.5758314250463624,33.25534266527932,198
1.5,0.2,0.03,0.02,0.16832424671458285,0.196,0.4930602876797767,0.02572542858913683,0.49321629184334825,4.414002916392535,45.087982107228,41.732266633104466,86.67021840281683,4.414002916392571,45.087982107228015,199
1.5,0.35,0.03,0.02,0.07706409328151355,0.321,0.5648896482001189,0.0030842011721514736,0.4353920455945659,1.4205267764871532,82.846341552597,46.752455627780435,19.503732194454518,-1.420526776487126,-82.846341552597,0
1.5,0.35,0.03,0.02,0.07706409328151355,0.363,0.512988324918728,0.015069659002263014,0.4870661091661233,2.1663690161654503,87.83504124409903,13.788989313464157,71.36427944626453,2.166369016165546,-87.83504124409903,1
1.5,0.35,0.03,0.02,0.07706409328151355,0.349,0.4622625364701431,0.008572383093933721,0.4624573255784112,0.021219873160597123,67.26054389023116,40.3935915755987,17.84224531211664,-0.021219873180313813,67.26054389023118,2
1.5,0.35,0.03,0.02,0.07706409328151355,0.349,0.2235677663709292,0.02466289806789153,0.22371730500368608,0.29455588998979887,48.420831128614836,64.10299900382034,7.706425557542968,-0.2945558899910717,48.420831128614836,3
1.5,0.35,0.03,0.02,0.07706409328151355,0.353,0.4827861864150319,0.01858920634466376,0.48283927943840294,0.015925342953591798,29.971540618834933,60.452783919186196,20.330297683542017,-0.015925342985456576,29.971540618834947,4
1.5,0.35,0.03,0.02,0.07706409328151355,0.34,0.1801455493664237,0.018200746988665664,0.1802180020016894,0.27960217782644714,15.010921946403561,12.205740687322862,32.11155513700827,-0.2796021778254065,15.01092194640356,5
1.5,0.35,0.03,0.02,0.07706409328151355,0.356,0.49729030179386313,0.0242086933906775,0.4974231195338877,0.894407570650557,89.75819292975183,7.4452039030716195,66.57204358073655,0.8944075706510782,89.75819292975183,6
1.5,0.35,0.03,0.02,0.07706409328151355,0.34,0.5022119539305225,0.005367627184216878,0.497957347182417,2.6198897011610507,69.79317015854284,39.872914960664694,69.84341325830269,-2.619889701161159,69.79317015854284,7
1.5,0.35,0.03,0.02,0.07706409328151355,0.331,0.4329898413075072,0.022265029017402713,0.43299198683632445,0.021719049480623153,61.119596824566415,29.81728843627287,85.4433651032383,0.02171904950272991,61.119596824566415,8
1.5,0.35,0.03,0.02,0.07706409328151355,0.339,0.4468861433099,0.006948032273144115,0.4471062373253011,0.09138128290179055,82.57890690373088,57.12150071599768,12.490174937237915,-0.09138128290333426,82.57890690373088,9
1.5,0.35,0.03,0.02,0.07706409328151355,0.354,0.546001726523188,0.016972254584390917,0.45402478098836785,0.4061098822191226,55.24033837184725,10.12661524677372,62.52947269186183,0.4061098822189753,-55.24033837184725,10
1.5,0.35,0.03,0.02,0.07706409328151355,0.351,0.4956683318957167,0.020483224501593695,0.4957298874103445,0.25839555780418616,8.393294347269443,67.8327387533282,71.5224926120409,-0.25839555780607676,-8.393294347269494,11
1.5,0.35,0.03,0.02,0.07706409328151355,0.348,0.586471365322745,0.017634684320167963,0.41360064359500553,2.6104311025202502,30.87371182631036,19.245175733297398,28.673111201426707,2.610431102520356,30.87371182631036,12
1.5,0.35,0.03,0.02,0.07706409328151355,0.357,0.27275264698835294,0.005082996738367895,0.2729497136264932,0.7237272272879298,82.1308355134871,,31.743749330168196,0.7237272272879427,82.1308355134871,13
1.5,0.35,0.03,0.02,0.07706409328151355,0.34,0.3468229289944595,0.016445786365929246,0.34687691563861023,1.3336649334112074,79.61117912939149,72.09565111037352,18.3538747981988,-1.3336649334113948,-79.61117912939149,14
1.5,0.35,0.03,0.02,0.07706409328151355,0.365,0.6620159422835283,0.008994010232047218,0.33834302773291547,1.503508527801601,62.952262554304795,,51.61211264579431,-1.5035085278016609,62.952262554304795,15
1.5,0.35,0.03,0.02,0.07706409328151355,0.334,0.50952045603142,0.0018712119021759915,0.49044753508596917,1.2041356689362717,49.89667495978986,28.928998525007568,19.40175349969645,1.2041356689364842,49.89667495978987,16
1.5,0.35,0.03,0.02,0.07706409328151355,0.393,0.504951283311226,0.01872739977582602,0.4950609499915913,4.337906303605683,88.89535798156773,77.67194247350781,71.69118604343227,4.337906303605691,-88.89535798156773,17
1.5,0.35,0.03,0.02,0.07706409328151355,0.346,0.5853758249501806,0.019451000456928304,0.4146544243399664,0.2742237050005895,76.25030201774285,35.24743044054701,83.69643581203547,0.27422370500235527,-76.25030201774287,18
1.5,0.35,0.03,0.02,0.07706409328151355,0.337,0.4379461525271751,0.011068526649785755,0.4381093475545732,2.5679116248475284,9.364884990237835,11.746328096602127,74.16810704971341,-2.5679116248476954,-9.36488499023784,19
1.5,0.35,0.03,0.02,0.07706409328151355,0.339,0.5465015947960467,0.024160095288000616,0.4537275603025125,0.8936218166822044,66.63768919516036,56.7125432709443,80.16801822887881,0.8936218166823926,-66.63768919516036,20
1.5,0.35,0.03,0.02,0.07706409328151355,0.325,0.9615635281552102,0.04290647792572663,0.03862360064411168,1.3163733102392847,51.19152488228787,81.54493294206817,,1.3163733102396327,51.19152488228788,21
1.5,0.35,0.03,0.02,0.07706409328151355,0.374,0.4984495610393506,0.019638510407296604,0.4984645149982877,1.4113504106417853,23.474285673657533,47.56603980623215,9.610474832864627,1.4113504106417325,23.47428567365754,22
1.5,0.35,0.03,0.02,0.07706409328151355,0.313,0.5675222523520992,0.02709114051695733,0.43276739397274716,1.6330616823461819,54.55613656502005,2.9767531469518165,44.579135952098326,1.6330616823462267,-54.55613656502005,23
1.5,0.35,0.03,0.02,0.07706409328151355,0.346,0.45864810944071105,0.0067427978642659375,0.45864847808537745,1.484405216275152,65.40374389679661,12.06138696137914,28.31860551922611,1.4844052162754047,65.40374389679663,24
1.5,0.35,0.03,0.02,0.07706409328151355,0.354,0.5087610019727833,0.02096819741497094,0.4914140118884583,0.8754542428201889,83.9634692762165,27.820290173541537,47.68750257880512,0.8754542428203707,83.9634692762165,25
1.5,0.35,0.03,0.02,0.07706409328151355,0.344,0.49692962395905466,0.026762050762691184,0.4969127044553154,0.009437842822913293,4.895973562400522,21.639349960947,1.5260001722998469,-0.009437842852684545,4.895973562400615,26
1.5,0.35,0.03,0.02,0.07706409328151355,0.361,0.40207952968316013,0.01865758327107751,0.4021165967910866,1.8795277106404507,34.64660385436519,73.15779214874166,62.5578393983671,-1.8795277106403945,34.64660385436519,27
1.5,0.35,0.03,0.02,0.07706409328151355,0.333,0.6879348727870396,0.012684790248030481,0.3121078468718354,2.369531991698401,53.65652800487605,45.57282142866806,87.22751735507549,2.369531991698556,53.65652800487606,28
1.5,0.35,0.03,0.02,0.07706409328151355,0.372,0.4869557669036198,0.018266125419681367,0.4870188506728612,0.03460544480893696,27.705894276998126,24.618958963974528,47.900305361751954,0.03460544480992675,27.705894276998134,29
1.5,0.35,0.03,0.02,0.07706409328151355,0.328,0.26621749788568777,0.026318241152085444,0.2663857015253005,0.2753182344854806,28.49016835914453,29.576760376728583,68.39717725094404,-0.27531823448603354,28.49016835914453,30
1.5,0.35,0.03,0.02,0.07706409328151355,0.359,0.46641590370741154,0.009413331699348493,0.46644124135111587,1.2085514463666631,63.206370079859795,33.19152078896573,13.181236308233716,-1.208551446366698,63.20637007985981,31
1.5,0.35,0.03,0.02,0.07706409328151355,0.379,0.493014017117515,0.021879910568859615,0.492895562035811,0.7530459256144417,11.306376646698796,33.808508473582286,13.555245784241738,0.7530459256142826,-11.306376646698801,32
1.5,0.35,0.03,0.02,0.07706409328151355,0.352,0.0776681895374283,0.020203126155722312,0.07773403532972166,0.5069112635180899,50.3219304178934,,38.98695598669327,0.5069112635195601,-50.321930417893405,33
1.5,0.35,0.03,0.02,0.07706409328151355,0.357,0.49474154364698913,0.02192404361968143,0.4947715471889631,0.12100311633383191,69.93969909374181,68.4831071267501,61.90049782788109,0.12100311633648628,69.93969909374182,34
1.5,0.35,0.03,0.02,0.07706409328151355,0.351,0.47318308519363017,0.012442999371527336,0.4732946228786323,1.255762831887526,13.670636642155038,22.788769158035635,36.53920256618828,-1.2557628318879455,-13.670636642155083,35
1.5,0.35,0.03,0.02,0.07706409328151355,0.336,0.49563574073555094,0.02258353203257009,0.49562601740297574,2.3902080407251076,58.23300993545621,14.590300979489626,18.831682430692666,2.3902080407252457,-58.233009935456224,36
1.5,0.35,0.03,0.02,0.07706409328151355,0.345,0.8273224638798408,0.021519068934890008,0.17264540870136577,1.0334601148621967,42.11742085633318,85.8016600043217,87.20635080202123,1.0334601148623965,42.11742085633319,37
1.5,0.35,0.03,0.02,0.07706409328151355,0.371,0.4919040503908624,0.021141493927975735,0.4920203265709373,0.674892703861783,80.14510909393874,8.951707083629218,68.67391561638851,0.6748927038622198,80.14510909393874,38
1.5,0.35,0.03,0.02,0.07706409328151355,0.356,0.4986866718139306,0.021818240968052658,0.49875237550583373,0.9854484424261052,35.77719899013258,16.10162871362607,7.587815139963417,0.9854484424262465,-35.77719899013259,39
1.5,0.35,0.03,0.02,0.07706409328151355,0.347,0.496063078960993,0.023478067289225663,0.49618620336559227,2.9013042934283875,7.851998460459194,41.395977489120725,73.25544288656413,2.9013042934285487,7.851998460459242,40
1.5,0.35,0.03,0.02,0.07706409328151355,0.349,0.21779453597138113,0.014238717749604637,0.21784569471914544,0.4290883308670788,44.41468206782654,49.92163308437474,51.56627417028356,-0.4290883308692562,-44.41468206782655,41
1.5,0.35,0.03,0.02,0.07706409328151355,0.337,0.5008859842702665,0.0233675199799302,0.4992291834022143,0.9381997848296563,27.68397452970389,63.03958293956148,46.49345373696818,-0.938199784830241,-27.683974529703907,42
1.5,0.35,0.03,0.02,0.07706409328151355,0.375,0.47186311082465937,0.008939345863333621,0.47197426416859656,0.012068214062485491,19.522174763617397,46.23687745118857,55.14891820373674,0.012068214071716342,19.52217476361743,43
1.5,0.35,0.03,0.02,0.07706409328151355,0.339,0.476166394230566,0.011567859197081951,0.4762059429939961,0.9035966671613666,1.9268893594346197,80.83960873156786,60.5170462771371,-0.9035966671615484,-1.9268893594349104,44
1.5,0.35,0.03,0.02,0.07706409328151355,0.343,0.4226822235815473,0.008493424571333761,0.4226888015199865,0.3519453634780328,19.64418913073619,37.73908173182311,43.21969777565291,-0.35194536347889566,19.644189130736223,45
1.5,0.35,0.03,0.02,0.07706409328151355,0.341,0.5238739984958575,0.004410295971282863,0.4761432654729433,1.1777857410063375,6.1676536860156,53.706413739936195,52.5625036555014,1.1777857410064863,6.167653686015641,46
1.5,0.35,0.03,0.02,0.07706409328151355,0.352,0.27650744813236716,0.026994255315459806,0.2763970924757112,1.7887264339356004,28.643372336412767,65.85266664857818,2.3072808363207655,-1.7887264339356455,-28.643372336412757,47
1.5,0.35,0.03,0.02,0.07706409328151355,0.349,0.504682775582833,0.018906125579650757,0.49533695213665957,1.0426838720827518,0.02631050538260906,86.7980965558787,11.043008678621977,1.0426838720828262,-0.02631050540414809,48
1.5,0.35,0.03,0.02,0.07706409328151355,0.355,0.45605331116063647,0.023574834217246845,0.45628444092097775,1.1270235536554565,54.81272425385888,71.56199960376814,13.575595559322428,-1.1270235536552828,54.81272425385889,49
1.5,0.35,0.03,0.02,0.07706409328151355,0.35,0.905687215963901,0.02664138383135648,0.09440120327684134,0.42702882794224656,23.048405499480253,66.86485013042957,5.441996334885254,0.4270288279436682,23.048405499480282,50
1.5,0.35,0.03,0.02,0.07706409328151355,0.367,0.502975052656165,0.01586094692975838,0.4970308604718383,0.3066718690878482,14.27633803935976,35.26655087653119,58.77345516108319,-0.306671869088715,-14.27633803935977,51
1.5,0.35,0.03,0.02,0.07706409328151355,0.368,0.5068622742706667,0.019789679737428865,0.49320619916350317,0.867287150096106,7.948651450634258,68.55855652759637,4.386834441233399,0.8672871500960602,-7.948651450634296,52
1.5,0.35,0.03,0.02,0.07706409328151355,0.331,0.7774992613025548,0.025204769715690457,0.22259491391294506,0.18450474343853077,41.149632013534664,1.1308817541160412,7.591089093944161,0.18450474343987558,-41.14963201353468,53
1.5,0.35,0.03,0.02,0.07706409328151355,0.345,0.4977074085132064,0.021911357679681,0.4977200007531106,0.910267959790406,47.664699322196135,34.70381296923738,39.133002719592646,-0.9102679597904015,-47.66469932219614,54
1.5,0.35,0.03,0.02,0.07706409328151355,0.376,0.5085845689451117,0.02193951673919182,0.49158913198265936,0.5526025944884102,3.0562260231131417,89.26314023532956,27.677588674904474,-0.5526025944881853,3.0562260231131786,55
1.5,0.35,0.03,0.02,0.07706409328151355,0.346,0.5206674331283487,0.004604635829754717,0.4794354708761846,0.7690187695946168,81.42447535225723,81.90828723991174,60.8441897730847,0.7690187695952292,81.42447535225725,56
1.5,0.35,0.03,0.02,0.07706409328151355,0.371,0.502959688631977,0.021540291648050443,0.4971151224331278,2.640480383233017,37.58613240165791,84.71452812478405,86.2347477689425,2.6404803832331796,37.58613240165791,57
1.5,0.35,0.03,0.02,0.07706409328151355,0.359,0.5338625309031567,0.00983836337708028,0.4661822766378315,1.0870395094932712,12.894751835938726,57.26789693839253,61.8143953947047,1.087039509493586,-12.894751835938736,58
1.5,0.35,0.03,0.02,0.07706409328151355,0.349,0.5761138806436025,0.008946147512141438,0.42391251900829147,2.189537385462519,18.13200614929399,52.65291045640474,0.6207786852733271,2.1895373854625704,18.13200614929399,59
1.5,0.35,0.03,0.02,0.07706409328151355,0.368,0.1889069535986788,0.026615622682168,0.1889253971976341,1.6981949252956199,58.95318631440154,68.48970938690249,54.548062780834,1.6981949252957358,58.95318631440154,60
1.5,0.35,0.03,0.02,0.07706409328151355,0.366,0.45117866482068225,0.021662946416885993,0.451445230311386,1.3290531109735217,35.78763538978978,62.73714428529061,16.79767177042838,1.3290531109738264,35.787635389789784,61
1.5,0.35,0.03,0.02,0.07706409328151355,0.338,0.49605826689377785,0.007603203809385248,0.4960508964023848,0.03577013610620905,83.83775920739119,74.64154226038595,35.20845144952086,0.035770136109388874,-83.83775920739119,62
1.5,0.35,0.03,0.02,0.07706409328151355,0.329,0.5967994919501721,0.019063486939383596,0.4032020131607453,0.09755285414681718,22.721195504661754,10.548941149761902,9.633599395894295,0.09755285415091497,22.721195504661775,63
1.5,0.35,0.03,0.02,0.07706409328151355,0.342,0.5017940670121667,0.02656773957311189,0.4982117118068619,0.26661228538683535,59.14233626681005,3.654962931369064,75.6682051967599,-0.26661228539008164,-59.14233626681006,64
1.5,0.35,0.03,0.02,0.07706409328151355,0.371,0.7884754054154127,0.023769752225476906,0.21160585901403564,1.3434337623999795,17.124698991642525,34.28123042608431,42.42625678596157,-1.3434337624000987,17.12469899164255,65
1.5,0.35,0.03,0.02,0.07706409328151355,0.36,0.7067646470035943,0.024765674340839615,0.2931810346125572,2.155995780122098,52.17572262476999,53.754673556113644,45.30016251585165,-2.1559957801222422,52.175722624769996,66
1.5,0.35,0.03,0.02,0.07706409328151355,0.351,0.3921672536250243,0.02413288020806191,0.39231505976197384,0.11155699618678491,52.086720688338794,31.65722344273843,21.219688020911125,-0.11155699619037673,-52.0867206883388,67
1.5,0.35,0.03,0.02,0.07706409328151355,0.314,0.5051762230433174,0.01373560046462762,0.49483436088155675,0.7146985882169018,79.49130592477461,66.08299399588284,53.127101273062635,-0.7146985882169564,79.49130592477461,68
1.5,0.35,0.03,0.02,0.07706409328151355,0.334,0.5044220872262595,0.021807155755671236,0.4956297350374209,1.779396014749881,84.50536039876467,36.62944695074686,52.27002713121277,-1.779396014750029,84.50536039876467,69
1.5,0.35,0.03,0.02,0.07706409328151355,0.368,0.5626373993864684,0.013028123985970962,0.437382421366654,1.0070527147612196,3.90298414785287,10.26940898009727,20.22978998410701,-1.0070527147617427,3.902984147852924,70
1.5,0.35,0.03,0.02,0.07706409328151355,0.324,0.6901965450605804,0.023258810911924985,0.31002060749826815,0.18133800360157307,54.23999536399645,35.65884309996986,47.60518896158413,0.18133800360384808,54.23999536399646,71
1.5,0.35,0.03,0.02,0.07706409328151355,0.354,0.49649300816890113,0.025064351766610454,0.4964927470848678,1.7748530582216764,73.98504306218932,11.811984255729874,45.908569542548314,1.7748530582218232,73.98504306218932,72
1.5,0.35,0.03,0.02,0.07706409328151355,0.343,0.24479994881245715,0.021747464130307422,0.24496496585512365,0.43962465051343286,19.31332949806957,24.666398137931907,2.812699206073212,-0.439624650514118,19.31332949806958,73
1.5,0.35,0.03,0.02,0.07706409328151355,0.343,0.5141440164524239,0.00709707825654534,0.4858616750622902,0.00011153107583590652,33.087398552505334,18.03710399182196,51.607910403865645,-0.00011153403392788266,33.08739855250535,74
1.5,0.35,0.03,0.02,0.07706409328151355,0.345,0.1187532010232489,0.02712515764222301,0.11894734331565614,2.0977825035798108,71.03505110577859,,20.090832445734577,2.097782503579864,-71.03505110577859,75
1.5,0.35,0.03,0.02,0.07706409328151355,0.353,0.13632626744257706,0.022844594450531403,0.13636620802066546,3.347132387002876,45.45112492619742,64.1092954690824,58.64864986757357,3.347132387002841,-45.45112492619743,76
1.5,0.35,0.03,0.02,0.07706409328151355,0.317,0.7278771474128959,0.017042129478140933,0.27215535330987994,0.7789408538621173,27.177587632451687,62.642315924499236,42.01961376820181,-0.7789408538625223,27.177587632451697,77
1.5,0.35,0.03,0.02,0.07706409328151355,0.35,0.40795183740893376,0.02303297199332409,0.4080853013955361,0.26739159909261123,54.82904214263434,70.89594701825594,36.87122911273912,-0.2673915990937896,54.82904214263434,78
1.5,0.35,0.03,0.02,0.07706409328151355,0.371,0.5019227323971324,0.01874434118849531,0.4980927621222202,2.7432702526960098,44.30690055397424,34.95209827425092,83.50244721534656,-2.743270252696028,44.30690055397424,79
1.5,0.35,0.03,0.02,0.07706409328151355,0.338,0.5431655850151619,0.01800923273729733,0.45689447901019986,0.11879269497949217,28.45221579718649,50.49602147976501,54.59624753918555,0.11879269498274911,-28.4522157971865,80
1.5,0.35,0.03,0.02,0.07706409328151355,0.326,0.1959291274239907,0.026667217274593678,0.1959814111945748,0.5648076200679386,12.097851934878982,4.9668779074714235,62.535778995353205,-0.5648076200686114,-12.097851934879023,81
1.5,0.35,0.03,0.02,0.07706409328151355,0.32,0.48872775660315526,0.01636131043835573,0.4887588118678274,2.6686431963141883,9.809160039589315,32.57854226562903,32.51117475073644,2.668643196314204,9.809160039589344,82
1.5,0.35,0.03,0.02,0.07706409328151355,0.359,0.5413049409321594,0.021228008977545725,0.458869103462416,1.7976999782011147,55.416981834217836,44.66377185379792,72.09860170902692,1.7976999782012697,-55.41698183421784,83
1.5,0.35,0.03,0.02,0.07706409328151355,0.326,0.38767063455266176,0.01990778752567471,0.38778283027682997,0.08024323977346888,75.81437617650032,27.99589389928722,88.77162223812392,-0.08024323977987653,75.81437617650032,84
1.5,0.35,0.03,0.02,0.07706409328151355,0.333,0.6240583996894883,0.02167696952557731,0.3764117859109713,1.40588055153816,75.1925555099376,9.65374478955761,24.638238948742767,-1.4058805515381265,75.1925555099376,85
1.5,0.35,0.03,0.02,0.07706409328151355,0.365,0.20721774159484646,0.026873480588118087,0.20760852931401763,1.1001928025849168,84.81971822569804,80.95989796689999,88.89490532693125,-1.1001928025850598,84.81971822569804,86
1.5,0.35,0.03,0.02,0.07706409328151355,0.359,0.3962195713118113,0.021034317837198002,0.3964229410915807,1.680950259721001,22.965458169444457,58.91180660673158,62.0768439546045,-1.680950259721112,22.96545816944446,87
1.5,0.35,0.03,0.02,0.07706409328151355,0.364,0.4986932381240051,0.022624556889389465,0.4987843030231404,1.513643944949087,76.35717138228631,49.46405465104098,72.94189066108173,-1.513643944949294,76.35717138228631,88
1.5,0.35,0.03,0.02,0.07706409328151355,0.362,0.5021699496953563,0.014562467525027637,0.49787251623907774,0.6754662722257536,40.37584694673595,39.77429787143115,2.35623000982118,-0.6754662722260949,40.375846946735955,89
1.5,0.35,0.03,0.02,0.07706409328151355,0.321,0.76992836450439,0.012655849921483808,0.23015369869218397,1.4863524650299262,21.0547600101455,60.17865979041731,71.26592114161993,-1.48635246502996,21.054760010145507,90
1.5,0.35,0.03,0.02,0.07706409328151355,0.35,0.5038451936415,0.021889500914146584,0.49616046686384646,0.9275241571241616,42.41362741130234,51.51872121110106,30.91399403366347,0.927524157123964,42.41362741130234,91
1.5,0.35,0.03,0.02,0.07706409328151355,0.334,0.3838823780929788,0.024306100102109554,0.38406682859962316,1.9405596702067878,22.086513410115327,75.68224401376672,64.64259107362722,1.9405596702070036,22.08651341011534,92
1.5,0.35,0.03,0.02,0.07706409328151355,0.346,0.477931682369077,0.00783845955758404,0.4779112517707964,1.1445393656876022,63.1088179778241,67.1020476808103,68.44492148742938,-1.1445393656878424,63.10881797782412,93
1.5,0.35,0.03,0.02,0.07706409328151355,0.327,0.5114445935799803,0.018485724338705486,0.48858136448878303,3.599930956618173,32.55912510798212,1.5386328245938432,86.10724362120821,3.599930956618344,-32.55912510798215,94
1.5,0.35,0.03,0.02,0.07706409328151355,0.322,0.5675187884113813,0.01935295260082552,0.43253281984528824,0.4325065517321952,1.5240269541713514,51.071604042702525,40.048292289783774,-0.43250655173275393,-1.524026954171479,95
1.5,0.35,0.03,0.02,0.07706409328151355,0.365,0.5065709498209962,0.02466347234426644,0.493494655265197,0.7510709725539337,5.315580741251417,70.59254282271476,82.85219121733854,0.7510709725543895,-5.31558074125147,96
1.5,0.35,0.03,0.02,0.07706409328151355,0.339,0.49934661382895423,0.022205463220369332,0.4992599720072719,1.0092236047247658,77.68140585926332,41.240275393903644,86.35672041067187,1.0092236047249015,-77.68140585926332,97
1.5,0.35,0.03,0.02,0.07706409328151355,0.351,0.499617026852514,0.020178235172439805,0.49964491604423,1.24686222734516,77.74303355373671,89.84146892226889,68.65367945724769,-1.2468622273455667,-77.74303355373671,98
1.5,0.35,0.03,0.02,0.07706409328151355,0.334,0.5853615814424518,0.006427124237890715,0.4144792826225761,0.9950000103430768,7.810840018152507,88.93824106002099,26.9460589494368,-0.9950000103434411,-7.810840018152542,99
1.5,0.35,0.03,0.02,0.07706409328151355,0.377,0.4725072807213779,0.007341207845245362,0.4723713682610074,0.9219512513599023,37.93800350551241,17.103118573970278,57.007620903222175,0.9219512513598385,37.93800350551241,100
1.5,0.35,0.03,0.02,0.07706409328151355,0.361,0.4992626514395578,0.02281845258212451,0.499275651281131,0.27521032606272405,13.956664610587373,40.63575093309787,28.39804589547478,-0.2752103260637839,-13.95666461058739,101
1.5,0.35,0.03,0.02,0.07706409328151355,0.337,0.2114891204652277,0.017430616634283923,0.21156806828701274,1.035544403565687,11.070813869206738,45.75995575644893,81.87387118987134,-1.0355444035659893,-11.070813869206775,102
1.5,0.35,0.03,0.02,0.07706409328151355,0.342,0.4964399516826844,0.02638604592281405,0.49643435623824544,1.4109988607851451,25.418500611997057,62.352974416018185,87.69568488127985,-1.4109988607852857,-25.41850061199708,103
1.5,0.35,0.03,0.02,0.07706409328151355,0.346,0.9297061442824182,0.013085305642948691,0.07048063255196532,1.261431712692277,71.66037469353738,,88.65515033869104,1.2614317126924586,-71.66037469353738,104
1.5,0.35,0.03,0.02,0.07706409328151355,0.349,0.5133708535157412,0.01976751445567008,0.48672626689251536,0.18773074993391906,62.30864005354152,20.541971183089128,65.67937878070164,-0.18773074993482997,62.30864005354152,105
1.5,0.35,0.03,0.02,0.07706409328151355,0.344,0.4424511192533055,0.0022721211926385976,0.44245053767189546,0.07596085227251761,23.391500332308727,19.184726167471567,25.90325202929746,-0.07596085227288911,23.39150033230874,106
1.5,0.35,0.03,0.02,0.07706409328151355,0.354,0.5639188099723395,0.000973761006978234,0.43602646994710803,2.7702506639092763,74.52817264082121,88.93685490197329,88.53660546113515,2.77025066390952,74.52817264082121,107
1.5,0.35,0.03,0.02,0.07706409328151355,0.319,0.30419749301584703,0.026567885886569165,0.3044084482500631,0.548342856878192,12.68171420736695,22.511408268498048,82.95881460371088,0.5483428568786433,12.681714207366959,108
1.5,0.35,0.03,0.02,0.07706409328151355,0.333,0.7635775431526254,0.0037177095449424232,0.23655695754624956,1.011561939169108,36.86289620522434,,88.12880627453113,-1.0115619391693262,-36.862896205224345,109
1.5,0.35,0.03,0.02,0.07706409328151355,0.347,0.8999221356122231,0.02334225420974638,0.10011652816302784,1.1349160657289417,53.478678487432006,52.46810639282524,32.31872767123448,1.1349160657290227,53.47867848743201,110
1.5,0.35,0.03,0.02,0.07706409328151355,0.358,0.5885378917641635,0.019990730566841537,0.41151253285344597,1.7829638857567196,14.206628911225538,42.67950688820951,16.121732677542393,-1.782963885756929,14.206628911225549,111
1.5,0.35,0.03,0.02,0.07706409328151355,0.361,0.49350630618190455,0.006104600015916221,0.49344249730080053,0.3903905206240529,55.42762065723668,20.153864641956755,11.727819480198681,-0.3903905206241614,-55.42762065723669,112
1.5,0.35,0.03,0.02,0.07706409328151355,0.355,0.2681058688727649,0.0249396375392492,0.2684762754809272,0.6850257335778681,59.65486950601382,45.38351726369655,29.0990631416578,0.6850257335775126,59.65486950601383,113
1.5,0.35,0.03,0.02,0.07706409328151355,0.36,0.5418749639177991,0.005127310539299658,0.458047332736281,0.15240455083695878,50.7904429502692,36.511030206819186,42.91012263534856,0.1524045508375664,50.790442950269195,114
1.5,0.35,0.03,0.02,0.07706409328151355,0.38,0.4930045048294965,0.014111549553206192,0.49301496752551877,1.0201025781132451,60.86839929510266,15.999875012216256,4.294001699182082,1.020102578113647,-60.86839929510268,115
1.5,0.35,0.03,0.02,0.07706409328151355,0.369,0.4207175464015953,0.02070474755276601,0.42088443523443336,0.7755654404598719,61.20267569616238,16.993218228476465,44.87578117725915,-0.7755654404603656,61.202675696162395,116
1.5,0.35,0.03,0.02,0.07706409328151355,0.376,0.5356135235408678,0.026436989847643397,0.4645329436020714,0.7550112948436353,53.36008343892981,63.925152061242706,69.25399747506525,0.7550112948436113,-53.36008343892981,117
1.5,0.35,0.03,0.02,0.07706409328151355,0.34,0.4501605393203453,0.013059647948138499,0.4502911091568287,1.2501482590825927,45.9714164459357,60.09969093904187,46.4345096631362,1.2501482590828847,-45.97141644593571,118
1.5,0.35,0.03,0.02,0.07706409328151355,0.362,0.38081271007003237,0.00673588021005507,0.3811820798201267,0.3529122880585322,24.94394327031461,,35.85110943731719,0.3529122880580663,24.943943270314616,119
1.5,0.35,0.03,0.02,0.07706409328151355,0.346,0.017492229146209064,0.05075159227054249,0.017768611649765165,2.798178342423875,74.37150415919733,31.222037733909918,,-2.7981783424238897,74.37150415919733,120
1.5,0.35,0.03,0.02,0.07706409328151355,0.362,0.42866992205265225,0.0258907766921306,0.42901573152068084,1.8933113961461958,48.6271943663053,67.41184627460275,89.61124145357762,1.8933113961463401,-48.627194366305304,121
1.5,0.35,0.03,0.02,0.07706409328151355,0.357,0.49502641703258754,0.02056614200753145,0.494996057801175,3.2673397748546926,47.51556643761393,53.776875555169966,30.293481593482227,3.2673397748548565,-47.515566437613934,122
1.5,0.35,0.03,0.02,0.07706409328151355,0.355,0.5677085407708463,0.02820479389174349,0.4326746209820503,2.8783590754616175,0.25782066909183765,16.323495893085287,65.45634892913944,2.878359075461568,0.2578206690930902,123
1.5,0.35,0.03,0.02,0.07706409328151355,0.332,0.480962627042548,0.00814006693169132,0.480831588482031,0.1483648765136688,5.529881606048376,18.68531497853299,17.958924147282755,0.14836487651234379,-5.529881606048406,124
1.5,0.35,0.03,0.02,0.07706409328151355,0.354,0.9408054744040724,0.0204632207794303,0.05925876096943927,0.3334969403897806,69.42217657064407,,55.47565600805607,0.333496940390393,-69.42217657064407,125
1.5,0.35,0.03,0.02,0.07706409328151355,0.373,0.5071646904907674,0.02185790318546097,0.49291473617500164,0.3900455462342735,78.45044307905529,71.71598845865343,37.52434513884627,0.3900455462346723,78.45044307905529,126
1.5,0.35,0.03,0.02,0.07706409328151355,0.346,0.5137804865894069,0.016729319247241227,0.4863117074113958,0.8793563270885496,70.12382765252447,13.169536492112272,1.439861060118324,-0.8793563270887217,-70.12382765252447,127
1.5,0.35,0.03,0.02,0.07706409328151355,0.342,0.6640432066376942,0.0041704560979034765,0.33680055702014194,2.1072126800718176,71.09953759496065,89.27710989324905,84.43920888220508,-2.1072126800718816,71.09953759496065,128
1.5,0.35,0.03,0.02,0.07706409328151355,0.375,0.2848875573386042,0.023848046141690657,0.2849719495203206,0.919610370468068,18.810327192051805,73.64857384657041,12.653209833065178,0.9196103704680766,-18.810327192051798,129
1.5,0.35,0.03,0.02,0.07706409328151355,0.322,0.49776017095864666,0.022021894622197696,0.49777157368512914,1.0656182081882204,27.946033158648373,20.07463752605797,82.61761390305628,1.0656182081883052,-27.946033158648365,130
1.5,0.35,0.03,0.02,0.07706409328151355,0.351,0.513515699655383,0.016938570711936926,0.4865708506386967,0.46791263587828313,12.544463098215461,62.29041862785941,21.638080507354196,-0.4679126358786981,-12.54446309821546,131
1.5,0.35,0.03,0.02,0.07706409328151355,0.359,0.4873109209465116,0.0040844674913825115,0.4870922838960973,0.734811253887494,46.49727437998926,89.8347261699414,70.04015024514044,-0.7348112538872391,46.497274379989264,132
1.5,0.35,0.03,0.02,0.07706409328151355,0.353,0.3800380166924265,0.007319261409835921,0.3801218465594179,0.2550345379400265,88.2057112719878,24.764705257138452,83.66406392577906,-0.25503453794134195,-88.2057112719878,133
1.5,0.35,0.03,0.02,0.07706409328151355,0.37,0.49856714610357594,0.021383677234422804,0.49857189478339614,0.5556074962200712,85.6600504918282,88.10432795707369,46.7176359228724,-0.555607496220824,-85.6600504918282,134
1.5,0.35,0.03,0.02,0.07706409328151355,0.389,0.37686660375471687,0.027757679638782652,0.3772399004454848,2.5816300009080684,34.32528712246734,64.55152710666923,41.104326856217874,-2.5816300009081026,-34.32528712246735,135
1.5,0.35,0.03,0.02,0.07706409328151355,0.351,0.1339823310456522,0.02428637953110375,0.1340675231276394,0.14331525519804114,46.39739032231115,,29.8273362349407,0.14331525520151725,46.39739032231116,136
1.5,0.35,0.03,0.02,0.07706409328151355,0.332,0.4956326611740808,0.008572388137528572,0.495634868178421,1.8808567885244045,27.25078710493482,56.704425716432795,80.54750636030924,-1.88085678852463,-27.25078710493483,137
1.5,0.35,0.03,0.02,0.07706409328151355,0.344,0.47153002928325327,0.015202545357284887,0.4715482588545195,0.20578123957506886,0.04178467981239666,73.77877335688203,51.34420150704981,0.2057812395768084,0.04178467980735419,138
1.5,0.35,0.03,0.02,0.07706409328151355,0.361,0.493005309128096,0.019066937422273212,0.49303556067568843,2.006912248857155,20.4181574027813,6.345505063777012,46.10101625871042,-2.006912248857354,-20.4181574027813,139
1.5,0.35,0.03,0.02,0.07706409328151355,0.349,0.4932916243427222,0.017930245823270706,0.49334918394909066,0.7306222035630026,2.3483241891379474,12.360008537276782,8.974880023625698,-0.7306222035629967,2.348324189138062,140
1.5,0.35,0.03,0.02,0.07706409328151355,0.321,0.5036666014752027,0.02620061157211952,0.49647946979773905,2.170489363730016,65.33147975487051,38.89825549572821,82.52527991746425,-2.170489363730183,65.33147975487053,141
1.5,0.35,0.03,0.02,0.07706409328151355,0.364,0.518394850328583,0.014510205816544261,0.481644545173454,0.42113146402385476,78.03957198158437,45.49609939237479,22.931851318133987,-0.42113146402480534,-78.03957198158437,142
1.5,0.35,0.03,0.02,0.07706409328151355,0.365,0.41218724295830445,0.006725234651884897,0.4124036022199494,0.4912526594001789,29.82052017168383,11.387318005048288,61.935691095331734,0.49125265940132384,-29.820520171683846,143
1.5,0.35,0.03,0.02,0.07706409328151355,0.373,0.6047575662418819,0.015183977352917358,0.39525057585640994,2.6478268940064336,15.947387266389576,22.84516525245585,59.173434295003645,-2.6478268940064984,-15.947387266389601,144
1.5,0.35,0.03,0.02,0.07706409328151355,0.351,0.5082138450334655,0.020064885995747694,0.4918972209533929,2.2536347048537517,0.1535432069330022,25.333378850985667,44.50467532775833,2.2536347048540297,-0.15354320693530507,145
1.5,0.35,0.03,0.02,0.07706409328151355,0.325,0.5281928374807476,0.009960340141861899,0.471913707254246,2.721800200484493,25.353198715400726,44.16045339302895,68.42745061182065,2.7218002004844672,-25.353198715400737,146
1.5,0.35,0.03,0.02,0.07706409328151355,0.356,0.512830946209585,0.019149048715969008,0.48732281555808904,0.6469606870801372,34.072303753203805,5.729341854558186,7.068224503055469,-0.6469606870807292,34.07230375320382,147
1.5,0.35,0.03,0.02,0.07706409328151355,0.341,0.4221311443221108,0.02613213506316516,0.4222603816440469,0.27609923632917005,60.39599556700766,85.63967608154543,74.39345350583025,0.2760992363292761,60.39599556700766,148
1.5,0.35,0.03,0.02,0.07706409328151355,0.347,0.4963025629669086,0.02130384284980491,0.4962161934064561,0.7073134988592774,41.102183593896775,46.64786275054271,85.57309300835057,0.707313498859266,-41.10218359389677,149
1.5,0.35,0.03,0.02,0.07706409328151355,0.312,0.6484633178227737,0.01704261932520192,0.3516595474024877,0.2250271687697484,7.207354176481488,6.223473335370306,61.04676273314979,0.2250271687726818,7.207354176481532,150
1.5,0.35,0.03,0.02,0.07706409328151355,0.335,0.3327987482701179,0.027678009870401428,0.3331930317049987,0.4202425691280949,86.44700377498062,85.50058167477209,74.90041234042147,0.4202425691288046,-86.44700377498062,151
1.5,0.35,0.03,0.02,0.07706409328151355,0.347,0.48778089546321907,0.019623957450189123,0.48785365866320596,0.5207635094876819,40.43943631589847,38.76211603237394,85.69603408407112,-0.5207635094881755,-40.43943631589847,152
1.5,0.35,0.03,0.02,0.07706409328151355,0.359,0.41404262754149473,0.009067260807985918,0.414036679092505,0.17002234151645348,35.498404846428805,79.55775912204264,39.07560283912879,-0.17002234151645718,-35.498404846428805,153
1.5,0.35,0.03,0.02,0.07706409328151355,0.37,0.2485152297253793,0.006207464583374397,0.2485415104367129,1.4369329863832152,59.53743678081046,,44.68641897016809,1.4369329863833749,59.537436780810474,154
1.5,0.35,0.03,0.02,0.07706409328151355,0.378,0.47684360403163023,0.012714382937663355,0.476837088408746,1.5987112897991325,20.281026075756888,83.02842366903221,61.923713904953175,1.598711289799238,-20.281026075756888,155
1.5,0.35,0.03,0.02,0.07706409328151355,0.345,0.49429937378186367,0.0018617557215385538,0.49429924969354105,1.6121060746452818,63.46108344363017,2.3292020027437736,21.535289593379705,1.6121060746453717,63.46108344363017,156
1.5,0.35,0.03,0.02,0.07706409328151355,0.355,0.5538332108022066,0.02008399687506831,0.44615134741279877,0.050769457563969216,52.3884344468089,30.627771485589136,53.0540948757647,-0.050769457575847755,52.388434446808915,157
1.5,0.35,0.03,0.02,0.07706409328151355,0.327,0.5268466912174774,0.023909406077858644,0.4732338340613104,0.9948687064480612,64.74874333026061,45.39905938117819,9.936441619481272,0.9948687064481805,-64.74874333026061,158
1.5,0.35,0.03,0.02,0.07706409328151355,0.359,0.6180958790138485,0.0018475006003778607,0.38206617587129177,0.7141570905051937,78.50673805819562,77.87214764392465,72.49616305961439,0.7141570905049502,78.50673805819562,159
1.5,0.35,0.03,0.02,0.07706409328151355,0.352,0.6099930873730526,0.021851251070291258,0.39003960623757833,0.4879538030576187,4.479318816177753,40.88183719538481,19.549263584437156,-0.48795380305744546,-4.479318816177775,160
1.5,0.35,0.03,0.02,0.07706409328151355,0.363,0.5393763053614733,0.009242756477267224,0.46075004353201515,1.715445154623071,24.57318480100556,38.73001520971052,75.39025619726463,1.7154451546231995,24.573184801005564,161
1.5,0.35,0.03,0.02,0.07706409328151355,0.345,0.5019585456494317,0.0171507193192622,0.4980159211370441,0.3400416797955106,14.666484389520118,65.99805520886109,15.736494544791663,-0.34004167979618916,14.66648438952013,162
1.5,0.35,0.03,0.02,0.07706409328151355,0.352,0.3686381010249815,0.02306583334986293,0.36871057301478727,0.3251104056286442,42.29335905183984,78.55867085322429,42.579360262774834,-0.3251104056292963,-42.29335905183985,163
1.5,0.35,0.03,0.02,0.07706409328151355,0.359,0.3851577858425683,0.0005918579297118578,0.3855439766353476,0.883172091987059,15.46196619112041,,60.41318469442082,0.883172091987502,-15.461966191120437,164
1.5,0.35,0.03,0.02,0.07706409328151355,0.342,0.4863157861685098,0.018785443087959805,0.48640969367636844,1.5804324373035492,89.21045118418223,46.61086465865092,26.933261736258316,-1.5804324373036849,-89.21045118418223,165
1.5,0.35,0.03,0.02,0.07706409328151355,0.345,0.496835614891421,0.022705664241475458,0.496772772847118,1.4237036779161891,35.5144831142705,14.579426915245156,9.51123863395638,-1.4237036779165468,-35.51448311427051,166
1.5,0.35,0.03,0.02,0.07706409328151355,0.348,0.4680869910210164,0.002540146594219285,0.46810701484532385,0.9436728848457848,79.25963634056238,88.60564338387945,89.01270476002377,-0.9436728848459495,-79.25963634056238,167
1.5,0.35,0.03,0.02,0.07706409328151355,0.331,0.03914994804343332,0.03126184020996684,0.039207361859565186,0.09245511344877386,6.117079229341352,4.132395174830846,17.451938614008082,0.09245511344756337,6.117079229341414,168
1.5,0.35,0.03,0.02,0.07706409328151355,0.346,0.4876018466697682,0.007073580337053673,0.48743990595926334,1.7759542081305837,88.78198032921051,57.7275104914749,88.75693805318751,1.7759542081308162,88.78198032921051,169
1.5,0.35,0.03,0.02,0.07706409328151355,0.356,0.5063383569726385,0.008443059813131046,0.49378723045209505,1.7001741173298521,60.3139252262863,11.955449393501118,35.09851898056893,-1.700174117330067,-60.3139252262863,170
1.5,0.35,0.03,0.02,0.07706409328151355,0.35,0.7010468439997761,0.027855924850599227,0.29885371229839286,3.749591163560324,73.24535388812335,27.794170713043997,44.60053380221573,3.7495911635603845,73.24535388812335,171
1.5,0.35,0.03,0.02,0.07706409328151355,0.325,0.5046948418258101,0.02089043860276757,0.49548673191124526,0.4066476888782598,17.829705524140607,12.665241946116867,48.2927025906564,0.4066476888788196,17.82970552414063,172
1.5,0.35,0.03,0.02,0.07706409328151355,0.37,0.48040378603021816,0.017221043207159097,0.48044710668907176,0.4627227600969779,81.33154792404322,3.1385366322024884,63.92476939494003,-0.4627227600978509,-81.33154792404322,173
1.5,0.35,0.03,0.02,0.07706409328151355,0.349,0.49952501888169215,0.01766860104351106,0.49953328894890203,0.2348284138341881,70.41136808868889,21.85539775871045,39.89454655373699,-0.2348284138366482,70.41136808868889,174
1.5,0.35,0.03,0.02,0.07706409328151355,0.352,0.5810478226142013,0.024491050847954724,0.41937454080048225,1.5695637469170287,0.6004578714173471,42.2361334377002,78.11116549144401,1.5695637469172654,0.600457871417273,175
1.5,0.35,0.03,0.02,0.07706409328151355,0.341,0.6874629077321173,0.022344214337136813,0.3125800693909212,2.6340204801792266,14.50442586594358,73.47892612238735,45.619396403211866,2.6340204801792306,-14.504425865943588,176
1.5,0.35,0.03,0.02,0.07706409328151355,0.347,0.5549234148904397,0.024467911239995095,0.4453505925384876,1.0045439958625006,31.55063495858468,19.64324203031139,29.45240525658413,-1.004543995862682,31.550634958584688,177
1.5,0.35,0.03,0.02,0.07706409328151355,0.35,0.39572464176726213,0.020159808050410274,0.3957672783417112,0.28864063786246225,70.93744350960142,39.4363638454953,54.4675697119137,0.288640637861813,-70.93744350960142,178
1.5,0.35,0.03,0.02,0.07706409328151355,0.365,0.49192370398681623,0.01576656627339075,0.49195151505298507,0.40110380094889053,70.75778414249059,69.7684925699063,15.974466660291998,0.40110380094913956,70.75778414249059,179
1.5,0.35,0.03,0.02,0.07706409328151355,0.355,0.5120849218577331,0.012190450769234445,0.48795984936561126,1.2260576706255024,51.47643602828772,62.58224275668184,61.85663210857262,-1.226057670625792,51.476436028287736,180
1.5,0.35,0.03,0.02,0.07706409328151355,0.339,0.4515040291219909,0.020034095446915853,0.45164891386806777,0.7284234129310911,51.37417302431837,27.095794687158495,71.71779938703745,-0.7284234129314782,-51.37417302431837,181
1.5,0.35,0.03,0.02,0.07706409328151355,0.341,0.49872908363645657,0.010933690114612572,0.49871952916250484,1.0095634369862243,36.173251953670494,31.190336292501193,11.216720682417073,1.0095634369861446,36.173251953670494,182
1.5,0.35,0.03,0.02,0.07706409328151355,0.345,0.20980431198966729,0.025311920123813694,0.2100827847749051,2.077477847799335,15.182515677674205,43.01815810189433,66.84240378758831,-2.07747784779949,15.182515677674218,183
1.5,0.35,0.03,0.02,0.07706409328151355,0.329,0.8426813851284853,0.008774945239694163,0.1578496930909721,1.1843085544198506,28.772265911983403,,50.825545487548744,-1.1843085544199234,28.77226591198341,184
1.5,0.35,0.03,0.02,0.07706409328151355,0.337,0.3749115061278862,0.024737554707424357,0.37505715586193245,2.0599542570180867,73.26061681253243,52.59555211010306,27.970512725065955,-2.059954257018333,-73.26061681253245,185
1.5,0.35,0.03,0.02,0.07706409328151355,0.359,0.30898040554134604,0.027537361281143268,0.3091816789602642,1.8135287939281868,32.65840648339315,54.32576914743954,38.88770090826436,1.8135287939281617,-32.658406483393144,186
1.5,0.35,0.03,0.02,0.07706409328151355,0.375,0.7066243343102305,0.024102142339390006,0.29356157558146034,2.609158258235562,86.43059476905611,83.64721126619068,82.8608867525375,2.609158258235588,-86.43059476905611,187
1.5,0.35,0.03,0.02,0.07706409328151355,0.322,0.5023439305275195,0.019829183229052555,0.49771737627674173,0.12933231390295455,4.59940343121793,43.04144629172265,25.24598730010906,0.12933231390825797,-4.5994034312180565,188
1.5,0.35,0.03,0.02,0.07706409328151355,0.351,0.5034756889030196,0.020631352327457844,0.4967166353373304,0.19785368288136024,83.8029132556432,53.08893954379547,24.154923819245703,-0.1978536828823191,83.8029132556432,189
1.5,0.35,0.03,0.02,0.07706409328151355,0.348,0.546877587464388,0.0223945436923527,0.4531313454543479,0.46439945479197237,26.10392793386269,60.10466659233655,62.072737157075814,-0.464399454793301,-26.1039279338627,190
1.5,0.35,0.03,0.02,0.07706409328151355,0.358,0.4460023622005267,0.02382569855242478,0.44605322939586073,0.3506413593115358,38.44533137146391,61.20024599889825,30.804530101980458,-0.35064135931167567,38.445331371463915,191
1.5,0.35,0.03,0.02,0.07706409328151355,0.359,0.4971906558751043,0.018117790608984635,0.49721721017611975,0.32810608316571827,62.779058888299105,61.50846206459103,0.007088314858037903,0.32810608316676376,-62.779058888299105,192
1.5,0.35,0.03,0.02,0.07706409328151355,0.346,0.47528910422971626,0.0025680480366216674,0.47528899943973346,0.008658826482014045,86.0370331781872,7.7450177820493336,38.003146890490896,-0.008658826533388566,86.0370331781872,193
1.5,0.35,0.03,0.02,0.07706409328151355,0.361,0.5252204767975666,0.025814335464310743,0.4747777030575777,0.9646015826298527,3.309711341626747,20.428751221452433,79.90441375459359,-0.9646015826297564,-3.3097113416268105,194
1.5,0.35,0.03,0.02,0.07706409328151355,0.33,0.5175975447463409,0.02146940836044513,0.4824877594037698,0.6627042765602208,86.78378988214304,54.27990105378661,73.58492613779222,0.662704276560979,86.78378988214304,195
1.5,0.35,0.03,0.02,0.07706409328151355,0.353,0.3631952914250249,0.016370277610926957,0.36323308972238455,1.9355183286663957,38.52105684822874,41.88731671420663,41.34730171762241,-1.935518328666593,38.52105684822874,196
1.5,0.35,0.03,0.02,0.07706409328151355,0.362,0.17592032156912443,0.016154841540190687,0.1763769594600399,2.085545483691747,64.42950242123938,,65.3098966271057,2.085545483691812,64.42950242123938,197
1.5,0.35,0.03,0.02,0.07706409328151355,0.344,0.531077722399848,0.022199492711498056,0.4689229387606141,2.4345676593614503,6.358844974323572,87.83098789292578,51.86568693925499,2.4345676593615684,-6.35884497432363,198
1.5,0.35,0.03,0.02,0.07706409328151355,0.34,0.4217626453222727,0.01049024668915554,0.42174436469088505,2.7545967475420023,70.22153357325848,52.93671678533119,18.250421342803286,2.7545967475419846,70.22153357325848,199
1.5,0.5,0.03,0.02,-0.0,0.453,0.4868111343275755,0.023628373799549476,0.4869461270626843,0.5350359213208149,43.282700479747376,58.69014476632198,26.125810464809135,-0.5350359213211677,-43.28270047974739,0
1.5,0.5,0.03,0.02,-0.0,0.503,0.5858449414904706,0.022576166026218508,0.41436337494520903,0.3771371490280232,33.55107518248102,78.38278712485385,49.02435632639785,0.37713714902915557,-33.551075182481036,1
1.5,0.5,0.03,0.02,-0.0,0.475,0.5945027004554923,0.00530527287413186,0.40591699232461886,0.42351591468062094,86.01313353640073,,21.039621553135042,0.42351591468170596,-86.01313353640073,2
1.5,0.5,0.03,0.02,-0.0,0.5,0.49838444109129854,0.026780031749901748,0.4984028776568319,0.745265654034881,37.55947191087841,14.779850101103534,18.786547665161656,0.7452656540351251,-37.55947191087841,3
1.5,0.5,0.03,0.02,-0.0,0.508,0.189939235586465,0.010176083447832794,0.1899774022372608,0.05323265189425479,50.16079087226514,,7.239504998830504,0.053232651895644544,50.16079087226514,4
1.5,0.5,0.03,0.02,-0.0,0.495,0.479962435406448,0.000644203397838092,0.47999677048276956,0.5329112643898856,33.98431214186666,58.25141312359407,24.812748084758475,-0.5329112643910597,33.98431214186668,5
1.5,0.5,0.03,0.02,-0.0,0.479,0.3469956710837222,0.029694081563209265,0.34741233525206655,1.2337293723582503,5.402431306964174,64.04942844015302,41.36902270485995,-1.2337293723584666,-5.402431306964235,6
1.5,0.5,0.03,0.02,-0.0,0.517,0.5029183081355237,0.021402792175896225,0.49708341469549294,1.7006443607617527,40.12946749931599,75.04022185934956,21.678944137022686,-1.7006443607619806,40.12946749931599,7
1.5,0.5,0.03,0.02,-0.0,0.515,0.5020875333401147,0.006956891229481304,0.4979888256777674,1.0712659866629486,44.13322461953499,60.10840318152145,67.90624228477903,-1.071265986663085,-44.133224619535,8
1.5,0.5,0.03,0.02,-0.0,0.533,0.4923150901034912,0.022122050970753003,0.4923161962572005,0.9275139800794366,0.9525688384047665,79.18663901875235,0.3602622210483027,-0.9275139800792667,-0.9525688384048145,9
1.5,0.5,0.03,0.02,-0.0,0.469,0.49713720202373646,0.022901782691583418,0.49710175695452496,0.6399349995400183,51.08592766145426,48.453456283209626,80.88594831741558,-0.6399349995404982,-51.085927661454264,10
1.5,0.5,0.03,0.02,-0.0,0.472,0.5001509156295946,0.023609384355663798,0.4998620430807603,1.4783603799360683,77.17306639115093,3.2321926496388116,35.57268652803552,-1.4783603799361302,-77.17306639115093,11
1.5,0.5,0.03,0.02,-0.0,0.518,0.25278934335445663,0.023562469326272074,0.25284450170532063,0.0967553485286246,61.19044605908919,38.205027980762246,87.7901031118675,0.09675534853254224,-61.19044605908919,12
1.5,0.5,0.03,0.02,-0.0,0.489,0.49754908664477376,0.022696553216472782,0.49754857718821205,0.3689007635459538,49.472667427778156,15.629122409899292,5.579203971344061,0.36890076354598955,49.472667427778156,13
1.5,0.5,0.03,0.02,-0.0,0.505,0.7889441402340763,0.017247165233416198,0.21108576838840504,1.6955016896675517,86.10152680465131,50.12056453653206,80.76140067666546,-1.6955016896677089,-86.10152680465131,14
1.5,0.5,0.03,0.02,-0.0,0.486,0.5193418735190334,0.01719968835436382,0.4807799515120888,2.75656128019056,80.10399992474429,50.0061185886086,88.06848213166056,-2.756561280190678,-80.10399992474429,15
1.5,0.5,0.03,0.02,-0.0,0.51,0.5107738617135467,0.0036772170619760553,0.48922731773093425,1.4229814810147146,49.78451589042743,11.428809201419414,21.659474015419505,1.4229814810148453,-49.78451589042743,16
1.5,0.5,0.03,0.02,-0.0,0.485,0.5957520992984228,0.024055882886850073,0.4043330431202435,2.8296477580310855,65.05151283510081,63.62367892673169,3.01096077999837,-2.82964775803115,65.05151283510082,17
1.5,0.5,0.03,0.02,-0.0,0.498,0.8370028542618826,0.01876585949873209,0.16313828663456792,0.8533218420938562,17.209349143780923,,69.10394439181155,-0.8533218420938046,-17.20934914378093,18
1.5,0.5,0.03,0.02,-0.0,0.475,0.4921154073993148,0.010812171130642503,0.49210503778808656,1.518817947465911,31.40745136745858,15.070477443238822,58.0856180846066,-1.518817947466022,-31.407451367458588,19
1.5,0.5,0.03,0.02,-0.0,0.504,0.06089009155563527,0.017383581138848938,0.06102790889337379,0.9512534827003144,88.3643335763866,,74.18015554016998,0.9512534827007217,88.3643335763866,20
1.5,0.5,0.03,0.02,-0.0,0.477,0.5180481199503072,0.018386970823300056,0.4819974614075473,3.22521906503603,79.49810256842102,25.584718508566677,50.014404711039596,3.2252190650361365,79.49810256842102,21
1.5,0.5,0.03,0.02,-0.0,0.499,0.5216068763670113,0.0021867207153091622,0.4785486829217427,1.1115515455450746,31.631201257837272,39.15767357241538,42.679686515288566,-1.1115515455451617,-31.631201257837276,22
1.5,0.5,0.03,0.02,-0.0,0.5,0.9137477193125079,0.03251225522538313,0.08647297744475356,2.8699543011751407,63.68681404369842,0.863698659511214,73.36662992070929,-2.869954301175195,63.68681404369842,23
1.5,0.5,0.03,0.02,-0.0,0.469,0.23876667822536748,0.030712351435440287,0.23921747075041844,0.37263225806866884,19.7498349084118,54.38518975600649,58.833955835226185,0.37263225806860834,-19.7498349084118,24
1.5,0.5,0.03,0.02,-0.0,0.474,0.3843627178495731,0.024359086400974145,0.3847073440242878,2.0051023365415337,63.55194500841445,70.1528602198988,0.4338294629934492,2.005102336541744,63.55194500841446,25
1.5,0.5,0.03,0.02,-0.0,0.508,0.676118026687767,0.024495773270805817,0.3240192545334883,0.3234897405729664,0.33866415389007065,13.561547244779305,29.101850836763578,0.3234897405743502,0.33866415389102855,26
1.5,0.5,0.03,0.02,-0.0,0.511,0.8395723668607913,0.006306341015615825,0.16089059698533206,1.05583954478647,69.00752202488846,,79.76652252410601,1.05583954478667,69.00752202488846,27
1.5,0.5,0.03,0.02,-0.0,0.506,0.4849358398353921,0.0205452147234452,0.4850686484212048,0.8097948562305035,50.401695456133126,11.484550040417526,49.790686492244916,0.809794856231067,50.40169545613313,28
1.5,0.5,0.03,0.02,-0.0,0.504,0.630373208060658,0.022817325016693625,0.3697204257319334,0.17096735651346245,86.81088627520126,1.4869306918582677,44.014816457007456,-0.17096735651752082,-86.81088627520126,29
1.5,0.5,0.03,0.02,-0.0,0.523,0.3583335310973169,0.010007382684514276,0.35832219237048707,0.7233414194037646,4.072351491842098,13.05561299095305,37.42523248148434,-0.7233414194045327,-4.07235149184223,30
1.5,0.5,0.03,0.02,-0.0,0.48,0.49042763038663334,0.021541951175814936,0.4906028474829334,0.30708071378839574,51.26189692330527,75.03514090187964,9.502138494328463,0.30708071378950197,-51.26189692330528,31
1.5,0.5,0.03,0.02,-0.0,0.495,0.5040011736193176,0.02025070152506852,0.49602210997169704,2.2869066481809073,59.352940705500735,63.87260063321079,20.037021923774635,2.2869066481810347,59.352940705500735,32
1.5,0.5,0.03,0.02,-0.0,0.509,0.4536423066360524,0.007222695224757314,0.45364809810916584,4.165738247063345,88.48765148444772,75.72400360088393,79.70880032145077,-4.16573824706342,-88.48765148444772,33
1.5,0.5,0.03,0.02,-0.0,0.501,0.38189143904532385,0.010208062250913549,0.381972941640009,0.6395354288696246,85.33844898056054,54.11667231528474,57.71029212909409,-0.6395354288698796,85.33844898056054,34
1.5,0.5,0.03,0.02,-0.0,0.466,0.5352425732327832,0.010534428682764746,0.4647105149961828,0.4915412730490447,41.12785063232021,22.121012688969845,12.706981254096666,-0.4915412730497748,41.12785063232022,35
1.5,0.5,0.03,0.02,-0.0,0.485,0.6853635254040407,0.02751669161611711,0.31476760325480946,1.9033364913343898,71.6624457596438,28.506872029196995,42.559435735817885,-1.9033364913343302,-71.6624457596438,36
1.5,0.5,0.03,0.02,-0.0,0.498,0.5007863645787739,0.01396194112725391,0.49922070954623277,1.8028909291840831,48.1921653824935,67.3961027154865,82.44204920750724,1.8028909291841535,-48.192165382493506,37
1.5,0.5,0.03,0.02,-0.0,0.502,0.49916385519081063,0.019445384371033707,0.49915189560285445,1.2329884083522509,74.18018162343374,9.819884437358741,9.431062672175063,1.2329884083525824,-74.18018162343374,38
1.5,0.5,0.03,0.02,-0.0,0.472,0.494593011844847,0.025657006936449525,0.49468754534329235,0.10713458732458653,28.170079105929403,58.86167202568153,74.51134027118242,0.10713458732511745,-28.170079105929414,39
1.5,0.5,0.03,0.02,-0.0,0.504,0.4821008470751423,0.0010499008589149473,0.4821008610827435,1.4439796170963763,2.4176491955339716,81.360363231569,79.3072360760248,1.4439796170965402,2.4176491955339827,40
1.5,0.5,0.03,0.02,-0.0,0.48,0.4765710303462074,0.003711870637380107,0.4766304107439127,1.7188726306954236,83.34734246990467,63.7018286149385,89.28109452679638,-1.7188726306955118,83.34734246990467,41
1.5,0.5,0.03,0.02,-0.0,0.5,0.5054013059804409,0.021776760520316567,0.4945806109468489,1.21440686891459,16.693755465873046,13.71180318321966,21.427807210640136,-1.214406868914856,-16.6937554658731,42
1.5,0.5,0.03,0.02,-0.0,0.499,0.7413899207427842,0.02604424363254238,0.2585918718914146,0.32286888784334755,42.55148575515201,53.91698223941258,1.1501608221872517,0.3228688878443194,42.551485755152015,43
1.5,0.5,0.03,0.02,-0.0,0.508,0.5141317978174101,0.021634723810852775,0.4859432751817476,1.8143357549013603,22.738082553372013,81.74108695803922,22.475074450461385,-1.8143357549014565,22.738082553372024,44
1.5,0.5,0.03,0.02,-0.0,0.477,0.3708004911276823,0.011782989300882967,0.37080124920784785,1.2018214530110036,29.946966237314562,11.665654913874333,17.703898196092997,1.201821453011124,29.946966237314562,45
1.5,0.5,0.03,0.02,-0.0,0.469,0.4557212825320023,0.02335517268520281,0.45594839905535217,0.7872611027837044,19.03609748181841,41.99940915234116,66.09047953019339,-0.7872611027840133,19.036097481818434,46
1.5,0.5,0.03,0.02,-0.0,0.505,0.8356875381885507,0.0070473478019882655,0.16437611617325387,2.7754582147105338,18.251016375089787,39.50927741199022,42.85950629282001,2.7754582147105165,-18.25101637508979,47
1.5,0.5,0.03,0.02,-0.0,0.522,0.281635427658369,0.0015155780249304766,0.28178597383984566,0.47221998153961875,88.02767538771636,,89.42580508150914,0.47221998154014394,-88.02767538771636,48
1.5,0.5,0.03,0.02,-0.0,0.501,0.6518465765660654,0.009720907310829249,0.34815128397871875,0.6471220027665678,18.071380770339246,63.059828648399815,32.62102955410108,0.6471220027671734,-18.071380770339267,49
1.5,0.5,0.03,0.02,-0.0,0.485,0.629808257286842,0.011894157249046548,0.3705198005969992,0.9626776731118855,27.65962631399237,23.557713926768457,7.010053071099691,-0.9626776731118412,-27.659626313992383,50
1.5,0.5,0.03,0.02,-0.0,0.484,0.8446245808298729,0.028371420409897506,0.1554703239267113,1.037388111275136,1.957176627841082,49.15917351672034,0.7364518870902503,-1.0373881112757186,1.957176627841144,51
1.5,0.5,0.03,0.02,-0.0,0.482,0.42473634791093046,0.014450908243339819,0.42473933607597464,0.315795680317963,17.253216091865472,11.207278981643833,27.165712003073278,0.3157956803188763,-17.253216091865475,52
1.5,0.5,0.03,0.02,-0.0,0.497,0.23187781832918308,0.019033013852677663,0.23188272975189544,1.5203236399238163,23.51004051447314,20.75178396930765,5.715693501349364,1.5203236399237976,-23.51004051447314,53
1.5,0.5,0.03,0.02,-0.0,0.496,0.6132423006175711,0.023270620017990296,0.38676787812166474,2.514249054672123,65.30633856460562,26.35708385522949,76.62523565622462,2.514249054672272,65.30633856460564,54
1.5,0.5,0.03,0.02,-0.0,0.518,0.6650220421771443,0.020614900090762153,0.3350886528044756,0.07206954752449928,16.652272604283947,16.457991041266762,60.27938334690136,0.07206954753390064,-16.65227260428398,55
1.5,0.5,0.03,0.02,-0.0,0.507,0.4368890291661377,0.02401297439180327,0.43697137943721986,1.8983348148804189,6.014151810141543,3.192372168552452,66.80420398228955,1.8983348148803576,-6.014151810141597,56
1.5,0.5,0.03,0.02,-0.0,0.503,0.4914493133581867,0.02015359064224942,0.4914694996994149,1.014228449973109,14.354756734662404,65.56460924878309,58.30229631905844,-1.0142284499733367,14.354756734662388,57
1.5,0.5,0.03,0.02,-0.0,0.494,0.46802601719127906,0.00794700248646718,0.4680600835704985,2.6015649550262445,20.491042950149218,20.778529324125437,25.759278555097424,2.6015649550262796,-20.491042950149215,58
1.5,0.5,0.03,0.02,-0.0,0.516,0.49758624168890114,0.022631225024365452,0.49755638405831726,0.927584239072793,44.27197389980583,64.58475909305251,49.75652143495167,-0.9275842390730016,44.27197389980584,59
1.5,0.5,0.03,0.02,-0.0,0.476,0.337301710891343,0.024691196663519835,0.3376133852962917,1.9299432952718545,71.41236640471465,11.181369792442025,7.413897737269392,-1.9299432952721225,-71.41236640471465,60
1.5,0.5,0.03,0.02,-0.0,0.512,0.2124243164148876,0.002548710908857461,0.2123724036990879,0.5869264499639247,89.85083919757663,,69.26991988151073,0.5869264499644689,89.85083919757663,61
1.5,0.5,0.03,0.02,-0.0,0.487,0.5274068903847349,0.003974070708382814,0.4726041681319104,2.664379265959677,6.025432468664324,14.237550189464363,50.94035402065352,-2.664379265959867,6.025432468664422,62
1.5,0.5,0.03,0.02,-0.0,0.522,0.48745702800150537,0.01773442120579113,0.4874760576195568,2.029077692568454,48.126935385422044,40.50218581710805,30.13105259416387,-2.0290776925684106,-48.12693538542205,63
1.5,0.5,0.03,0.02,-0.0,0.498,0.7254168822863398,0.02124819710447204,0.2745989327076073,0.38301433020208725,7.15838197900915,21.094944749315673,39.44892924437627,0.3830143302031304,-7.15838197900919,64
1.5,0.5,0.03,0.02,-0.0,0.512,0.5743303375787557,0.018788489986839366,0.42573959611631057,0.6119469412468159,55.347539276309256,89.40538860163842,61.20866128286214,0.6119469412472451,-55.34753927630927,65
1.5,0.5,0.03,0.02,-0.0,0.5,0.503360092109345,0.018649760570697893,0.49659294349215255,0.3356243262853802,62.720253752113045,67.5382146799542,18.96770521492499,-0.3356243262872848,-62.72025375211305,66
1.5,0.5,0.03,0.02,-0.0,0.511,0.5033254460986167,0.019965478103868433,0.49667232528919014,2.6494585802497483,38.2359867234218,45.4766605357961,21.961790514763614,2.649458580249758,38.23598672342181,67
1.5,0.5,0.03,0.02,-0.0,0.51,0.546200509800906,0.006974766539434357,0.45392824890588584,1.4674677149531994,29.91952590627136,50.36838807009075,19.222873335072222,-1.4674677149532587,29.919525906271367,68
1.5,0.5,0.03,0.02,-0.0,0.487,0.7052369724694936,0.0226269682345428,0.29490572471145243,1.6943290407675935,12.530886162391363,32.268503356891316,67.51561060733434,1.69432904076775,-12.530886162391377,69
1.5,0.5,0.03,0.02,-0.0,0.502,0.3741542435132025,0.020825514298903818,0.37417807501059963,0.519571194933039,21.178633391275927,21.688042365402918,51.69899968245097,-0.5195711949337449,21.178633391275945,70
1.5,0.5,0.03,0.02,-0.0,0.5,0.26668065922244,0.027529106386588342,0.26688174489410127,0.9375647192888664,33.411183643199934,55.444374456063954,82.56780215963991,0.9375647192887945,33.41118364319995,71
1.5,0.5,0.03,0.02,-0.0,0.483,0.45550685222210224,0.009729486275076974,0.45563920495858473,0.6063496781714185,67.59141203788946,61.673988193926114,75.36405875083928,-0.6063496781718459,-67.59141203788946,72
1.5,0.5,0.03,0.02,-0.0,0.509,0.5389544509489226,0.006469409983799775,0.4610921447615238,2.503689343126098,22.53587044186464,29.65567382056635,83.41493740515263,-2.5036893431262537,22.535870441864642,73
1.5,0.5,0.03,0.02,-0.0,0.506,0.642289751120147,0.013227923593937114,0.35770556408654486,1.059467044551313,60.63873821832662,63.69262185926428,23.094259950425144,1.0594670445516978,-60.63873821832661,74
1.5,0.5,0.03,0.02,-0.0,0.493,0.6826691918243246,0.01147982172986716,0.31734948591779316,0.7941705462472263,2.880162931170135,12.266614972198651,73.74498511508911,0.7941705462472647,-2.880162931170246,75
1.5,0.5,0.03,0.02,-0.0,0.502,0.557630872933632,0.009840927669739789,0.44236148749354304,0.37257352056902016,55.983197946905335,79.49998797374607,89.20110990087545,0.3725735205699438,55.983197946905335,76
1.5,0.5,0.03,0.02,-0.0,0.513,0.3807491571813632,0.025775955786614478,0.38075205094234876,1.0531601411023148,55.861519499828624,17.114817773337585,47.73391986940925,-1.0531601411025322,55.86151949982864,77
1.5,0.5,0.03,0.02,-0.0,0.5,0.6137929341307661,0.022315669879699684,0.38622915675006864,0.4844827288942099,32.96937129451252,13.247536310978226,17.087274435857715,0.4844827288947961,-32.96937129451252,78
1.5,0.5,0.03,0.02,-0.0,0.515,0.4998700912631981,5.6214726367920145e-05,0.4998700912486465,0.33009355672589447,66.35414193332309,76.90294471821377,43.710695991500785,0.33009355672785406,-66.35414193332309,79
1.5,0.5,0.03,0.02,-0.0,0.497,0.697464272234851,0.015449894216692121,0.30307311621654676,1.7318277722813968,20.17975219008751,11.77167560727189,8.405364185336092,-1.7318277722815039,20.179752190087548,80
1.5,0.5,0.03,0.02,-0.0,0.489,0.3077596226176858,0.012561587446270266,0.30776754786707056,1.8884233952045444,24.18881487488021,7.207878397090513,32.391119672106846,1.888423395204552,24.18881487488023,81
1.5,0.5,0.03,0.02,-0.0,0.495,0.6985881261528015,0.017514401901780982,0.30145430064709045,1.230988221076078,15.78708829002895,14.912743470994874,3.3344320394470013,1.2309882210763872,-15.787088290028965,82
1.5,0.5,0.03,0.02,-0.0,0.496,0.7849866253615011,0.0267147924137415,0.215302269151076,1.0844517126462443,51.467148519394826,61.23679567387213,59.30399019586903,1.0844517126463429,51.46714851939484,83
1.5,0.5,0.03,0.02,-0.0,0.479,0.5610583120336651,0.018106648925149432,0.4389588626494609,0.23244080175796977,60.02106007898732,18.083187354299938,36.13609781861958,-0.23244080175928472,60.02106007898733,84
1.5,0.5,0.03,0.02,-0.0,0.514,0.43428372418338557,0.017749175958148854,0.43436619532054,1.3288798296425839,86.97006945757867,88.77026176386974,87.46765107327228,-1.3288798296426536,86.97006945757867,85
1.5,0.5,0.03,0.02,-0.0,0.491,0.8762472216737148,0.030308417053526746,0.12406742549327052,1.4318686186000724,3.952981343689223,80.31826979049174,62.52152362546282,1.4318686186003993,3.952981343689309,86
1.5,0.5,0.03,0.02,-0.0,0.536,0.5058160331938,0.023030793628614602,0.4942406746831965,0.1976134477897232,41.07978870497654,51.17343420370851,44.167746138017954,-0.19761344779019696,-41.07978870497655,87
1.5,0.5,0.03,0.02,-0.0,0.494,0.3923108817087386,0.02081057797004429,0.39241217415774116,2.49708306115123,38.034325296011225,28.06762186490579,25.189455381651726,-2.497083061151319,38.034325296011225,88
1.5,0.5,0.03,0.02,-0.0,0.501,0.7007703722456092,0.01988546308351567,0.2993283513205636,1.161748612105216,85.69027797319028,2.9022016658008787,24.806861683480797,1.1617486121055782,85.69027797319028,89
1.5,0.5,0.03,0.02,-0.0,0.509,0.6578506384648783,0.023587347196625412,0.34225776170998606,1.5401104491873339,54.90800282832533,83.79186214491097,80.56280564014159,-1.5401104491874573,-54.90800282832534,90
1.5,0.5,0.03,0.02,-0.0,0.504,0.1807063170368297,0.026764977087487672,0.1806225538653807,2.090336496700903,66.64347579028892,48.947818495877115,11.143085925997141,-2.09033649670101,-66.64347579028892,91
1.5,0.5,0.03,0.02,-0.0,0.487,0.506491344305546,0.006895201679738716,0.49351012939874667,0.015556602510505597,70.2257126694149,89.6739111064532,39.527346836810594,0.015556602519803037,-70.22571266941489,92
1.5,0.5,0.03,0.02,-0.0,0.502,0.5342491042072898,0.018956413697619995,0.4657761719222107,0.23969805133683567,30.507110231464786,2.3550494929923964,50.755526304508656,-0.2396980513391752,30.507110231464804,93
1.5,0.5,0.03,0.02,-0.0,0.505,0.5763568230983843,0.0036071745251699304,0.4240094599212382,0.226898774444698,32.99374280584563,14.787099953275465,57.83385805694308,-0.2268987744453735,32.99374280584564,94
1.5,0.5,0.03,0.02,-0.0,0.502,0.50438949379505,0.020164619640276354,0.4956658926237988,1.0158680636434376,65.17370002048752,51.33027933238809,25.41837865279327,-1.0158680636439579,65.17370002048753,95
1.5,0.5,0.03,0.02,-0.0,0.513,0.3164498305702168,0.024097978291388697,0.3167026788366095,0.3703637777539153,47.12513575304203,64.85813122230579,5.978523545133439,0.37036377775407775,-47.125135753042045,96
1.5,0.5,0.03,0.02,-0.0,0.501,0.6015581182220763,0.026176561387499818,0.3985338357587193,2.0347582029453646,49.639473488410225,16.29775673577752,45.11058356310748,2.034758202945678,-49.63947348841023,97
1.5,0.5,0.03,0.02,-0.0,0.522,0.500268896914381,0.017835228916858285,0.4997240203026296,0.6750045444556828,87.93132978416072,29.564880283058866,60.31347433853119,-0.6750045444559297,87.93132978416072,98
1.5,0.5,0.03,0.02,-0.0,0.505,0.5437498017098389,0.004298402210428607,0.4565492859175126,1.156017142135504,32.75078784113077,38.64898602832845,0.9321523190347083,-1.1560171421357974,32.75078784113079,99
1.5,0.5,0.03,0.02,-0.0,0.483,0.3740220363676558,0.001287092154649309,0.3743165048537021,0.1406938516234491,15.745224575129441,1.8227060815335299,1.5190913124263623,0.1406938516253486,-15.745224575129477,100
1.5,0.5,0.03,0.02,-0.0,0.495,0.7979495261788716,0.02820541219739471,0.2019476359499237,0.9890998229475766,67.50112462988547,54.31895299581315,34.10239071599632,-0.9890998229478305,-67.50112462988547,101
1.5,0.5,0.03,0.02,-0.0,0.488,0.2826987793798327,0.025844140142964413,0.2831576163250235,1.5110511537821052,10.862636184715564,65.45383201002589,63.92075479685544,-1.5110511537822005,-10.862636184715608,102
1.5,0.5,0.03,0.02,-0.0,0.504,0.250110888685662,0.011308466630362463,0.2501806264278106,0.37752518872913365,11.18392022526473,3.4185157913673296,7.108352064969657,0.3775251887298898,11.183920225264751,103
1.5,0.5,0.03,0.02,-0.0,0.507,0.4933445476797224,0.02051706169607538,0.49339839172127486,0.33137996017551946,23.65875604045306,41.40189465498758,60.91345758312341,-0.3313799601770357,23.658756040453078,104
1.5,0.5,0.03,0.02,-0.0,0.498,0.5095180643345327,0.001938022389148942,0.4906694861589208,0.7877697082222331,31.416696030559894,30.46745672930299,46.34260876921692,0.7877697082224789,-31.416696030559915,105
1.5,0.5,0.03,0.02,-0.0,0.497,0.492113551571503,0.016532149820158482,0.4921249937364227,0.5784620530420556,10.396896974608028,43.20056503010698,43.80170866916209,-0.5784620530425497,10.396896974608016,106
1.5,0.5,0.03,0.02,-0.0,0.504,0.502498419390681,0.0004462834230639178,0.4975015811476477,1.1391042838256356,74.54538343571406,79.629270805587,56.61563786517885,1.139104283825925,-74.54538343571406,107
1.5,0.5,0.03,0.02,-0.0,0.505,0.4997113212816287,0.01729410355816323,0.49973650250669144,0.3760255425953673,45.78351290383722,64.94453297772024,35.28845113937471,-0.37602554259667526,-45.783512903837234,108
1.5,0.5,0.03,0.02,-0.0,0.49,0.502776095452775,0.022330558736442324,0.49732533341637075,2.136126350785257,0.8161399790379438,7.497520088303638,10.357698441464603,-2.1361263507854003,0.8161399790381516,109
1.5,0.5,0.03,0.02,-0.0,0.504,0.5212647611799656,0.0011696950548543458,0.4789487581429628,0.9438304379705125,69.96422552850815,35.77942765342762,14.174744698540279,-0.9438304379705976,-69.96422552850815,110
1.5,0.5,0.03,0.02,-0.0,0.505,0.18619312855017997,0.008059992820764368,0.1863039660645115,2.104107487073117,17.800591390438942,65.28082662890016,80.49697403311986,2.1041074870732266,-17.800591390438974,111
1.5,0.5,0.03,0.02,-0.0,0.535,0.4966934480082697,0.020722582332453415,0.4967029378756182,0.35921727116106383,26.65011720290953,38.31759320130939,36.001286904256446,-0.359217271161397,-26.65011720290954,112
1.5,0.5,0.03,0.02,-0.0,0.509,0.618721040728836,0.00489134955496463,0.3818599957514337,3.183339429932385,72.88022845323347,66.4341011880421,71.85428490287636,3.183339429932367,72.88022845323347,113
1.5,0.5,0.03,0.02,-0.0,0.491,0.46427976241519614,0.002337730449560547,0.46433398689146665,0.7318687834673473,58.48377287235644,77.72519035478273,68.76758255506206,0.7318687834676272,58.48377287235644,114
1.5,0.5,0.03,0.02,-0.0,0.504,0.5406184578574222,0.0030809895639538846,0.4596127752184349,0.3396620098865444,52.22534766040424,79.85846832476062,12.866178374095409,-0.3396620098873542,52.22534766040424,115
1.5,0.5,0.03,0.02,-0.0,0.509,0.430011034176043,0.023454146370031712,0.4301364895785592,0.8696659982521425,77.75035563516558,12.320391203291939,64.1678579102239,0.8696659982520426,-77.75035563516558,116
1.5,0.5,0.03,0.02,-0.0,0.504,0.6032275206897303,0.02853613938038578,0.3969481804792476,0.565752135043501,87.78021439598301,31.970837730578275,3.7333970432932784,0.5657521350438105,87.78021439598301,117
1.5,0.5,0.03,0.02,-0.0,0.514,0.2613246139314076,0.025717972886718617,0.26156351064517774,0.7717816913425921,58.97996118199222,32.26810960965178,42.43692790682855,-0.7717816913426058,58.97996118199222,118
1.5,0.5,0.03,0.02,-0.0,0.503,0.5540186731561785,0.024000378977629164,0.4462642172463316,0.22776640491926842,38.85683607386109,22.144253028175658,52.28731520242679,0.2277664049217066,38.8568360738611,119
1.5,0.5,0.03,0.02,-0.0,0.499,0.5617254898441034,0.02509479174138177,0.4385669706285188,1.6069899263853413,67.99079867976296,5.786911631200568,32.60538561855975,1.6069899263853897,-67.99079867976296,120
1.5,0.5,0.03,0.02,-0.0,0.551,0.6924598893319174,0.027346775288327834,0.3080615754376019,0.9134662855476355,39.48545646415285,3.269084014706709,77.08938787892782,-0.9134662855477751,-39.48545646415286,121
1.5,0.5,0.03,0.02,-0.0,0.5,0.9477354011768568,0.01972262519938881,0.05232856015326943,2.3353981591190043,74.82702111493509,,41.71384127754255,-2.335398159119143,74.82702111493509,122
1.5,0.5,0.03,0.02,-0.0,0.504,0.4826062554487704,0.004159546021612585,0.48263926522647116,1.0983220430988643,6.407152862247052,0.16382517125029722,46.47908737429291,-1.098322043098991,-6.407152862247016,123
1.5,0.5,0.03,0.02,-0.0,0.489,0.7309873868120762,0.007817695560888203,0.26951217243530756,1.476597135515321,13.614436554056734,30.073056779055346,83.46580230090471,-1.4765971355157261,-13.614436554056734,124
1.5,0.5,0.03,0.02,-0.0,0.496,0.48281041897472854,0.0006418349392189463,0.4828800298958722,1.5061245807389985,71.22120211920006,81.83022739602397,82.0463177499838,1.5061245807392463,71.22120211920007,125
1.5,0.5,0.03,0.02,-0.0,0.505,0.5130040734216921,0.004682167182074375,0.48729707240191555,0.6340518518228719,51.89931110808796,40.07028105085948,9.839565284831117,-0.6340518518236345,-51.89931110808797,126
1.5,0.5,0.03,0.02,-0.0,0.496,0.518240243731708,0.0046883476927918255,0.48180932522067216,1.205017961278504,49.453075566621834,44.89375481540521,68.11607356119629,1.2050179612785676,-49.45307556662184,127
1.5,0.5,0.03,0.02,-0.0,0.495,0.6893629159700002,0.0047948866628858625,0.3116151023769292,0.3395818390525027,80.43684524754757,,67.52539447254965,0.33958183905399614,80.43684524754757,128
1.5,0.5,0.03,0.02,-0.0,0.508,0.5045533230586364,0.017320233797412515,0.495455330059334,2.3319118770259886,27.779531808262576,18.73286663577236,48.286957137491775,-2.3319118770262524,27.779531808262593,129
1.5,0.5,0.03,0.02,-0.0,0.504,0.49396662843834144,0.011502960149653215,0.49395542320755986,0.08486491138020986,50.73583012266373,45.7710633007103,6.063275426319499,-0.08486491138057733,-50.735830122663735,130
1.5,0.5,0.03,0.02,-0.0,0.509,0.3246437236493158,0.016867054646568236,0.32470159926275466,1.559020632237602,7.981675618274314,18.45984731600425,20.270906253244956,1.5590206322377662,7.981675618274344,131
1.5,0.5,0.03,0.02,-0.0,0.479,0.4249683569558801,0.017232806317807055,0.4250300730957229,0.530174431350951,54.097964898881855,45.70295337111034,89.88332300838285,0.5301744313518965,54.097964898881855,132
1.5,0.5,0.03,0.02,-0.0,0.523,0.82908950316678,0.022593189544567325,0.170894436729613,0.24744461188533945,47.782105099961626,70.69650607854817,0.30234464445370185,-0.24744461188544983,-47.78210509996163,133
1.5,0.5,0.03,0.02,-0.0,0.478,0.6402813844429815,0.024236750528416173,0.3598026231521685,1.608801303458555,63.673065102160706,32.5745126789111,60.75109499716374,1.6088013034585813,-63.673065102160706,134
1.5,0.5,0.03,0.02,-0.0,0.512,0.5060881082225667,0.023137243405061618,0.49399490922685635,0.14658315636351651,10.968045829015388,40.476527513639,5.996461591578285,-0.14658315636711997,-10.96804582901541,135
1.5,0.5,0.03,0.02,-0.0,0.513,0.4963023893289297,0.023219617592217547,0.49629147101873416,1.2392604780504661,30.234611434512217,33.470155181031984,31.820749211486056,-1.239260478050799,-30.23461143451223,136
1.5,0.5,0.03,0.02,-0.0,0.491,0.48961259635276383,0.011419573420830328,0.489669362977815,0.7664928276193719,40.46408598759119,1.3684901032100842,81.61178261779745,-0.7664928276198656,-40.46408598759119,137
1.5,0.5,0.03,0.02,-0.0,0.48,0.44727825672447147,0.009706650343876931,0.44728675520540945,1.043417209216955,83.78954574193259,34.96726889879099,30.255591544010855,1.04341720921732,-83.78954574193259,138
1.5,0.5,0.03,0.02,-0.0,0.521,0.4210561795646797,0.014541638461732849,0.42108074899743797,0.3767491968092817,6.0066274687625985,1.9741570339870833,6.905993787174247,0.376749196810717,-6.006627468762672,139
1.5,0.5,0.03,0.02,-0.0,0.508,0.6662687336461386,0.02785483427769977,0.3338673405638234,3.3813123458286394,33.57644537746092,41.71910576995718,51.498442493133254,3.381312345828773,33.57644537746093,140
1.5,0.5,0.03,0.02,-0.0,0.484,0.5037533025899056,0.021313165029354708,0.49632965660119244,0.13846342583281998,39.414948939233476,24.081594337137965,53.576205104817596,0.13846342583472906,39.414948939233476,141
1.5,0.5,0.03,0.02,-0.0,0.483,0.5136207674081215,0.001449077691647773,0.48629461876519603,0.22450503901819466,89.45268299547506,58.34968794819682,51.17881372662372,-0.22450503901853264,89.45268299547506,142
1.5,0.5,0.03,0.02,-0.0,0.508,0.3885665132124114,0.02570682180179952,0.38862859863117327,1.728374071355644,13.097657653653913,35.02185753347816,60.89889911382815,1.7283740713556488,13.097657653653934,143
1.5,0.5,0.03,0.02,-0.0,0.493,0.48190202579435015,0.0025701950062018497,0.48187852837201245,2.7385815773484996,81.68484917115774,18.314454525122766,87.29097016495827,-2.7385815773486764,81.68484917115774,144
1.5,0.5,0.03,0.02,-0.0,0.508,0.4157424038515987,0.028153093530140373,0.4156772904597778,0.4094589529064082,62.089317531693304,15.477174889290135,71.92462014286718,0.40945895290891854,62.08931753169332,145
1.5,0.5,0.03,0.02,-0.0,0.488,0.7483157070291722,0.018438239640670123,0.2516826378832947,2.1343938838481176,60.434440062075005,82.28651771893816,16.45537496114604,-2.134393883848232,-60.434440062075005,146
1.5,0.5,0.03,0.02,-0.0,0.51,0.7121231480738143,0.024988931687077373,0.28827525335407506,0.4001295292894739,4.492726973059976,34.106306558016634,62.11137028106763,0.40012952929005025,4.49272697306004,147
1.5,0.5,0.03,0.02,-0.0,0.507,0.52844442018928,0.004744783350933578,0.4717465787244328,1.3052238869839319,74.68339339967602,79.73214175724996,58.68244982646229,-1.3052238869844148,74.68339339967602,148
1.5,0.5,0.03,0.02,-0.0,0.495,0.6383677406233282,0.022937496436707935,0.3616731698727269,1.494530046542201,48.23751675543488,55.434405484676795,81.22122160462376,1.4945300465420261,48.23751675543489,149
1.5,0.5,0.03,0.02,-0.0,0.523,0.29474716393582234,0.024906309375320457,0.2951676708312104,0.6217457069524418,44.970229678300214,20.546065888916285,41.72000002407829,0.6217457069533782,-44.970229678300214,150
1.5,0.5,0.03,0.02,-0.0,0.48,0.4871558517706137,0.020430938523851007,0.487298922582549,0.5925246566899129,35.49662288586719,34.61710667310202,48.641622034128936,0.5925246566905078,-35.4966228858672,151
1.5,0.5,0.03,0.02,-0.0,0.487,0.5038237736079146,0.022908026090578036,0.49634203954811024,0.10784279357958372,19.924801200857043,56.88767328141194,4.722456208324156,-0.10784279357742896,19.924801200857058,152
1.5,0.5,0.03,0.02,-0.0,0.505,0.7581958632259717,0.018147307252480295,0.2418318639315684,0.7808284461326062,7.98243363170471,6.452579414506475,7.153410666315431,-0.7808284461328021,7.9824336317047635,153
1.5,0.5,0.03,0.02,-0.0,0.506,0.44524483362293377,0.003765628822425687,0.44527505210255036,0.05213976603508144,31.437461842845824,,59.71299919539912,0.052139766037238036,-31.437461842845835,154
1.5,0.5,0.03,0.02,-0.0,0.477,0.38977546691599685,0.006207823112885709,0.3898454620268819,0.2659758215660445,61.996747833994384,26.65136500834512,61.25878622434324,0.26597582156663624,61.996747833994384,155
1.5,0.5,0.03,0.02,-0.0,0.47,0.9228435814542477,0.023117415009993116,0.07723186461959822,1.6706746948804323,85.87499846874715,,36.9502673131184,-1.6706746948807336,-85.87499846874715,156
1.5,0.5,0.03,0.02,-0.0,0.511,0.5004464575834856,0.023690290534556593,0.49955552930639074,1.9563449751586175,67.08467871773425,62.67245990570719,7.2265642970879735,-1.9563449751588218,67.08467871773425,157
1.5,0.5,0.03,0.02,-0.0,0.514,0.6669964748519004,0.02695314824047145,0.33340444090890586,0.3292808386057625,59.22405869521675,52.85399209625324,39.80729609172872,-0.32928083860697893,-59.22405869521675,158
1.5,0.5,0.03,0.02,-0.0,0.526,0.5072147223949942,0.022776022066138383,0.4929678765707128,0.36983653382311993,45.99556381439363,67.40052569585247,57.92611203094291,0.36983653382448856,45.99556381439363,159
1.5,0.5,0.03,0.02,-0.0,0.511,0.3361385595868219,0.014814472869163941,0.3361510467672777,0.012588436911405427,75.52767775361784,34.45325298653653,18.612015244714314,-0.012588436919442196,-75.52767775361784,160
1.5,0.5,0.03,0.02,-0.0,0.502,0.3405393746504801,0.0053293348771213285,0.34066542869872896,0.4710001004003769,9.253012158493828,10.59384088363304,33.42996551475344,0.4710001004003545,-9.253012158493823,161
1.5,0.5,0.03,0.02,-0.0,0.505,0.45982649246385554,0.018213342193110715,0.4598499487130397,1.6358726097116834,39.093342598495866,67.59133030822561,41.36476349631533,-1.635872609711772,39.093342598495866,162
1.5,0.5,0.03,0.02,-0.0,0.491,0.5127328587679684,0.02030996045766205,0.4873682444254972,0.16429739938150464,5.467176867172993,78.57788438545613,2.676935234006217,-0.16429739938340376,-5.46717686717303,163
1.5,0.5,0.03,0.02,-0.0,0.497,0.4927329045599654,0.01845699430860217,0.49277410317149717,1.4660343651736742,28.12753401664407,34.27102410302613,75.65524285053735,-1.4660343651741488,28.12753401664408,164
1.5,0.5,0.03,0.02,-0.0,0.512,0.5040392428166954,0.020107483482786938,0.4959844364600287,1.6754952222640522,86.77780734449155,21.081345880835606,51.68077962861612,1.675495222263953,-86.77780734449155,165
1.5,0.5,0.03,0.02,-0.0,0.489,0.37596696021022863,0.02503919878485393,0.3761249380791228,2.650626492007601,89.3084699229689,86.68150084054386,26.851353042200028,2.6506264920076004,89.3084699229689,166
1.5,0.5,0.03,0.02,-0.0,0.523,0.5179755140617169,0.0012990220459930804,0.4820243657038634,0.5248311587472246,57.58893244084656,52.37084898843272,17.076107630243985,0.5248311587482904,57.58893244084656,167
1.5,0.5,0.03,0.02,-0.0,0.503,0.3756676528454561,0.011666881323379376,0.37570372966102067,0.9651205545605315,11.584614773416247,19.293935483227703,77.84892041651624,-0.9651205545606841,-11.584614773416295,168
1.5,0.5,0.03,0.02,-0.0,0.462,0.504447884562723,0.018597146175795276,0.4955547267456429,1.9108346614987117,29.289066579413337,31.372407067409277,56.27845872895719,-1.910834661499078,29.289066579413365,169
1.5,0.5,0.03,0.02,-0.0,0.51,0.6321379771126153,0.003801454563979929,0.3678843539745888,1.4430699838638872,18.778876564402907,,80.15524536532239,1.4430699838638619,-18.778876564402918,170
1.5,0.5,0.03,0.02,-0.0,0.482,0.8653275469881759,0.011107952927532595,0.13470009138276373,2.3403745070948037,42.466621998534166,,41.16090797244266,-2.340374507094826,42.46662199853418,171
1.5,0.5,0.03,0.02,-0.0,0.487,0.35921848755602526,0.008432376590678182,0.35924835115293685,0.5351185026671312,46.148709340804416,,23.733657266099026,-0.5351185026674643,46.148709340804416,172
1.5,0.5,0.03,0.02,-0.0,0.493,0.5961091463054388,0.021038783630616377,0.40395955315329996,0.48543462563027756,70.0851766960598,2.9217440962707824,5.073938910328189,0.485434625630875,-70.0851766960598,173
1.5,0.5,0.03,0.02,-0.0,0.484,0.5533554875212711,0.008213952613711953,0.4466302774643478,0.10633560311707582,14.601001468011749,2.6723258035124053,70.5979093492897,0.10633560312164689,-14.601001468011754,174
1.5,0.5,0.03,0.02,-0.0,0.484,0.6020543617557041,0.026625729646853384,0.398500533309338,1.8229959050940285,49.342161423617114,24.09463780939758,38.54439757853952,-1.8229959050943236,-49.34216142361713,175
1.5,0.5,0.03,0.02,-0.0,0.5,0.32756618107291785,0.0008653575657167484,0.3273644436958929,0.4397401144355775,60.995107828035565,17.611794928343,83.73888572041704,-0.4397401144356509,60.995107828035565,176
1.5,0.5,0.03,0.02,-0.0,0.498,0.7176688454978093,0.007812935033527082,0.2826544825260525,0.7911516438499037,61.65621244067923,,21.645107681844202,0.7911516438502745,-61.65621244067923,177
1.5,0.5,0.03,0.02,-0.0,0.502,0.6550589265207225,0.010878442438776881,0.34500202338844815,0.2337775565494762,44.417246430397284,3.6227482607218313,1.2993070830622175,-0.23377755655173948,-44.4172464303973,178
1.5,0.5,0.03,0.02,-0.0,0.478,0.524015474396153,0.019753727601128028,0.47612869133514246,1.138015501651323,83.61973815393478,31.46978495717439,60.21385151442749,1.1380155016514648,-83.61973815393478,179
1.5,0.5,0.03,0.02,-0.0,0.509,0.14687600500705406,0.013009912609083303,0.1469940498941068,2.6858661928324286,32.88127513580299,54.05428460711294,76.79560737830444,-2.685866192832433,32.88127513580299,180
1.5,0.5,0.03,0.02,-0.0,0.502,0.4951530285191643,0.004756601510575379,0.49523082895570764,0.7257283513381839,57.921543583271,2.3096122700705912,49.57284407358758,0.7257283513389455,57.921543583271,181
1.5,0.5,0.03,0.02,-0.0,0.515,0.5010206385499315,0.01769105522139984,0.4989868793151094,0.8424368918360727,81.05653025456296,41.890434858247374,5.168887976395431,0.8424368918365136,-81.05653025456296,182
1.5,0.5,0.03,0.02,-0.0,0.483,0.5774828340223782,0.0067761637965307875,0.4228947871046265,1.6000546672109095,52.03008120623851,1.2646911251301252,57.96857305892378,-1.6000546672111822,-52.03008120623852,183
1.5,0.5,0.03,0.02,-0.0,0.508,0.5252554633072948,0.0013311017462630588,0.4749496368707738,0.20956922903138084,15.119167194517377,53.11423761128394,16.14503336281476,-0.20956922903253566,15.119167194517402,184
1.5,0.5,0.03,0.02,-0.0,0.467,0.41904201320758544,0.006804858480349105,0.4191349704637566,1.260833842148505,22.3908552413201,25.141811513825164,26.197928595393186,-1.260833842148817,-22.39085524132011,185
1.5,0.5,0.03,0.02,-0.0,0.48,0.5012851192922131,0.023871463559953947,0.49870929768665684,0.7802883044244349,17.732423771601933,59.584687224991235,15.846473043396982,-0.7802883044250517,-17.732423771601955,186
1.5,0.5,0.03,0.02,-0.0,0.489,0.3969239765183812,0.0028097517181132382,0.397091403896939,2.777121325162271,50.51035276860482,,3.3374591953198647,2.7771213251623017,50.51035276860482,187
1.5,0.5,0.03,0.02,-0.0,0.513,0.3724444264925117,0.008832626443261328,0.3725387525777796,1.9719010141427666,26.101197033426466,39.43084698958675,88.6484300087337,-1.9719010141428506,-26.101197033426477,188
1.5,0.5,0.03,0.02,-0.0,0.488,0.48922218127778344,0.022658884834147124,0.4892915075911509,0.3903706288603378,34.130554044936716,11.43092334519414,54.44864470898447,-0.3903706288609251,-34.130554044936716,189
1.5,0.5,0.03,0.02,-0.0,0.483,0.6517249124997422,0.023999154677659257,0.34851226376635663,0.47396677201845083,36.7041492498091,83.2664595803229,4.362716795685164,0.4739667720185548,-36.70414924980911,190
1.5,0.5,0.03,0.02,-0.0,0.492,0.5173572268264067,0.007649836086363925,0.48279200148280066,0.7335577606780059,88.12953662619186,62.24422361883821,85.42023190086933,-0.7335577606786492,-88.12953662619186,191
1.5,0.5,0.03,0.02,-0.0,0.5,0.5563413240098364,0.02673736090169373,0.4439400452189003,0.7917037904144256,22.81732915314498,24.840633534782278,69.33596943085392,-0.791703790414752,22.817329153144996,192
1.5,0.5,0.03,0.02,-0.0,0.497,0.7350651823972689,0.004783382382004856,0.2650526615790852,1.844710587747183,37.075385977027,,62.5184090677131,-1.8447105877472514,-37.075385977027,193
1.5,0.5,0.03,0.02,-0.0,0.512,0.4990634424672593,0.013267056249379211,0.49908058773319874,0.010487400493115683,76.27605994280266,53.96624097732069,64.87325687299102,-0.010487400535360975,76.27605994280266,194
1.5,0.5,0.03,0.02,-0.0,0.485,0.6910230424303271,0.01250174422283135,0.30901105148364827,0.6823642331363939,60.38417341428257,37.41302345969663,28.716730223323832,0.6823642331375669,60.38417341428257,195
1.5,0.5,0.03,0.02,-0.0,0.502,0.44641813160070243,0.004681876165739536,0.44641022252223117,1.338487928270121,89.71995363894166,84.17115834546213,63.49965070715417,-1.3384879282703934,89.71995363894166,196
1.5,0.5,0.03,0.02,-0.0,0.493,0.5066792718034646,0.024976453912684413,0.4934755346918872,2.1644419097526546,77.82470101496189,80.61592136240193,20.172578841834444,-2.164441909752695,77.82470101496189,197
1.5,0.5,0.03,0.02,-0.0,0.488,0.41008593096552115,0.011028112636443814,0.4101475639531029,0.5496264380053675,66.7281905335661,9.113488588849465,23.74569573338049,0.5496264380059062,-66.7281905335661,198
1.5,0.5,0.03,0.02,-0.0,0.515,0.4828439124232209,0.011161405706099095,0.4828802914041212,4.96914280804664,48.388790188473635,68.98031270311071,73.92659654847883,-4.9691428080467,48.38879018847364,199
2.5,0.05,0.05,0.02,0.3289707253902946,0.044,0.212201644555183,0.013569466686318704,0.2129582491931696,2.6827827460706,0.29009601740347196,0.5217116265069475,43.578308535672846,2.6827827460707248,0.29009601740387453,0
2.5,0.05,0.05,0.02,0.3289707253902946,0.047,0.48329979219563757,0.013767936888033107,0.48333647989098294,3.3049788219074303,1.8024062657736777,28.07174214456077,13.836067564146031,3.3049788219074947,-1.8024062657737927,1
2.5,0.05,0.05,0.02,0.3289707253902946,0.045,0.1431335044905891,0.017646264629517232,0.14418017225714277,3.250676446140704,2.477294690899617,6.403895368454318,22.628759881123298,-3.2506764461408375,-2.4772946908997375,2
2.5,0.05,0.05,0.02,0.3289707253902946,0.049,0.10745516476346471,0.029344850599857242,0.10729970961470645,3.9920047331249835,9.358618823668847,9.774503413148947,19.065987314027097,-3.9920047331249475,-9.358618823668834,3
2.5,0.05,0.05,0.02,0.3289707253902946,0.054,0.3350404446450608,0.017572432229575823,0.3351805150040307,2.028717263929071,3.4566465645545823,18.43428799030654,18.365702663142454,-2.028717263929301,-3.456646564554566,4
2.5,0.05,0.05,0.02,0.3289707253902946,0.051,0.10426366848458264,0.030574567941130303,0.10458054761689203,2.1350356739318683,3.655633193629078,5.048122417229108,21.61254849372751,2.1350356739319993,-3.655633193629149,5
2.5,0.05,0.05,0.02,0.3289707253902946,0.039,0.5108455069004089,0.019428336489404945,0.48929549322428073,6.156697294098546,14.788030730019448,16.287464044213213,73.00685819525495,-6.156697294098502,-14.788030730019475,6
2.5,0.05,0.05,0.02,0.3289707253902946,0.036,0.4542197529415499,0.004873078075155284,0.45442141319583834,8.853893667565126,5.42817294348846,7.9804908386317015,35.058820916739855,-8.853893667565178,5.428172943488504,7
2.5,0.05,0.05,0.02,0.3289707253902946,0.058,0.43495416881066085,0.015821628932409397,0.43519754366315044,5.2605624860872675,5.3622669060410235,2.0059642168617176,14.193609183474894,5.260562486087311,-5.362266906041074,8
2.5,0.05,0.05,0.02,0.3289707253902946,0.035,0.350533799640884,0.011169356199055583,0.3507495790421864,1.3879464192463897,9.643301915465045,3.8808779710063246,3.310977274169035,1.3879464192466822,9.643301915465015,9
2.5,0.05,0.05,0.02,0.3289707253902946,0.049,0.4665905997786416,0.010305057316151382,0.46663725543056317,0.15856858318362058,11.611727504755558,27.080121250565387,24.837065089359548,-0.1585685831864517,-11.611727504755596,10
2.5,0.05,0.05,0.02,0.3289707253902946,0.042,0.17908003599800196,0.021127994427602236,0.17902480724500125,2.0356332298440503,7.845743075863461,3.3759144498571545,8.251494080572064,-2.035633229844166,-7.845743075863455,11
2.5,0.05,0.05,0.02,0.3289707253902946,0.056,0.388270822904904,0.010782430883667501,0.3885282724425649,0.5551129252835497,13.424470546288362,27.69331783296986,47.189158604871174,0.5551129252838632,13.424470546288346,12
2.5,0.05,0.05,0.02,0.3289707253902946,0.053,0.4278395391372376,0.010281308166981796,0.4279875208206602,0.5738708134893119,3.103972921672219,18.820475555592026,46.54326051755344,-0.5738708134900838,3.1039729216722476,13
2.5,0.05,0.05,0.02,0.3289707253902946,0.06,0.2141140580160728,0.021619533727120905,0.21424301756870676,0.35276487295933984,23.039187641439042,21.746899747137896,37.10514768552397,-0.35276487296043907,-23.039187641439053,14
2.5,0.05,0.05,0.02,0.3289707253902946,0.05,0.31848608658824373,0.014830797150782258,0.31912475231950216,3.5469629253968287,19.34868005518437,24.69983925289087,54.043277135582144,3.5469629253968353,19.348680055184378,15
2.5,0.05,0.05,0.02,0.3289707253902946,0.045,0.4490959945548068,0.01316384268540621,0.44931727359816626,5.391990036129127,19.041003671688124,50.473850076006336,65.60816707598335,-5.3919900361291155,-19.041003671688127,16
2.5,0.05,0.05,0.02,0.3289707253902946,0.05,0.48861369936571974,0.012533026670843397,0.4885466738063755,5.962241539129233,9.860048269139071,12.880506668218626,36.84302024593692,5.962241539129286,9.860048269139137,17
2.5,0.05,0.05,0.02,0.3289707253902946,0.041,0.442975245390512,0.012720746594132503,0.44295949554045627,1.1231668970236832,1.0196538567612166,7.208695460535409,18.404956631389428,-1.1231668970236504,-1.019653856761612,18
2.5,0.05,0.05,0.02,0.3289707253902946,0.053,0.34751170647612567,0.015415246667007481,0.34754170830647524,0.776036276460984,5.499835992723369,12.92743309019715,46.999219087707104,0.7760362764612091,5.499835992723384,19
2.5,0.05,0.05,0.02,0.3289707253902946,0.043,0.316821032726365,0.02033662489940023,0.31724306391638823,1.1468364770524069,4.587507898516977,14.511281772974856,8.424698441936284,1.1468364770528194,4.587507898517094,20
2.5,0.05,0.05,0.02,0.3289707253902946,0.044,0.3570248383200246,0.018260399794976373,0.3575185995028519,8.683528282642817,0.57715197805559,22.049441236934662,0.18377551671554684,-8.683528282642849,0.5771519780561049,21
2.5,0.05,0.05,0.02,0.3289707253902946,0.051,0.46635231727134285,0.01743244598441823,0.46657225738677194,2.2070968376953455,6.235434074556908,15.778518498618588,4.033588059893319,-2.207096837695319,6.235434074557009,22
2.5,0.05,0.05,0.02,0.3289707253902946,0.045,0.2557396638777668,0.017497264281334496,0.25635092955020466,3.9525843820932764,4.260603145739229,3.7394469385091758,18.137358503299772,-3.9525843820933266,-4.260603145739294,23
2.5,0.05,0.05,0.02,0.3289707253902946,0.058,0.23248287362497003,0.02104991882450337,0.2325299475531003,0.8323429950450525,4.473660397804739,0.44806263295388227,16.95761890841539,0.8323429950453025,4.473660397804835,24
2.5,0.05,0.05,0.02,0.3289707253902946,0.06,0.483164348557731,0.005121920537347729,0.48303022274762114,2.2982728432178847,33.72829172289377,43.89403797508997,68.2980415668533,-2.2982728432179047,-33.72829172289378,25
2.5,0.05,0.05,0.02,0.3289707253902946,0.053,0.8410253946254276,0.008867531533175314,0.15924388219276228,0.2561246103668521,24.215752493376144,,52.74250400018976,0.2561246103665,-24.215752493376158,26
2.5,0.05,0.05,0.02,0.3289707253902946,0.046,0.2532823761819806,0.025221052517813265,0.25369420059156156,2.5401020889323966,12.960125703372166,18.791764253597204,37.685573091197526,-2.540102088932422,12.960125703372205,27
2.5,0.05,0.05,0.02,0.3289707253902946,0.053,0.4282584574628764,0.01192190139035683,0.42858095987693207,5.368862341402619,10.917178842342931,11.403115135397664,62.99653925647184,-5.368862341402615,-10.917178842342906,28
2.5,0.05,0.05,0.02,0.3289707253902946,0.051,0.7348211697399857,0.00935855293740375,0.2654074797522065,0.654100382647402,15.01842753620373,,81.85702830639346,-0.6541003826478945,15.018427536203745,29
2.5,0.05,0.05,0.02,0.3289707253902946,0.06,0.14388954994402492,0.02639417174099247,0.1443800145343969,3.2877913070345364,0.018974986323794175,1.3161039171077407,12.21741656715269,3.287791307034471,-0.01897498633159537,30
2.5,0.05,0.05,0.02,0.3289707253902946,0.046,0.4672831339216912,0.006884196643028124,0.46742153675133963,2.7151797640526896,9.82851516362327,18.11765013344087,79.24765353636435,-2.7151797640527566,-9.828515163623281,31
2.5,0.05,0.05,0.02,0.3289707253902946,0.048,0.31509951024528093,0.015228891897874235,0.3155297589915805,4.750725658102837,3.2139508453744257,0.2845096596519661,10.966026445164523,4.7507256581028905,-3.2139508453745025,32
2.5,0.05,0.05,0.02,0.3289707253902946,0.05,0.13088727676190126,0.02354182068094965,0.13128950023662853,3.489308296481181,6.810593871906098,5.302799004415695,1.1943990960038777,3.489308296481194,6.8105938719061205,33
2.5,0.05,0.05,0.02,0.3289707253902946,0.061,0.2972202178879699,0.021420707335838802,0.2974071248713016,1.8097774923449146,6.90430172314539,3.913341395445068,4.392453413962706,1.8097774923451642,6.90430172314548,34
2.5,0.05,0.05,0.02,0.3289707253902946,0.041,0.4817039558497321,0.014410964864412549,0.481716575512912,0.9451842566730458,6.9345967916105415,15.626865892422394,2.7357089417788494,0.9451842566728564,-6.934596791610564,35
2.5,0.05,0.05,0.02,0.3289707253902946,0.052,0.2270682853297539,0.01089194634005526,0.22741688057477993,0.9189228071294895,5.9752757510738554,2.6585454919666853,35.483375284889,-0.9189228071295032,5.975275751073873,36
2.5,0.05,0.05,0.02,0.3289707253902946,0.058,0.24864042921546156,0.026766762460381094,0.2488998693638088,4.117299437281056,16.59269989164536,12.161675111457924,5.274687097584955,-4.117299437281142,-16.592699891645378,37
2.5,0.05,0.05,0.02,0.3289707253902946,0.046,0.1250064343528509,0.017507181129442,0.1251845662699376,1.162096144423583,5.9099674256078005,6.758161021791981,36.61852271942976,1.1620961444239641,-5.909967425607852,38
2.5,0.05,0.05,0.02,0.3289707253902946,0.043,0.5152780421516873,0.006338746608211796,0.4850483076790075,4.122293868813406,6.27483983366309,10.239483543843374,29.395603788048536,-4.12229386881345,-6.274839833663078,39
2.5,0.05,0.05,0.02,0.3289707253902946,0.047,0.1943905001470316,0.017438794917729792,0.19478570805594483,3.068743715846707,6.6416469451894615,5.151054046495903,9.191486240546402,-3.0687437158467405,6.641646945189553,40
2.5,0.05,0.05,0.02,0.3289707253902946,0.034,0.1035007711196769,0.020360082102882374,0.10427046600167098,2.9356395767505847,9.734311204721063,10.7573250868772,31.067570724131272,2.9356395767505785,9.734311204721102,41
2.5,0.05,0.05,0.02,0.3289707253902946,0.049,0.48660791496629174,0.015123129825075715,0.4865566783718665,3.3193906237091184,15.229169152808579,27.541168020143505,6.395624503633505,3.3193906237092015,15.229169152808586,42
2.5,0.05,0.05,0.02,0.3289707253902946,0.058,0.23991530439861242,0.015775915225433305,0.24079369929934863,5.205338889670035,2.0781266445594606,5.094697282212882,71.48042322356153,5.205338889670062,-2.0781266445594127,43
2.5,0.05,0.05,0.02,0.3289707253902946,0.049,0.24279009117281442,0.011730917501845354,0.24350589822121219,7.420377451685303,1.5605747031971804,1.1662980578843671,24.373944533170363,-7.4203774516852405,-1.5605747031969888,44
2.5,0.05,0.05,0.02,0.3289707253902946,0.046,0.40491509612544074,0.017452007193851482,0.40477891657615855,3.0817589670368397,12.557790467096565,66.59151055535418,60.24544426873091,-3.0817589670368584,12.557790467096607,45
2.5,0.05,0.05,0.02,0.3289707253902946,0.057,0.24060719819485007,0.007303708930641802,0.24053472334808898,4.656200045655316,3.586255084354866,2.778853755340223,25.40765224513443,-4.656200045655389,-3.5862550843550327,46
2.5,0.05,0.05,0.02,0.3289707253902946,0.043,0.36866615273513925,0.01695684759648929,0.3688763761276512,0.46522821021177185,2.607666077846164,15.431376843414503,46.98051969048243,-0.4652282102121684,-2.6076660778461975,47
2.5,0.05,0.05,0.02,0.3289707253902946,0.062,0.31317431706089677,0.016304182103340815,0.31338248270611624,1.6723354316395755,9.192891980587655,10.18000064703914,21.913430820252408,-1.672335431639917,9.192891980587646,48
2.5,0.05,0.05,0.02,0.3289707253902946,0.05,0.22808915747450978,0.016725836748968374,0.22825910522363463,2.2779474759686353,13.359500740544517,15.650587896730624,8.623712441833485,-2.2779474759687366,-13.359500740544531,49
2.5,0.05,0.05,0.02,0.3289707253902946,0.045,0.24411573144046816,0.005840282002152271,0.24494212690646586,3.283231861712906,0.7650981446609602,3.4909150091644383,32.511983362234595,-3.2832318617129626,-0.7650981446613291,50
2.5,0.05,0.05,0.02,0.3289707253902946,0.055,0.3830101818331256,0.01154079953566808,0.383228490533376,0.7654015015777481,16.038976566457446,16.23359178285275,48.58875718320024,-0.765401501578446,16.038976566457496,51
2.5,0.05,0.05,0.02,0.3289707253902946,0.047,0.499845026509289,0.02202451941155691,0.4998389344689827,2.53200683950135,5.7465998931551,71.2202938540421,33.358970871724246,2.5320068395015065,5.7465998931552305,52
2.5,0.05,0.05,0.02,0.3289707253902946,0.047,0.38285582122338563,0.012923132983094167,0.3830725453823647,1.1153758215315273,1.4088071079693292,1.6808246849858195,68.83433272972009,1.1153758215314782,-1.4088071079694247,53
2.5,0.05,0.05,0.02,0.3289707253902946,0.054,0.46294612755026227,0.011540453958485549,0.4631626774387335,2.360628473906682,0.7480927133855186,0.2995379953594612,6.446013601939161,-2.3606284739068544,-0.7480927133861754,54
2.5,0.05,0.05,0.02,0.3289707253902946,0.038,0.4204732392315417,0.017094029050209805,0.4206886591923458,0.7798116038437762,13.262645025827918,87.3717870418299,87.38892896518499,-0.7798116038440781,-13.262645025827917,55
2.5,0.05,0.05,0.02,0.3289707253902946,0.045,0.49636291579746716,0.02002833052535221,0.49624083001481434,5.9180720820830315,0.16202796537717698,89.94150862419951,53.14972364520617,5.918072082083016,0.16202796538049236,56
2.5,0.05,0.05,0.02,0.3289707253902946,0.047,0.4694574651591651,0.007750384562158477,0.4694123803398088,3.3193562370418825,3.7602129189352804,4.232691521613987,50.02248898124085,-3.3193562370419682,-3.7602129189352844,57
2.5,0.05,0.05,0.02,0.3289707253902946,0.049,0.49561798224988923,0.0144059420216072,0.49552897808685886,1.561069322024574,1.6170698465754285,25.474595108208867,39.32463684480765,1.5610693220247946,-1.6170698465754851,58
2.5,0.05,0.05,0.02,0.3289707253902946,0.054,0.48880671628729566,0.01256197264779643,0.488760727367741,1.901730711680202,6.321922017161321,2.450418739869148,41.94049896023612,1.901730711680359,6.321922017161359,59
2.5,0.05,0.05,0.02,0.3289707253902946,0.056,0.21851152348241396,0.015299156204458616,0.2194613054517411,0.08284330250451843,5.026682523389189,10.039969925796623,34.051258374163886,-0.08284330250890878,-5.026682523389253,60
2.5,0.05,0.05,0.02,0.3289707253902946,0.046,0.37619746745220983,0.011456617656840378,0.3764427651987753,1.416778723647783,8.396248702152722,9.893680134661382,17.508684529373557,1.416778723647921,8.396248702152734,61
2.5,0.05,0.05,0.02,0.3289707253902946,0.043,0.18414899388611194,0.01104671217779232,0.18446894619707263,0.18996575383947098,2.1017197295581247,9.379701100812705,77.78104301156803,-0.18996575384139136,2.1017197295584116,62
2.5,0.05,0.05,0.02,0.3289707253902946,0.066,0.24455533633752913,0.015121778833629688,0.2450615032970062,0.18477746788718935,3.1805564933531767,9.433819501895291,15.381521149692825,-0.18477746788764918,3.1805564933532438,63
2.5,0.05,0.05,0.02,0.3289707253902946,0.054,0.3591678840088383,0.010847581253017952,0.3593211302175131,1.0886542725369865,11.10785351991596,17.804341803046185,86.2732074043877,1.0886542725373454,11.107853519915981,64
2.5,0.05,0.05,0.02,0.3289707253902946,0.061,0.16870088305362183,0.024421051721407256,0.16928314501451344,1.0120995954884022,3.438094758958254,0.7617069132490527,40.737323155882265,1.0120995954889445,-3.4380947589582576,65
2.5,0.05,0.05,0.02,0.3289707253902946,0.054,0.4072497947711369,0.012527655807700237,0.40756887302607936,3.137575479007543,1.7382237848875657,11.07554960445208,7.583579179075095,-3.1375754790075674,-1.7382237848877025,66
2.5,0.05,0.05,0.02,0.3289707253902946,0.048,0.5509447662184874,0.013109863081374861,0.4492679234581592,0.9339151993064757,19.381695448765758,36.653622058002,58.40024812130817,0.9339151993064952,19.38169544876577,67
2.5,0.05,0.05,0.02,0.3289707253902946,0.051,0.14954072887232972,0.017179696814827915,0.15007277123243698,4.039123585924113,10.549982621327723,3.5687542852042333,58.34747555752433,4.039123585924116,10.54998262132774,68
2.5,0.05,0.05,0.02,0.3289707253902946,0.053,0.12635951370246,0.018256534107065587,0.1265214818368659,3.3628491885785063,14.32909378476227,8.64967258483402,17.505251935182603,3.362849188578615,-14.329093784762296,69
2.5,0.05,0.05,0.02,0.3289707253902946,0.048,0.3910684601846882,0.014606020820913697,0.39132492063015706,4.053934549894265,6.340914189067464,4.207406094042596,13.820417368490475,-4.053934549894339,-6.340914189067569,70
2.5,0.05,0.05,0.02,0.3289707253902946,0.053,0.35105584095841386,0.02079771551109607,0.3511912060114599,2.9283115965493764,9.957900515302338,6.173694030725693,8.148885047265518,2.928311596549572,9.957900515302393,71
2.5,0.05,0.05,0.02,0.3289707253902946,0.047,0.4635384111139427,0.01575918675288282,0.463564329172332,1.347430320455215,28.843464130970045,29.727350645209988,24.78661320236004,-1.347430320455213,-28.84346413097006,72
2.5,0.05,0.05,0.02,0.3289707253902946,0.053,0.5831085818053727,0.011332986496660083,0.41684542258992807,2.1199165668113595,25.634001869034183,33.179076079622504,7.6327568718248004,-2.119916566811462,25.63400186903419,73
2.5,0.05,0.05,0.02,0.3289707253902946,0.046,0.4990156018467715,0.006208306400411636,0.4989512294882338,1.4396664999358644,1.3021785071111196,0.4661861086275356,25.764949686026682,1.439666499935857,-1.3021785071113492,74
2.5,0.05,0.05,0.02,0.3289707253902946,0.054,0.29870509727358224,0.016322787133636413,0.29907744350800064,0.02979971955442208,2.150373019006074,0.44419243574745493,36.6873554821061,0.029799719567842345,2.150373019006216,75
2.5,0.05,0.05,0.02,0.3289707253902946,0.053,0.22453000136305792,0.019351008797103584,0.22479081211452293,1.9902502545497345,1.763874908751752,10.422765217917968,37.983138538294966,-1.9902502545497522,-1.7638749087519774,76
2.5,0.05,0.05,0.02,0.3289707253902946,0.045,0.5672629047932553,0.013941808620183349,0.4330383177970679,4.640566205456082,14.210596053156202,25.664638430847713,35.23189256060493,-4.640566205456182,14.210596053156252,77
2.5,0.05,0.05,0.02,0.3289707253902946,0.053,0.49462505708975596,0.014862336193190818,0.494482521257733,3.6786724701171836,1.2534289897752768,11.4048442795779,10.483968189188387,3.678672470117237,-1.2534289897754436,78
2.5,0.05,0.05,0.02,0.3289707253902946,0.055,0.2255323660259518,0.01736820191321077,0.22562292654929605,3.5641343044238676,1.6399796034749758,3.351650452637244,66.01939213419033,-3.564134304423997,-1.639979603475179,79
2.5,0.05,0.05,0.02,0.3289707253902946,0.055,0.3569278085139616,0.01961948433449062,0.35723230940645756,0.055925631594927305,7.543730842178056,0.8634267262427359,2.7634862859022395,0.055925631597837054,-7.5437308421780775,80
2.5,0.05,0.05,0.02,0.3289707253902946,0.047,0.21698233733347982,0.0002951974162872159,0.21849899979314155,2.312259650459567,6.751617505358941,,32.39801615400028,-2.3122596504596453,-6.751617505359046,81
2.5,0.05,0.05,0.02,0.3289707253902946,0.057,0.3003805162533262,0.009895739682927524,0.300799936061096,2.0953737012255256,1.7808611227900486,4.250739505325541,17.82954810799859,2.0953737012255713,1.780861122790059,82
2.5,0.05,0.05,0.02,0.3289707253902946,0.038,0.28959255601526784,0.013261214235368964,0.290546907219977,7.522925175167466,10.4488870290296,10.033446458145235,7.320548880840216,7.522925175167495,10.448887029029624,83
2.5,0.05,0.05,0.02,0.3289707253902946,0.058,0.3112582355997794,0.016223345615881235,0.3116642869335002,1.471607873096933,4.305726010318811,11.340074566348305,21.19242762279862,1.4716078730970212,-4.30572601031888,84
2.5,0.05,0.05,0.02,0.3289707253902946,0.059,0.3040868600924882,0.00894363340014069,0.3044207840312207,1.408521925951193,7.711403551045312,12.802021033832714,11.281386125990661,1.408521925951426,-7.711403551045298,85
2.5,0.05,0.05,0.02,0.3289707253902946,0.042,0.24044388176152695,0.021705120008579826,0.24067138820137318,4.295023219249005,11.840748145938367,16.52082500620509,13.832864048014423,4.295023219249043,11.840748145938381,86
2.5,0.05,0.05,0.02,0.3289707253902946,0.04,0.6019048772904497,0.009929143696197695,0.39844460551818267,6.15725299666304,3.964034891497528,13.693421203553402,8.378021349308392,6.157252996663104,3.9640348914976737,87
2.5,0.05,0.05,0.02,0.3289707253902946,0.044,0.37140415304673496,0.015107530753500017,0.37164820238954627,0.3024219983816314,16.215369680305812,25.42606048913714,81.6436069829052,0.3024219983807332,-16.215369680305812,88
2.5,0.05,0.05,0.02,0.3289707253902946,0.052,0.5065775892083544,0.008644148206695656,0.4933787722016634,3.1512594906283296,13.547253676691856,32.19820831768229,59.103848718573914,3.15125949062845,13.547253676691868,89
2.5,0.05,0.05,0.02,0.3289707253902946,0.055,0.262177866216976,0.02436873352493988,0.26215165225537324,3.8490465758318475,2.1782734699541395,7.547008209631888,24.224278759338148,3.849046575832,2.1782734699543664,90
2.5,0.05,0.05,0.02,0.3289707253902946,0.048,0.4501899810453086,0.0109104110352744,0.450414419150147,4.869445108019803,10.594422309418576,24.417899689481448,21.524116544947514,4.8694451080198515,10.594422309418595,91
2.5,0.05,0.05,0.02,0.3289707253902946,0.047,0.06892004840094192,0.03368313881433119,0.06900381309722228,7.415345723212386,0.3931266948222664,2.485745026099737,18.72916323514738,7.4153457232124484,-0.3931266948223665,92
2.5,0.05,0.05,0.02,0.3289707253902946,0.06,0.3629923707416865,0.009272506385858054,0.3637617569969554,3.600882599794034,8.234092151877883,17.702918437933974,14.858521245466942,3.6008825997940543,8.234092151877908,93
2.5,0.05,0.05,0.02,0.3289707253902946,0.059,0.5468679081766985,0.011182672567719458,0.45343486955145573,1.0875837977348428,0.07941595199945689,19.595430819423743,39.92174753538085,-1.0875837977350882,-0.0794159520029086,94
2.5,0.05,0.05,0.02,0.3289707253902946,0.04,0.31935286288741155,0.011978688523654739,0.31990776276304733,0.013499199880438573,4.357176916181531,0.2255020904613284,29.557718680714963,0.013499199896593641,-4.357176916181606,95
2.5,0.05,0.05,0.02,0.3289707253902946,0.051,0.3738489861585221,0.01243496024891104,0.3742023633325676,0.3002551996393793,0.3654338021994378,29.51496594370964,1.1187812175849474,0.30025519963980407,-0.36543380219977917,96
2.5,0.05,0.05,0.02,0.3289707253902946,0.053,0.25793087792752717,0.016134089226906193,0.2585541645271864,6.623972682512178,13.036325303499991,7.8743087710306785,10.758895879202651,-6.6239726825122505,-13.036325303500016,97
2.5,0.05,0.05,0.02,0.3289707253902946,0.055,0.6537415785222809,0.012355466220632761,0.346515823499444,2.119102825672527,21.503474180324698,24.053911213414167,5.838884514253007,2.119102825672473,21.50347418032471,98
2.5,0.05,0.05,0.02,0.3289707253902946,0.041,0.21390798038989486,0.01616056781949129,0.21477367240791606,2.2216901595781287,10.432339223859675,6.720335025967972,22.001501062322447,2.2216901595782703,10.432339223859689,99
2.5,0.05,0.05,0.02,0.3289707253902946,0.053,0.21092120564539518,0.01926440169123264,0.21125431924737043,2.8552489809598063,3.7315968707182403,1.3070066412042625,11.655053842526657,-2.855248980959928,-3.731596870718332,100
2.5,0.05,0.05,0.02,0.3289707253902946,0.056,0.29927136059267356,0.0064321757226836525,0.29912761975226604,1.6859323054907787,7.1806115005361235,1.2597398690080932,9.287481187319319,-1.6859323054908315,-7.180611500536146,101
2.5,0.05,0.05,0.02,0.3289707253902946,0.045,0.241394529180179,0.015999697769366862,0.24157967751486303,1.0134493618846663,6.3200360863260805,6.611515221384931,3.4641450946763412,1.013449361885299,-6.3200360863261515,102
2.5,0.05,0.05,0.02,0.3289707253902946,0.047,0.3514520955769372,0.009134670131173446,0.3518458641920727,1.5510773555783657,2.969254373774251,4.562115271012339,8.475127619601118,-1.5510773555783037,-2.9692543737743766,103
2.5,0.05,0.05,0.02,0.3289707253902946,0.046,0.6402226524287828,0.010096374470027036,0.3602080211651967,2.88913990104284,3.206643364473243,,43.55860471814353,-2.8891399010428733,-3.20664336447325,104
2.5,0.05,0.05,0.02,0.3289707253902946,0.054,0.1655936654039493,0.0241347834762449,0.1658118846288474,2.4496494864846516,3.0779399496429396,1.96069837586414,43.15117225558198,-2.449649486484761,3.0779399496430195,105
2.5,0.05,0.05,0.02,0.3289707253902946,0.048,0.17263238915461362,0.01914870720664824,0.1727915640153915,1.6970446561260764,16.371799577285497,20.01294797053321,1.065241224536887,-1.6970446561258232,-16.3717995772855,106
2.5,0.05,0.05,0.02,0.3289707253902946,0.054,0.13821200251594792,0.014964473978849688,0.13862463647559953,1.9477929290118647,7.4293014397840125,9.354512365910495,17.766906410022134,-1.947792929012093,-7.429301439784046,107
2.5,0.05,0.05,0.02,0.3289707253902946,0.048,0.27644669043584746,0.014076841546818191,0.27711086968139165,7.760449621308425,0.38391363881758206,1.9712248314447478,25.648773125094234,7.760449621308461,0.3839136388178886,108
2.5,0.05,0.05,0.02,0.3289707253902946,0.055,0.23147893423126395,0.010907129546034611,0.2323774409263882,2.728220826373747,8.796810660450966,17.66045657392706,25.082607095763944,2.728220826373811,8.79681066045098,109
2.5,0.05,0.05,0.02,0.3289707253902946,0.052,0.11789790164038232,0.01909736271827287,0.11801573301792864,1.1299831167082472,0.0647082208710558,3.902128748536146,70.62488575759002,-1.129983116708327,0.06470822086845335,110
2.5,0.05,0.05,0.02,0.3289707253902946,0.051,0.2924874698943149,0.0063092860932934805,0.29300781974659446,3.470337127821715,12.033614118871068,9.34992709341662,59.39306924986148,3.470337127821779,12.033614118871116,111
2.5,0.05,0.05,0.02,0.3289707253902946,0.046,0.34824489393214875,0.01936973043561927,0.34849711087816493,3.0531790030072985,0.9605417990933992,4.01451468771135,5.253917898419751,-3.0531790030073314,0.9605417990933084,112
2.5,0.05,0.05,0.02,0.3289707253902946,0.047,0.32681003629298844,0.016119504831907997,0.32759886178608316,2.422943691396736,11.314901745986518,23.593570874742603,27.97455878756624,-2.4229436913969695,-11.314901745986525,113
2.5,0.05,0.05,0.02,0.3289707253902946,0.051,0.20588674629450815,0.012108331644085256,0.2071408826826505,2.837715268978765,10.429317900760873,12.328292253907625,4.412200101002146,2.837715268978803,-10.42931790076089,114
2.5,0.05,0.05,0.02,0.3289707253902946,0.055,0.4091578301386786,0.010732304729993597,0.40955173300066544,3.693752095286879,6.323794933178199,10.810382669551137,64.81097714059091,-3.6937520952869733,6.323794933178224,115
2.5,0.05,0.05,0.02,0.3289707253902946,0.051,0.36960583792652546,0.013045869380003045,0.3697491450558279,3.518113346552406,4.652172713526949,8.995071172152594,1.9496896593014752,-3.5181133465523438,4.652172713526994,116
2.5,0.05,0.05,0.02,0.3289707253902946,0.057,0.13749089609549206,0.02987191106063893,0.13769747090655013,7.964996209642699,3.798396128193544,5.780861243911113,2.7614971098861223,-7.96499620964275,-3.7983961281936334,117
2.5,0.05,0.05,0.02,0.3289707253902946,0.051,0.26137065963489,0.024233267110741995,0.2614465868686394,2.1493730243045057,2.3334597646596427,2.26759597162475,76.8002717679853,2.149373024304812,2.333459764659969,118
2.5,0.05,0.05,0.02,0.3289707253902946,0.049,0.5845873067268662,0.010627514923576909,0.4161611311629172,1.8538571918521056,0.666783740647462,29.249247450629447,15.241598009318805,1.853857191851996,-0.6667837406482471,119
2.5,0.05,0.05,0.02,0.3289707253902946,0.042,0.24440866455695573,0.011089077119785956,0.24488007236252604,5.485110217904415,15.481362320277634,9.407348993998838,15.227724846882687,-5.485110217904482,-15.48136232027765,120
2.5,0.05,0.05,0.02,0.3289707253902946,0.049,0.6611277854564142,0.01360927120502296,0.339543832627129,5.414252110168931,6.972073387484527,67.47773333704106,77.52527449095214,5.414252110169007,6.972073387484602,121
2.5,0.05,0.05,0.02,0.3289707253902946,0.065,0.27342479370962003,0.020450980864089818,0.27375627194610336,1.6232260321990464,6.705248262584245,5.58031211700947,38.490748763409826,-1.6232260321993173,6.7052482625842895,122
2.5,0.05,0.05,0.02,0.3289707253902946,0.052,0.3493566938872477,0.012781753741698546,0.34945771155623145,0.6926377748328788,8.324039273283017,9.30853954545678,4.735371252480592,0.6926377748328123,8.32403927328302,123
2.5,0.05,0.05,0.02,0.3289707253902946,0.056,0.8479688904531775,0.013705277376459235,0.15199824833410577,2.15802157572108,12.341344956165527,,6.629945493827121,-2.1580215757210723,12.341344956165528,124
2.5,0.05,0.05,0.02,0.3289707253902946,0.041,0.12483390123762429,0.02669565282316286,0.12497181531730689,4.693244961782148,5.1226676128624105,1.1924371161465357,12.325781423984688,-4.693244961782232,-5.122667612862491,125
2.5,0.05,0.05,0.02,0.3289707253902946,0.055,0.2607290229174453,0.02305026912772215,0.26112551403579615,3.447844960891627,5.893302432968485,10.625814390283617,3.3255461775839437,-3.4478449608916604,-5.8933024329685155,126
2.5,0.05,0.05,0.02,0.3289707253902946,0.048,0.4546427656649653,0.021150839259164864,0.4546958081435077,7.484792332308102,57.012197786565594,79.5562916213891,36.19351314523505,7.484792332308106,57.0121977865656,127
2.5,0.05,0.05,0.02,0.3289707253902946,0.051,0.3495954010800793,0.01474956937038742,0.3498711192801177,1.9089653853311348,1.2436078308175844,5.642859026851507,4.656475229075064,1.9089653853313664,1.2436078308179785,128
2.5,0.05,0.05,0.02,0.3289707253902946,0.043,0.1244590823769966,0.01442964356429675,0.12517334198558722,8.741199386308926,8.027149749812128,18.848750992864833,12.805540742631806,8.741199386308947,8.027149749812107,129
2.5,0.05,0.05,0.02,0.3289707253902946,0.054,0.32859232037806324,0.013998152765398796,0.3289386454780298,0.9367190857400491,13.35766189854918,16.333660856269663,4.326717718518322,-0.9367190857405083,13.357661898549214,130
2.5,0.05,0.05,0.02,0.3289707253902946,0.047,0.49218539416780366,0.009728334647402553,0.4921023754399132,6.258833852590558,16.669409499526573,28.50208719555074,13.917357668134294,6.25883385259062,16.66940949952657,131
2.5,0.05,0.05,0.02,0.3289707253902946,0.048,0.46747454543445643,0.007622484614976641,0.4676324984054577,0.5616665009074225,20.404040714631506,16.71425893385544,78.52118633355501,-0.561666500907929,20.40404071463151,132
2.5,0.05,0.05,0.02,0.3289707253902946,0.049,0.5453480560071469,0.007076623339166241,0.4548789596748604,2.311252434996344,8.43125373271432,28.322279169394708,2.605108456131625,-2.3112524349965877,-8.431253732714376,133
2.5,0.05,0.05,0.02,0.3289707253902946,0.04,0.39623477941670787,0.016340761989479726,0.39620345697922416,0.6523286390798547,0.2842868291860351,12.565965824286229,28.41648635390352,0.652328639080343,0.2842868291857136,134
2.5,0.05,0.05,0.02,0.3289707253902946,0.046,0.2699065155423772,0.0029120562965005313,0.27019968093501684,4.366968308513862,7.088653799516018,14.189732265811228,87.40127496962498,4.366968308513817,7.088653799516064,135
2.5,0.05,0.05,0.02,0.3289707253902946,0.041,0.34463424946543675,0.005918570101103655,0.3449508289040026,5.953053178192949,2.920796659033892,5.708602560121957,60.90565482028319,5.953053178193057,2.9207966590341106,136
2.5,0.05,0.05,0.02,0.3289707253902946,0.042,0.2583339739495951,0.00957096903353985,0.259127045163554,2.968905833918084,7.517278510952038,18.5224971058324,72.90883274360253,-2.968905833918088,-7.51727851095208,137
2.5,0.05,0.05,0.02,0.3289707253902946,0.038,0.325317017240947,0.011772899431160576,0.32511465467331374,1.7774452626449087,6.621825243822856,15.691883428448605,36.96905458957502,1.7774452626450663,6.621825243822919,138
2.5,0.05,0.05,0.02,0.3289707253902946,0.054,0.07913977769397593,0.03718328013455615,0.07938719851481055,0.8133271995650397,5.280417272410575,3.1146254443493384,22.827512085792428,-0.8133271995653697,-5.280417272410598,139
2.5,0.05,0.05,0.02,0.3289707253902946,0.043,0.26996073551201666,0.013312652886727555,0.27051467072914354,4.2474768109699506,3.915101585339878,4.777494324773261,35.61825454991068,-4.247476810970022,3.9151015853400195,140
2.5,0.05,0.05,0.02,0.3289707253902946,0.058,0.2036807325361234,0.015488076636818318,0.20434430904602505,1.3425801422090295,1.2978878446201787,4.370639927641698,7.230568191834364,-1.34258014220911,1.2978878446203486,141
2.5,0.05,0.05,0.02,0.3289707253902946,0.051,0.2152392114750128,0.014734230527063727,0.21607179546902647,5.626102122761827,8.10202480536771,7.560392655056656,20.389615569899785,5.626102122761917,8.102024805367748,142
2.5,0.05,0.05,0.02,0.3289707253902946,0.045,0.14430389562971205,0.012238622161670654,0.1446007470552962,0.12952797734354293,0.061038546581323204,7.127412294970643,57.588954185122056,0.12952797734524069,-0.06103854658236688,143
2.5,0.05,0.05,0.02,0.3289707253902946,0.053,0.2553864164503899,0.014219182492155034,0.25584390997752426,1.4265980284602235,7.598787288281779,5.643274413213071,19.873386246357065,1.4265980284605555,7.598787288281823,144
2.5,0.05,0.05,0.02,0.3289707253902946,0.04,0.22820002540121623,0.01067852632276584,0.22924933420170338,6.191399027479758,6.083798864136957,3.5131253783060954,50.708527797373705,6.191399027479805,6.083798864137027,145
2.5,0.05,0.05,0.02,0.3289707253902946,0.042,0.47036720849488917,0.007765821189315787,0.4705287182142371,5.396487340455697,1.1282576060986944,4.1434284477836885,0.021975364417556816,5.396487340455711,1.1282576060988647,146
2.5,0.05,0.05,0.02,0.3289707253902946,0.054,0.5154304034674617,0.016713036400010012,0.4847106134130211,4.553342575840854,0.27027833990550426,24.706266680676872,34.88537153451946,-4.5533425758409045,0.270278339906714,147
2.5,0.05,0.05,0.02,0.3289707253902946,0.044,0.3602018604786316,0.011095159925486715,0.36057240894277753,2.4118087484682724,11.391812455922885,10.56935545795548,87.15873471467603,-2.4118087484682063,11.391812455922926,148
2.5,0.05,0.05,0.02,0.3289707253902946,0.064,0.2982826533066593,0.017441625235489158,0.29872466933093045,4.767605599205212,11.318576036669604,13.251981402678238,15.46827985948979,-4.767605599205272,-11.318576036669636,149
2.5,0.05,0.05,0.02,0.3289707253902946,0.056,0.32358884367513613,0.01209110554954191,0.3236264473654256,4.851381641808431,3.081086229898933,5.546880028638354,32.37289268685482,4.851381641808486,-3.081086229899146,150
2.5,0.05,0.05,0.02,0.3289707253902946,0.046,0.30221473795363646,0.015650943000562634,0.3026004747655404,2.123584697659121,4.178560813577426,4.236574852375262,63.837827532333414,-2.123584697659334,-4.178560813577517,151
2.5,0.05,0.05,0.02,0.3289707253902946,0.056,0.17843194553961433,0.029936189915481498,0.17853757580548416,7.712578091958726,4.124499566526,3.1980129230334824,12.175750904303989,7.712578091958732,4.124499566526087,152
2.5,0.05,0.05,0.02,0.3289707253902946,0.056,0.4617854490407396,0.007730217809737951,0.46201498218985754,1.9548664241779123,11.640156818792233,15.44054679748366,82.68157403206288,1.954866424178214,-11.640156818792272,153
2.5,0.05,0.05,0.02,0.3289707253902946,0.045,0.22047302651373174,0.022567818182162167,0.22098138351428673,6.1105936811809585,10.454309693292599,17.943981315449115,27.340151255304274,-6.1105936811809665,10.45430969329261,154
2.5,0.05,0.05,0.02,0.3289707253902946,0.051,0.17317514512358156,0.015094319530131956,0.17366522254349429,1.5876579464034468,22.476212220522868,23.023463778564373,29.950693550429502,-1.5876579464035137,-22.47621222052286,155
2.5,0.05,0.05,0.02,0.3289707253902946,0.052,0.1274216336347409,0.01456442922187072,0.12764641212574968,1.9066115482356643,4.832381353812469,10.148762593825856,13.533495361463489,1.9066115482359214,-4.832381353812522,156
2.5,0.05,0.05,0.02,0.3289707253902946,0.046,0.1796013064910723,0.015353799700378791,0.17971470563331945,2.1481201378374437,4.034735953878459,5.32789592998369,41.534460539490745,-2.148120137837685,4.034735953878624,157
2.5,0.05,0.05,0.02,0.3289707253902946,0.048,0.1561498466358006,0.011109897602735777,0.15664808669566377,5.609088089377492,5.872072259815465,8.205601515075822,69.7080849184065,-5.609088089377572,-5.87207225981548,158
2.5,0.05,0.05,0.02,0.3289707253902946,0.05,0.39281511776600875,0.008845571797468834,0.3930306205652642,5.417058670963684,1.7396161561528143,1.445288645500596,49.80435758560558,5.4170586709637485,1.739616156153075,159
2.5,0.05,0.05,0.02,0.3289707253902946,0.042,0.8666531901875,0.004372553308299862,0.13351176378945756,5.3190916151956875,27.276377467270812,,20.234815480635227,5.319091615195691,27.276377467270823,160
2.5,0.05,0.05,0.02,0.3289707253902946,0.05,0.37123403573636427,0.020035472070145294,0.3713242503241586,2.042059124365532,9.873422627258721,12.605719156340637,69.47619073086253,-2.0420591243657658,9.873422627258742,161
2.5,0.05,0.05,0.02,0.3289707253902946,0.058,0.10769398976638174,0.006443345719816301,0.1083099999486001,5.7353234137173805,10.244653282624313,4.668743084317299,10.771416679682693,5.735323413717473,10.244653282624396,162
2.5,0.05,0.05,0.02,0.3289707253902946,0.049,0.2897596808454325,0.015467283550998141,0.29024053655692056,4.948452844944552,7.412944380222566,13.772253167591854,3.448227122095595,4.948452844944533,7.412944380222587,163
2.5,0.05,0.05,0.02,0.3289707253902946,0.056,0.14851956996732318,0.026288450732351594,0.1486625359571534,1.9381240490515288,10.472689103341288,9.335972324564942,15.901292061480282,-1.9381240490517582,10.472689103341326,164
2.5,0.05,0.05,0.02,0.3289707253902946,0.063,0.4855760269392674,0.01726175364744525,0.4856985403621634,3.8628456852506163,25.300341768594812,31.534950824748854,45.86252898476937,3.8628456852506257,-25.30034176859482,165
2.5,0.05,0.05,0.02,0.3289707253902946,0.063,0.272296425236432,0.02034398608371997,0.2727923696817469,3.3152291909387985,4.926000294895802,8.300696315280785,17.146333932304568,-3.3152291909387888,4.926000294895853,166
2.5,0.05,0.05,0.02,0.3289707253902946,0.042,0.244838584257114,0.01712907173514195,0.24567891411096832,0.2030022013830461,4.293317722193769,15.721030047201076,33.37288301488511,0.20300220138418276,4.293317722193789,167
2.5,0.05,0.05,0.02,0.3289707253902946,0.053,0.12873208588622112,0.010829258909758235,0.12930679807535647,1.7247429600919992,13.41313427129296,11.219495449512264,12.588295377976076,1.7247429600922926,13.413134271292991,168
2.5,0.05,0.05,0.02,0.3289707253902946,0.055,0.07286486144819528,0.02706818932206778,0.0733335691774258,3.228932386054381,2.318927754973711,3.8309263655631067,23.432133190126162,3.22893238605439,-2.3189277549738625,169
2.5,0.05,0.05,0.02,0.3289707253902946,0.052,0.41251949656958065,0.018121037041131195,0.4126595002027179,6.500426831698345,4.736533746275639,1.0122453952861652,59.08040917519427,6.500426831698383,-4.736533746275771,170
2.5,0.05,0.05,0.02,0.3289707253902946,0.043,0.5833059848803617,0.010394745074839822,0.4168961484408901,4.983877159448871,14.416540606492388,50.330363451283795,12.060669682320587,4.983877159448917,14.416540606492413,171
2.5,0.05,0.05,0.02,0.3289707253902946,0.059,0.38688835167519614,0.018342025163261555,0.38720908159702594,2.77337371221222,19.10899443665091,30.823908479452477,9.44306730594263,-2.773373712212316,-19.108994436650924,172
2.5,0.05,0.05,0.02,0.3289707253902946,0.058,0.2152711342393509,0.024168937850140005,0.21549605831637061,2.4013516140802316,0.8617435972281268,0.367630696551355,37.90987880099542,-2.4013516140803888,-0.8617435972281996,173
2.5,0.05,0.05,0.02,0.3289707253902946,0.043,0.49819171972867926,0.019828046566364006,0.49818416196116955,5.0896519527369,9.674848527517067,52.185847977384455,68.13421965343804,5.0896519527369835,9.674848527517105,174
2.5,0.05,0.05,0.02,0.3289707253902946,0.053,0.1842081509356862,0.011276547210411755,0.18438573345112516,1.4130404704179245,5.154747758962517,2.25103002637629,27.985190640618608,-1.4130404704182231,-5.154747758962606,175
2.5,0.05,0.05,0.02,0.3289707253902946,0.041,0.3529768221523219,0.01364745763788934,0.35320426094889673,6.482204835275526,3.2511708165174458,22.083192675023245,56.748319177420804,6.482204835275528,-3.251170816517449,176
2.5,0.05,0.05,0.02,0.3289707253902946,0.043,0.5701120003398388,0.011930919624231182,0.43039065611259675,3.736446436967192,5.725164525543893,18.71877764850354,13.377482152677581,3.7364464369673325,5.725164525543993,177
2.5,0.05,0.05,0.02,0.3289707253902946,0.049,0.42459679973164655,0.015930268264278763,0.42481415310818677,3.3994741535231756,12.975761461286478,20.989730498710298,39.84628366984145,3.399474153523206,12.975761461286492,178
2.5,0.05,0.05,0.02,0.3289707253902946,0.047,0.4646433833108631,0.009762065896536967,0.4646214035064372,6.154597444856471,9.881967015936699,2.202109865403932,25.867693870281826,6.1545974448564875,9.881967015936725,179
2.5,0.05,0.05,0.02,0.3289707253902946,0.048,0.349277590982715,0.0045489346716356205,0.34991826868413206,0.685209233115437,0.41070154245427976,1.3800854794178623,15.714914235276131,-0.6852092331158788,-0.41070154245518425,180
2.5,0.05,0.05,0.02,0.3289707253902946,0.054,0.29829229504626303,0.014469284734454899,0.29907758533424006,1.4560387393910612,8.903174855324547,6.030065886908033,80.27690857138198,1.456038739390945,-8.903174855324549,181
2.5,0.05,0.05,0.02,0.3289707253902946,0.05,0.21202255712745186,0.015302321828221235,0.21220983882549282,3.5409899956588533,10.349780503441703,13.026853100823756,14.023060185532074,3.5409899956589093,-10.349780503441725,182
2.5,0.05,0.05,0.02,0.3289707253902946,0.054,0.13944502748402188,0.019237339300279113,0.1395981087346256,0.5991645538382162,8.870490683423293,6.181859052462316,44.95305306617801,-0.5991645538387784,8.870490683423338,183
2.5,0.05,0.05,0.02,0.3289707253902946,0.045,0.17809399456312916,0.01379131121621934,0.17860752382019715,6.61776089401958,8.075135845835783,6.829335248732612,66.97395612895136,6.617760894019694,8.075135845835861,184
2.5,0.05,0.05,0.02,0.3289707253902946,0.05,0.2906171828017726,0.009072703143931762,0.29125619477996173,6.133557659866325,12.175746215456176,9.266138664082463,27.252721805599943,6.133557659866427,12.1757462154562,185
2.5,0.05,0.05,0.02,0.3289707253902946,0.047,0.29567542641304034,0.008226725346043979,0.2963927536702534,6.889442609006415,2.201414945972882,1.7612049710127038,13.097588890336185,-6.88944260900646,-2.2014149459730445,186
2.5,0.05,0.05,0.02,0.3289707253902946,0.051,0.14345146493227737,0.013982302214241358,0.14403076523767697,1.548089903320357,0.9055409928621383,5.629095586017969,68.3792783466119,-1.5480899033206572,-0.9055409928627263,187
2.5,0.05,0.05,0.02,0.3289707253902946,0.053,0.3238092005155354,0.020141188448067893,0.3242324642941647,1.4643796211700602,8.303305597693093,6.7361726396994985,45.499671478447794,-1.464379621170202,-8.303305597693146,188
2.5,0.05,0.05,0.02,0.3289707253902946,0.03,0.13374645534016896,0.025257835859098094,0.13383579301267692,0.4580167557112624,12.056414505247421,7.752019309543941,13.112209597924767,-0.4580167557113256,-12.056414505247457,189
2.5,0.05,0.05,0.02,0.3289707253902946,0.044,0.2607158905046934,0.020335684753939924,0.2612089604249806,5.471069301480654,7.445079235440672,5.365616927260428,11.225141614198806,-5.471069301480742,-7.445079235440715,190
2.5,0.05,0.05,0.02,0.3289707253902946,0.055,0.3310173436360273,0.010977049849250367,0.3315203316741629,0.7868756959754726,5.528911036129032,4.699771070548652,7.399430007310421,-0.7868756959759402,-5.528911036129054,191
2.5,0.05,0.05,0.02,0.3289707253902946,0.055,0.3710303662058928,0.012907352405772267,0.3709482489277217,6.327491481011901,16.869151800336535,27.272715910264473,53.559157304323314,-6.32749148101199,-16.86915180033656,192
2.5,0.05,0.05,0.02,0.3289707253902946,0.045,0.3524210298795382,0.016200248081840025,0.35271829282194805,0.969628652571824,9.517412276267228,1.8268894416374208,25.7323728286541,-0.9696286525717567,9.517412276267253,193
2.5,0.05,0.05,0.02,0.3289707253902946,0.05,0.42905328412743327,0.01250584817262847,0.42942785577051723,1.9277472386918064,12.9313321574035,20.23099354069394,25.176585512557466,-1.9277472386918466,12.93133215740349,194
2.5,0.05,0.05,0.02,0.3289707253902946,0.061,0.46244567688099997,0.007829150414725556,0.46256045944805313,1.7129742392505924,15.580835908349746,19.92570103712189,17.074713660290282,-1.7129742392507135,-15.580835908349778,195
2.5,0.05,0.05,0.02,0.3289707253902946,0.048,0.4915458326222773,0.021897477969961894,0.4916025011145615,1.881441539740322,59.3593845305062,8.497770731570522,41.78404021687291,-1.8814415397404032,59.3593845305062,196
2.5,0.05,0.05,0.02,0.3289707253902946,0.053,0.1341307378609377,0.021276263296106785,0.13430028254634713,0.9129600022823535,9.56158395898312,17.44898663893455,4.124615704308608,0.9129600022830233,9.561583958983155,197
2.5,0.05,0.05,0.02,0.3289707253902946,0.044,0.22196407868009949,0.012522689194537272,0.22290469840900418,4.1959734136882405,6.413944886110933,2.112519720958285,48.15937230718953,4.1959734136882965,6.413944886110959,198
2.5,0.05,0.05,0.02,0.3289707253902946,0.063,0.30786346308775486,0.01710834733581566,0.307826769583092,1.8846137771528992,3.0024909057284592,8.089710888029112,11.450222008523106,1.884613777152889,3.0024909057285765,199
2.5,0.1,0.05,0.02,0.2563103131089201,0.112,0.2938468369739958,0.022910238565093947,0.29394120704318566,2.1378432505684968,6.429061626299797,1.1410520748072002,5.292139703165495,-2.1378432505685843,6.429061626299846,0
2.5,0.1,0.05,0.02,0.2563103131089201,0.097,0.4356686635234408,0.02127748014817052,0.43586809934471077,3.327393875578549,16.042090554592473,20.656484174071952,22.31166755833281,3.3273938755786254,16.04209055459249,1
2.5,0.1,0.05,0.02,0.2563103131089201,0.104,0.5743211022300012,0.022822235586712397,0.42584216973789035,1.6897727458820215,84.43443957201337,35.12736787785345,43.34801985451489,1.6897727458822769,84.43443957201337,2
2.5,0.1,0.05,0.02,0.2563103131089201,0.106,0.3839689951104128,0.013441250903771934,0.3841910122047024,0.6588783616109529,3.2252395052865572,7.646027515676,21.005456847109013,0.6588783616116374,3.225239505286633,3
2.5,0.1,0.05,0.02,0.2563103131089201,0.095,0.3628205705856845,0.01957150151296102,0.36320020213202614,0.0700365777054658,9.823423385355303,8.398529434015039,18.743874738060956,-0.07003657770547858,-9.823423385355325,4
2.5,0.1,0.05,0.02,0.2563103131089201,0.101,0.4758359248515837,0.02037442229969086,0.4760455573788697,0.5534251342510377,11.727449465983597,23.804903805113796,45.43994381019833,-0.5534251342512159,11.727449465983641,5
2.5,0.1,0.05,0.02,0.2563103131089201,0.103,0.2717858583012795,0.020629272628458623,0.2723457962536969,4.369868827843224,2.3216525082466495,5.683257609715424,4.751394526742892,4.369868827843301,2.321652508246638,6
2.5,0.1,0.05,0.02,0.2563103131089201,0.107,0.3789713107670719,0.02086865571919382,0.3791766623046013,1.4453171080002967,1.732280324830671,14.080534469960794,19.446960108080834,-1.4453171080002651,1.7322803248305965,7
2.5,0.1,0.05,0.02,0.2563103131089201,0.091,0.47987836459895455,0.011739289301709518,0.4798967688871553,1.3640865670804294,18.754000351307557,34.320821834406864,79.29451494231063,-1.364086567080745,18.75400035130756,8
2.5,0.1,0.05,0.02,0.2563103131089201,0.104,0.4833654234429879,0.014499316672066848,0.4834647735991539,0.5641077661571011,3.2851582973353017,6.076677456064798,22.708551585703717,0.5641077661581227,3.2851582973353852,9
2.5,0.1,0.05,0.02,0.2563103131089201,0.108,0.3363573075997012,0.018982034972840643,0.33637050253412953,3.505713089640212,18.764168903018394,24.76401219567093,32.697490432108324,3.505713089640295,18.764168903018398,10
2.5,0.1,0.05,0.02,0.2563103131089201,0.096,0.5135773557273633,0.015733374708797616,0.48641871256611147,1.916710580627339,13.189470828224023,40.93762623097806,19.854237417280437,1.916710580627382,-13.189470828224069,11
2.5,0.1,0.05,0.02,0.2563103131089201,0.089,0.45432300661618435,0.009973107778232224,0.4544902629563975,1.633584460987976,2.3918765664920807,7.510708190832515,8.01536350773955,1.6335844609881804,2.3918765664921984,12
2.5,0.1,0.05,0.02,0.2563103131089201,0.103,0.6684397910848159,0.01565419172754295,0.33162297386452116,4.9771054156156,15.360899315791597,10.349264952897181,36.94183645121982,4.977105415615728,15.3608993157916,13
2.5,0.1,0.05,0.02,0.2563103131089201,0.079,0.49606321198103265,0.011460265075257603,0.4958681842104698,1.6783815812559648,2.828859423700655,4.988313860936862,42.079306833396956,-1.6783815812561929,2.828859423700886,14
2.5,0.1,0.05,0.02,0.2563103131089201,0.099,0.26727554724650926,0.027519548083190695,0.26735614398538243,1.1658771636041307,1.731379487116253,1.97908244982115,16.852090966984488,1.165877163604433,-1.7313794871163637,15
2.5,0.1,0.05,0.02,0.2563103131089201,0.105,0.34509674531414364,0.010752039484741762,0.3454066494321022,2.935102174819397,2.670042260522236,0.557172448882812,26.085437952772484,2.935102174819404,-2.670042260522266,16
2.5,0.1,0.05,0.02,0.2563103131089201,0.115,0.49704720022593457,0.02809169420979303,0.497170656119484,0.4598014430896183,48.34972888172829,67.49008029035848,67.46166584359514,-0.4598014430903929,-48.34972888172829,17
2.5,0.1,0.05,0.02,0.2563103131089201,0.111,0.4289625937082898,0.018028673435883585,0.42919231438579697,0.4288639095318543,14.99898462623342,17.08496389519935,14.756740667827389,-0.4288639095324384,14.998984626233442,18
2.5,0.1,0.05,0.02,0.2563103131089201,0.102,0.5698014115467044,0.008280149910358631,0.43019329414059226,0.8255557998118624,2.3670345571716886,0.16477918430844377,38.02068795697951,0.8255557998128606,-2.367034557171924,19
2.5,0.1,0.05,0.02,0.2563103131089201,0.116,0.5974771135549386,0.018530098545248307,0.402470410042077,1.4793311697499827,10.68132901440827,20.38657230066848,34.20477862243801,-1.4793311697503793,10.681329014408307,20
2.5,0.1,0.05,0.02,0.2563103131089201,0.112,0.5554278391441871,0.015829982037393775,0.4446255642865231,4.5866297341291515,5.377637785045358,88.5817678834635,52.353510343329866,-4.586629734129162,-5.377637785045462,21
2.5,0.1,0.05,0.02,0.2563103131089201,0.101,0.479218676102362,0.01698656707537411,0.4792119416443458,1.766470437958988,2.1211098690736474,15.839486473400267,1.282717996761541,-1.7664704379592644,2.1211098690737464,22
2.5,0.1,0.05,0.02,0.2563103131089201,0.1,0.48779195774442224,0.021137492452639305,0.487964971315875,4.050147124133037,11.185696530184174,16.78078150740889,12.441462089807459,-4.050147124133158,-11.185696530184227,23
2.5,0.1,0.05,0.02,0.2563103131089201,0.104,0.6013262443480832,0.007954147768230193,0.39940989063916216,0.9534713201930416,3.281173127718713,80.9743522978347,59.107332228082164,0.9534713201931494,-3.281173127718824,24
2.5,0.1,0.05,0.02,0.2563103131089201,0.106,0.38960423051627074,0.023048918866726192,0.3899089982915954,1.2931793720622327,4.903894589996417,1.767312029933767,18.39247214320976,-1.293179372062319,4.903894589996477,25
2.5,0.1,0.05,0.02,0.2563103131089201,0.083,0.5829277739288835,0.007951528022740614,0.4172932578443175,0.4020503501508359,12.570120741414275,7.078524139129781,28.04760492355719,-0.4020503501513694,-12.570120741414312,26
2.5,0.1,0.05,0.02,0.2563103131089201,0.095,0.7626559119350285,0.012455290501732042,0.23795603831466758,0.4787409582631317,23.937920712177583,,1.9853830714045675,-0.4787409582638591,-23.937920712177604,27
2.5,0.1,0.05,0.02,0.2563103131089201,0.105,0.21348951499950408,0.0167184025460129,0.21455137759796,1.1767572903531152,0.6864410088457498,0.8478472010868647,4.3940023008724305,1.1767572903532002,-0.6864410088464268,28
2.5,0.1,0.05,0.02,0.2563103131089201,0.114,0.15367126467383793,0.022974086839743724,0.15379249639880388,0.47370119070824285,11.417340525379243,15.98173256351724,9.806428521673972,0.4737011907088877,-11.41734052537926,29
2.5,0.1,0.05,0.02,0.2563103131089201,0.11,0.6163518307440288,0.008487628224260468,0.3839798688818819,2.989778477342397,0.5907409190660282,47.14015183999316,41.63763007704628,2.9897784773423735,0.5907409190661294,30
2.5,0.1,0.05,0.02,0.2563103131089201,0.094,0.5758764240435562,0.01806586854974221,0.42433285040752555,0.5528730439168587,0.015751622703061085,69.70885605828751,38.09819587112081,0.5528730439170764,-0.015751622735065158,31
2.5,0.1,0.05,0.02,0.2563103131089201,0.102,0.5122483192687555,0.011533206418223814,0.48785172897424117,3.753783988794325,2.5316036957609405,1.5353869101856434,16.5528291369241,3.753783988794326,-2.5316036957609604,32
2.5,0.1,0.05,0.02,0.2563103131089201,0.105,0.4428833926298506,0.01936278867377949,0.4428772640030079,1.7462195815454136,13.155203762020445,30.907617753571923,14.048592401650984,1.746219581545756,-13.15520376202046,33
2.5,0.1,0.05,0.02,0.2563103131089201,0.108,0.6038894877283701,0.012328503748462147,0.39671058065176035,3.3591922225663735,6.980625062988265,9.655192951295838,11.063841850104193,3.359192222566439,-6.980625062988264,34
2.5,0.1,0.05,0.02,0.2563103131089201,0.105,0.5648219633936964,0.011090894148168405,0.43558531217799434,2.8411249133279544,1.0170121640358065,22.31320053033898,41.25817530546742,2.8411249133281125,-1.0170121640358825,35
2.5,0.1,0.05,0.02,0.2563103131089201,0.097,0.43978338448828286,0.01794025305754756,0.44002082116175034,0.447351539501255,0.5171370711556773,34.21701889686463,51.90366908786374,0.4473515395017331,0.5171370711564236,36
2.5,0.1,0.05,0.02,0.2563103131089201,0.108,0.5128868876110282,0.010311630194486013,0.48714396466723936,2.4225591901883177,3.4845027933151904,2.3557791287082464,11.015685987616544,2.4225591901886387,-3.484502793315344,37
2.5,0.1,0.05,0.02,0.2563103131089201,0.097,0.14667073850112655,0.02591874000921563,0.1466481172608989,0.45584719715620475,3.50034411663989,2.101917651363074,38.11483675270531,0.4558471971562739,-3.5003441166400284,38
2.5,0.1,0.05,0.02,0.2563103131089201,0.098,0.6227664134235383,0.01440973862139729,0.3770310961500159,1.5728441036199794,11.52678152235368,48.360087921718545,58.15142842496355,-1.5728441036200462,-11.526781522353712,39
2.5,0.1,0.05,0.02,0.2563103131089201,0.096,0.03809265563351313,0.05140873795742111,0.03847966159356656,0.7457334280838549,2.5349902470575834,0.5273116957406724,,0.7457334280841535,-2.534990247057703,40
2.5,0.1,0.05,0.02,0.2563103131089201,0.096,0.1575187208483489,0.03596038960577714,0.15776303634361374,4.7249383592077,16.792172312950658,10.460968058280686,22.233952824420008,-4.724938359207798,-16.79217231295067,41
2.5,0.1,0.05,0.02,0.2563103131089201,0.093,0.22257735141645113,0.028457586907393775,0.22272003313807914,0.4753378694857214,11.501104032970867,10.542721751635147,28.734762117128604,0.47533786948644713,-11.501104032970904,42
2.5,0.1,0.05,0.02,0.2563103131089201,0.091,0.4864515927478399,0.01674689846039844,0.4865806462870149,2.4769244469099414,11.229539348482339,76.76763228586049,49.852981578589436,-2.476924446910124,11.229539348482403,43
2.5,0.1,0.05,0.02,0.2563103131089201,0.1,0.5604261113985569,0.008639410532169087,0.43978945447945966,0.4858355166250431,9.347533975376193,13.582326809008995,2.5998462496920323,-0.48583551662570407,-9.347533975376244,44
2.5,0.1,0.05,0.02,0.2563103131089201,0.085,0.41567089374479754,0.01184218987595544,0.41619096628010444,0.8453061396463895,16.905772405467868,23.034452859453904,8.973188075488322,0.8453061396464729,16.905772405467882,45
2.5,0.1,0.05,0.02,0.2563103131089201,0.096,0.37774739061247353,0.01981136653545694,0.37795071478356307,1.0012386936452646,6.353636999479554,18.979603537326053,1.1952108979907388,-1.0012386936455417,6.353636999479607,46
2.5,0.1,0.05,0.02,0.2563103131089201,0.115,0.6229998991683352,0.017230390602368403,0.3771454455561024,0.8507849338538618,6.459444379455305,39.67566839803872,33.12393956381148,0.8507849338542341,6.459444379455395,47
2.5,0.1,0.05,0.02,0.2563103131089201,0.107,0.37220127919300167,0.016444211922199914,0.3725750602045769,2.1154579572143555,8.848850878696018,10.189177295160405,16.792692423278716,-2.1154579572145398,8.848850878696066,48
2.5,0.1,0.05,0.02,0.2563103131089201,0.095,0.5419228422804504,0.023349182778149968,0.4581742828711697,0.29333684156284834,8.820268643514607,50.41047057398772,67.31323025127851,-0.2933368415625897,8.820268643514567,49
2.5,0.1,0.05,0.02,0.2563103131089201,0.096,0.23093100876119546,0.019348379683361276,0.23150596851756802,0.6600339735633977,4.908158793060196,5.491945620968414,14.522601961713962,0.6600339735639841,4.908158793060208,50
2.5,0.1,0.05,0.02,0.2563103131089201,0.094,0.4615594304560506,0.0040213641829190145,0.4616648132730955,3.7511456433391572,1.1185190593731316,0.42502968893613174,52.219862191882925,-3.751145643339206,1.1185190593732237,51
2.5,0.1,0.05,0.02,0.2563103131089201,0.087,0.42223001213882305,0.004574094875271146,0.4224539338370593,4.736810845804535,0.20266218955074528,4.262440605584829,37.38021307851781,-4.736810845804522,0.20266218955252044,52
2.5,0.1,0.05,0.02,0.2563103131089201,0.1,0.5562148115286549,0.005470799417172648,0.44401438633853585,1.3563323062962647,0.6643886327725556,0.6659838394715221,5.043516830246038,1.3563323062963335,0.6643886327724466,53
2.5,0.1,0.05,0.02,0.2563103131089201,0.091,0.3922859938707684,0.014035090798135317,0.39266456378828263,2.298568241346808,3.157250473082909,0.760407305209863,8.250110631750632,-2.2985682413467683,3.15725047308286,54
2.5,0.1,0.05,0.02,0.2563103131089201,0.084,0.5567038732386388,0.008315768837188174,0.44321760229977186,0.8152902002164717,5.238735969110289,14.57304410904234,33.15341319443721,0.8152902002166998,-5.238735969110275,55
2.5,0.1,0.05,0.02,0.2563103131089201,0.08,0.5087010269185936,0.012300947018119512,0.49152291406336096,6.1826822953892435,3.183959847282156,23.379030776171913,39.60936647085628,6.182682295389265,3.183959847282311,56
2.5,0.1,0.05,0.02,0.2563103131089201,0.102,0.6188610420921871,0.010924171267162152,0.3818122956300791,3.2969014243537362,15.940400640100286,56.59901898695604,41.01781086402676,3.296901424353782,-15.94040064010033,57
2.5,0.1,0.05,0.02,0.2563103131089201,0.095,0.7271294767602813,0.00770415994841799,0.2729653064815718,2.670200057728414,2.301564129698418,,35.22866976385413,-2.670200057728453,-2.3015641296985323,58
2.5,0.1,0.05,0.02,0.2563103131089201,0.101,0.7100182709812402,0.01378551557528283,0.28978285005820187,0.9932345737175471,14.749951999499979,,12.49403883431365,0.9932345737184061,14.749951999500016,59
2.5,0.1,0.05,0.02,0.2563103131089201,0.093,0.49656972744406636,0.011594321197085328,0.49644009351101975,3.875125370024213,21.38781982372473,29.827295851990907,56.77346918390159,-3.875125370024231,-21.387819823724733,60
2.5,0.1,0.05,0.02,0.2563103131089201,0.122,0.4803243811074376,0.01889983823979143,0.4804505113410371,2.4208856461272124,1.4839663359547552,1.6113831405448955,27.029398701683988,2.420885646127294,-1.4839663359549145,61
2.5,0.1,0.05,0.02,0.2563103131089201,0.1,0.4079107252793487,0.018356516887257913,0.4081657682648908,0.6328766908624508,3.868483549984226,2.317424276339024,13.995411267402767,-0.6328766908633983,-3.868483549984351,62
2.5,0.1,0.05,0.02,0.2563103131089201,0.098,0.3158282403939183,0.015587104104219455,0.31603330518088874,1.4411762891640996,5.477512221385563,8.51302668088318,9.587453409986079,1.4411762891645457,5.477512221385607,63
2.5,0.1,0.05,0.02,0.2563103131089201,0.098,0.3700811526119583,0.02156988580956451,0.3704421729382641,1.6963326680648623,7.396070577475208,1.0631172842762586,8.933038268711215,-1.6963326680651487,-7.396070577475288,64
2.5,0.1,0.05,0.02,0.2563103131089201,0.102,0.47960925252581954,0.01614180993233319,0.47967664457674863,3.4431718343414905,3.191626453931674,43.03377244586971,53.786190277535916,3.4431718343415336,3.1916264539317365,65
2.5,0.1,0.05,0.02,0.2563103131089201,0.12,0.48396728629792163,0.008789986220496142,0.48383432151311795,2.1239563742462932,11.518872256165903,16.24804482264247,14.377465446713355,2.123956374246349,-11.51887225616592,66
2.5,0.1,0.05,0.02,0.2563103131089201,0.09,0.7580100184265536,0.02006714101546256,0.2423998787642498,4.2741180483852075,1.4188024416991163,,2.1012470108867776,-4.274118048385247,1.4188024416994602,67
2.5,0.1,0.05,0.02,0.2563103131089201,0.099,0.6299020214149907,0.009153583264799899,0.3709738299560879,2.8692184407519377,7.363862276055236,9.016564237471108,11.64343752391259,-2.869218440751878,-7.363862276055273,68
2.5,0.1,0.05,0.02,0.2563103131089201,0.102,0.6825154784875694,0.01756452541300417,0.3176499920316955,2.500552523038462,26.154421087668705,33.90403457622821,57.39300087110044,-2.5005525230384356,26.154421087668705,69
2.5,0.1,0.05,0.02,0.2563103131089201,0.089,0.49108086533321843,0.022342593311916854,0.4911030806628786,1.5237026021283528,19.866434420862277,46.433721346826054,25.001954632268678,-1.5237026021283948,19.866434420862273,70
2.5,0.1,0.05,0.02,0.2563103131089201,0.115,0.24439520110100071,0.018711929968130418,0.24443732806064755,2.3012880013941603,5.496309915444335,6.704853052380292,20.989906108210995,2.301288001394224,-5.496309915444392,71
2.5,0.1,0.05,0.02,0.2563103131089201,0.108,0.3044582955461473,0.022860700159615638,0.30454042036185647,4.053218985081667,6.559860836717651,4.501632080605823,25.823440621475754,-4.053218985081725,6.559860836717676,72
2.5,0.1,0.05,0.02,0.2563103131089201,0.104,0.32230284342830123,0.011202145294177481,0.3229083378105772,1.2797342661680864,15.462290459797337,10.598424079959859,14.146029483086636,1.2797342661682365,-15.462290459797362,73
2.5,0.1,0.05,0.02,0.2563103131089201,0.096,0.4987973295358048,0.023820512675529336,0.49879558877632263,1.4984103132314333,6.265835789272448,13.35062913590467,11.846000120684383,-1.4984103132315987,6.265835789272491,74
2.5,0.1,0.05,0.02,0.2563103131089201,0.095,0.31831736518757037,0.014672566070794322,0.31838378244475524,0.250957121699931,21.505854384548336,25.007160167371747,9.651955005777241,0.2509571217018298,-21.505854384548364,75
2.5,0.1,0.05,0.02,0.2563103131089201,0.102,0.48068483779572885,0.01497416218572523,0.4807882906479221,1.4301040625793204,1.978195616467768,10.022132381870625,13.448098136769449,1.430104062579564,-1.9781956164680579,76
2.5,0.1,0.05,0.02,0.2563103131089201,0.104,0.2874929058209112,0.015222362096851901,0.28793368329716007,1.574048743945555,9.132861521890934,11.963798636031857,2.3777151086133275,-1.5740487439457147,-9.132861521890936,77
2.5,0.1,0.05,0.02,0.2563103131089201,0.103,0.6240632791986368,0.020748010247364113,0.37602489377428433,2.0138417395941803,45.55749686444828,3.6859736938916456,22.514876102322404,2.013841739594263,45.55749686444828,78
2.5,0.1,0.05,0.02,0.2563103131089201,0.099,0.4630099961001654,0.012019350299172955,0.46302929608727367,1.9363362821743058,2.3507993313345694,13.97880605458381,8.143635647579156,1.936336282174334,-2.350799331334794,79
2.5,0.1,0.05,0.02,0.2563103131089201,0.105,0.3985754553505609,0.02372719278118936,0.3985342301041253,0.08538310003635302,6.435896550788183,9.123318128573171,45.93223685889406,0.08538310004015309,-6.435896550788223,80
2.5,0.1,0.05,0.02,0.2563103131089201,0.099,0.5913366667558634,0.025371778661010376,0.40889168199768766,4.850811841499228,11.808728420060419,0.23375878051613322,6.165741332348743,4.850811841499246,-11.808728420060417,81
2.5,0.1,0.05,0.02,0.2563103131089201,0.106,0.4924929006939498,0.015067248346448164,0.492322873312842,1.1797048101075858,3.5195726491001227,37.33036953354352,23.18597845073465,-1.1797048101075769,3.519572649100302,82
2.5,0.1,0.05,0.02,0.2563103131089201,0.101,0.3735725527041263,0.015928445108234626,0.37399060694166897,2.122711321111377,9.795236604444668,20.1875272668152,15.784205770204363,-2.1227113211115287,-9.795236604444687,83
2.5,0.1,0.05,0.02,0.2563103131089201,0.104,0.363902493586123,0.012929430915463704,0.3644095328253718,2.1788561820333867,4.241293993255644,9.810446594976185,17.552456016461484,2.1788561820333605,4.241293993255711,84
2.5,0.1,0.05,0.02,0.2563103131089201,0.101,0.3331425986328925,0.025067508604968928,0.33333318088968955,0.17866330871178987,4.8388320158351,10.91651888213025,42.97940260869029,-0.17866330871547856,-4.838832015835219,85
2.5,0.1,0.05,0.02,0.2563103131089201,0.101,0.46753810846611915,0.02120783278104566,0.46756353291763364,0.42577923524687467,12.259234582767915,81.73018728826347,30.529925852142007,-0.4257792352481654,12.259234582767967,86
2.5,0.1,0.05,0.02,0.2563103131089201,0.091,0.8078996579465118,0.017181296620779173,0.1921119572831284,3.846681780853652,26.18079243799774,,33.07490564802221,3.8466817808538063,26.18079243799774,87
2.5,0.1,0.05,0.02,0.2563103131089201,0.111,0.39715259738339226,0.020921831531129594,0.3973266814629041,0.43629546098981264,22.739890028036083,2.1227432689351096,31.263695385584604,-0.43629546099065264,22.739890028036093,88
2.5,0.1,0.05,0.02,0.2563103131089201,0.098,0.5488772480711666,0.02317300737391379,0.45121576113662787,0.590388733733639,38.185311160747176,68.85698815597478,55.837027654047105,-0.5903887337333027,38.185311160747176,89
2.5,0.1,0.05,0.02,0.2563103131089201,0.1,0.39578278363389746,0.02449074922719384,0.3959425696408142,3.850786047496668,7.0402069983297695,11.593540514792636,39.727839186150334,-3.8507860474967077,7.040206998329782,90
2.5,0.1,0.05,0.02,0.2563103131089201,0.092,0.7271631495355145,0.024523654353810525,0.2728359379806,0.7439494631464207,51.57997679021944,15.731048452014093,2.1306414634517217,0.7439494631472814,51.57997679021945,91
2.5,0.1,0.05,0.02,0.2563103131089201,0.102,0.35503986498984935,0.012372508593775842,0.35512202067134574,0.554474603208469,4.205710266149524,2.891345927635335,9.917752182714965,-0.5544746032083311,4.205710266149474,92
2.5,0.1,0.05,0.02,0.2563103131089201,0.104,0.4868062265408469,0.019029101321720858,0.48679925310452504,3.003771631883147,12.98015004289715,34.40519483415506,21.339960588481883,-3.0037716318833017,-12.980150042897153,93
2.5,0.1,0.05,0.02,0.2563103131089201,0.091,0.5254982027423788,0.006948287030819107,0.47473175703627896,0.197304421641321,1.5966551705229286,3.900571919353529,13.216284945963743,-0.1973044216421101,1.5966551705232863,94
2.5,0.1,0.05,0.02,0.2563103131089201,0.098,0.4912658689772152,0.02068715219535868,0.49129527296701714,0.6821713386061774,20.060237113833345,49.99789692731901,26.710518805576417,0.6821713386064271,-20.06023711383336,95
2.5,0.1,0.05,0.02,0.2563103131089201,0.108,0.478217572908481,0.009567773132209016,0.4782195809774516,4.356692829472329,3.8870365351933702,9.39745394601823,23.313516430689265,-4.356692829472364,-3.8870365351933813,96
2.5,0.1,0.05,0.02,0.2563103131089201,0.099,0.45142726241532416,0.016723035557387998,0.4516455814631486,1.9688055057832563,6.600263520321624,12.610035063798557,9.033383581185262,1.9688055057835259,-6.600263520321635,97
2.5,0.1,0.05,0.02,0.2563103131089201,0.1,0.5491343694989888,0.010322357863929446,0.45099071869998253,1.4991353097855453,3.0506321582519,62.853651951939526,35.9629368242268,1.4991353097855953,3.0506321582519735,98
2.5,0.1,0.05,0.02,0.2563103131089201,0.12,0.4290595878974912,0.007447126262087279,0.4292416160117849,2.4687566196375252,2.854272619079524,0.5302751281332657,24.18653402011585,-2.468756619637547,-2.8542726190795285,99
2.5,0.1,0.05,0.02,0.2563103131089201,0.094,0.48110626741369955,0.02113164579937625,0.4812204165660435,4.2008411446645555,13.828089906825761,20.203833887342693,32.850828002404505,4.200841144664593,13.828089906825785,100
2.5,0.1,0.05,0.02,0.2563103131089201,0.096,0.4945519189773471,0.022541212432540775,0.49458537915204814,5.24721367309858,0.07691866252842228,72.86617931537137,84.66540677048219,5.247213673098645,0.07691866253196619,101
2.5,0.1,0.05,0.02,0.2563103131089201,0.102,0.4279163436927744,0.014746553656790336,0.42818933113846436,4.657741069984104,9.759900710609477,14.135742755866625,1.327485053551895,4.657741069984142,-9.75990071060947,102
2.5,0.1,0.05,0.02,0.2563103131089201,0.105,0.4149221178402272,0.024162797523661707,0.41517934122362354,4.09413221201757,12.429706528965195,10.956223155509738,25.88876898323888,4.094132212017679,12.429706528965225,103
2.5,0.1,0.05,0.02,0.2563103131089201,0.1,0.5033232879306282,0.026920749859500992,0.4966789848097897,0.8786696675854603,15.98970414726893,58.373514195804105,23.16411162927074,0.8786696675855804,-15.989704147268942,104
2.5,0.1,0.05,0.02,0.2563103131089201,0.09,0.3695236031606055,0.01872124509922849,0.3695069352392627,1.879921724714408,7.3643281004476755,5.9914719033057615,21.063621477348857,-1.8799217247146618,-7.364328100447698,105
2.5,0.1,0.05,0.02,0.2563103131089201,0.091,0.4889584117317488,0.01591534517724236,0.48892151331316563,2.9929292883250977,4.029394935857895,14.74136167120236,16.06440092901038,2.992929288325303,-4.029394935858053,106
2.5,0.1,0.05,0.02,0.2563103131089201,0.095,0.29982564674730133,0.014987248066354847,0.3004065313341777,1.0766805514328048,9.262204051060614,6.4875391774278155,67.43996513390172,-1.0766805514327618,9.262204051060614,107
2.5,0.1,0.05,0.02,0.2563103131089201,0.093,0.4867617081899144,0.018679013335466406,0.48676779784493873,6.922661985162052,15.40190854091896,29.829632071953984,9.823676532599823,-6.922661985162155,-15.40190854091898,108
2.5,0.1,0.05,0.02,0.2563103131089201,0.098,0.43062990210951757,0.016158604273378407,0.43095227728211777,0.08610217077112839,7.702860646776603,40.464777801300556,46.74252328822934,0.08610217076541853,7.702860646776551,109
2.5,0.1,0.05,0.02,0.2563103131089201,0.072,0.29104733813772543,0.02695021440399863,0.29141138547675155,0.3508264026434553,12.363106916695028,11.183055855801129,35.01674710455736,-0.3508264026443826,12.363106916695047,110
2.5,0.1,0.05,0.02,0.2563103131089201,0.101,0.3542602375858018,0.013608383536262276,0.3544100766704145,3.1232857081640613,28.678372167826833,23.82389804392537,44.19967561797643,-3.123285708164122,-28.678372167826833,111
2.5,0.1,0.05,0.02,0.2563103131089201,0.109,0.4417429006593327,0.020693273210622552,0.44189438179495355,0.7281327173768525,24.193693036015738,27.334707766703634,4.932664827397096,0.728132717377016,24.193693036015755,112
2.5,0.1,0.05,0.02,0.2563103131089201,0.108,0.33074090242539256,0.020723962198593668,0.33122653675314295,1.0427823125883626,1.1206368929474968,1.1741837974762086,13.361308025987654,-1.0427823125887958,1.1206368929477002,113
2.5,0.1,0.05,0.02,0.2563103131089201,0.089,0.5865326807224518,0.011831418227166006,0.4136705141968787,2.7455751214759356,5.183288657566368,26.660819277470807,30.731894847679847,-2.7455751214760173,-5.183288657566431,114
2.5,0.1,0.05,0.02,0.2563103131089201,0.109,0.2612680460121915,0.018224605439463346,0.2619716670830062,1.6322739919958493,5.95163360914961,8.139332044400234,1.0324295157670897,-1.6322739919959413,5.9516336091496385,115
2.5,0.1,0.05,0.02,0.2563103131089201,0.101,0.6910623320180596,0.017776902384338093,0.3096525070353134,0.11357673113590402,19.101188796565708,81.78628632672839,13.078610993344567,-0.11357673113954753,-19.10118879656572,116
2.5,0.1,0.05,0.02,0.2563103131089201,0.087,0.3791332919227914,0.01875845756791331,0.3795226413061765,0.85054251277839,7.975817168827571,25.061474617467976,0.3692945324032359,0.8505425127784721,-7.975817168827593,117
2.5,0.1,0.05,0.02,0.2563103131089201,0.086,0.4729769060140846,0.015167990068909414,0.47314154806199654,0.4804214887462514,0.04696993903967386,5.741008823653834,27.62725229680989,-0.48042148874728774,0.04696993904511844,118
2.5,0.1,0.05,0.02,0.2563103131089201,0.108,0.2741400074478795,0.02673212588609921,0.2744508634430362,1.9073007057025957,2.1925378778396163,2.56796198237805,8.785067605429678,1.9073007057028744,2.1925378778397486,119
2.5,0.1,0.05,0.02,0.2563103131089201,0.084,0.47398931609952905,0.015611070931119537,0.4741587890272588,5.703509743569965,2.2445321078854983,25.38143286579631,45.94229681287548,5.703509743570005,2.2445321078855045,120
2.5,0.1,0.05,0.02,0.2563103131089201,0.098,0.6424208830830823,0.012666217886018412,0.3573693979508778,2.6680259758894977,1.9715965907564992,24.778360988771414,30.836123836775364,-2.66802597588953,-1.9715965907566582,121
2.5,0.1,0.05,0.02,0.2563103131089201,0.097,0.4833646708213574,0.022240285524701572,0.4833908352559195,1.030826506584098,3.559347460156822,21.680313607304182,9.896508712305506,1.0308265065843407,-3.559347460156919,122
2.5,0.1,0.05,0.02,0.2563103131089201,0.092,0.14701397819065884,0.03172163746781562,0.147038377710777,1.3641888507819888,6.771980559375365,11.049823341208844,5.285959180482969,1.3641888507822457,6.771980559375417,123
2.5,0.1,0.05,0.02,0.2563103131089201,0.109,0.6762163578975114,0.02671341350071251,0.32425599044939096,0.21868236648003717,19.278338962384606,8.302308053576581,49.57361447432615,0.21868236647871875,-19.278338962384606,124
2.5,0.1,0.05,0.02,0.2563103131089201,0.09,0.29417654988962016,0.02361521007824922,0.2941929460160132,2.8530601437370477,7.783460830219467,11.056942514757747,5.576960266252467,2.8530601437370944,7.783460830219465,125
2.5,0.1,0.05,0.02,0.2563103131089201,0.105,0.48072793895117133,0.019861663267447413,0.4808544512984151,1.1675187529579165,28.008970170913052,20.421742286744323,19.664747418986703,1.1675187529581377,-28.008970170913045,126
2.5,0.1,0.05,0.02,0.2563103131089201,0.11,0.23395193302876954,0.02469794616378031,0.23404658555272745,2.7302581217257758,13.477995414590776,18.36411914384783,19.669347282891838,2.7302581217259436,-13.477995414590799,127
2.5,0.1,0.05,0.02,0.2563103131089201,0.1,0.48156460419937114,0.01513020827516114,0.4817008333214113,2.7622531769392746,8.9998184512537,10.858701829431144,3.761139197976338,2.762253176939286,8.999818451253672,128
2.5,0.1,0.05,0.02,0.2563103131089201,0.105,0.47695037670272933,0.01780122651299648,0.4769597422376169,0.48446833293532426,0.6150915436616968,25.720933735821504,24.73632692141111,0.4844683329352323,0.615091543662321,129
2.5,0.1,0.05,0.02,0.2563103131089201,0.099,0.42908004925809556,0.02028809702132303,0.42928916307617065,0.7387963601462606,3.7603890402436213,6.559672865464886,6.315508994064171,-0.7387963601467383,3.760389040243631,130
2.5,0.1,0.05,0.02,0.2563103131089201,0.109,0.5508315878503472,0.005778941227210869,0.449297889044063,2.498814070774651,4.143106144829015,12.351559815435738,20.790023746219376,2.4988140707749023,-4.143106144829192,131
2.5,0.1,0.05,0.02,0.2563103131089201,0.112,0.44180236402489087,0.0166839688987201,0.44201838105855346,0.15337805875037258,15.316106011738462,15.286209701955384,17.804337544707025,0.15337805875153684,-15.316106011738471,132
2.5,0.1,0.05,0.02,0.2563103131089201,0.101,0.4298675327991841,0.007734805868364908,0.4301379543224181,2.293261406095305,8.194350870752759,8.789373130567038,9.30970311662819,-2.293261406095506,8.194350870752789,133
2.5,0.1,0.05,0.02,0.2563103131089201,0.099,0.32767524074966503,0.022215341707338958,0.32801718414388253,0.358958736189808,15.689423806599853,19.254897636641285,11.369983774977943,-0.35895873619084195,15.689423806599885,134
2.5,0.1,0.05,0.02,0.2563103131089201,0.094,0.6148605840633816,0.015455881532453178,0.3853418058293674,3.0509774590283176,0.668211228701059,26.24678793579638,21.69916957913901,3.0509774590284504,-0.6682112287016052,135
2.5,0.1,0.05,0.02,0.2563103131089201,0.101,0.4999830133550768,0.013041662727629204,0.4998011392195033,1.0364001097913607,7.632066015695642,24.108225558517425,11.65080507517393,-1.0364001097914108,7.632066015695682,136
2.5,0.1,0.05,0.02,0.2563103131089201,0.08,0.389606977402615,0.012800756499115787,0.38982482296292,4.288258252100078,2.239084407670635,3.1748592047604554,12.106074811759662,-4.288258252100153,-2.239084407670763,137
2.5,0.1,0.05,0.02,0.2563103131089201,0.09,0.6138397751978714,0.025010338621066337,0.38620957425323704,0.0408694558314119,1.6353641618169925,8.153136590605806,0.5960220025066377,-0.0408694558409979,1.6353641618171866,138
2.5,0.1,0.05,0.02,0.2563103131089201,0.091,0.30031885607191827,0.01954256217795182,0.30059227313468695,0.060176551466859546,10.018364120209945,6.913166956214108,3.9846859586191523,-0.06017655147534635,10.01836412020994,139
2.5,0.1,0.05,0.02,0.2563103131089201,0.09,0.4419051910444327,0.012516557405081667,0.44212316117080497,4.051279776692115,13.025665246664731,37.887973289374266,56.83013934370092,-4.051279776692186,-13.025665246664747,140
2.5,0.1,0.05,0.02,0.2563103131089201,0.109,0.77379238757615,0.00643174310351173,0.22637174062714063,0.32006034838246805,7.207037404937882,,12.90060961869168,0.3200603483829995,7.207037404937908,141
2.5,0.1,0.05,0.02,0.2563103131089201,0.11,0.5915424937515579,0.0070980538463706255,0.4083893084354082,2.070784385251697,0.7313472076475513,1.073882251486086,11.949339021247232,-2.0707843852517227,-0.7313472076479627,142
2.5,0.1,0.05,0.02,0.2563103131089201,0.092,0.8516638168496015,0.02187848946590816,0.14859769241850557,2.911528133335237,10.602722227279566,,7.842027006484657,-2.911528133335304,-10.60272222727962,143
2.5,0.1,0.05,0.02,0.2563103131089201,0.108,0.4971463349975317,0.017892182596689093,0.4971911297541578,2.0380755731599236,17.047263821695086,19.095563182311153,11.81332001539384,-2.038075573160174,17.047263821695108,144
2.5,0.1,0.05,0.02,0.2563103131089201,0.104,0.661430223249581,0.009287990932219208,0.3390875500138149,1.1260998911005824,6.6647228337484465,,1.4413001505173921,-1.1260998911008875,6.664722833748545,145
2.5,0.1,0.05,0.02,0.2563103131089201,0.108,0.46392531125270936,0.015061305754596386,0.4641454892260463,1.37092544899882,10.236238775143391,20.104004074261475,23.363255559446923,1.3709254489990514,10.236238775143402,146
2.5,0.1,0.05,0.02,0.2563103131089201,0.105,0.10975249051808199,0.02420046008559091,0.10977837185149956,5.695957323761197,1.3933225228082142,9.337262796327906,13.459585840247563,-5.695957323761232,1.393322522808517,147
2.5,0.1,0.05,0.02,0.2563103131089201,0.1,0.4765457050614625,0.01775040326431758,0.47670812215677044,5.587348072866191,10.701799088403847,7.331426467481816,10.292808607519932,-5.5873480728662575,-10.701799088403884,148
2.5,0.1,0.05,0.02,0.2563103131089201,0.123,0.38711227168171103,0.014943585955869941,0.38752963302443044,2.3871873727977384,2.7348930883771576,6.069576433547497,28.814555059967695,-2.3871873727980244,-2.73489308837733,149
2.5,0.1,0.05,0.02,0.2563103131089201,0.093,0.46662424537464325,0.01837959882101583,0.4667649995356473,2.0045836289199563,7.532198285030511,27.94644217688778,60.000216414497416,2.004583628919979,7.5321982850305185,150
2.5,0.1,0.05,0.02,0.2563103131089201,0.091,0.23685080064411757,0.02738010321967091,0.237137885083096,2.7303545970117287,0.42370183263398487,10.55449168165082,20.940747716033936,2.7303545970118015,0.4237018326341526,151
2.5,0.1,0.05,0.02,0.2563103131089201,0.102,0.4398963241604894,0.014602006827389883,0.4401502669488982,0.4280786922248484,5.346983523330695,5.824350130665668,31.60064579269486,-0.4280786922265951,5.346983523330764,152
2.5,0.1,0.05,0.02,0.2563103131089201,0.085,0.2353424148483272,0.02698431878383288,0.2357658273367857,1.245300173115859,4.355253950214785,3.0631704334252703,24.205613388437307,-1.245300173116173,4.355253950214822,153
2.5,0.1,0.05,0.02,0.2563103131089201,0.093,0.03698119879674686,0.05680397567957657,0.03733624517404945,1.2379326375902777,10.801052013276026,11.750868707770366,,1.237932637591034,10.801052013276095,154
2.5,0.1,0.05,0.02,0.2563103131089201,0.088,0.3654211946545071,0.007666151889236852,0.36544931289218063,0.9247499465545805,9.529711801334845,13.777911333720995,8.221473277955328,0.9247499465549822,-9.529711801334866,155
2.5,0.1,0.05,0.02,0.2563103131089201,0.116,0.6843432832265844,0.014528405238121076,0.31610684224440333,4.87847327938396,27.83480910889894,21.248950266209846,35.9368450787959,4.8784732793839956,27.83480910889895,156
2.5,0.1,0.05,0.02,0.2563103131089201,0.099,0.3220376089186178,0.022099605908019803,0.3222000234169367,4.470217215528551,2.469933278823098,8.097507712106644,2.1803341231117783,-4.470217215528558,2.469933278823217,157
2.5,0.1,0.05,0.02,0.2563103131089201,0.097,0.5719160001730653,0.011250148904867018,0.4282166301306366,1.4765943838271698,3.867309854109697,1.2079267987672078,27.904127998238554,-1.4765943838272924,-3.867309854109655,158
2.5,0.1,0.05,0.02,0.2563103131089201,0.093,0.5596026331706979,0.006155764637930166,0.4403913263341078,0.6770571450948851,6.241939221161657,28.762453088048648,10.64077759572222,-0.6770571450955397,-6.241939221161723,159
2.5,0.1,0.05,0.02,0.2563103131089201,0.121,0.459196075704825,0.023864183086124254,0.45923657348063474,0.06466623266445735,19.79335625833942,11.853742523511777,5.419412857103971,-0.06466623267306548,-19.793356258339433,160
2.5,0.1,0.05,0.02,0.2563103131089201,0.087,0.3178098308558441,0.01010584906142911,0.31824935627555995,1.017458714243376,0.06565526121061058,0.6402672338539259,10.911678531310125,1.0174587142435683,0.0656552612077661,161
2.5,0.1,0.05,0.02,0.2563103131089201,0.111,0.3428931000627124,0.019390720507392094,0.3429657046545045,1.6048554638502506,0.5733708724179867,3.819834895150047,22.074177370686918,-1.6048554638506352,0.5733708724188178,162
2.5,0.1,0.05,0.02,0.2563103131089201,0.11,0.5420678178119458,0.02725500741928851,0.45793189676371243,1.3304886453003466,48.28593923735927,24.729490091776473,89.58853330783118,1.3304886453004476,-48.28593923735928,163
2.5,0.1,0.05,0.02,0.2563103131089201,0.102,0.5135805336550272,0.01155279594389989,0.48645190185254367,0.6063608818208747,0.08538968224505727,5.652942440719225,33.599922929041085,-0.6063608818217973,0.08538968224784729,164
2.5,0.1,0.05,0.02,0.2563103131089201,0.098,0.18576643611959873,0.037079449098262995,0.18605141376325077,0.5737612484645943,6.739850620217087,12.054750796327092,25.91680046678301,-0.573761248465489,6.739850620217162,165
2.5,0.1,0.05,0.02,0.2563103131089201,0.092,0.4970374197554206,0.01712502490182786,0.49700334185843137,2.3645274385177264,1.3611300995018036,1.6124844405572598,11.996129038450313,2.3645274385177912,1.3611300995017044,166
2.5,0.1,0.05,0.02,0.2563103131089201,0.093,0.3269354479012921,0.019515270223736378,0.3270010203094747,0.718462565045238,7.641753374541251,10.39479990632311,23.521779932954406,-0.7184625650451029,7.64175337454129,167
2.5,0.1,0.05,0.02,0.2563103131089201,0.108,0.6582111634154084,0.007456253381847296,0.34297149142335415,3.794428441781656,4.151622305942173,,25.823518624586082,3.7944284417816547,4.151622305942234,168
2.5,0.1,0.05,0.02,0.2563103131089201,0.101,0.2435099240271159,0.024308201983985665,0.24360561830579358,0.06761776767083154,20.40589185354976,23.314283451984018,34.76024580443285,-0.06761776767611484,20.405891853549775,169
2.5,0.1,0.05,0.02,0.2563103131089201,0.093,0.41450720143404274,0.0101046680184858,0.41459214381666676,2.4784437805883055,11.236995792350974,11.996090044310488,20.241542449399105,-2.4784437805884285,-11.236995792350996,170
2.5,0.1,0.05,0.02,0.2563103131089201,0.122,0.5360776368257675,0.014056422976882914,0.46428917486484667,2.2231966909137832,7.806587161876817,18.304224984455132,25.285691826210666,2.2231966909140493,-7.806587161876882,171
2.5,0.1,0.05,0.02,0.2563103131089201,0.082,0.3444989072510508,0.017639472797359657,0.34477303313041946,4.195420895652277,17.803629067662786,17.39360019188636,3.175301158961839,4.195420895652356,17.80362906766281,172
2.5,0.1,0.05,0.02,0.2563103131089201,0.098,0.6211445627777396,0.006479892171451944,0.37906478389352477,2.3508190986236754,16.53406969842899,44.61570094477605,5.276415714119311,2.350819098623833,-16.53406969842899,173
2.5,0.1,0.05,0.02,0.2563103131089201,0.111,0.4801936628898783,0.022929674221975595,0.4802331327085749,0.2051469366302219,13.134704516646332,4.4352124820484535,7.6692330953077334,0.20514693663276506,13.134704516646348,174
2.5,0.1,0.05,0.02,0.2563103131089201,0.096,0.27214244771261065,0.02520368179653218,0.27255374487127587,1.5019616080235836,2.2857472976388924,1.4233399179240347,34.26571218544184,1.5019616080239053,2.2857472976392623,175
2.5,0.1,0.05,0.02,0.2563103131089201,0.098,0.0696940216867534,0.04800234149674538,0.06982282734946366,4.86162075507938,13.051206743620462,20.214756627333472,6.816004258991781,-4.861620755079444,-13.051206743620485,176
2.5,0.1,0.05,0.02,0.2563103131089201,0.12,0.5343806360143765,0.018598986771935153,0.4658693221591972,2.141086972704973,9.933857189438692,18.928622148445854,1.4183413515824348,-2.1410869727051485,-9.933857189438731,177
2.5,0.1,0.05,0.02,0.2563103131089201,0.101,0.3769939787021041,0.008137088920105602,0.3774320568476762,2.579426498992937,2.232666344577046,11.13517692821476,62.647618264507436,2.5794264989930555,-2.2326663445772597,178
2.5,0.1,0.05,0.02,0.2563103131089201,0.091,0.42363351826988693,0.023552564578452628,0.4237050660497765,5.436895321774298,6.738522479700505,4.334084391063773,21.831417289947495,-5.436895321774363,6.738522479700587,179
2.5,0.1,0.05,0.02,0.2563103131089201,0.095,0.45821344350380544,0.013338661922956851,0.45842943024730576,0.744963489058395,8.485046756483472,23.68361861210576,30.760822527754854,-0.7449634890588184,8.485046756483523,180
2.5,0.1,0.05,0.02,0.2563103131089201,0.113,0.47760357305906304,0.010914457548691251,0.47748095608343466,3.417310200362504,13.939774009773888,14.536560074844491,12.195400542472752,-3.4173102003625946,-13.93977400977391,181
2.5,0.1,0.05,0.02,0.2563103131089201,0.118,0.33562603315257317,0.01756278712698314,0.33616285162381154,0.03230635831705873,4.205185346206886,0.10159132396983114,13.438519279605991,-0.03230635832397945,4.205185346206932,182
2.5,0.1,0.05,0.02,0.2563103131089201,0.079,0.4422460255739816,0.008885368124048627,0.44247289119525957,6.872050600141871,8.923968348560054,4.091287656237301,89.13352776744635,-6.872050600141975,-8.923968348560102,183
2.5,0.1,0.05,0.02,0.2563103131089201,0.122,0.49479649500301226,0.010713100966545274,0.49465968302368296,4.29605562814314,0.7013918834637602,6.7411650451998515,10.811277391603275,-4.296055628143174,-0.7013918834639558,184
2.5,0.1,0.05,0.02,0.2563103131089201,0.098,0.47627275532103863,0.013213564404100517,0.47631734667436537,0.32273096010504365,4.74175955403724,6.427389897784026,7.674123837457288,-0.3227309601054334,-4.741759554037318,185
2.5,0.1,0.05,0.02,0.2563103131089201,0.096,0.4783729151218765,0.016947994615503312,0.47849195227136776,2.096859654535666,29.528106016443562,61.28398489383788,38.592979828271275,-2.0968596545358715,-29.528106016443584,186
2.5,0.1,0.05,0.02,0.2563103131089201,0.095,0.492994880824619,0.022618941412378614,0.4930655974927691,1.3358587927629604,6.922889779520844,52.66780323247623,39.7094179385478,-1.3358587927629133,-6.922889779520816,187
2.5,0.1,0.05,0.02,0.2563103131089201,0.104,0.7160814317554798,0.011882300483743564,0.2841139460669154,0.06650263478877051,3.108607811544695,,86.49849978585503,0.06650263478703478,-3.1086078115446107,188
2.5,0.1,0.05,0.02,0.2563103131089201,0.095,0.49674962629375274,0.022670133811309758,0.49673758484469177,3.088471159660532,5.162184148848734,11.973295032317123,2.091614096641378,-3.0884711596607026,-5.162184148848815,189
2.5,0.1,0.05,0.02,0.2563103131089201,0.097,0.5735552423633713,0.006521039821660941,0.42641374842195506,3.866677526375449,10.750016949675217,22.643493077180075,34.019001738071886,-3.8666775263755095,-10.750016949675256,190
2.5,0.1,0.05,0.02,0.2563103131089201,0.097,0.17830601235882973,0.030364796838906763,0.17832564048539176,1.1987752320051384,16.2910804393637,11.684071023925961,7.569309999242917,-1.198775232005442,-16.291080439363725,191
2.5,0.1,0.05,0.02,0.2563103131089201,0.087,0.2151297636308248,0.028161999064191763,0.21520531984242433,5.172606098949253,2.114489041160667,6.297065027255156,2.3814399220052893,-5.172606098949325,2.1144890411607595,192
2.5,0.1,0.05,0.02,0.2563103131089201,0.098,0.4740145258196723,0.009738120566984311,0.47411022212516285,6.881147140146902,4.544704385015059,3.7915679437068697,16.29167712162142,-6.881147140146978,4.544704385015055,193
2.5,0.1,0.05,0.02,0.2563103131089201,0.118,0.4936771921475945,0.018576481581395885,0.4936985974421022,1.6217976494318498,11.835713979861469,52.71553987643569,14.957827510394573,-1.6217976494317932,-11.83571397986148,194
2.5,0.1,0.05,0.02,0.2563103131089201,0.112,0.46559726220727693,0.013851370933901574,0.4657769115636779,0.7245030973319877,8.59628324728955,6.028836373320516,4.2307890604555745,-0.7245030973319485,8.596283247289541,195
2.5,0.1,0.05,0.02,0.2563103131089201,0.107,0.29738491606968337,0.02130257428924754,0.297762229182731,0.044271274846767524,9.654954924178872,7.0828581813027025,7.3451362818676955,-0.04427127485649056,9.654954924178933,196
2.5,0.1,0.05,0.02,0.2563103131089201,0.113,0.47112220270148714,0.024376097294825497,0.4713020912709378,0.9656793380185598,13.218873023854721,2.754287791318494,14.060002838868582,0.9656793380187685,13.218873023854728,197
2.5,0.1,0.05,0.02,0.2563103131089201,0.102,0.5835180607938804,0.013064065111924412,0.4165887588987536,1.9346526011756375,3.0430077579509303,57.77418569090929,70.87605267240535,-1.9346526011756704,3.0430077579510444,198
2.5,0.1,0.05,0.02,0.2563103131089201,0.103,0.4853678804562968,0.004715050870925124,0.48544870080618463,1.0568800246771517,12.97740447578755,11.336359525038404,20.071869575344053,1.0568800246774261,-12.977404475787564,199
2.5,0.2,0.05,0.02,0.16832424671458285,0.207,0.6603940449123717,0.02953672823637624,0.33966505559172383,0.860112263669254,40.56445430377428,35.954318629265494,15.097436833935536,-0.8601122636697736,-40.56445430377429,0
2.5,0.2,0.05,0.02,0.16832424671458285,0.212,0.13872695753402856,0.01781919821849411,0.1387710697393806,1.95143404460593,20.086378640791978,33.429224334521855,49.624556235782734,-1.951434044606011,-20.08637864079199,1
2.5,0.2,0.05,0.02,0.16832424671458285,0.189,0.257351884063996,0.03360913953015569,0.2578902017706324,0.3428678786231699,38.365197938038506,23.409037886786187,23.38640374789082,0.3428678786240002,38.36519793803852,2
2.5,0.2,0.05,0.02,0.16832424671458285,0.195,0.1626634692238229,0.02927637628858575,0.16277390938477285,1.545468764608883,12.63553065249766,22.795028662666432,2.8397076962696373,1.545468764609189,-12.635530652497671,3
2.5,0.2,0.05,0.02,0.16832424671458285,0.194,0.4511197564265437,0.019876676576321334,0.4510967399647076,0.27082787093300587,0.4811890362319832,45.029090478662326,59.65810047153461,-0.2708278709345249,0.48118903623287357,4
2.5,0.2,0.05,0.02,0.16832424671458285,0.206,0.3912908399786479,0.034037260299973934,0.39174383845671046,1.2861843313113845,29.897235379603526,26.35623922392545,73.71125573800585,-1.2861843313117303,29.897235379603526,5
2.5,0.2,0.05,0.02,0.16832424671458285,0.181,0.4208639345218165,0.028370368393336162,0.4209343872888379,1.3731125275888254,17.053602258178582,49.266428935593794,17.373444381322276,1.3731125275891054,17.0536022581786,6
2.5,0.2,0.05,0.02,0.16832424671458285,0.212,0.495280509545522,0.0210522017244943,0.49532549285934674,0.8478305096161624,5.544689354569013,44.76404898146458,61.03078623293115,0.8478305096164492,5.544689354569033,7
2.5,0.2,0.05,0.02,0.16832424671458285,0.209,0.42398648821486107,0.02969788087461195,0.42439348747383715,0.4479769447870203,14.881291222798762,59.93574693754715,43.07236286718436,0.447976944787799,14.881291222798781,8
2.5,0.2,0.05,0.02,0.16832424671458285,0.188,0.3963845142905571,0.01990728221001352,0.3964702973447571,1.345199427750036,29.533086241178538,29.665827773922285,13.666457044043069,1.3451994277502741,-29.53308624117856,9
2.5,0.2,0.05,0.02,0.16832424671458285,0.186,0.8811755980715472,0.019970439416063013,0.1189247852077712,2.029254030867926,89.23062809747928,,12.718731755360443,-2.0292540308680853,-89.23062809747928,10
2.5,0.2,0.05,0.02,0.16832424671458285,0.17,0.5083383665563266,0.00524019972925671,0.4917997085043346,0.08793512639251416,3.707308277469989,6.828159617676176,7.058431164633499,0.08793512639672713,-3.707308277469995,11
2.5,0.2,0.05,0.02,0.16832424671458285,0.194,0.23168208791496506,0.03546761072716702,0.23218283988211777,1.471873170316189,5.889782535510262,0.5989497703836724,11.79047441935901,-1.4718731703164405,5.889782535510364,12
2.5,0.2,0.05,0.02,0.16832424671458285,0.197,0.21801113440680386,0.022531237910512245,0.21810874136212546,0.3631866642818522,28.276563562353516,44.256911041496785,77.68077736548973,-0.3631866642830649,-28.276563562353537,13
2.5,0.2,0.05,0.02,0.16832424671458285,0.222,0.5092258009192364,0.026483367129950273,0.4908913580045971,1.8830353336907344,55.07168524036624,9.963647035442511,30.501350317850342,1.8830353336907597,55.07168524036624,14
2.5,0.2,0.05,0.02,0.16832424671458285,0.202,0.6091320275436779,0.025010573831849497,0.39094530891500495,0.5308142238087511,14.119471706557071,21.859381302793352,19.058746208546467,-0.5308142238089271,14.119471706557063,15
2.5,0.2,0.05,0.02,0.16832424671458285,0.183,0.19640589723701732,0.02070775601701482,0.1965104689045748,0.49636399674003645,27.566544060854042,6.040109843467781,49.99314355838471,-0.4963639967404742,27.566544060854053,16
2.5,0.2,0.05,0.02,0.16832424671458285,0.198,0.49545556410513625,0.023939665326307598,0.495512216669714,0.16172058204882747,16.260224628920128,8.474409083939815,84.45673132147422,-0.1617205820477524,-16.26022462892013,17
2.5,0.2,0.05,0.02,0.16832424671458285,0.202,0.4143585340367537,0.027829426808650415,0.4148354206301572,2.114327229595827,7.696865618419977,12.786301476336734,32.02396148763648,2.1143272295959523,-7.6968656184199995,18
2.5,0.2,0.05,0.02,0.16832424671458285,0.2,0.5969136776605783,0.028369919978502224,0.40361211434475863,0.6120659356121149,66.5139011787032,11.004160655109413,27.658673103055232,0.6120659356124966,66.5139011787032,19
2.5,0.2,0.05,0.02,0.16832424671458285,0.199,0.5025619691452419,0.027948135861903603,0.4973846914637493,2.1110032890171517,0.43419867982221,16.889390596021826,5.3318147555011945,2.111003289017247,-0.4341986798225528,20
2.5,0.2,0.05,0.02,0.16832424671458285,0.229,0.14659741134912532,0.0339282473369355,0.14696109572201177,0.8954799494592405,22.427965170371902,24.491355732625685,24.77970935902179,0.8954799494592844,-22.427965170371913,21
2.5,0.2,0.05,0.02,0.16832424671458285,0.201,0.6312473989822472,0.017039166886021223,0.3690407981421955,0.7804700455557968,10.08071205467766,6.844175923748396,1.5346774746823968,-0.7804700455561053,10.080712054677686,22
2.5,0.2,0.05,0.02,0.16832424671458285,0.193,0.5835590350575658,0.014301838211387915,0.4164182746194963,1.5336396225905076,5.231621825571826,21.15629242898458,0.7979205146966706,-1.5336396225907314,-5.231621825571839,23
2.5,0.2,0.05,0.02,0.16832424671458285,0.195,0.5054597138216136,0.020797042180307784,0.4945373538915997,1.4093391169967804,4.361676886470539,34.23757786664,27.25458527786276,-1.4093391169969516,-4.36167688647054,24
2.5,0.2,0.05,0.02,0.16832424671458285,0.178,0.5422439050005704,0.021791613052279904,0.45776443997376665,0.5053522378876583,6.542750043664516,28.909819978315955,35.46534940585308,0.5053522378880692,6.542750043664564,25
2.5,0.2,0.05,0.02,0.16832424671458285,0.206,0.45041838869421585,0.011770147743242136,0.45050242615049113,0.6683744119030356,2.6467387175728616,11.922218729774333,44.10252717196638,0.6683744119037944,2.646738717573082,26
2.5,0.2,0.05,0.02,0.16832424671458285,0.198,0.525265256821548,0.00648669045247342,0.4747338437689886,1.1257658898519805,33.44463037638662,9.846667463778129,32.04983508068668,1.1257658898521312,33.444630376386634,27
2.5,0.2,0.05,0.02,0.16832424671458285,0.228,0.14076132198033747,0.03329492231970895,0.1411593984363934,1.9130828806715479,31.62591819009285,45.87572219087274,10.12521862268313,-1.913082880671934,-31.625918190092865,28
2.5,0.2,0.05,0.02,0.16832424671458285,0.188,0.6530457266590126,0.02609513430436044,0.346965612146191,0.30701857596142396,70.53300760019302,16.474259524062248,14.477504031431838,0.30701857596266935,70.53300760019302,29
2.5,0.2,0.05,0.02,0.16832424671458285,0.224,0.36787961100190136,0.014227257972875454,0.3678836920514444,1.246815643017988,42.645062927978245,26.60758496890139,57.94332156948788,1.2468156430184956,42.64506292797825,30
2.5,0.2,0.05,0.02,0.16832424671458285,0.213,0.5017952280221964,0.030108364582911246,0.49823860021672833,0.65254878341912,32.651704765044705,21.31337386566754,34.91946146374115,0.6525487834194937,-32.65170476504473,31
2.5,0.2,0.05,0.02,0.16832424671458285,0.215,0.39971521609900995,0.029049205651908556,0.40012933023493075,0.04043205393784541,37.484671922423345,83.13714411359403,37.48062369354361,-0.04043205393635748,-37.48467192242335,32
2.5,0.2,0.05,0.02,0.16832424671458285,0.195,0.1832154554460253,0.03487498429159915,0.18401682643848002,0.29656714606019974,19.947775428163425,20.13761275894904,28.28968637013706,-0.2965671460601986,-19.947775428163432,33
2.5,0.2,0.05,0.02,0.16832424671458285,0.193,0.18345963977976149,0.03658182469686617,0.18358673399932735,2.0171786120541335,10.180055338030462,10.463618441660552,18.83482052097832,2.0171786120543325,10.18005533803049,34
2.5,0.2,0.05,0.02,0.16832424671458285,0.206,0.4568459257315472,0.019786349613413898,0.45706082776478374,2.035669009003672,20.744920417523083,3.690635010393163,31.61483572248846,-2.0356690090038785,-20.744920417523115,35
2.5,0.2,0.05,0.02,0.16832424671458285,0.197,0.4832241757245124,0.023132718936913335,0.48337780961937166,1.7712008865678965,41.43835388860915,25.74844159660602,34.92754705713621,-1.7712008865681002,41.43835388860915,36
2.5,0.2,0.05,0.02,0.16832424671458285,0.188,0.3520087794661264,0.028650794249621026,0.3520010400117041,0.5384081902003838,3.5604029641904966,0.7196183293066957,17.75994721109371,0.5384081902013361,-3.560402964190598,37
2.5,0.2,0.05,0.02,0.16832424671458285,0.2,0.49967173860119296,0.02936438207467141,0.49960364152876885,1.425842472412546,28.499384810777205,66.35046080472172,74.55600679728259,1.4258424724125884,28.499384810777205,38
2.5,0.2,0.05,0.02,0.16832424671458285,0.2,0.7751845329802225,0.03334749450541857,0.22549347975387157,1.639771234386244,5.152161301452803,25.950227734642954,76.2222145518953,1.6397712343863944,5.152161301452868,39
2.5,0.2,0.05,0.02,0.16832424671458285,0.22,0.3975978753612643,0.029265332393938463,0.39773695200165443,1.2988637752208465,4.634142874758273,10.036105407792359,40.760159979347605,1.2988637752210588,4.634142874758311,40
2.5,0.2,0.05,0.02,0.16832424671458285,0.194,0.2271420876354897,0.030090546690368973,0.22733388982976566,0.5712547523241632,38.33629288853369,49.67159199445148,7.049248402936647,0.5712547523249908,38.3362928885337,41
2.5,0.2,0.05,0.02,0.16832424671458285,0.187,0.4382149063458272,0.026697956247286665,0.4383270988081248,0.5656881152663457,71.54828089292273,56.39473002212913,57.91604531514789,-0.5656881152672424,-71.54828089292273,42
2.5,0.2,0.05,0.02,0.16832424671458285,0.195,0.5514539874877439,0.031769719816011704,0.4486243585620336,1.1097308568038304,40.937544609831185,15.20198814094972,58.715980296557646,1.109730856803758,40.937544609831185,43
2.5,0.2,0.05,0.02,0.16832424671458285,0.195,0.5756872232434189,0.029476278741892157,0.4245125469301116,0.7941116643409818,8.051810792564215,44.606164791332624,3.285345960446448,-0.7941116643411399,8.051810792564265,44
2.5,0.2,0.05,0.02,0.16832424671458285,0.223,0.5960658345995062,0.020129383140701784,0.40392857580618735,1.5412862430157788,44.82210113478019,34.85324533372438,59.45464370385899,-1.541286243015738,-44.8221011347802,45
2.5,0.2,0.05,0.02,0.16832424671458285,0.193,0.6134026310301974,0.02381542129199117,0.38664628913847376,1.2688367055859557,11.864760722463817,30.213856600750447,36.73101044980224,1.2688367055863554,11.864760722463856,46
2.5,0.2,0.05,0.02,0.16832424671458285,0.203,0.6368577347779888,0.01899746298724543,0.36316399254007886,2.538133376351805,16.77781742869222,9.297336603599778,41.19583455574214,2.5381333763518876,16.777817428692245,47
2.5,0.2,0.05,0.02,0.16832424671458285,0.217,0.3990228880753242,0.02910611425279674,0.39957746768221863,2.1156060311854197,21.76117811279067,18.056409492040476,12.701437563549165,2.115606031185524,21.761178112790688,48
2.5,0.2,0.05,0.02,0.16832424671458285,0.198,0.825459152505531,0.011777890093188914,0.17484781398907556,1.8848922422126326,11.21732266608311,,4.06769022145385,1.8848922422129166,-11.217322666083138,49
2.5,0.2,0.05,0.02,0.16832424671458285,0.194,0.7083721164053869,0.03245226242522419,0.29179326132441946,1.3006620658852692,44.18531478776336,39.07095303067206,51.78044530083149,-1.3006620658857098,-44.185314787763375,50
2.5,0.2,0.05,0.02,0.16832424671458285,0.216,0.41179862350939017,0.02709052302981489,0.4118946895747219,0.3559286233251871,72.561851202418,42.19985493489077,35.36048050788538,-0.3559286233267389,72.561851202418,51
2.5,0.2,0.05,0.02,0.16832424671458285,0.198,0.4955679206770497,0.030249439056471445,0.4956767816351839,0.4070588074538747,79.34032920970259,69.5851487571063,49.72441259341864,-0.4070588074545399,79.34032920970259,52
2.5,0.2,0.05,0.02,0.16832424671458285,0.191,0.6655164710826189,0.02616251354985033,0.33448195983736145,4.476971043075352,28.263805252598516,20.911400620605903,0.17476011096164218,4.476971043075286,28.263805252598512,53
2.5,0.2,0.05,0.02,0.16832424671458285,0.207,0.4548158249338156,0.02822898578446495,0.45506552253678734,0.16967140512618747,2.1821136845793023,64.15325555115479,58.18947877637082,-0.1696714051291327,2.1821136845794884,54
2.5,0.2,0.05,0.02,0.16832424671458285,0.204,0.5024246874342946,0.024509906163255685,0.49753729674655073,0.11768740992999227,16.468158361684374,58.4434681187914,26.44360909374001,0.11768740993200733,16.468158361684377,55
2.5,0.2,0.05,0.02,0.16832424671458285,0.178,0.5829546678848327,0.027093401659079606,0.4171731508057192,3.5760966939900416,35.44208479880501,59.755201063157614,9.177634998674083,3.576096693990127,35.44208479880501,56
2.5,0.2,0.05,0.02,0.16832424671458285,0.223,0.5342982764516784,0.024591562425994123,0.46590899083224036,0.8827771557466558,59.83311654713346,76.89135662486488,85.62058917169148,0.8827771557472177,59.833116547133464,57
2.5,0.2,0.05,0.02,0.16832424671458285,0.198,0.9279955492405315,0.0046900766646453184,0.07246180138391808,1.1877030661363157,30.542394467552445,,66.65412171087264,-1.1877030661361858,-30.542394467552437,58
2.5,0.2,0.05,0.02,0.16832424671458285,0.179,0.38569997916516874,0.027812123750857322,0.3858364982716381,0.8385900651947877,20.751644943293904,2.5133948608877446,20.416609999357238,-0.8385900651950361,20.75164494329392,59
2.5,0.2,0.05,0.02,0.16832424671458285,0.21,0.5182226942407075,0.01734735381139243,0.4819268700812113,1.3418755300734013,2.401932593949256,47.20719158735792,11.927034961838052,1.3418755300736935,2.4019325939493057,60
2.5,0.2,0.05,0.02,0.16832424671458285,0.207,0.42469471738031983,0.019265092827469993,0.4247190428755715,1.4992374932720514,0.7820628925103132,14.615333394069701,14.523874203816684,1.4992374932723338,0.7820628925105079,61
2.5,0.2,0.05,0.02,0.16832424671458285,0.203,0.501758670895088,0.02280613034666973,0.49825604447562993,2.8270034097867414,35.43484672158892,49.258154805349406,43.74427993998372,-2.8270034097869217,35.434846721588926,62
2.5,0.2,0.05,0.02,0.16832424671458285,0.185,0.49312242758517527,0.025117474669405622,0.4931358724544795,1.2154944231043,3.8763253199745806,31.467428961897344,21.66006216192846,-1.2154944231048137,3.8763253199747036,63
2.5,0.2,0.05,0.02,0.16832424671458285,0.178,0.49656075730544147,0.02830142171845758,0.4965235948125583,1.9286868184972086,28.035881283657577,70.8367845240925,19.320019644555593,-1.9286868184973023,-28.035881283657595,64
2.5,0.2,0.05,0.02,0.16832424671458285,0.2,0.5241088360312749,0.009328525806592748,0.4758735990841692,0.24030521069108549,19.007095623270015,25.52463673682222,2.148754168377574,0.2403052106913924,19.007095623270043,65
2.5,0.2,0.05,0.02,0.16832424671458285,0.194,0.3266774660594265,0.02895909322560177,0.3267459793649937,1.9926542571979242,0.008043986397360165,0.9401051918346965,21.319833902922582,1.9926542571979997,0.008043986427350693,66
2.5,0.2,0.05,0.02,0.16832424671458285,0.205,0.34969792783510545,0.026032278271542614,0.34979726551949003,2.2083779875777894,37.84761484180902,9.600993783692042,16.923481124071476,2.208377987578033,-37.84761484180901,67
2.5,0.2,0.05,0.02,0.16832424671458285,0.199,0.224047447666389,0.02916058811559371,0.22414919415261725,0.033422656826488095,36.21687125633266,34.862269810898226,33.719174138673246,-0.03342265682823611,36.21687125633266,68
2.5,0.2,0.05,0.02,0.16832424671458285,0.201,0.44155454106717645,0.02738020199791105,0.4418924351229338,1.6196756548090459,65.27057357497715,34.29647801503699,66.76781985206829,-1.619675654809307,65.27057357497715,69
2.5,0.2,0.05,0.02,0.16832424671458285,0.199,0.5372771766097787,0.01790487790824661,0.46278302998618387,1.070698002200097,20.071040521111676,57.63154414735785,34.632071874332134,-1.0706980022005228,-20.0710405211117,70
2.5,0.2,0.05,0.02,0.16832424671458285,0.191,0.42281760662628726,0.02682265170077936,0.42304006489412194,0.5400018425254476,46.00689212365277,25.519469797480415,36.08408152579752,0.5400018425260055,46.006892123652776,71
2.5,0.2,0.05,0.02,0.16832424671458285,0.226,0.5683825026261576,0.027264322932416783,0.43200218783001554,1.3878104129181557,20.900798149626382,14.569448498318318,82.22435413355132,1.3878104129181748,-20.900798149626393,72
2.5,0.2,0.05,0.02,0.16832424671458285,0.222,0.5024279013576838,0.02417312788886755,0.4974612818554985,0.20544828207823065,21.862817672996975,45.48500616188049,82.06486042398608,0.2054482820797369,-21.86281767299697,73
2.5,0.2,0.05,0.02,0.16832424671458285,0.21,0.4960801183859636,0.00354174977154186,0.49600127259137466,0.2444180803883929,14.542358753164214,17.910770756377392,8.042660554673153,0.24441808039010574,-14.542358753164244,74
2.5,0.2,0.05,0.02,0.16832424671458285,0.189,0.47895054833389883,0.027282047510307862,0.4789961671239894,0.8845919098745266,12.737193318108,9.875540038973387,80.35543904101974,-0.88459190987525,-12.737193318108003,75
2.5,0.2,0.05,0.02,0.16832424671458285,0.175,0.6832107628152253,0.029281409045825886,0.3174629746458865,1.6916530845599085,15.379725543968032,27.069236921102938,36.97039151137492,1.6916530845600928,-15.379725543968055,76
2.5,0.2,0.05,0.02,0.16832424671458285,0.223,0.38839936290871874,0.02939718817179894,0.3889864359829689,1.9206741713012532,28.632197557904266,9.271299964743768,48.27325678718743,1.9206741713013809,28.632197557904274,77
2.5,0.2,0.05,0.02,0.16832424671458285,0.212,0.4865136458685208,0.027945421386156105,0.4867010382901953,1.6851119697780255,37.7627226802934,32.58610867768297,75.98064177564036,1.6851119697780486,37.762722680293415,78
2.5,0.2,0.05,0.02,0.16832424671458285,0.181,0.7413601858905415,0.012302808355739563,0.25898670516296096,1.7129091462619348,18.112052363831793,,43.12404375472302,1.7129091462622543,18.11205236383182,79
2.5,0.2,0.05,0.02,0.16832424671458285,0.196,0.4666734449858774,0.004555985727683007,0.46667390639942835,1.0830825602587149,67.1326856627543,23.982466729907404,1.6366928410855512,1.083082560258961,67.1326856627543,80
2.5,0.2,0.05,0.02,0.16832424671458285,0.204,0.49437784242371074,0.02816764340995609,0.49438928374920177,1.016214747097516,48.91433060904704,47.69032738064502,6.42084848114724,1.0162147470983922,-48.914330609047056,81
2.5,0.2,0.05,0.02,0.16832424671458285,0.207,0.49274930549681795,0.028916895817049107,0.4928516833864376,0.31067240814976327,13.461164164230787,13.345315074064485,4.154206288856674,0.31067240815006814,13.461164164230771,82
2.5,0.2,0.05,0.02,0.16832424671458285,0.196,0.5458844181948593,0.024727266478755165,0.4543742978222036,1.257356422791092,88.47787417173006,54.58268910218349,51.9393621382831,1.2573564227913367,88.47787417173006,83
2.5,0.2,0.05,0.02,0.16832424671458285,0.183,0.37001713893513943,0.022478848458161282,0.37002587551737426,2.237256051380745,6.211116576323389,0.2831905756914475,1.561151150891336,-2.237256051380885,6.2111165763234695,84
2.5,0.2,0.05,0.02,0.16832424671458285,0.207,0.4991167417198435,0.02592419171140116,0.49902476337979246,0.8322413802814345,16.809280267599767,34.34921951634803,77.59227717959088,-0.8322413802822369,16.80928026759979,85
2.5,0.2,0.05,0.02,0.16832424671458285,0.211,0.5850038636288035,0.023904111939324173,0.4152317138791833,1.226685001699975,86.06809074388542,7.1228231001690565,14.322759685999886,1.2266850017002848,-86.06809074388542,86
2.5,0.2,0.05,0.02,0.16832424671458285,0.193,0.4950378804793739,0.025659993216564137,0.4950468445650069,0.8862152702235763,42.3958791748499,67.95753451933405,28.718965592490708,0.8862152702238718,-42.3958791748499,87
2.5,0.2,0.05,0.02,0.16832424671458285,0.217,0.5516356424120153,0.009410612687637118,0.44853683407170325,1.7391933805705353,2.5527124342924603,6.75687578995625,86.39274795891964,1.7391933805708963,2.552712434292625,88
2.5,0.2,0.05,0.02,0.16832424671458285,0.214,0.5477489633696573,0.028624417608697144,0.45251188661814684,1.842219170352471,73.16074112810382,29.42952055614436,50.82801970908904,-1.8422191703527013,73.16074112810382,89
2.5,0.2,0.05,0.02,0.16832424671458285,0.201,0.5744348168700685,0.0009220885762752503,0.42567650430097065,0.21439538891212198,3.5888709257111877,14.659926645290339,19.060981922493653,0.2143953889133934,3.588870925711317,90
2.5,0.2,0.05,0.02,0.16832424671458285,0.223,0.4580342813651024,0.016473667618385986,0.45813971162479317,2.7569264926667825,14.32122779145239,18.188887485568394,34.11086156137356,2.756926492666969,14.321227791452426,91
2.5,0.2,0.05,0.02,0.16832424671458285,0.202,0.6917314614524627,0.029308224882836968,0.3085808809867089,2.5160722692834763,40.631902588592396,18.669513094339305,0.3730047734464467,-2.5160722692836477,40.63190258859241,92
2.5,0.2,0.05,0.02,0.16832424671458285,0.195,0.569467566270029,0.008414718654811599,0.4307019167508895,1.6914344956136145,43.24377966303361,34.40126867063844,19.875604770421088,-1.6914344956138052,-43.243779663033614,93
2.5,0.2,0.05,0.02,0.16832424671458285,0.196,0.3436499382538604,0.021791332993171243,0.34367707485031695,0.06591580251554567,8.84719937638945,2.1255840329333457,25.05969079674942,-0.06591580251979899,-8.847199376389494,94
2.5,0.2,0.05,0.02,0.16832424671458285,0.211,0.5049359167383329,0.020477797272106912,0.495109934714183,0.4247444251833303,37.48201097328454,56.48085265672291,87.94552016873553,0.424744425183601,37.482010973284545,95
2.5,0.2,0.05,0.02,0.16832424671458285,0.21,0.264150363675574,0.0349410084414199,0.264343749488199,3.8873426660490127,20.689097059153504,31.623543799370022,70.24874208872748,-3.8873426660490518,20.689097059153504,96
2.5,0.2,0.05,0.02,0.16832424671458285,0.229,0.48046425373530127,0.01560434018389985,0.48044576790877974,0.11128170879716824,30.808233668632003,42.80278319013025,68.17428990385811,-0.111281708801882,30.808233668632003,97
2.5,0.2,0.05,0.02,0.16832424671458285,0.202,0.09227855479276192,0.04016426788803694,0.09217553965369739,0.2036442146476577,7.2726336677934835,2.0833936549605387,19.566097691862712,-0.2036442146496691,-7.272633667793474,98
2.5,0.2,0.05,0.02,0.16832424671458285,0.19,0.4866593629128233,0.018258492222763437,0.4867182789375872,4.247397844600925,4.199729697383124,85.37331755694706,83.30781695922374,4.247397844600954,-4.199729697383156,99
2.5,0.2,0.05,0.02,0.16832424671458285,0.182,0.4992027260945379,0.02561665655543172,0.4992016477090699,1.3183227315463455,73.88223420181878,72.57658809551833,57.48260726218328,1.318322731546408,-73.88223420181878,100
2.5,0.2,0.05,0.02,0.16832424671458285,0.208,0.5034686107312284,0.030289455804387244,0.4966049255758765,0.4084765259778695,44.03318113943696,36.178071181555474,14.42773067436375,0.4084765259782205,44.03318113943697,101
2.5,0.2,0.05,0.02,0.16832424671458285,0.181,0.5065000521054502,0.024931512913297003,0.4936051512500601,0.19217723841500117,82.35202060221516,42.73639675529388,36.966344996837506,-0.1921772384157902,82.35202060221516,102
2.5,0.2,0.05,0.02,0.16832424671458285,0.187,0.518246392914087,0.02495791056845445,0.4817784195831814,1.1003013385055067,18.855652296093783,51.18826538368397,64.1856854375871,1.100301338505848,18.855652296093787,103
2.5,0.2,0.05,0.02,0.16832424671458285,0.181,0.4225708279730711,0.02990791799562637,0.42297172053584786,0.8528214738811462,8.981525197369338,20.112064474967667,56.58648400607251,0.8528214738814875,8.981525197369354,104
2.5,0.2,0.05,0.02,0.16832424671458285,0.213,0.3261965633307025,0.026091033841491737,0.32622206272032184,0.44500514318687956,5.128765378883539,32.99043913238172,5.041298100581311,0.4450051431883329,5.128765378883625,105
2.5,0.2,0.05,0.02,0.16832424671458285,0.18,0.49696183564290153,0.02446622134118845,0.49708251862334324,4.999514087003373,67.43111172713077,64.1428503682891,83.21823804289144,4.999514087003429,-67.43111172713077,106
2.5,0.2,0.05,0.02,0.16832424671458285,0.186,0.2657309630305589,0.029703194247710073,0.2660449623308584,0.519823961073392,18.83848279506526,12.077915088930757,29.192392960841506,-0.5198239610734833,-18.838482795065275,107
2.5,0.2,0.05,0.02,0.16832424671458285,0.225,0.37897023175051214,0.011838283290562922,0.37901971012994773,0.014770167035154151,88.60619748694475,69.87438460057383,78.07673199692962,-0.014770167040721982,-88.60619748694475,108
2.5,0.2,0.05,0.02,0.16832424671458285,0.215,0.4920514171141045,0.02553694600439442,0.49213088952461653,3.0740751235216757,43.90120207480508,36.54748314934846,41.31312695818727,-3.0740751235218036,43.901202074805084,109
2.5,0.2,0.05,0.02,0.16832424671458285,0.211,0.4179450756766016,0.029266342814407896,0.4180971541117147,5.033800411165971,13.148873807890459,66.17310489244687,52.57058127549244,-5.033800411165953,13.148873807890475,110
2.5,0.2,0.05,0.02,0.16832424671458285,0.204,0.2148630769836049,0.03381927245039469,0.214989224544483,0.12202275949098114,21.171554426703235,5.262577636675928,29.079238869050023,0.12202275949217138,21.171554426703242,111
2.5,0.2,0.05,0.02,0.16832424671458285,0.198,0.5262486957101083,0.011950674071426966,0.47380299661385106,1.1695727619288814,17.107501070285235,62.35135403188404,34.20625252789611,-1.1695727619292016,-17.107501070285267,112
2.5,0.2,0.05,0.02,0.16832424671458285,0.181,0.6466910007576557,0.024348078370526105,0.35330758160413345,0.44869004093788223,38.17631629270617,32.318254033636485,8.507594232064273,-0.4486900409380511,-38.17631629270618,113
2.5,0.2,0.05,0.02,0.16832424671458285,0.184,0.5576043580644031,0.007550857760945339,0.4433217976962431,1.0282751534300762,2.0493994621873894,7.979454191328384,6.1161277395177756,-1.0282751534304164,2.049399462187547,114
2.5,0.2,0.05,0.02,0.16832424671458285,0.216,0.4958484443923974,0.026215426111711272,0.49565806947929714,3.438865513156813,59.46160034130571,47.22779696760976,19.19439535222629,3.438865513156899,59.46160034130571,115
2.5,0.2,0.05,0.02,0.16832424671458285,0.197,0.5103098981977829,0.004320426209409999,0.4896782701685916,0.7208548350644094,6.61064963076687,54.47919422717236,25.97629054000051,0.7208548350645398,-6.610649630766889,116
2.5,0.2,0.05,0.02,0.16832424671458285,0.185,0.11493699462261815,0.037294221339938746,0.1151218023328106,0.20824079392042527,18.763972925876523,16.577819581014946,44.5881277780862,0.20824079392408998,-18.763972925876537,117
2.5,0.2,0.05,0.02,0.16832424671458285,0.205,0.8083151189155708,0.007393256690582715,0.19185282049714703,0.9440403805213072,15.85199884886127,,62.22719728138391,0.9440403805215937,-15.851998848861292,118
2.5,0.2,0.05,0.02,0.16832424671458285,0.196,0.2890236545167128,0.023231616497851788,0.2891501992906955,0.5403128387853274,1.2596237123659693,16.966962861774515,37.614735369962105,0.5403128387863224,-1.2596237123662422,119
2.5,0.2,0.05,0.02,0.16832424671458285,0.194,0.6684241089023378,0.016969303728921872,0.3315359728656612,0.3943725088457782,57.602716434221215,46.410149569474534,77.63598545948005,-0.39437250884558817,-57.602716434221215,120
2.5,0.2,0.05,0.02,0.16832424671458285,0.22,0.5359097867859641,0.02397335883087412,0.4640902183682214,0.8274199489201702,10.782554415569614,9.954473374371053,75.57509407472303,0.8274199489202115,-10.782554415569669,121
2.5,0.2,0.05,0.02,0.16832424671458285,0.206,0.6654590276303052,0.025202077444878963,0.3345705366420674,2.823215385231671,70.92943785970229,54.38653956708455,49.37193336019601,2.823215385231812,-70.9294378597023,122
2.5,0.2,0.05,0.02,0.16832424671458285,0.193,0.49496277973970804,0.022851158934960175,0.49503828415872403,1.9879036819346634,35.19163830669036,58.28053355183015,44.10258759317007,-1.9879036819348148,-35.19163830669035,123
2.5,0.2,0.05,0.02,0.16832424671458285,0.168,0.45630971425264694,0.011377378049831896,0.45652873352861856,0.9123600180483566,8.030356934608392,8.340039131537875,11.391896695675761,0.9123600180484654,8.030356934608449,124
2.5,0.2,0.05,0.02,0.16832424671458285,0.199,0.5007747603436483,0.029590003101509894,0.49926128651110385,2.177244443859145,25.034153958097132,47.86298249286967,41.49903337554138,-2.1772444438591863,25.03415395809714,125
2.5,0.2,0.05,0.02,0.16832424671458285,0.195,0.4372875833515934,0.02100675187161395,0.4374963666726857,0.4207654937659257,61.553739310497036,11.061738485355654,0.820493008829546,0.42076549376641736,61.553739310497036,126
2.5,0.2,0.05,0.02,0.16832424671458285,0.219,0.2637665673539784,0.036283508881267544,0.26391232153253785,0.6990264509589731,22.88989821330082,23.18436284178803,32.774539607427585,0.6990264509586145,-22.889898213300842,127
2.5,0.2,0.05,0.02,0.16832424671458285,0.197,0.3927460099816393,0.029696445545030793,0.3933472849595198,3.2427521278372238,40.08839657852712,14.011417701153896,22.079763292583937,-3.242752127837211,-40.088396578527124,128
2.5,0.2,0.05,0.02,0.16832424671458285,0.2,0.3809125020780752,0.03067183690291636,0.3815409107215729,0.2209898198587054,10.372205227061794,27.316107495405173,0.5627829578111496,0.22098981986023855,-10.372205227061828,129
2.5,0.2,0.05,0.02,0.16832424671458285,0.204,0.41261609673594274,0.013061713255822765,0.41288258970658354,1.8436243076070702,14.267587761328311,29.100521599488435,4.534166889881026,-1.8436243076072838,-14.267587761328313,130
2.5,0.2,0.05,0.02,0.16832424671458285,0.185,0.49154297058397173,0.02537793996230673,0.49168463523124717,0.3216850485317777,15.509478710390118,39.06145594555739,5.663782214936457,-0.32168504853316515,-15.50947871039017,131
2.5,0.2,0.05,0.02,0.16832424671458285,0.199,0.7358615783353748,0.030759299990383474,0.2645254284271384,1.884553938801399,13.879753610053909,3.995177792628466,30.028440664132326,-1.8845539388013386,-13.879753610053905,132
2.5,0.2,0.05,0.02,0.16832424671458285,0.18,0.5019407419771565,0.02264819798417767,0.49803870979842735,0.8580476533762084,20.980003735635698,33.744309333445784,35.897090294421346,-0.858047653376486,20.980003735635727,133
2.5,0.2,0.05,0.02,0.16832424671458285,0.176,0.4918104607477769,0.010035196427649204,0.49187183399749684,0.0720608139346665,16.89608086403761,39.716670511732914,33.89939528597545,0.0720608139434793,16.896080864037604,134
2.5,0.2,0.05,0.02,0.16832424671458285,0.195,0.516950132027349,0.02214798208377769,0.4831852322730001,3.452074011514571,18.793854763255606,79.25504926548939,67.97276742352388,-3.4520740115146804,18.793854763255613,135
2.5,0.2,0.05,0.02,0.16832424671458285,0.197,0.49867070963434107,0.026247240538628747,0.4987153462535411,0.3189731487620201,3.095346436423684,32.40396356989438,78.16328099134184,0.3189731487615434,-3.0953464364236924,136
2.5,0.2,0.05,0.02,0.16832424671458285,0.199,0.5859474399306643,0.022648242931556418,0.4141440669677962,1.0124474016000515,27.278369894244477,10.57268782115121,87.45275411193187,1.0124474016003735,27.27836989424448,137
2.5,0.2,0.05,0.02,0.16832424671458285,0.194,0.5307934581173368,0.007638049783839915,0.46921165800183307,3.823063639829918,85.1048710067601,27.300268771274077,19.001871862672733,3.823063639830001,85.1048710067601,138
2.5,0.2,0.05,0.02,0.16832424671458285,0.208,0.23376485092116955,0.02721807829765002,0.2337634876494154,2.221646698809875,2.5745880287470992,3.6366592233421535,13.032997038942405,-2.2216466988100314,-2.5745880287472547,139
2.5,0.2,0.05,0.02,0.16832424671458285,0.195,0.3053359304642124,0.03325154715072593,0.30537814442134326,1.433699993233935,55.45581918128091,52.37708107222195,24.949502807360787,-1.4336999932338939,-55.45581918128091,140
2.5,0.2,0.05,0.02,0.16832424671458285,0.208,0.442793130873312,0.02421485772384411,0.44287249520887817,3.4005912425121463,89.74794090672229,58.60213234608819,37.55486573959149,-3.4005912425122546,89.74794090672229,141
2.5,0.2,0.05,0.02,0.16832424671458285,0.179,0.6291016576976225,0.025966680856411576,0.3711239712137326,2.6511301789762425,53.17595726752917,5.065636618917234,7.4746370285334,-2.6511301789763193,53.17595726752917,142
2.5,0.2,0.05,0.02,0.16832424671458285,0.223,0.7739363892638326,0.026936187991869278,0.2261260421163807,1.5291804667962474,10.433536921181727,33.92163017715669,31.059030299274905,-1.5291804667965028,-10.433536921181744,143
2.5,0.2,0.05,0.02,0.16832424671458285,0.206,0.33009996593384483,0.03037616048032772,0.33011899462643807,2.497731508406244,47.333585745435876,27.813738868879643,50.68597468862934,2.4977315084064458,47.333585745435876,144
2.5,0.2,0.05,0.02,0.16832424671458285,0.21,0.7520491148775375,0.03250795790818012,0.24779400953098116,2.774753525160031,27.40664130004368,2.305089337008525,29.09243808630906,-2.7747535251600457,27.40664130004368,145
2.5,0.2,0.05,0.02,0.16832424671458285,0.2,0.2824199242930795,0.03444945756192484,0.282892331605674,0.6458146580940918,14.254004195491877,10.15330331170723,2.113943232625048,0.645814658094347,14.254004195491898,146
2.5,0.2,0.05,0.02,0.16832424671458285,0.201,0.44834340604702344,0.024191819026145697,0.44860855163494556,2.0302496087373427,33.76683153647779,22.67052247745726,32.18789470864302,-2.030249608737395,33.7668315364778,147
2.5,0.2,0.05,0.02,0.16832424671458285,0.195,0.7354123691693436,0.024577152696749767,0.26464502801389655,0.12032947836602471,3.343196689720846,7.92932069080628,71.72659374929925,-0.12032947836765617,-3.343196689720807,148
2.5,0.2,0.05,0.02,0.16832424671458285,0.202,0.38334726105071776,0.02722867173350036,0.38342040743490946,1.2001916667478123,10.823260417045285,3.648676813927683,4.44609356561299,1.2001916667481298,10.8232604170453,149
2.5,0.2,0.05,0.02,0.16832424671458285,0.191,0.4197960381393716,0.02759472306617229,0.4199175666831403,0.2929788500799937,41.37786820346673,44.797350127322716,18.09234764476903,0.2929788500812112,-41.37786820346675,150
2.5,0.2,0.05,0.02,0.16832424671458285,0.205,0.5833271258248852,0.026005064792365508,0.41686650418342375,3.2034354055743433,42.031619826074134,9.290250575623313,21.30082067899801,3.203435405574426,-42.03161982607414,151
2.5,0.2,0.05,0.02,0.16832424671458285,0.199,0.646515955019026,0.019894049289058986,0.3534721853047743,1.8749077052515275,9.827131388036337,71.70263071735353,35.757752253289205,1.8749077052520149,-9.827131388036427,152
2.5,0.2,0.05,0.02,0.16832424671458285,0.186,0.7410850422719795,0.009855610358505231,0.2588804806748414,0.21636987611977326,6.268194938631932,,6.721395781393578,-0.21636987612026476,-6.268194938631955,153
2.5,0.2,0.05,0.02,0.16832424671458285,0.205,0.42796239114569584,0.030282708793419287,0.4280664429270326,1.0370367558582319,7.176940399683899,10.443089468387873,22.886534367365645,-1.0370367558585445,7.1769403996838665,154
2.5,0.2,0.05,0.02,0.16832424671458285,0.204,0.501601915749779,0.012369297626495485,0.49855890717858997,0.5358044948717102,30.45401782766209,9.22946995961395,34.934469785692166,-0.5358044948726279,30.454017827662096,155
2.5,0.2,0.05,0.02,0.16832424671458285,0.194,0.43042073797878966,0.022736677008188814,0.4305223974324631,1.2129150276306835,5.654559556865948,54.220463085180484,59.3524918697705,1.2129150276308276,-5.654559556865971,156
2.5,0.2,0.05,0.02,0.16832424671458285,0.201,0.7933326526463083,0.025484512066954085,0.2074375614422601,0.15254842075192976,83.06420843973171,,1.2774375266035145,-0.15254842075410385,83.06420843973171,157
2.5,0.2,0.05,0.02,0.16832424671458285,0.208,0.5519105667853111,0.029639929281186347,0.4481901084827592,1.3246836647222366,45.963664608453065,16.00213959815472,51.990336234847355,1.324683664722483,45.96366460845307,158
2.5,0.2,0.05,0.02,0.16832424671458285,0.194,0.49328027481748715,0.020031149096483455,0.4933334820830701,0.9207699923916787,35.17821797005435,81.86246526936604,65.51047775319475,0.9207699923917134,-35.17821797005436,159
2.5,0.2,0.05,0.02,0.16832424671458285,0.171,0.48908643609903163,0.018839573970523743,0.48915549470330294,1.605741557952554,19.06381052079349,2.6388000659545487,16.351392468003187,-1.6057415579527308,-19.063810520793517,160
2.5,0.2,0.05,0.02,0.16832424671458285,0.196,0.5804880261242652,0.025813739612705486,0.41958565306842716,2.1490670089851944,66.74511486548266,9.28418002696175,15.910615875319182,2.1490670089852686,-66.74511486548266,161
2.5,0.2,0.05,0.02,0.16832424671458285,0.172,0.5661044701619566,0.02737623682219963,0.4339441249913982,2.8246729530303107,37.11007440329285,28.548648789064927,30.45011965255461,-2.824672953030444,37.11007440329285,162
2.5,0.2,0.05,0.02,0.16832424671458285,0.209,0.4576220791539519,0.027404724329306615,0.4578407154324512,1.4957856854357323,25.491136924999864,1.045292645062413,24.13196183197554,-1.4957856854357507,25.49113692499988,163
2.5,0.2,0.05,0.02,0.16832424671458285,0.196,0.6780102654774873,0.024383513683837565,0.3220643535332089,1.1099898535927875,73.25631719949138,36.145522742352696,58.776194671080674,-1.1099898535931483,-73.25631719949138,164
2.5,0.2,0.05,0.02,0.16832424671458285,0.213,0.4414577628231839,0.027861361555118057,0.4417587959078381,2.1690175890902488,88.13190929038453,4.615471851653342,37.30770570451796,2.169017589090308,-88.13190929038453,165
2.5,0.2,0.05,0.02,0.16832424671458285,0.2,0.2089151000064478,0.03486623085739332,0.20879084284816815,0.5523149048754716,0.02926149679441878,1.2303579130107818,24.809032514302274,0.5523149048757848,-0.029261496809619748,166
2.5,0.2,0.05,0.02,0.16832424671458285,0.171,0.6524231940611332,0.02900694791487219,0.3479764039225667,0.8986638713252048,68.9042941431623,61.76550419576386,18.53602903064514,0.898663871326022,-68.90429414316232,167
2.5,0.2,0.05,0.02,0.16832424671458285,0.196,0.49843762409860365,0.024682572120509054,0.49843528354909394,1.001707062527572,84.54887889727512,79.53030371478471,86.35551527511898,1.001707062527739,-84.54887889727512,168
2.5,0.2,0.05,0.02,0.16832424671458285,0.204,0.5244343219310115,0.0030552497685159058,0.4756235248617527,1.4333642514594018,7.483394965604742,22.299008329435747,83.00583832622324,-1.4333642514593974,-7.483394965604762,169
2.5,0.2,0.05,0.02,0.16832424671458285,0.197,0.5000003836054095,0.02542734112730563,0.4999915077628639,1.5726169588278929,33.08146791825385,38.71455478103869,69.4223594485628,-1.5726169588280603,33.08146791825386,170
2.5,0.2,0.05,0.02,0.16832424671458285,0.199,0.3975027799800256,0.013643813710870423,0.39769296258320685,3.3994189350103046,0.3922716152854246,4.626163502927556,12.466574366230843,3.3994189350104387,0.39227161528608656,171
2.5,0.2,0.05,0.02,0.16832424671458285,0.195,0.5544591743318315,0.031259571341356006,0.4458112494010824,2.18425764407755,8.416847019527165,10.17522014084015,74.64909370660096,2.184257644077793,-8.416847019527195,172
2.5,0.2,0.05,0.02,0.16832424671458285,0.185,0.3404147903353479,0.032184239782783196,0.34024744751611286,1.3942845390055232,16.03200598918161,6.865345959365713,88.07720916517957,1.3942845390058491,-16.03200598918164,173
2.5,0.2,0.05,0.02,0.16832424671458285,0.192,0.29682206549269163,0.026626198145338693,0.2968694475570028,1.5829633320490728,57.891537585959895,25.317636924971804,34.33669770579055,1.5829633320492833,57.891537585959895,174
2.5,0.2,0.05,0.02,0.16832424671458285,0.2,0.17902398568225072,0.03649350482278004,0.1800846804042729,1.197104234635692,10.026604928001856,8.02127508916416,83.0200986215365,-1.197104234635817,-10.026604928001897,175
2.5,0.2,0.05,0.02,0.16832424671458285,0.19,0.6091180374672202,0.011270270488291198,0.39088214229196483,1.250657324301319,28.243988850779825,6.717629119527576,33.722428909418014,-1.2506573243016148,28.24398885077984,176
2.5,0.2,0.05,0.02,0.16832424671458285,0.21,0.6402180662113168,0.021641736521316277,0.35975781931800677,0.09050861739069797,1.564916538924328,14.780238555028216,42.150934093037165,-0.09050861740016522,1.5649165389247195,177
2.5,0.2,0.05,0.02,0.16832424671458285,0.219,0.5016714595609261,0.028042831848855157,0.4983100339557857,0.9922996311870408,74.18258029364799,53.23434512180172,15.813848857597177,-0.9922996311870579,-74.18258029364799,178
2.5,0.2,0.05,0.02,0.16832424671458285,0.189,0.30248175342457817,0.03312689422871437,0.3025755448320259,1.7715941572514833,2.8571358061221885,8.52381439849192,8.087036976076119,1.7715941572515759,-2.857135806122294,179
2.5,0.2,0.05,0.02,0.16832424671458285,0.2,0.2242040263575512,0.03151698134719741,0.22430536571646834,2.0016628205648357,14.533643078175187,7.112432970328157,15.23088406233746,-2.0016628205649116,-14.533643078175196,180
2.5,0.2,0.05,0.02,0.16832424671458285,0.173,0.49745793563002233,0.029058224721888803,0.49746554816869754,0.7618325496456472,19.51878345686177,84.40960151482624,61.30258170264288,-0.761832549646427,19.51878345686179,181
2.5,0.2,0.05,0.02,0.16832424671458285,0.197,0.4930713749702088,0.02130343355127983,0.4931103401658022,1.1349025368545915,63.98924685746993,50.79421518891894,57.96614995987201,-1.1349025368547307,63.98924685746993,182
2.5,0.2,0.05,0.02,0.16832424671458285,0.184,0.5020873248244908,0.024723776821460482,0.4978289369549285,3.219574787919368,36.15282173603799,79.9552208319106,18.40850522649791,-3.2195747879193646,-36.15282173603801,183
2.5,0.2,0.05,0.02,0.16832424671458285,0.21,0.8834953987593365,0.009902324307718587,0.11659371190165776,0.14626949556409563,10.012474690024218,,37.676456663096175,-0.1462694955668178,10.012474690024211,184
2.5,0.2,0.05,0.02,0.16832424671458285,0.208,0.4973452427443184,0.02360927827498384,0.4973953863855545,1.542416054539586,1.7098790642158337,23.232038779059554,9.301536514705832,-1.542416054539531,1.7098790642159418,185
2.5,0.2,0.05,0.02,0.16832424671458285,0.184,0.33294215984147785,0.01992878851725439,0.33301799887143374,1.032471844530561,6.65555227120451,8.946156629375773,5.64117669670677,1.0324718445306746,-6.655552271204546,186
2.5,0.2,0.05,0.02,0.16832424671458285,0.181,0.17851745472065578,0.03469766684916683,0.17853605686677165,0.7488154219121085,13.072176803694152,15.281681656524919,4.493956812979336,-0.7488154219129035,-13.072176803694202,187
2.5,0.2,0.05,0.02,0.16832424671458285,0.219,0.48062142268459374,0.02630628560899731,0.4808138152649048,0.5438073130390961,14.300305194176465,86.77733737487206,18.153816641336856,-0.5438073130392952,14.300305194176454,188
2.5,0.2,0.05,0.02,0.16832424671458285,0.194,0.5365275264561802,0.03094117684434105,0.4634830685099178,0.054453077736819004,78.04823919166084,18.292089469509172,37.2292411143102,0.05445307774072384,-78.04823919166084,189
2.5,0.2,0.05,0.02,0.16832424671458285,0.194,0.5993907075207727,0.026090307822612836,0.40108855132767873,1.8253239157808812,54.186339584203985,64.98182625152795,86.5707071969654,-1.8253239157811991,-54.186339584203985,190
2.5,0.2,0.05,0.02,0.16832424671458285,0.22,0.8623597857128358,0.033282085301590186,0.1379413081160154,0.7926909181257209,3.3779492997519727,4.343760352711992,21.952679692859164,-0.7926909181256695,3.377949299751944,191
2.5,0.2,0.05,0.02,0.16832424671458285,0.214,0.357917574125262,0.019977687406887414,0.3580075707658211,0.39999913307114937,58.108126483728306,40.682456889833176,8.802135112263516,-0.39999913307083107,-58.10812648372831,192
2.5,0.2,0.05,0.02,0.16832424671458285,0.205,0.763208132310004,0.016387881017309,0.23709866341741617,1.1064712517070903,41.694501381030555,,81.94386189323137,-1.1064712517071444,41.694501381030555,193
2.5,0.2,0.05,0.02,0.16832424671458285,0.21,0.5076917437883119,0.01980793143476222,0.4923473302415887,0.046292099016302206,49.00878971008436,29.93763780739501,2.321927451228714,-0.046292099028051446,49.008789710084365,194
2.5,0.2,0.05,0.02,0.16832424671458285,0.189,0.4945699367289812,0.022152962141674844,0.4946503597144902,1.058230318617184,22.447005253986465,54.874901049124254,56.952578163382704,-1.058230318617318,-22.447005253986482,195
2.5,0.2,0.05,0.02,0.16832424671458285,0.198,0.551478012196,0.0244484960638652,0.4485829978928629,2.425017482115619,9.956456363971078,14.361797030409557,5.715007840723103,2.4250174821157247,-9.956456363971132,196
2.5,0.2,0.05,0.02,0.16832424671458285,0.196,0.5035738673681533,0.024703634324115598,0.49636138343355085,2.6345107335358393,44.77040198507176,85.77301063498429,10.014619513754,2.634510733535903,-44.77040198507176,197
2.5,0.2,0.05,0.02,0.16832424671458285,0.194,0.5015031322435285,0.02335374262798936,0.4985184745296613,0.653515096845989,79.23377905301265,3.6879307460060975,54.117896683428235,-0.6535150968461567,79.23377905301265,198
2.5,0.2,0.05,0.02,0.16832424671458285,0.184,0.1371057258030377,0.03166544002408095,0.13724403080001785,0.5597833815157611,51.881614298178874,60.30533446483965,33.06331010516415,0.5597833815169331,-51.88161429817888,199
2.5,0.35,0.05,0.02,0.07706409328151355,0.348,0.26643869226310113,0.01370108900737178,0.2664625090874025,0.7636824955687046,66.81784502982228,58.110990714248125,64.43006664819585,-0.7636824955691454,-66.81784502982228,0
2.5,0.35,0.05,0.02,0.07706409328151355,0.373,0.5466146455666536,0.006169463967135443,0.4533886208959961,0.9493477370084143,83.46068827844675,79.68307317920005,75.97218156228023,-0.9493477370088085,83.46068827844675,1
2.5,0.35,0.05,0.02,0.07706409328151355,0.355,0.613264504591334,0.026099465034197335,0.3867402468700637,0.41691549862049937,30.45540132460917,40.859850139730604,67.22272777805178,0.41691549862167515,30.45540132460917,2
2.5,0.35,0.05,0.02,0.07706409328151355,0.365,0.47020909524371235,0.005978637248297607,0.47022522225039687,0.7444298327907966,73.49917187386212,73.33162929639023,19.736958752116852,-0.7444298327913251,73.49917187386212,3
2.5,0.35,0.05,0.02,0.07706409328151355,0.371,0.45043006906004324,0.008698110555376703,0.45044656140230904,3.2603700807626836,9.999047335544988,85.09433280972185,54.799518379447925,3.2603700807626064,9.99904733554504,4
2.5,0.35,0.05,0.02,0.07706409328151355,0.348,0.4710620111877495,0.024471436591980943,0.47113032009725847,1.7404001321769673,44.117979286660194,62.94919168732134,60.41078252501747,1.7404001321770912,-44.1179792866602,5
2.5,0.35,0.05,0.02,0.07706409328151355,0.384,0.5440489632623317,0.029980590420605906,0.4561657643190997,1.133669092175098,1.9527809294594436,37.589969805115736,6.684706090524624,1.1336690921755395,-1.9527809294596765,6
2.5,0.35,0.05,0.02,0.07706409328151355,0.373,0.4931458860208899,0.03161110737240587,0.49320630751841754,1.5165505823528445,28.065728853174512,65.92516191828273,13.326749606612008,1.5165505823532368,28.065728853174534,7
2.5,0.35,0.05,0.02,0.07706409328151355,0.389,0.49570498843256733,0.025547505362136912,0.4958232234751484,4.034914670536109,22.69619160372554,19.92736967979168,64.12892943077946,-4.034914670536132,-22.69619160372555,8
2.5,0.35,0.05,0.02,0.07706409328151355,0.363,0.5965561352910808,0.032323086843671384,0.40371062997260193,0.4083056259577921,12.51748715205089,47.432790286514276,4.867237600497518,-0.4083056259578079,-12.517487152050897,9
2.5,0.35,0.05,0.02,0.07706409328151355,0.355,0.31777126158036806,0.021521768080004805,0.31786451716277436,0.4837448567054188,25.030954599571057,22.641593429046793,7.527990882977002,-0.48374485670589745,25.030954599571064,10
2.5,0.35,0.05,0.02,0.07706409328151355,0.339,0.32915540006346033,0.03415851110763794,0.32899681599744723,2.179191365348955,31.16682138834282,37.23861652923685,7.317163216835964,2.1791913653489727,-31.16682138834284,11
2.5,0.35,0.05,0.02,0.07706409328151355,0.355,0.344287164651102,0.03064899298418032,0.3443198283931708,0.49650698400373294,39.36634827638894,34.64352610286601,49.35030972348139,-0.4965069840040156,39.36634827638895,12
2.5,0.35,0.05,0.02,0.07706409328151355,0.356,0.6394822955702498,0.021300442141979563,0.36054237183172577,0.24274273731224782,38.41908203845102,64.61912643892353,45.237678282454624,0.24274273731203488,38.41908203845102,13
2.5,0.35,0.05,0.02,0.07706409328151355,0.369,0.2750507718686873,0.03219302362037498,0.2753058948880369,3.018273551735034,62.86456609430268,73.7324930849842,25.71781008014014,-3.018273551735245,62.864566094302695,14
2.5,0.35,0.05,0.02,0.07706409328151355,0.382,0.5329020159413308,0.02084447277711758,0.4670857986342837,0.746899460889689,39.83883533026959,16.995948705423363,3.920873784405529,0.7468994608898696,39.838835330269596,15
2.5,0.35,0.05,0.02,0.07706409328151355,0.347,0.5074283503633228,0.027591524213344137,0.49269213584895966,0.12109657275342853,59.65809897610174,79.11553833477606,47.83185993367003,0.1210965727560629,59.65809897610175,16
2.5,0.35,0.05,0.02,0.07706409328151355,0.374,0.46238212862844036,0.009100481682002469,0.4623933044227886,0.2859011448804811,14.145192580842147,33.4975494645479,82.87121048819033,0.28590114488171325,-14.145192580842181,17
2.5,0.35,0.05,0.02,0.07706409328151355,0.346,0.5777693741208354,0.026669500180835325,0.4222920122391192,2.902341224081829,13.444108731316089,30.822841159679744,53.251936260958665,-2.902341224081967,13.44410873131612,18
2.5,0.35,0.05,0.02,0.07706409328151355,0.347,0.3151604919752278,0.03038348964314671,0.31548804013219905,0.7266357427008315,1.8346327294903393,13.409686064479342,64.80327938471858,-0.7266357427015203,-1.8346327294902987,19
2.5,0.35,0.05,0.02,0.07706409328151355,0.337,0.4972651388021294,0.024173534099636428,0.49734179932171907,3.2078937952236193,0.08075940548185652,66.79753697853943,56.50827386001536,-3.2078937952238356,-0.08075940548836545,20
2.5,0.35,0.05,0.02,0.07706409328151355,0.336,0.6459132573302031,0.02955530278863893,0.3542766062608369,0.11269336197515005,87.96379621807412,32.19934899375953,83.21530045852153,0.11269336197949205,87.96379621807412,21
2.5,0.35,0.05,0.02,0.07706409328151355,0.355,0.6088624172344569,0.031079988044304722,0.39155117680318163,0.9895846711744581,86.57451747849458,64.89835208351829,72.25463990703237,0.9895846711747304,86.57451747849458,22
2.5,0.35,0.05,0.02,0.07706409328151355,0.341,0.17582566813217518,0.034424408777913224,0.17635871407853235,3.5454678449778663,24.720935671705398,25.4108062389126,1.2758896307003462,3.5454678449779298,24.720935671705416,23
2.5,0.35,0.05,0.02,0.07706409328151355,0.352,0.3723556755118056,0.020877960108379605,0.3724492771863263,1.1381377559935122,85.95858505697939,44.3392726773534,39.72036381484755,1.1381377559939914,85.95858505697939,24
2.5,0.35,0.05,0.02,0.07706409328151355,0.345,0.5059603003887347,0.03033392052184998,0.4940440868335762,1.9320303825041967,10.276473458339652,53.10305997892754,6.291462237674998,-1.9320303825045004,-10.276473458339693,25
2.5,0.35,0.05,0.02,0.07706409328151355,0.333,0.4792294793401447,0.012689713295404154,0.47922408494473395,0.9946439439224899,74.90660967899596,72.06642045205749,40.270141349764565,-0.9946439439225404,74.90660967899596,26
2.5,0.35,0.05,0.02,0.07706409328151355,0.336,0.5373205202157122,0.029105010103099384,0.46286842109045706,0.535690071067228,44.56534286484425,35.26080367082371,55.45331310241954,-0.5356900710673532,-44.565342864844254,27
2.5,0.35,0.05,0.02,0.07706409328151355,0.325,0.19810302323350584,0.03023477691296838,0.19856837022451562,1.3001512053383673,21.442999825704316,11.658997412925038,59.36349735174268,-1.3001512053384634,-21.44299982570432,28
2.5,0.35,0.05,0.02,0.07706409328151355,0.346,0.6572291201974936,0.030819786599873528,0.3429640636001433,1.1206910540929815,21.51998161088107,44.03491243283722,78.64211852165397,-1.1206910540934716,21.519981610881086,29
2.5,0.35,0.05,0.02,0.07706409328151355,0.335,0.31824502609275673,0.02999442909519698,0.31832185215942344,0.07667935189006174,45.963345650435066,76.43864827245777,13.768086782877926,-0.07667935189236502,-45.96334565043508,30
2.5,0.35,0.05,0.02,0.07706409328151355,0.384,0.500361517296582,0.026589444361577796,0.4996334724981464,2.693037267439534,36.22911485907937,17.711189972946233,54.04760432518525,-2.693037267439729,-36.229114859079374,31
2.5,0.35,0.05,0.02,0.07706409328151355,0.347,0.551303688703561,0.011069444680267623,0.44866877732407795,1.0441625294586143,61.275794291962086,3.0255480973707103,79.06447555702721,1.044162529458953,-61.275794291962086,32
2.5,0.35,0.05,0.02,0.07706409328151355,0.352,0.3727289131802571,0.03154547614302029,0.37343728787147984,1.5902861666206127,85.47170998611386,77.26313199273534,76.2100475387921,1.5902861666207924,85.47170998611386,33
2.5,0.35,0.05,0.02,0.07706409328151355,0.376,0.19083043544198522,0.009230571670653158,0.19105123628224233,1.7455058531905474,58.66222300483892,,87.83857180550082,-1.745505853190535,58.66222300483892,34
2.5,0.35,0.05,0.02,0.07706409328151355,0.343,0.16860772257859408,0.03881243380801981,0.16908282458957238,1.0507629494384745,7.393194341903924,9.915114372930796,36.49180028286304,1.0507629494385406,-7.393194341903945,35
2.5,0.35,0.05,0.02,0.07706409328151355,0.337,0.2164952209939489,0.029951593909273676,0.21667577254561438,0.29029125164326036,76.99446255632009,39.13810519658998,43.48212351874541,0.29029125164456737,76.99446255632009,36
2.5,0.35,0.05,0.02,0.07706409328151355,0.341,0.6193761365713295,0.030214035548686874,0.38123706131802826,0.4275517358756285,80.968387368892,85.0946674205202,70.01675462806871,0.4275517358761375,-80.968387368892,37
2.5,0.35,0.05,0.02,0.07706409328151355,0.352,0.502099382355896,0.026772638075256844,0.4979634389376132,0.5873154882536807,13.916411578648756,48.22607953633956,59.76467303503353,0.5873154882544455,-13.91641157864878,38
2.5,0.35,0.05,0.02,0.07706409328151355,0.362,0.5501153696502392,0.024507544202721103,0.4499549011930737,0.42557559857636335,58.168311412554374,28.741597267385387,65.30813071773764,0.4255755985758689,58.168311412554374,39
2.5,0.35,0.05,0.02,0.07706409328151355,0.371,0.6208447015396804,0.005637582823942689,0.37913119457871586,1.0814544628753016,0.2635910611620164,22.583106076581256,8.070712511741325,1.0814544628753326,-0.26359106116280595,40
2.5,0.35,0.05,0.02,0.07706409328151355,0.349,0.5803664115946601,0.03048121127162283,0.4199299232009514,3.2317415498748034,45.977933821533654,76.41148853641263,57.84504707552122,3.2317415498749384,-45.97793382153367,41
2.5,0.35,0.05,0.02,0.07706409328151355,0.337,0.5075228693028411,0.023452248065896235,0.4924925712981343,0.9709094932725342,23.450019757965983,73.26040785317102,73.56533542230723,-0.9709094932730412,23.450019757965993,42
2.5,0.35,0.05,0.02,0.07706409328151355,0.316,0.2518141991620638,0.03399030602611843,0.2516567600169891,1.984269480003747,80.42691014010767,53.92236364246831,19.402796227916955,-1.9842694800040503,-80.42691014010768,43
2.5,0.35,0.05,0.02,0.07706409328151355,0.336,0.44671235136821463,0.024953567101076365,0.4469462283274538,0.7534906695472987,84.90030558447037,24.06739513903089,2.1632775053847983,-0.7534906695477389,84.90030558447037,44
2.5,0.35,0.05,0.02,0.07706409328151355,0.371,0.5079067951833495,0.028183968891673766,0.4922581810656506,0.8636340904433913,34.36622369634746,76.30807404137997,78.96811328830171,-0.8636340904434338,34.36622369634747,45
2.5,0.35,0.05,0.02,0.07706409328151355,0.366,0.4629935220150803,0.031293560809256826,0.4631773204736078,2.9878437011776486,84.23177574570833,28.111845938481043,86.05576792495364,2.9878437011776815,84.23177574570833,46
2.5,0.35,0.05,0.02,0.07706409328151355,0.375,0.5807550411356883,0.02506399345915976,0.4193829350858762,2.001091128344222,82.70747699949469,43.31881273884831,79.10267696169588,-2.0010911283444384,82.70747699949469,47
2.5,0.35,0.05,0.02,0.07706409328151355,0.371,0.16323272775443298,0.009137247655848621,0.16373562526602234,3.015627117752375,10.651877191757633,5.676348921940754,44.867827205638115,3.0156271177524068,10.651877191757691,48
2.5,0.35,0.05,0.02,0.07706409328151355,0.384,0.40178501474780765,0.028549440288483677,0.4019537647824283,2.6073805331689233,51.09222832834294,86.06853528265698,75.0224678167057,2.607380533169062,51.09222832834295,49
2.5,0.35,0.05,0.02,0.07706409328151355,0.331,0.34741532575522366,0.031299248238051476,0.34783446339756613,0.1053891943553299,9.60243128237365,19.126398819650156,32.81968622035065,-0.10538919435878938,-9.60243128237366,50
2.5,0.35,0.05,0.02,0.07706409328151355,0.358,0.5131196175410416,0.02224980998694627,0.48692621842242023,0.20471870804542713,39.86086338001183,58.94256422815555,50.33218813854672,0.20471870804804096,-39.86086338001183,51
2.5,0.35,0.05,0.02,0.07706409328151355,0.362,0.48833741098109307,0.021368035055158958,0.4884018782826822,0.5354002324464379,4.458019563334965,36.41793139595601,71.52038711428368,-0.5354002324475079,4.458019563335038,52
2.5,0.35,0.05,0.02,0.07706409328151355,0.398,0.42771678113069017,0.012379608439293945,0.4278557410885089,2.692718127509952,41.58820564929969,32.518098025528964,17.550521367368198,2.6927181275101595,-41.5882056492997,53
2.5,0.35,0.05,0.02,0.07706409328151355,0.361,0.4789104809379246,0.0068800425527249225,0.4790335951501439,0.6612584806043186,47.9034771650034,73.17296807041178,72.02153897110657,-0.6612584806052002,47.9034771650034,54
2.5,0.35,0.05,0.02,0.07706409328151355,0.352,0.4854563205600574,0.02038588752971656,0.4855024946891701,0.149891607455215,46.05311820938549,82.58975571934982,44.82454092251412,0.14989160745909047,-46.0531182093855,55
2.5,0.35,0.05,0.02,0.07706409328151355,0.347,0.44958713452680293,0.028809190134967154,0.4498398282167117,3.8943321568374305,57.175830639896375,81.1172569802499,4.695601157833062,3.894332156837638,57.17583063989638,56
2.5,0.35,0.05,0.02,0.07706409328151355,0.337,0.14171568744535193,0.00835094512972088,0.14192094684403697,0.16448784847906658,81.46148604873822,70.20778627761158,28.172401865823332,0.16448784848212225,-81.46148604873822,57
2.5,0.35,0.05,0.02,0.07706409328151355,0.313,0.49490712434697265,0.02495915817980309,0.4949656333370363,1.340867191574891,4.24573110927642,62.40229023899685,17.921368741127175,1.340867191575152,4.245731109276515,58
2.5,0.35,0.05,0.02,0.07706409328151355,0.366,0.6214396046589982,0.02532463827821687,0.3785722089078446,0.030831796884029858,41.806289074501095,38.73748092255789,12.87375484165529,0.030831796894606897,-41.8062890745011,59
2.5,0.35,0.05,0.02,0.07706409328151355,0.357,0.696957220026154,0.0234181123553324,0.30307614485353807,0.44350814050560894,22.1688418815699,13.680635251815923,3.023259320591197,0.4435081405055329,22.1688418815699,60
2.5,0.35,0.05,0.02,0.07706409328151355,0.345,0.4837990766713891,0.019225031047049555,0.4838857219286267,0.36260142220409275,22.427225925364194,4.839822249714318,47.603660519527,-0.3626014222037233,-22.427225925364198,61
2.5,0.35,0.05,0.02,0.07706409328151355,0.328,0.12023089857817154,0.03872602968142406,0.12063813484435747,1.5574532195726007,9.912825350577421,9.084035317609015,9.398313086302535,-1.5574532195728716,-9.912825350577418,62
2.5,0.35,0.05,0.02,0.07706409328151355,0.344,0.3635090080412042,0.029114516505247365,0.3638336987109796,0.35251936584171295,36.48026405513518,49.87514345695908,79.61756439031912,0.35251936584293475,36.48026405513518,63
2.5,0.35,0.05,0.02,0.07706409328151355,0.35,0.4652122221494937,0.022161524662647033,0.46525553660133934,0.22117692971207692,68.52577157447895,40.538268443704624,22.74317184987696,-0.22117692971430666,68.52577157447895,64
2.5,0.35,0.05,0.02,0.07706409328151355,0.343,0.40004056935907384,0.02496302630851663,0.40012617360363273,0.43729428566004197,1.8575871436137672,27.32323505504023,41.00071394988499,-0.43729428566062106,-1.8575871436137947,65
2.5,0.35,0.05,0.02,0.07706409328151355,0.342,0.4950139777441301,0.025178116691892655,0.4949422407232771,2.6246652219290434,24.619914016721584,83.41697230094702,29.611186447536408,-2.6246652219290754,24.619914016721594,66
2.5,0.35,0.05,0.02,0.07706409328151355,0.36,0.5007569459480037,0.0300728947751848,0.49932660523498906,3.3630208465569273,86.14370481861425,53.992006680162746,75.06109104921175,3.363020846557194,-86.14370481861425,67
2.5,0.35,0.05,0.02,0.07706409328151355,0.325,0.5118613873586773,0.02451740431907164,0.4883112420324032,0.6677218176061303,62.02836411096251,25.344702624850665,59.11896533088387,0.6677218176067119,-62.02836411096249,68
2.5,0.35,0.05,0.02,0.07706409328151355,0.353,0.42213059476542514,0.013011145215018772,0.42212002556386746,0.7863771579567124,71.52248008494693,24.72254652308272,25.93913250414823,-0.7863771579571206,-71.52248008494693,69
2.5,0.35,0.05,0.02,0.07706409328151355,0.357,0.5005941706336919,0.024729785308065223,0.49939756760885085,2.853262987347507,78.01547002817003,54.50944755323881,40.74455950663726,-2.8532629873475597,-78.01547002817003,70
2.5,0.35,0.05,0.02,0.07706409328151355,0.368,0.4542472158820709,0.026378080662047908,0.4544637109274079,0.012516152349898401,57.159768623750836,15.711963528336575,18.109617752944438,0.012516152412656864,-57.15976862375084,71
2.5,0.35,0.05,0.02,0.07706409328151355,0.381,0.5612586535178387,0.028896098588938407,0.4387559265837899,0.7026569070518436,11.571325377762165,34.86871770997979,4.770773505523271,0.7026569070526879,-11.571325377762209,72
2.5,0.35,0.05,0.02,0.07706409328151355,0.38,0.48384034484750577,0.018756669150563978,0.48389372073616016,0.7861949087902403,86.89658117762498,40.51806383021002,82.23445359513678,-0.7861949087903982,86.89658117762498,73
2.5,0.35,0.05,0.02,0.07706409328151355,0.359,0.4961866069084133,0.029220967508208153,0.4962471578551903,0.2776556071614505,36.341640566373464,43.51429697148378,2.9208372973100816,0.2776556071624878,36.341640566373485,74
2.5,0.35,0.05,0.02,0.07706409328151355,0.337,0.23002592976544425,0.03145641691258427,0.23097255784049456,0.14931682442182367,48.119575874614306,18.971426190391504,15.946870391428087,-0.14931682442557356,-48.11957587461432,75
2.5,0.35,0.05,0.02,0.07706409328151355,0.357,0.40236934085958614,0.026772060576662746,0.4023830677379239,0.724027561300303,80.0069551049596,46.748912373715406,49.6152167517293,-0.7240275613006814,80.0069551049596,76
2.5,0.35,0.05,0.02,0.07706409328151355,0.341,0.6417355823827354,0.02474199834731872,0.3584848733428091,0.24559112884989417,17.430980614108257,74.41912626350972,21.71428265330159,0.24559112885100326,17.43098061410828,77
2.5,0.35,0.05,0.02,0.07706409328151355,0.338,0.43855203191801695,0.01296840810897723,0.43870975352764474,0.3750126384103887,5.829390835926989,64.6332027696046,77.94222201266632,0.37501263841179333,5.829390835927105,78
2.5,0.35,0.05,0.02,0.07706409328151355,0.356,0.4975094797900458,0.026963958240661876,0.4975626328028104,0.0712997568845004,30.13610682218787,51.60115064397173,34.588544883232544,-0.07129975688741409,30.136106822187873,79
2.5,0.35,0.05,0.02,0.07706409328151355,0.365,0.4477641950045113,0.017914954270806194,0.44780126079485694,1.7293305157914094,34.5621315585856,66.15165130472606,81.48983216733495,-1.7293305157915853,34.56213155858561,80
2.5,0.35,0.05,0.02,0.07706409328151355,0.344,0.3559516437281004,0.027953795432825283,0.35607229314938027,1.5268145566606561,76.16299994581694,66.72467348213108,78.96983842731605,-1.526814556660819,-76.16299994581694,81
2.5,0.35,0.05,0.02,0.07706409328151355,0.344,0.5764969004891018,0.031845002067629885,0.4238695890891744,2.0111945821295105,35.07217400117243,84.28096204605373,43.36018488304194,2.0111945821296215,35.07217400117243,82
2.5,0.35,0.05,0.02,0.07706409328151355,0.373,0.4944254896962007,0.023699633234327187,0.4943819070496805,0.5847435757854682,21.72241080525079,34.06131763220472,39.57187091633537,-0.5847435757861675,21.722410805250817,83
2.5,0.35,0.05,0.02,0.07706409328151355,0.347,0.39010596253930807,0.02173252107093082,0.39020141343032594,3.4445282118265714,19.71630607827761,34.87097410605438,82.76404059038285,3.4445282118267206,19.71630607827763,84
2.5,0.35,0.05,0.02,0.07706409328151355,0.351,0.6669100467169475,0.03178148133968283,0.3330102086491812,1.1507170394308521,69.90038559019078,4.9230417757950455,69.55065142603411,1.1507170394312056,-69.90038559019078,85
2.5,0.35,0.05,0.02,0.07706409328151355,0.328,0.38100677785116605,0.032201282126847926,0.38107109442921466,1.808860925700842,78.15247126170847,77.95351782979841,76.03559580385111,1.8088609257011083,78.15247126170847,86
2.5,0.35,0.05,0.02,0.07706409328151355,0.349,0.4983106487877986,0.026066600245368263,0.49843384477005415,1.5643640482220713,36.56481575448319,7.1442461986040575,47.414723896069866,-1.5643640482223322,-36.564815754483206,87
2.5,0.35,0.05,0.02,0.07706409328151355,0.352,0.6397705363388955,0.019245272765174695,0.3602840212456089,2.445243777000458,27.688583798228446,26.83215452948887,31.625860823150163,-2.4452437770005546,27.688583798228464,88
2.5,0.35,0.05,0.02,0.07706409328151355,0.341,0.21047457763828276,0.03285163577338344,0.21072687408250104,0.3555830967830437,35.65859721529669,20.89405441557881,30.909099782541873,-0.3555830967832307,35.65859721529669,89
2.5,0.35,0.05,0.02,0.07706409328151355,0.353,0.11019146556189341,0.012012291966612406,0.11020111924999985,0.44997924014116897,46.87080389893753,,22.158591417610992,0.44997924014202184,46.87080389893754,90
2.5,0.35,0.05,0.02,0.07706409328151355,0.351,0.5010367750064814,0.022439756484288694,0.4989090251360583,1.5525984601707798,29.58053106460634,19.222492133390293,34.16765510168995,1.5525984601710736,29.58053106460634,91
2.5,0.35,0.05,0.02,0.07706409328151355,0.352,0.550443033324301,0.02758271148830859,0.44963579047920504,0.10394711268964583,53.52868652790547,18.441988242610567,12.05237045873544,-0.10394711269377671,-53.52868652790548,92
2.5,0.35,0.05,0.02,0.07706409328151355,0.353,0.4262558611774995,0.031178085074560408,0.4265945583227578,2.091482150302887,13.613390840628353,24.58278717994446,12.682955897875715,-2.0914821503031766,13.613390840628407,93
2.5,0.35,0.05,0.02,0.07706409328151355,0.322,0.5704937595006109,0.030245793186678617,0.42982047983866917,0.2573021729974219,55.42114243760846,70.97411230166651,65.91029331883794,0.25730217299775776,55.42114243760847,94
2.5,0.35,0.05,0.02,0.07706409328151355,0.376,0.4906695852867639,0.031867450031857876,0.4907349153320497,1.401002844332982,6.379063966005686,39.20446502667558,27.388101493712856,1.4010028443329072,6.379063966005721,95
2.5,0.35,0.05,0.02,0.07706409328151355,0.34,0.48063332419799987,0.028986929811576728,0.4807806401770869,0.615520907157887,19.65582404772328,12.56796466636653,58.49949639286835,0.6155209071584262,-19.6558240477233,96
2.5,0.35,0.05,0.02,0.07706409328151355,0.365,0.5017168172828947,0.02598999076662229,0.4982917558192698,2.832712921366358,33.42172893632102,65.39737638182865,27.80902279126891,2.832712921366532,-33.421728936321024,97
2.5,0.35,0.05,0.02,0.07706409328151355,0.33,0.5041078745636662,0.026592766057125093,0.4958897902486602,0.6667545593090719,44.79952554632184,30.340296378276474,27.317779847182774,-0.6667545593090362,-44.799525546321846,98
2.5,0.35,0.05,0.02,0.07706409328151355,0.363,0.5643889931578611,0.025318845861542774,0.435947761212268,0.07725266006024144,60.58329677985744,75.70043567836603,59.82499193436184,-0.0772526600676202,60.58329677985744,99
2.5,0.35,0.05,0.02,0.07706409328151355,0.367,0.5414102846494347,0.021458948715885474,0.45862200981164414,1.49603041907441,64.17900167646242,89.07550584897419,23.632284975655566,-1.496030419074622,-64.17900167646242,100
2.5,0.35,0.05,0.02,0.07706409328151355,0.358,0.5033942761978867,0.0029945382034865806,0.4966194469233013,0.060427970575069816,34.807716901494565,47.041787754861886,70.23589870440958,0.06042797058214014,34.80771690149457,101
2.5,0.35,0.05,0.02,0.07706409328151355,0.364,0.502495438255616,0.03120943953863771,0.49758094194361774,0.7090238926788899,23.305155453037116,62.93791451499474,35.4596353675589,-0.709023892679356,-23.305155453037138,102
2.5,0.35,0.05,0.02,0.07706409328151355,0.368,0.199969160812529,0.017930135296800046,0.19998613146041902,1.8338554937153184,21.747919161481843,5.0476693639715124,12.560950485698225,-1.8338554937154594,21.74791916148184,103
2.5,0.35,0.05,0.02,0.07706409328151355,0.379,0.5984079413275402,0.02384455519768263,0.401635345214512,0.3588588620222452,55.12796993008373,76.83140663268357,81.56427425990678,0.3588588620220405,-55.12796993008373,104
2.5,0.35,0.05,0.02,0.07706409328151355,0.366,0.5118952838412174,0.0059324224905742545,0.488217842577506,0.13909622983072692,52.366203332677806,10.178290094612677,21.541030649647755,0.1390962298328792,52.366203332677806,105
2.5,0.35,0.05,0.02,0.07706409328151355,0.363,0.4991929336362582,0.027381615071131016,0.49913277554154056,1.4401977416926155,45.956814179432754,7.144701922221511,23.059488852775566,1.4401977416926701,-45.956814179432754,106
2.5,0.35,0.05,0.02,0.07706409328151355,0.353,0.3622573280271535,0.02810179653635808,0.36225851900657974,0.8670196907244778,21.72862716172435,2.2278142435919985,66.02867598315636,0.8670196907246501,-21.728627161724376,107
2.5,0.35,0.05,0.02,0.07706409328151355,0.359,0.6001474380488617,0.03136153532335473,0.3999563601831255,0.5233828912461941,52.481459853810485,70.8532145241472,1.9499058874068949,0.5233828912474002,52.4814598538105,108
2.5,0.35,0.05,0.02,0.07706409328151355,0.353,0.5009063178281057,0.024937133950211805,0.49915435679927206,2.277477473744364,70.84160523452974,17.911912641608115,67.85921771833475,-2.277477473744377,-70.84160523452974,109
2.5,0.35,0.05,0.02,0.07706409328151355,0.35,0.596565069404259,0.02959758389612069,0.40400844911732225,0.09176433271493632,24.12887613082943,16.322112175677038,48.85530461653086,0.09176433271846161,-24.128876130829443,110
2.5,0.35,0.05,0.02,0.07706409328151355,0.384,0.5138702862916219,0.02599718028267164,0.4862987408463795,1.4815153815188167,6.818872338495082,17.758828412879122,2.6127943667165905,-1.4815153815190243,6.818872338495112,111
2.5,0.35,0.05,0.02,0.07706409328151355,0.362,0.4911742728641766,0.02228805707723324,0.49124305524878586,1.1940949379080361,6.212902543436671,84.35013822915461,76.17277070780577,-1.1940949379082855,-6.212902543436727,112
2.5,0.35,0.05,0.02,0.07706409328151355,0.365,0.46136160717946106,0.025274974867752494,0.4615796540376849,1.3153218249904957,40.68216559742846,43.227646963704245,25.237430637250956,1.3153218249908325,-40.682165597428465,113
2.5,0.35,0.05,0.02,0.07706409328151355,0.356,0.5016264199269554,0.027172731458396288,0.4984445178380772,1.2125537390600538,16.45753723652208,13.790400795974163,68.6770918025024,1.2125537390600634,16.457537236522093,114
2.5,0.35,0.05,0.02,0.07706409328151355,0.348,0.3761719423634545,0.025030475481085113,0.37638789616788626,1.09305875608994,25.67945970310845,31.09035846250828,33.99919094694191,1.0930587560902656,-25.67945970310846,115
2.5,0.35,0.05,0.02,0.07706409328151355,0.346,0.47406887347244786,0.01800863314837575,0.4741611676000224,0.32801386709269587,21.065561859433263,11.988548893813944,60.19576012180392,-0.3280138670939263,21.065561859433306,116
2.5,0.35,0.05,0.02,0.07706409328151355,0.365,0.31514611452932684,0.0306422263342068,0.3153757560384954,0.766786302363596,34.35165472056875,9.214179964221369,59.12657185667538,-0.7667863023636747,-34.35165472056877,117
2.5,0.35,0.05,0.02,0.07706409328151355,0.364,0.4993415315806587,0.03401688028916721,0.49942059737706285,0.20425625705630812,32.847130756256156,50.22745779998737,19.14924628527344,0.2042562570565652,-32.84713075625616,118
2.5,0.35,0.05,0.02,0.07706409328151355,0.342,0.34203714411671293,0.02704830014769531,0.3421805789388309,0.29250055574612266,36.428728123729364,10.904838836736108,32.33602266719875,0.2925005557472861,-36.428728123729385,119
2.5,0.35,0.05,0.02,0.07706409328151355,0.38,0.49841558732269603,0.026368556181337766,0.49842038216994866,0.3968049648035352,4.151873056803413,28.366224782634664,29.00903478171696,-0.3968049648037886,-4.151873056803476,120
2.5,0.35,0.05,0.02,0.07706409328151355,0.346,0.6334697460771839,0.01375669065715938,0.36653177623285377,0.6293640127672842,60.4974188161143,86.451223601792,9.206176118462139,-0.6293640127680306,-60.4974188161143,121
2.5,0.35,0.05,0.02,0.07706409328151355,0.376,0.30823871522375546,0.02841885366720414,0.308443183004515,1.6414449365116122,6.681268206651702,41.13725219614467,12.007304997451392,1.6414449365117223,-6.681268206651743,122
2.5,0.35,0.05,0.02,0.07706409328151355,0.383,0.532241968615765,0.029981920227560695,0.467886092120264,1.178340177119342,21.200604743071967,51.36689439546503,76.73585032451523,-1.1783401771196786,-21.200604743071985,123
2.5,0.35,0.05,0.02,0.07706409328151355,0.361,0.5022815583370158,0.02341748772572963,0.497709443951201,1.2621250256378505,70.30121291532691,23.426798203840765,72.43994206056401,-1.2621250256383532,70.30121291532691,124
2.5,0.35,0.05,0.02,0.07706409328151355,0.359,0.35314026140127724,0.0187370214442708,0.3532467321156825,0.26501138028801996,5.591928079443834,40.41937778549572,81.375844903322,-0.26501138028917504,5.59192807944386,125
2.5,0.35,0.05,0.02,0.07706409328151355,0.336,0.18035898326315394,0.03613035842830228,0.1804942992025586,0.7671595930708007,39.829631130566966,21.93466658004834,64.81006953935372,0.7671595930714612,-39.82963113056697,126
2.5,0.35,0.05,0.02,0.07706409328151355,0.358,0.49590332645391505,0.010323614264862009,0.49575492010877226,0.3870153857433191,20.71205525404926,63.59199433185873,87.95399138389995,-0.38701538574336647,20.712055254049258,127
2.5,0.35,0.05,0.02,0.07706409328151355,0.339,0.470979647808318,0.024688461007060698,0.47104682091276107,1.1286448625774221,24.957185820331837,59.33241082342053,2.913161827859616,-1.128644862577676,24.95718582033185,128
2.5,0.35,0.05,0.02,0.07706409328151355,0.331,0.5428090676501283,0.026928827343536063,0.45743966265694214,1.563269649953092,34.20445570402898,17.879790082317967,41.07836536775082,1.5632696499529906,34.20445570402899,129
2.5,0.35,0.05,0.02,0.07706409328151355,0.325,0.5337705931978092,0.0035026773138089598,0.46623567169776303,1.1055435984558286,25.859276781423123,56.4831181095308,39.79295653141091,1.1055435984560757,-25.859276781423144,130
2.5,0.35,0.05,0.02,0.07706409328151355,0.334,0.2623741243289146,0.03173307138056976,0.26228207944721393,2.4653543922021703,71.9829850479683,76.62119546640268,84.55476313933536,2.465354392202246,-71.98298504796831,131
2.5,0.35,0.05,0.02,0.07706409328151355,0.357,0.6385501104629434,0.02727306385730676,0.36170406122546517,1.6394860377222893,75.27013178508656,33.36999591807068,60.88992706045689,1.6394860377225213,75.27013178508656,132
2.5,0.35,0.05,0.02,0.07706409328151355,0.325,0.4876312986181834,0.020517196049198834,0.4877056400184405,0.5143531643857903,45.27466800173154,29.01625437822585,39.84354457458285,0.5143531643852728,45.27466800173154,133
2.5,0.35,0.05,0.02,0.07706409328151355,0.354,0.4147394640923806,0.026772862498036502,0.41507647953691845,0.9378049443514118,53.70307368375347,4.056216389852636,37.586686972581205,0.9378049443511549,-53.70307368375348,134
2.5,0.35,0.05,0.02,0.07706409328151355,0.337,0.24866704653216665,0.03403802003179901,0.24878883834230478,1.8250241848127955,33.055819755832665,22.905932997492354,33.49492397669092,1.8250241848130486,-33.05581975583268,135
2.5,0.35,0.05,0.02,0.07706409328151355,0.378,0.6077762909477579,0.009736125819084368,0.39241559208851967,1.7021944320653108,28.56803695938382,51.429478073055876,52.265904379263155,-1.702194432065207,28.568036959383832,136
2.5,0.35,0.05,0.02,0.07706409328151355,0.33,0.41378054054626273,0.030581577994424257,0.41425128032347847,3.2464013705951937,26.018667079440558,69.97773687322172,11.923361112824324,-3.246401370595358,-26.01866707944057,137
2.5,0.35,0.05,0.02,0.07706409328151355,0.375,0.5278714775934796,0.028495614075505916,0.4722101447484058,0.7232211688560903,56.94432932996942,36.28422375987812,72.72681158318387,0.7232211688564749,56.944329329969435,138
2.5,0.35,0.05,0.02,0.07706409328151355,0.344,0.4611315201170266,0.027058114478520287,0.46132180325911015,2.130488451961284,89.31789598028571,36.36961958625499,57.50780474945577,2.1304884519613685,-89.31789598028571,139
2.5,0.35,0.05,0.02,0.07706409328151355,0.353,0.6207725196890814,0.028069635332325895,0.3793445381201332,1.571095881179862,49.98485478098954,67.35994651301853,70.94879283519307,-1.571095881179954,-49.984854780989544,140
2.5,0.35,0.05,0.02,0.07706409328151355,0.371,0.3384129740021865,0.03369505145717969,0.3386901951670748,4.638703176805163,11.183645684990045,3.411779862808301,31.851236777722946,4.638703176805314,11.183645684990063,141
2.5,0.35,0.05,0.02,0.07706409328151355,0.327,0.37788339705369345,0.028139839017329672,0.3782761477120997,0.5929639367683976,21.230787754055115,89.11787959852306,20.35848266313786,-0.5929639367680632,-21.230787754055115,142
2.5,0.35,0.05,0.02,0.07706409328151355,0.339,0.5046714305056923,0.02319896460494531,0.4953630670545599,0.1903240083863526,78.61402721240428,86.86135893361214,83.3365204017926,-0.19032400838726724,-78.61402721240428,143
2.5,0.35,0.05,0.02,0.07706409328151355,0.328,0.6607503093425262,0.031433784930336724,0.3393595519080298,3.2210619211664366,51.40206564081504,46.24092425731217,54.31373083370069,3.2210619211665596,-51.40206564081504,144
2.5,0.35,0.05,0.02,0.07706409328151355,0.356,0.6007210105081915,0.032642863963584984,0.39983191647473537,0.8141249765055428,54.5610834037308,17.03342347556466,14.647858843459316,0.8141249765058025,-54.561083403730805,145
2.5,0.35,0.05,0.02,0.07706409328151355,0.351,0.183744718103636,0.03571126115671167,0.18442136678486273,1.6851139829160509,83.49430355679486,6.275976162415998,79.12345928081808,-1.6851139829161106,83.49430355679486,146
2.5,0.35,0.05,0.02,0.07706409328151355,0.344,0.2874978910562749,0.03518437489412235,0.2885733540015918,0.9049424925596455,26.64797549947949,4.6735345733538445,32.475218345556875,0.9049424925599105,-26.647975499479504,147
2.5,0.35,0.05,0.02,0.07706409328151355,0.343,0.49129158901304526,0.02995968144031795,0.4914310932522315,1.6240745194001347,78.49844844154869,54.86361579542343,9.60799419820212,-1.6240745194003599,78.49844844154869,148
2.5,0.35,0.05,0.02,0.07706409328151355,0.368,0.5278586982317138,0.00891043044808184,0.4721519192880055,1.3143086833389932,31.037669673981295,11.485755482877165,73.65842319363642,1.3143086833392166,31.037669673981316,149
2.5,0.35,0.05,0.02,0.07706409328151355,0.347,0.49187567056263004,0.021612071780702288,0.49194699711458756,1.35380585492552,25.541112670696453,3.8563858311743906,55.71725174697126,1.3538058549256775,-25.54111267069648,150
2.5,0.35,0.05,0.02,0.07706409328151355,0.329,0.5103216544515816,0.022814841918463252,0.4897243108361459,0.58394133959249,23.289252569604567,46.58316483565841,43.05468551282298,-0.5839413395930555,-23.289252569604574,151
2.5,0.35,0.05,0.02,0.07706409328151355,0.348,0.5956413815081774,0.02639162359276748,0.4046098658631569,0.7502213634532929,76.38455422536086,84.44793130952301,83.79149682976713,0.7502213634535466,-76.38455422536086,152
2.5,0.35,0.05,0.02,0.07706409328151355,0.347,0.4107710084781687,0.023200196055863896,0.4108330819812555,1.3003921389775752,76.76607175496522,21.123831690113153,26.602409698920084,1.300392138977435,76.76607175496522,153
2.5,0.35,0.05,0.02,0.07706409328151355,0.34,0.5503053954549013,0.029875460713372954,0.4497788441057914,0.8495621351583502,28.809285270249536,28.230350052729094,51.20261221038308,0.8495621351589315,28.809285270249553,154
2.5,0.35,0.05,0.02,0.07706409328151355,0.345,0.42072643764275336,0.022585872065345826,0.42071948343979826,0.22241340523142233,83.06249247701187,87.73569694212672,62.718572956733844,0.22241340523396724,83.06249247701187,155
2.5,0.35,0.05,0.02,0.07706409328151355,0.36,0.49159327387295293,0.018058899609838343,0.49162780502875625,0.005861917715097836,42.03462109478497,80.26484743362337,57.226700585003066,0.005861917712743936,-42.03462109478498,156
2.5,0.35,0.05,0.02,0.07706409328151355,0.36,0.578379399370383,0.02893095230278294,0.42175350157010805,0.9479353264365183,13.742577791204061,44.457375089230524,67.92961402541943,-0.947935326436679,13.742577791204095,157
2.5,0.35,0.05,0.02,0.07706409328151355,0.367,0.49697187382318747,0.02056938502508341,0.49698373301468757,0.08932901897863438,53.341077892937406,7.06444920273666,46.711664559575304,-0.08932901898449083,53.34107789293742,158
2.5,0.35,0.05,0.02,0.07706409328151355,0.33,0.4917933851312992,0.028772058734294732,0.49182841792650683,0.14692812795881852,5.792713922432098,12.358172759022471,0.016216193580637077,-0.14692812795854113,-5.792713922432083,159
2.5,0.35,0.05,0.02,0.07706409328151355,0.352,0.543850619134383,0.03214603239857076,0.4563503832396231,0.04936748159075274,28.663014729939267,3.5665327315585333,83.22830700968996,0.04936748159917195,-28.663014729939274,160
2.5,0.35,0.05,0.02,0.07706409328151355,0.353,0.6213404159351349,0.02956476077249729,0.3787453624589945,1.838426436695625,35.107767434740815,86.43659188547916,6.597911574797731,-1.8384264366957306,35.10776743474082,161
2.5,0.35,0.05,0.02,0.07706409328151355,0.348,0.09778699144791606,0.03864794521134503,0.09809277458365559,0.38075392614345593,48.57087486680072,22.940058601659324,69.81043931984694,0.38075392614440706,48.57087486680073,162
2.5,0.35,0.05,0.02,0.07706409328151355,0.372,0.4913207219288489,0.0274144371946314,0.4913989626359432,0.5063823238998207,9.33498221156499,83.82942890823632,87.88788356533766,-0.5063823239000548,9.334982211565029,163
2.5,0.35,0.05,0.02,0.07706409328151355,0.337,0.23035572864177675,0.03357336980674873,0.2305481148165533,0.6272018079475143,42.72635114102921,20.371990808863426,12.88164020408098,-0.6272018079488232,-42.72635114102922,164
2.5,0.35,0.05,0.02,0.07706409328151355,0.36,0.503644621967062,0.02547428940054557,0.49641525871654213,1.7946774171988507,16.976023276916184,55.909613165765315,33.35221969028422,1.7946774171991766,-16.97602327691623,165
2.5,0.35,0.05,0.02,0.07706409328151355,0.356,0.6351342536050865,0.029780462314925087,0.3648379129832872,1.7859688793185915,27.59293445974396,30.8186773558792,51.90124261019361,1.7859688793186728,27.592934459743965,166
2.5,0.35,0.05,0.02,0.07706409328151355,0.334,0.5040350340508888,0.023695981481313043,0.4960465385006738,1.779310219185773,59.20891698203292,57.73861297205329,83.72994664087045,1.7793102191857542,59.20891698203293,167
2.5,0.35,0.05,0.02,0.07706409328151355,0.349,0.28370848789775743,0.030818640916383543,0.2838051249042279,1.0428767567348813,63.24997509711871,65.41796809147985,11.570865158092642,1.042876756735226,-63.24997509711871,168
2.5,0.35,0.05,0.02,0.07706409328151355,0.355,0.4928067206173457,0.02531697205582261,0.49295944102518063,2.243775959111135,34.43172668930381,19.97357167320176,5.036066964778727,2.2437759591112783,34.43172668930382,169
2.5,0.35,0.05,0.02,0.07706409328151355,0.355,0.5144866953819567,0.027916872633457955,0.4856686022941428,1.1326803400242338,84.95486853246534,20.624466724196697,45.187618326126696,1.1326803400241436,84.95486853246534,170
2.5,0.35,0.05,0.02,0.07706409328151355,0.374,0.5068526652466544,0.032201240138904935,0.4932544765539154,0.9590422502148439,32.16049042206652,34.789436819172856,89.48058946895854,0.9590422502153029,-32.16049042206654,171
2.5,0.35,0.05,0.02,0.07706409328151355,0.347,0.31911175743625514,0.027142971193444696,0.3192748159322415,0.6769325587434538,17.96059389627982,16.33185338943251,44.616550421208736,0.6769325587434187,17.960593896279832,172
2.5,0.35,0.05,0.02,0.07706409328151355,0.363,0.42519591302409904,0.031428146321590855,0.4252504055693118,0.019835149830136307,70.9845494279343,72.25212171155164,4.6989433168938675,0.019835149837379676,-70.9845494279343,173
2.5,0.35,0.05,0.02,0.07706409328151355,0.331,0.2592543200879828,0.014441685471502645,0.25931991391275033,1.4248163649027583,0.6122206126081209,17.277636680661928,71.98765284778356,1.4248163649030636,0.6122206126092191,174
2.5,0.35,0.05,0.02,0.07706409328151355,0.338,0.5065381232464308,0.024335049191087768,0.4935756335332675,0.17243053032604833,29.216013001133835,73.0058318175742,67.30840633554008,0.1724305303283066,-29.21601300113385,175
2.5,0.35,0.05,0.02,0.07706409328151355,0.358,0.2640365146588821,0.01762229056572847,0.2640709304092459,0.9837471095630552,74.8865283740504,70.29495818428616,6.22402445391861,-0.9837471095634476,74.8865283740504,176
2.5,0.35,0.05,0.02,0.07706409328151355,0.371,0.5951897775701815,0.031150769292584445,0.40479056909014455,0.3942108230437968,39.73521477812669,39.73201174099989,32.58997532435125,0.39421082304392185,39.73521477812669,177
2.5,0.35,0.05,0.02,0.07706409328151355,0.327,0.4511494936319075,0.030806535643378586,0.45139014626066615,2.791656371140198,36.37986496359292,2.6374427398171973,72.04211762815316,2.791656371140258,36.37986496359294,178
2.5,0.35,0.05,0.02,0.07706409328151355,0.343,0.7819129008839801,0.009007543039735024,0.21844110239140827,2.0696677489037896,36.833295695962036,,59.14584882652094,-2.069667748903721,-36.83329569596204,179
2.5,0.35,0.05,0.02,0.07706409328151355,0.347,0.49880184260342464,0.029634939292763313,0.4988867571580165,0.1678204946065358,7.701557606233593,75.24917942448582,84.40844775487267,0.16782049460741486,7.70155760623359,180
2.5,0.35,0.05,0.02,0.07706409328151355,0.345,0.754912116454115,0.027416642650446552,0.24510163942727606,0.8003655513388662,31.080004338396055,46.82077140721856,5.712824123451037,-0.8003655513389625,-31.080004338396062,181
2.5,0.35,0.05,0.02,0.07706409328151355,0.347,0.4983595835608248,0.02609946838572646,0.49816066646975826,1.3006026390460286,48.88672671752522,11.757083826285212,60.75669345479923,-1.3006026390463772,-48.88672671752523,182
2.5,0.35,0.05,0.02,0.07706409328151355,0.346,0.5026340320858242,0.030024833798982353,0.49745712551383486,1.829998598417166,23.091059388221723,46.600765159204805,39.03444582900859,-1.829998598417262,23.09105938822173,183
2.5,0.35,0.05,0.02,0.07706409328151355,0.362,0.7557797553328018,0.01745233445856833,0.24426328163461974,2.247028387830507,4.757882317955176,15.626523490986564,75.232241825301,-2.2470283878306656,-4.757882317955237,184
2.5,0.35,0.05,0.02,0.07706409328151355,0.358,0.49176769956663463,0.03018960666107012,0.49181011842879874,0.651819098282535,2.6012306818047866,22.692735924954874,15.96398140206347,0.6518190982831631,2.6012306818048536,185
2.5,0.35,0.05,0.02,0.07706409328151355,0.319,0.07301543258811848,0.04460597101078883,0.0732103178413913,0.0831791610536543,48.14422199452696,56.223863276262364,13.841175782131824,-0.08317916105707042,-48.144221994526966,186
2.5,0.35,0.05,0.02,0.07706409328151355,0.315,0.4200339036902711,0.032905277922401784,0.42036246770352814,0.8826604130988832,31.63128824215115,26.4566473205762,68.94175605365143,-0.8826604130990454,-31.63128824215115,187
2.5,0.35,0.05,0.02,0.07706409328151355,0.337,0.512544721714766,0.00453779808253497,0.4874460711107646,0.28333377882433686,46.28014685020466,18.4367107673245,39.062276902236604,0.2833337788262656,46.28014685020467,188
2.5,0.35,0.05,0.02,0.07706409328151355,0.342,0.643760992890522,0.0285665721515803,0.3562181229817569,0.22186474919298563,62.44622510878453,63.70442377982864,22.09795644080243,-0.22186474919225724,62.44622510878452,189
2.5,0.35,0.05,0.02,0.07706409328151355,0.361,0.9358997284089671,0.03967706124568355,0.064514000486977,3.0797496511020586,32.942296086101,34.004630583319226,0.8800099017987173,-3.0797496511019746,-32.94229608610101,190
2.5,0.35,0.05,0.02,0.07706409328151355,0.356,0.17883447318136247,0.027376929744748778,0.1789902317388521,0.38787722837391425,6.933520320763924,19.23564556918667,65.01198874965714,-0.3878772283740975,6.933520320763978,191
2.5,0.35,0.05,0.02,0.07706409328151355,0.378,0.4932747467649418,0.011990109353332407,0.4933958358935385,0.15692275153271482,27.06466111208958,86.2917458787143,56.50795123466217,-0.1569227515351288,27.064661112089592,192
2.5,0.35,0.05,0.02,0.07706409328151355,0.311,0.2913339453359345,0.02920049054888731,0.29128657502258615,0.5300397485588518,41.8371652837573,43.944268826017876,61.25149539705565,0.530039748558857,-41.83716528375731,193
2.5,0.35,0.05,0.02,0.07706409328151355,0.357,0.2985214442218122,0.025586110104535095,0.29859771298508564,0.506408560866212,16.383294509344644,38.73633169172403,53.34925802618538,0.506408560866587,16.383294509344665,194
2.5,0.35,0.05,0.02,0.07706409328151355,0.341,0.5546892245647778,0.031010465048670426,0.4455800275950799,2.558585715929486,75.84606609084211,14.46237241208273,18.030980630426093,-2.558585715929579,-75.84606609084211,195
2.5,0.35,0.05,0.02,0.07706409328151355,0.331,0.5912367461616332,0.028651243932709226,0.4091228512012846,1.1301673483125203,29.429313558135785,85.40912547955148,26.76732964596565,-1.1301673483131112,29.429313558135792,196
2.5,0.35,0.05,0.02,0.07706409328151355,0.335,0.4212022047736722,0.02783634358618145,0.4212446481116264,0.5646712231662848,30.486286174659227,52.67225863627973,15.296785583630216,-0.5646712231666884,30.486286174659227,197
2.5,0.35,0.05,0.02,0.07706409328151355,0.348,0.4115556282546497,0.030022661073204483,0.4120371460125629,0.23560382950862402,26.66523938773778,62.73955526334315,80.11722535949848,0.23560382950986056,26.66523938773779,198
2.5,0.35,0.05,0.02,0.07706409328151355,0.35,0.6912146126257444,0.031721365590210146,0.3089201220119494,0.36426173916436133,39.83805817745443,44.01052026193745,0.14916041619827422,-0.36426173916421567,-39.838058177454435,199
2.5,0.5,0.05,0.02,-0.0,0.464,0.5482669139069867,0.016858545012606425,0.4517137141651289,1.7381007047097936,84.63099455416838,30.565890339565556,41.21072826819669,-1.738100704709947,-84.63099455416838,0
2.5,0.5,0.05,0.02,-0.0,0.489,0.6453933805157421,0.013004523649187357,0.35466870274176016,0.6698775141205217,0.5447906678986767,5.0001237373625225,33.22316665774647,-0.6698775141208169,0.5447906678984241,1
2.5,0.5,0.05,0.02,-0.0,0.496,0.489671351706714,0.022759127239608858,0.48978849427932036,0.18433366801281995,60.98346945158095,10.326256068789528,31.67333097029758,0.184333668012627,-60.983469451580966,2
2.5,0.5,0.05,0.02,-0.0,0.501,0.5017775809967531,0.02605760793321263,0.4980421278385822,0.49205038590563466,3.7931605818910596,50.84962433746341,78.86202818004512,-0.49205038590606026,3.7931605818911294,3
2.5,0.5,0.05,0.02,-0.0,0.51,0.6195914356964108,0.031363495883876366,0.3811057952654794,0.6580671014936723,28.218447034046743,66.68857877586629,57.676824607406644,0.6580671014941832,-28.218447034046754,4
2.5,0.5,0.05,0.02,-0.0,0.48,0.44270583192135804,0.020496162624187235,0.4426943523096974,1.2870597736485625,88.77550205588234,89.03908792246679,66.82320221061359,1.2870597736488172,88.77550205588234,5
2.5,0.5,0.05,0.02,-0.0,0.51,0.58642887283324,0.027562134327707842,0.41407640011920077,1.0309880794090052,6.3493777635883335,75.34539234482689,62.65668896371634,-1.0309880794097488,6.349377763588373,6
2.5,0.5,0.05,0.02,-0.0,0.507,0.7428636811967755,0.02797777443089401,0.257109612759911,0.21611079346154063,86.88367661041433,39.44700531485298,82.73352732810656,-0.21611079346148104,86.88367661041433,7
2.5,0.5,0.05,0.02,-0.0,0.493,0.4963888961830179,0.026071519616676225,0.4964324343097219,0.08478663018429065,62.721383148938905,36.703943392079495,34.55826247449114,0.08478663018590786,62.721383148938905,8
2.5,0.5,0.05,0.02,-0.0,0.54,0.3805867478345301,0.033625153194702335,0.3810710867249873,0.2171423713868413,74.93710952108609,29.16867808236444,19.197184282251932,0.21714237138859904,74.93710952108609,9
2.5,0.5,0.05,0.02,-0.0,0.5,0.5003006834953593,0.02896656421170107,0.4996988990838563,1.3655770084159637,62.60236961417942,46.89833034152027,56.60349531685224,-1.3655770084161507,62.60236961417942,10
2.5,0.5,0.05,0.02,-0.0,0.492,0.2300165091892858,0.034363897056829774,0.23016198183600778,1.7614882109045007,54.93831969398058,49.19716810341635,46.52796240975686,1.7614882109044967,54.93831969398059,11
2.5,0.5,0.05,0.02,-0.0,0.478,0.24443670915254756,0.03215965897132038,0.24456939221009127,1.808012751096902,16.80805117866844,11.62013182128694,46.34082989875089,-1.808012751097029,-16.80805117866846,12
2.5,0.5,0.05,0.02,-0.0,0.501,0.5013525491718847,0.02980883394616248,0.49864076908127974,2.3170066311487765,28.31557146843218,86.43291616646438,80.46645951712478,2.3170066311487814,28.315571468432186,13
2.5,0.5,0.05,0.02,-0.0,0.505,0.43132252199606463,0.03080050337223334,0.4316701778069222,1.592785889605095,58.3278891660266,76.12139498611388,9.488142494905905,1.5927858896049287,58.327889166026615,14
2.5,0.5,0.05,0.02,-0.0,0.512,0.5654062226134633,0.011929113619913927,0.434575558003056,0.09413529584732908,23.866088664233622,50.257471600166916,61.92150007026369,0.0941352958541356,23.866088664233647,15
2.5,0.5,0.05,0.02,-0.0,0.506,0.26267868011294343,0.029777815837658456,0.2627944368751695,0.5012984359186318,36.90156185164908,13.429999608953485,39.84551263900855,0.5012984359190208,36.901561851649085,16
2.5,0.5,0.05,0.02,-0.0,0.485,0.5057334150363603,0.021367868549760395,0.49429787263806413,0.2616088769757841,59.77941761296742,85.67645672023967,70.339587978804,0.2616088769763651,-59.779417612967436,17
2.5,0.5,0.05,0.02,-0.0,0.486,0.26792433411800926,0.03154582335478953,0.2679642253947288,0.03420498385910757,83.70498391956023,59.480560264190565,80.88283409492615,0.03420498387173386,-83.70498391956023,18
2.5,0.5,0.05,0.02,-0.0,0.511,0.491590275585305,0.0173322150039127,0.4915971428423766,1.0435558448172035,66.326645062671,20.00108112041428,37.180173665230285,1.043555844817353,-66.326645062671,19
2.5,0.5,0.05,0.02,-0.0,0.533,0.5048208864888208,0.026756480641167223,0.4952074679897914,0.420775306954076,82.23053729184967,54.12120040035924,24.040409366861596,0.4207753069544473,82.23053729184967,20
2.5,0.5,0.05,0.02,-0.0,0.51,0.572202740540224,0.018430877712801795,0.4277945778638949,0.5586194523458365,5.744917204813574,33.006718345529656,37.294226711396185,-0.5586194523469077,5.744917204813597,21
2.5,0.5,0.05,0.02,-0.0,0.484,0.39897242499407853,0.025872296335095905,0.39903005342451936,2.0303755397367813,77.6084637745163,44.40160486968262,41.93827396415863,-2.030375539736922,-77.6084637745163,22
2.5,0.5,0.05,0.02,-0.0,0.512,0.46423930911673494,0.014391178869999497,0.46443401386693495,1.678558031013835,17.157842760258838,32.76967652348481,23.932567635888145,-1.6785580310140436,17.15784276025884,23
2.5,0.5,0.05,0.02,-0.0,0.488,0.44758363615901037,0.028498196285559996,0.4478693992915279,1.2348492729615026,11.70731868282962,10.934419148396483,62.09061339834439,-1.2348492729615914,11.707318682829634,24
2.5,0.5,0.05,0.02,-0.0,0.493,0.3106612234467151,0.022903226117602447,0.31065458195091983,0.47600150711098677,40.845537301549534,83.53375579240839,29.353818486533896,-0.4760015071118646,40.845537301549534,25
2.5,0.5,0.05,0.02,-0.0,0.501,0.5043278174864639,0.022537583532335054,0.49576489018612985,1.074683362717035,67.3249479413026,44.91927186336291,25.69133383311479,-1.0746833627172068,67.3249479413026,26
2.5,0.5,0.05,0.02,-0.0,0.51,0.7017563897983792,0.026992357418820216,0.2983464288633934,0.1991003335293496,86.20430313179622,46.23936917081869,25.565662125644284,-0.19910033352852313,-86.20430313179621,27
2.5,0.5,0.05,0.02,-0.0,0.477,0.5027263422306215,0.028494586279450097,0.49723897364909553,1.8959768549527174,75.6025327547467,77.07326994616119,79.73007490694678,1.8959768549531961,75.6025327547467,28
2.5,0.5,0.05,0.02,-0.0,0.525,0.5056290067612708,0.03218122399292231,0.4944468333596193,0.079135834636857,52.22083178112263,86.53493030967233,60.7048452130555,0.07913583463922662,52.22083178112264,29
2.5,0.5,0.05,0.02,-0.0,0.489,0.3090025006999131,0.022233395640765,0.3090975082297097,0.16552085474251538,61.64999479031619,46.643678282376385,6.313150689375899,0.1655208547429689,61.649994790316185,30
2.5,0.5,0.05,0.02,-0.0,0.514,0.4815172916099227,0.03260398641959842,0.48168582340367283,0.027075624055522482,54.19432421161971,51.69243251172492,44.51277862679219,-0.027075624066906858,-54.194324211619715,31
2.5,0.5,0.05,0.02,-0.0,0.456,0.6800368160225844,0.026842865792514534,0.32003333516373994,0.6405931853578484,9.957362436838013,19.16731344603825,34.66531663220856,-0.6405931853577602,9.957362436838046,32
2.5,0.5,0.05,0.02,-0.0,0.521,0.49268985560321493,0.01866738824308654,0.4927066827184289,1.983891794341539,72.20701381860756,60.30070419662795,69.66391766331593,-1.9838917943417618,-72.20701381860756,33
2.5,0.5,0.05,0.02,-0.0,0.492,0.6692480297562372,0.009813859123590016,0.3312957423550808,0.6818658356747243,54.15001061768502,40.700678768785814,18.354563505351685,0.6818658356746516,54.15001061768502,34
2.5,0.5,0.05,0.02,-0.0,0.52,0.5505118562897604,0.028211816994099484,0.44976222327665355,1.6000124383416179,13.587656932891369,18.960013097486463,41.865099933976744,-1.6000124383417893,-13.587656932891383,35
2.5,0.5,0.05,0.02,-0.0,0.502,0.5048663453023505,0.029535031316773208,0.49524412909224436,2.16580537315355,4.654606903682066,86.30758499603778,47.005101273381115,-2.165805373153765,-4.654606903682174,36
2.5,0.5,0.05,0.02,-0.0,0.484,0.49606252777437554,0.023643168019399398,0.49616331905052524,2.169718458948813,61.75219212758092,86.81714950243308,75.15774896347855,-2.1697184589488456,61.75219212758092,37
2.5,0.5,0.05,0.02,-0.0,0.497,0.49868372526787663,0.026049314485836576,0.49866850222243403,1.3054960376563873,79.42384258118925,78.23388852801077,39.10073816785251,-1.305496037656495,-79.42384258118925,38
2.5,0.5,0.05,0.02,-0.0,0.508,0.30420126567797184,0.03271843990034087,0.30443787969713343,0.6896610041259275,76.0726977073539,70.11957810446967,5.268443514589457,0.6896610041266439,76.0726977073539,39
2.5,0.5,0.05,0.02,-0.0,0.495,0.5085102278708097,0.022979085334243587,0.49155257357485505,0.3536251056214494,87.24241050925353,69.38502888546985,29.27117960341183,-0.3536251056220223,-87.24241050925353,40
2.5,0.5,0.05,0.02,-0.0,0.503,0.6763328953135376,0.01114213960833258,0.3237315971158223,1.4813422653401698,34.703814527581706,16.8031072315748,37.09449922059646,-1.4813422653405222,-34.70381452758171,41
2.5,0.5,0.05,0.02,-0.0,0.492,0.3326809260595903,0.024618352423043305,0.3327652173051697,2.0284625914608303,27.52884158154282,14.08776609134215,52.264560363235965,-2.0284625914611083,-27.528841581542824,42
2.5,0.5,0.05,0.02,-0.0,0.5,0.21381023905406873,0.03386200707024496,0.21396020482924236,3.343027599283905,11.162883516301044,3.161223087929953,12.963342999803107,-3.3430275992840146,11.162883516301086,43
2.5,0.5,0.05,0.02,-0.0,0.502,0.4980430271486213,0.02392972874423916,0.4980483340366624,0.6966841237404345,89.78882181451414,30.211552973852672,34.68747068957463,-0.6966841237407189,-89.78882181451414,44
2.5,0.5,0.05,0.02,-0.0,0.528,0.5086109576825838,0.03006224164781965,0.49148700869697687,1.6317897178818332,55.28349352427734,63.56664572372944,67.51790020969811,1.63178971788168,55.28349352427734,45
2.5,0.5,0.05,0.02,-0.0,0.491,0.62796122813366,0.032722522562646635,0.37266287407630605,0.9911919973246002,8.219683073092218,31.02032793900113,67.38323211704152,0.9911919973250687,-8.219683073092272,46
2.5,0.5,0.05,0.02,-0.0,0.463,0.5025155199500468,0.025636462901275147,0.4974126085705986,1.3032302409224674,42.255428217385,3.308242575968238,86.90935880735053,1.303230240922708,42.25542821738501,47
2.5,0.5,0.05,0.02,-0.0,0.487,0.5053372041195832,0.022895019153348017,0.4946722199762626,0.4919647606998502,84.74691573185594,11.770451515328567,75.75014090105948,-0.49196476069972306,84.74691573185594,48
2.5,0.5,0.05,0.02,-0.0,0.486,0.4996733785009746,0.028612433341454285,0.49961789464535694,0.5165755470489118,0.5486064848961625,28.846586937789116,31.043090064401603,-0.5165755470488157,-0.548606484896906,49
2.5,0.5,0.05,0.02,-0.0,0.526,0.23295954658974619,0.02771815673647134,0.23315047429755859,1.7284855844457483,76.38414438173324,67.98242535740134,32.965984290935566,1.728485584445819,76.38414438173324,50
2.5,0.5,0.05,0.02,-0.0,0.515,0.4911057865159561,0.013858098457272431,0.49112665509616626,2.026145901108991,7.482797710214408,37.04073461589317,10.399333729262551,2.026145901109213,-7.482797710214493,51
2.5,0.5,0.05,0.02,-0.0,0.491,0.6654631304823884,0.023166416763657743,0.33457799369259383,1.0399043955940106,21.86502511573758,75.68789377486141,8.015986382046094,-1.0399043955940417,21.86502511573758,52
2.5,0.5,0.05,0.02,-0.0,0.495,0.5506847555570832,0.0296867840942292,0.4495130170707741,0.05414172464162805,54.055059129115584,29.54971109808654,52.410340800725756,0.05414172464194385,54.0550591291156,53
2.5,0.5,0.05,0.02,-0.0,0.496,0.49784616594874903,0.02359193524189223,0.49792120351917707,0.7155384506800648,48.57362292078539,39.14349023617964,44.50881860090811,-0.71553845068022,-48.5736229207854,54
2.5,0.5,0.05,0.02,-0.0,0.48,0.49466486231428913,0.025296108330560417,0.49479151617954537,1.1835410046504924,48.74595756088705,75.1329956945823,22.445338594592293,-1.1835410046507802,48.74595756088705,55
2.5,0.5,0.05,0.02,-0.0,0.532,0.5009973281801693,0.02276207112437161,0.4989785331467455,2.593725784745349,48.73142850088783,56.517159727258466,65.85476619228892,-2.5937257847455393,-48.73142850088783,56
2.5,0.5,0.05,0.02,-0.0,0.499,0.5490420599349468,0.026329410028276094,0.4512185150769172,1.0432567735039944,50.41590578390137,62.42609135814715,81.04426377939399,-1.0432567735039626,-50.41590578390139,57
2.5,0.5,0.05,0.02,-0.0,0.467,0.49498175922368737,0.02683490674037564,0.4950494083008371,1.8386860301901637,9.74278090791533,23.95646348603496,25.78571842200563,1.8386860301904484,-9.742780907915359,58
2.5,0.5,0.05,0.02,-0.0,0.493,0.4506721799328827,0.030089082212401967,0.4507922608278625,0.1866051156265502,80.86750444109434,48.24379350187929,63.34894579363879,0.18660511562734924,80.86750444109434,59
2.5,0.5,0.05,0.02,-0.0,0.495,0.36312130922029634,0.03189280059130388,0.3631074815364401,1.3340806104888376,61.41042439324805,87.05682430660036,26.50410238913674,-1.3340806104890148,-61.41042439324805,60
2.5,0.5,0.05,0.02,-0.0,0.467,0.3485659530541377,0.018381320104462435,0.3485852110355186,0.05590307305950814,25.36257700370709,55.40754512127634,41.88984689288288,0.055903073068096054,-25.362577003707106,61
2.5,0.5,0.05,0.02,-0.0,0.498,0.23726424398984192,0.032050636041697826,0.23812744729087057,1.9143415912672301,42.71758252894175,54.56399037162048,72.81947232593777,-1.9143415912674149,-42.71758252894176,62
2.5,0.5,0.05,0.02,-0.0,0.489,0.4725030233802946,0.026815252928143248,0.4725180953312066,3.1205311172195174,17.24732501841423,9.143911857347195,55.22979587299769,-3.12053111721962,-17.247325018414244,63
2.5,0.5,0.05,0.02,-0.0,0.505,0.5016820332797371,0.031312267409231986,0.49831209185256764,0.4104244797061854,51.789916359470986,87.468337941639,58.46679481785285,-0.4104244797067016,-51.789916359471,64
2.5,0.5,0.05,0.02,-0.0,0.504,0.6199232475577038,0.03251913340034368,0.38064165297153757,1.5800539878549624,46.806962243988046,85.11276737612216,34.545712529267206,1.580053987855279,-46.806962243988046,65
2.5,0.5,0.05,0.02,-0.0,0.507,0.5052683940508548,0.026401859277125607,0.4947711131622409,0.44736625515051154,88.1909632668003,30.894493688299423,7.381876071442261,0.44736625515103073,88.1909632668003,66
2.5,0.5,0.05,0.02,-0.0,0.509,0.14409568389356514,0.03493139642132488,0.14440691257546692,0.054908724489306365,57.596863695172914,53.41886765562056,69.64928128559362,-0.05490872448938488,57.596863695172914,67
2.5,0.5,0.05,0.02,-0.0,0.474,0.5121927884591861,0.021553389574893188,0.4879433098962356,1.6199949031969048,45.18030180801618,37.70564729675739,56.736421114080784,1.6199949031971173,45.18030180801619,68
2.5,0.5,0.05,0.02,-0.0,0.516,0.4717066726975263,0.006069418765492242,0.47169672625156,0.06932764560575182,77.23400294589344,83.5018264389802,85.2441248845513,-0.06932764561167473,77.23400294589344,69
2.5,0.5,0.05,0.02,-0.0,0.505,0.4992325392596663,0.022362893293940325,0.4992574923857295,2.1531073930068145,86.63293818795817,75.88223441768696,27.26980442190674,-2.1531073930068927,86.63293818795817,70
2.5,0.5,0.05,0.02,-0.0,0.493,0.4363000305415357,0.027925032987906738,0.4364161536079475,1.6629810863940113,53.507778738363925,80.91376818187786,71.78951160272929,-1.6629810863942163,-53.507778738363925,71
2.5,0.5,0.05,0.02,-0.0,0.48,0.7450996327807988,0.031222208596836616,0.25473345098991207,0.9555107705337852,72.74581992122697,61.87608183785623,49.59660536412195,-0.9555107705342322,72.74581992122697,72
2.5,0.5,0.05,0.02,-0.0,0.497,0.38223886092756826,0.027254129483122225,0.382254919766715,2.094615108340671,13.036836709121406,68.0571294996147,41.61998817094131,-2.094615108340841,13.036836709121431,73
2.5,0.5,0.05,0.02,-0.0,0.524,0.1879850267690198,0.03208525725807721,0.1890522228649268,0.3674080351084564,7.459978963652328,5.590193289889665,63.06056422168404,0.36740803510852577,7.459978963652376,74
2.5,0.5,0.05,0.02,-0.0,0.5,0.677537629397199,0.0262488140120691,0.3226548597909779,2.3777561233580653,21.36341197669911,78.51779286697302,37.66325493048164,-2.3777561233582163,-21.363411976699112,75
2.5,0.5,0.05,0.02,-0.0,0.488,0.5096717286392073,0.02699785162629873,0.4904640065497026,0.9306734099096392,5.2671992120781095,30.09072896038756,4.156236160917134,-0.9306734099098062,5.267199212078129,76
2.5,0.5,0.05,0.02,-0.0,0.485,0.4862865781161148,0.02712320765855187,0.48646167805449164,1.0551828018131055,9.363269074778108,32.449567971664166,33.938885659089664,1.0551828018134979,-9.363269074778103,77
2.5,0.5,0.05,0.02,-0.0,0.475,0.6757287379016371,0.030791087438973706,0.32440732191805977,0.33392973618421695,10.61203057511592,14.102240260499396,0.18782280088548256,0.3339297361836978,10.612030575115941,78
2.5,0.5,0.05,0.02,-0.0,0.496,0.49598931903006893,0.008114494264926475,0.49596662510100875,0.008057785414653683,8.843081402340122,41.03518929097556,40.898710965479374,0.008057785458962198,8.84308140234016,79
2.5,0.5,0.05,0.02,-0.0,0.507,0.10408982514015033,0.0336909378496533,0.10398955548843983,1.510039176373926,55.507262742732024,66.97029661378879,77.24982587403328,-1.510039176374057,-55.507262742732024,80
2.5,0.5,0.05,0.02,-0.0,0.5,0.5956357902731114,0.026132410322054368,0.4046093456544469,0.48236754090984146,40.58982926843285,32.37922767599877,84.8569225563521,0.4823675409098674,-40.589829268432865,81
2.5,0.5,0.05,0.02,-0.0,0.515,0.36170171254909944,0.0259090555652646,0.361747319811742,0.47847563690932693,6.746757671168547,28.386365122593276,11.933875026220097,-0.47847563690980055,6.746757671168582,82
2.5,0.5,0.05,0.02,-0.0,0.49,0.588345495608045,0.023525410264492067,0.411711970789297,1.9959577222449587,36.24640597421684,34.703853045649545,42.222098247422366,1.995957722245038,36.24640597421685,83
2.5,0.5,0.05,0.02,-0.0,0.539,0.9794131561327228,0.033443056068770724,0.02063070161993634,1.0778502441251372,32.41167294066803,,75.42931527539915,-1.0778502441255653,32.41167294066804,84
2.5,0.5,0.05,0.02,-0.0,0.509,0.7530603078713234,0.03499079718508829,0.24711442236654832,1.7581204347704105,39.6566556775368,37.83180714569642,13.36720772306946,-1.7581204347705206,-39.65665567753681,85
2.5,0.5,0.05,0.02,-0.0,0.48,0.42032723370242486,0.013077402523438097,0.42033673559178003,1.6736082247139479,16.80522177263386,5.639956327767999,57.123974967334156,1.6736082247141315,-16.805221772633853,86
2.5,0.5,0.05,0.02,-0.0,0.489,0.570733699854833,0.025293189576020093,0.4293731465489305,0.7044206146277532,38.616471262494386,59.89794822343938,11.921200695253445,-0.7044206146282936,38.6164712624944,87
2.5,0.5,0.05,0.02,-0.0,0.511,0.7280825211068199,0.02873117447814908,0.2719330741079883,1.9789352348228684,25.97919532094336,89.5453739248112,52.29802891397266,-1.978935234823109,-25.979195320943376,88
2.5,0.5,0.05,0.02,-0.0,0.51,0.18081403609774835,0.03479924095677281,0.18140279545820964,0.1366921892947376,76.23777263215023,75.3012640430615,70.76859610586256,-0.1366921892991413,76.23777263215023,89
2.5,0.5,0.05,0.02,-0.0,0.498,0.41140026779439925,0.025643996141203138,0.4116011237508695,1.6127055090335591,66.13347368391742,22.411083033243447,38.33049514814628,-1.6127055090337086,-66.13347368391742,90
2.5,0.5,0.05,0.02,-0.0,0.504,0.49976425813254516,0.027236921930619138,0.49974886101743715,0.9070189192553868,15.319625693394975,46.36284668521101,10.370170435122857,-0.9070189192555344,-15.319625693394995,91
2.5,0.5,0.05,0.02,-0.0,0.517,0.529167840556003,0.028098203101978803,0.470854018418966,0.7229062809949299,63.903324353286074,79.42072526399579,20.353863152848657,0.7229062809952932,-63.903324353286074,92
2.5,0.5,0.05,0.02,-0.0,0.502,0.26045014516944537,0.02920184656107206,0.2604613934459936,0.2787010700490781,13.148274453896372,0.13251466742493997,81.0401075123308,0.27870107005078315,-13.14827445389638,93
2.5,0.5,0.05,0.02,-0.0,0.511,0.4944181687966071,0.026039322236535108,0.49446004128271753,0.1787977784143929,24.757894342448747,51.6711699927982,18.826293622004425,-0.17879777841552005,-24.757894342448754,94
2.5,0.5,0.05,0.02,-0.0,0.507,0.16341270526605506,0.033783017215721044,0.16373786569428114,1.3791348127101832,76.7670632424301,53.4409709909022,84.95000021622603,1.3791348127105767,-76.7670632424301,95
2.5,0.5,0.05,0.02,-0.0,0.504,0.29623931455331265,0.013456688422554191,0.29625119427444047,1.8408556258467499,72.80022188302758,89.37404907404387,38.547137170991505,-1.8408556258470683,-72.80022188302758,96
2.5,0.5,0.05,0.02,-0.0,0.487,0.5126041139238972,0.03343547770538238,0.48752868545109046,1.0791927148664306,79.58859962285747,32.337346257955886,15.431872944782208,-1.0791927148666551,-79.58859962285747,97
2.5,0.5,0.05,0.02,-0.0,0.482,0.49323714793804097,0.025423273840918692,0.4932551508488838,0.1149726707752626,46.94839532296123,56.586946418601855,51.95142044974787,0.11497267077779964,46.94839532296123,98
2.5,0.5,0.05,0.02,-0.0,0.491,0.2883018801063503,0.03219483062221094,0.2887301042991147,0.3526881561296344,79.9356748451793,51.79513045200875,65.44120416332355,0.3526881561304838,79.9356748451793,99
2.5,0.5,0.05,0.02,-0.0,0.509,0.6202785190639458,0.027416109886226774,0.3797216491322982,3.1182126556536924,29.87410848144413,5.007728324060155,66.5534429412641,-3.118212655653781,-29.87410848144414,100
2.5,0.5,0.05,0.02,-0.0,0.482,0.5121260525018547,0.02349438948506412,0.4879617568324663,0.05635361630951509,63.32376596993019,61.622639670749095,47.582886584450954,-0.05635361632160509,-63.32376596993021,101
2.5,0.5,0.05,0.02,-0.0,0.471,0.36160588221818624,0.03191316165834048,0.3619325160320165,0.32181947284723095,71.51248351945158,4.408143241743255,85.98281547038172,-0.32181947284847373,71.51248351945158,102
2.5,0.5,0.05,0.02,-0.0,0.524,0.2790143148471759,0.023859572854313036,0.2791069140901966,1.330471761416165,85.5260801542455,81.11256477588968,56.98405957608115,1.3304717614163895,-85.5260801542455,103
2.5,0.5,0.05,0.02,-0.0,0.481,0.38191388986116664,0.03192465450872659,0.38200183688720174,1.8876485374559973,56.80984982179717,49.04531050891889,83.92504099334388,1.8876485374559697,-56.80984982179717,104
2.5,0.5,0.05,0.02,-0.0,0.486,0.4967563352250778,0.018912035032222232,0.49680615851492094,1.063578196436355,56.29183412656314,5.100781366763676,15.596823877574352,-1.063578196436307,56.29183412656314,105
2.5,0.5,0.05,0.02,-0.0,0.475,0.5000577895606225,0.02454365166974698,0.49992605991528577,1.401958937905359,87.582606346632,12.537088415567949,1.4978759910745707,-1.4019589379056439,-87.582606346632,106
2.5,0.5,0.05,0.02,-0.0,0.52,0.4782524579028446,0.03160220581624307,0.4783684461315493,2.577256927168792,39.9063463561652,38.577757902683786,32.0513741424981,-2.577256927168884,-39.906346356165216,107
2.5,0.5,0.05,0.02,-0.0,0.484,0.07474289495056467,0.03271268880080273,0.07483494582012143,0.03833255054540269,31.04349160690093,,76.74384908081026,0.03833255056008407,31.04349160690093,108
2.5,0.5,0.05,0.02,-0.0,0.497,0.4438188871391517,0.025562679699556196,0.44390828703916435,2.5502346763436665,54.83289576653215,79.29138219981094,22.042182357301844,-2.550234676343842,-54.83289576653215,109
2.5,0.5,0.05,0.02,-0.0,0.496,0.49486656656167816,0.02068132660800858,0.4948682976164354,0.06630599620518565,42.37948314858195,13.410877468045902,77.38272801716603,0.06630599620855485,-42.379483148581954,110
2.5,0.5,0.05,0.02,-0.0,0.491,0.2288311763914374,0.02424889172328677,0.22881288410388573,2.286066295072879,11.329576191473315,35.79748771046516,27.021986434625653,-2.286066295072827,11.329576191473297,111
2.5,0.5,0.05,0.02,-0.0,0.511,0.6795483829662403,0.029479065837631463,0.3206162255246322,1.1384964309989247,52.11078866874578,88.18961507619574,59.505254504317634,1.1384964309993177,-52.11078866874579,112
2.5,0.5,0.05,0.02,-0.0,0.504,0.5037791666247846,0.031066395824906286,0.49630557092803035,0.4935370311203743,89.38504437148482,39.89063263166647,61.63497356443944,0.4935370311214178,89.38504437148482,113
2.5,0.5,0.05,0.02,-0.0,0.497,0.5681669917533274,0.01758083824149408,0.43183427965886517,0.9090249660012016,36.088174160283266,50.11142692027018,76.07872113435654,-0.9090249660015004,36.08817416028327,114
2.5,0.5,0.05,0.02,-0.0,0.487,0.47355233425553594,0.025305050873587732,0.47356966625775787,1.157211301232571,52.91172895354792,2.9520491986620656,3.7422894403056595,-1.157211301233058,52.91172895354793,115
2.5,0.5,0.05,0.02,-0.0,0.486,0.5331719812246228,0.026027839759379043,0.4669020856326708,1.4133297465621162,23.192006624275727,48.728730690894835,42.26875037933423,-1.4133297465622976,23.19200662427575,116
2.5,0.5,0.05,0.02,-0.0,0.497,0.5150333855584449,0.02785840430063557,0.48515931946858076,2.1234205587083563,69.55194014863947,84.46939281905793,5.0119019448430375,-2.123420558708464,-69.55194014863947,117
2.5,0.5,0.05,0.02,-0.0,0.504,0.5666537610299952,0.027430801746772294,0.43349609820924206,0.7686352514305882,2.853917516095093,38.38368419415115,38.19100867414252,-0.7686352514305526,-2.85391751609507,118
2.5,0.5,0.05,0.02,-0.0,0.503,0.517096602737873,0.02807731178678692,0.48307526635596404,1.48694363936115,69.32975090583095,32.17540712287564,27.506578964676415,1.4869436393611069,-69.32975090583095,119
2.5,0.5,0.05,0.02,-0.0,0.494,0.5100827233417734,0.02786376661340282,0.4899724972141772,0.2856956757622121,69.00930004335842,73.50720734971271,17.531652750057443,0.28569567576401583,-69.00930004335842,120
2.5,0.5,0.05,0.02,-0.0,0.519,0.5807127687810841,0.015417888750962897,0.41928031628849516,0.24387641401753316,35.306936265874555,60.34806703795598,85.65042542322095,0.24387641401757382,-35.30693626587454,121
2.5,0.5,0.05,0.02,-0.0,0.496,0.8331337006373289,0.027815687510904546,0.166901256347993,0.2905747272137411,73.79698906702758,35.228172235577176,34.136301104162015,-0.2905747272164259,-73.79698906702758,122
2.5,0.5,0.05,0.02,-0.0,0.507,0.5140125861497392,0.023489407668049078,0.4860599879664187,1.0592876856800408,30.14307482340165,79.91222196909789,54.44774483063546,1.0592876856802604,30.143074823401665,123
2.5,0.5,0.05,0.02,-0.0,0.478,0.3515828814397087,0.029371474783875966,0.35188296655411055,2.6136691568443977,24.35215710731027,70.62175211577542,25.068932061001682,2.6136691568444896,-24.352157107310273,124
2.5,0.5,0.05,0.02,-0.0,0.487,0.5025957923888452,0.02854709061408732,0.4974780012811882,2.837087882596515,7.342539428551932,28.7823982513726,50.55834105301542,2.837087882596487,-7.3425394285518975,125
2.5,0.5,0.05,0.02,-0.0,0.489,0.5055428173878209,0.03127893682962672,0.4945176305483133,0.1673644058751765,37.24685240274862,84.47148562317872,30.316749567050074,-0.16736440587641135,37.24685240274863,126
2.5,0.5,0.05,0.02,-0.0,0.498,0.5828983454890115,0.030111087089930707,0.4175335633379725,0.3459358519664795,26.05942203699182,1.109497052672898,24.183752199519837,0.3459358519667032,-26.059422036991815,127
2.5,0.5,0.05,0.02,-0.0,0.52,0.5011366449291432,0.03163342540569217,0.49891684083412197,0.5509837961873217,62.137446988664536,37.66883663623905,0.6348453758889739,-0.5509837961871429,-62.137446988664536,128
2.5,0.5,0.05,0.02,-0.0,0.485,0.32105253261924815,0.01251184811018003,0.3215360710529499,1.4463707484647816,25.494301726127787,,76.54756971190218,-1.446370748464879,25.494301726127798,129
2.5,0.5,0.05,0.02,-0.0,0.494,0.5061157333246277,0.004783300517208976,0.49389167634929193,1.8618779265926295,65.73503143821898,15.08901759812911,88.21643186127638,1.8618779265926713,-65.73503143821898,130
2.5,0.5,0.05,0.02,-0.0,0.487,0.4562559942246088,0.021341014464221493,0.45631745777962485,2.240347359660414,74.89065082091122,65.29225123255694,84.38547278257133,2.240347359660496,-74.89065082091122,131
2.5,0.5,0.05,0.02,-0.0,0.495,0.2932469842235396,0.03152107198624271,0.29328698243080864,1.872392497218413,84.59166171926981,53.58086424262074,72.43407937194468,1.8723924972187118,84.59166171926981,132
2.5,0.5,0.05,0.02,-0.0,0.542,0.48865837814848506,0.02409697763926275,0.4888401334541413,0.41734389804360056,29.782295598787346,75.37614627558455,61.1727842506877,-0.4173438980439292,29.782295598787346,133
2.5,0.5,0.05,0.02,-0.0,0.511,0.8883555083353974,0.015249334147255524,0.11175183366182458,0.5863773468327618,58.98549913008568,,61.52018564473305,0.5863773468328215,-58.98549913008568,134
2.5,0.5,0.05,0.02,-0.0,0.509,0.5015806714904751,0.028479420720944743,0.4984408900718088,2.982571935805557,48.843471398646166,20.792800494382174,50.85416990684598,-2.982571935805625,48.84347139864617,135
2.5,0.5,0.05,0.02,-0.0,0.495,0.501156070173549,0.024888361124791775,0.4989639291229129,3.3675239449554355,59.289000290630405,20.95175860716606,6.413173985539399,3.3675239449555683,-59.289000290630405,136
2.5,0.5,0.05,0.02,-0.0,0.48,0.6368256908345493,0.028486861620802363,0.3631581640461881,4.014142001707046,44.66837280713906,24.7451314577244,78.08540010765142,4.014142001707102,44.668372807139065,137
2.5,0.5,0.05,0.02,-0.0,0.456,0.5054802292661487,0.022019188119540872,0.49455674677635925,0.7422080518992,35.18515557978126,80.64703089053224,82.23629387900858,-0.7422080518994442,35.185155579781274,138
2.5,0.5,0.05,0.02,-0.0,0.514,0.49281656182727407,0.02410779547265947,0.4928452753004947,1.266038040627329,83.95932337124871,59.26316385263549,24.60909354586001,1.266038040627529,-83.95932337124873,139
2.5,0.5,0.05,0.02,-0.0,0.489,0.6943682294177231,0.021062302252375237,0.30565470594051175,1.1478304406398407,34.055555480454856,75.71519754104277,59.70795100811871,-1.1478304406400648,-34.05555548045488,140
2.5,0.5,0.05,0.02,-0.0,0.515,0.32438603767127405,0.031154798917821684,0.32478784324633636,0.7011685488255142,2.849589055499814,19.788752189083265,63.591615582331166,-0.7011685488253522,2.8495890554998415,141
2.5,0.5,0.05,0.02,-0.0,0.521,0.5022027427982251,0.0303481359945124,0.4977932173636438,0.2779773665579545,88.22825535595783,34.4044801681043,37.56841904190691,-0.27797736655885585,-88.22825535595783,142
2.5,0.5,0.05,0.02,-0.0,0.496,0.4995618609723924,0.025354213929088622,0.499544582965423,1.3517815685196826,7.10572383392092,32.0474463700581,3.2087283672769717,1.3517815685199743,7.10572383392095,143
2.5,0.5,0.05,0.02,-0.0,0.521,0.5052969173927362,0.022654834998350838,0.49479076500323904,0.7749693734103438,60.13163037514329,28.704328565346422,50.94486869530836,-0.7749693734103636,-60.13163037514329,144
2.5,0.5,0.05,0.02,-0.0,0.528,0.265203383786166,0.026071028876899008,0.26522463377538236,3.8338895080022546,86.58852774816636,74.76885060628265,1.1344722343733047,-3.8338895080023105,-86.58852774816636,145
2.5,0.5,0.05,0.02,-0.0,0.492,0.5086807596810013,0.027171480363273277,0.4914176634672694,0.8807258648044564,26.919198511566545,74.76649844773732,39.84275643449453,-0.880725864805126,26.919198511566563,146
2.5,0.5,0.05,0.02,-0.0,0.485,0.5030530120214473,0.006095502853685764,0.4969504984375741,2.181030563077898,48.05051593037608,40.62745525127215,11.458734114933671,2.1810305630781084,48.050515930376086,147
2.5,0.5,0.05,0.02,-0.0,0.502,0.5876621521780835,0.02899831179869445,0.4123347978625669,0.35886101740686993,61.08639434536262,69.56372275824614,27.664238067963485,-0.35886101740820314,-61.08639434536262,148
2.5,0.5,0.05,0.02,-0.0,0.513,0.5644771411208601,0.03429127454677991,0.4358453752282323,1.1396533339567487,51.30915575561698,47.72494963973267,56.95820511030384,-1.139653333956669,51.30915575561698,149
2.5,0.5,0.05,0.02,-0.0,0.467,0.5018280850732039,0.003055414347421033,0.49800276929475396,1.3002403150744732,15.875341672333528,12.93622738226176,80.09075019012654,-1.3002403150744464,15.87534167233354,150
2.5,0.5,0.05,0.02,-0.0,0.536,0.3938888804885402,0.027016343959301234,0.39393030251354916,0.7395701562816278,74.58296570831943,43.57896085327158,31.35406718444367,-0.7395701562816652,74.58296570831945,151
2.5,0.5,0.05,0.02,-0.0,0.503,0.43160838696475684,0.028849174173901787,0.43196099208665484,0.4000398151361363,17.560552982584078,42.55014712545727,88.55045516792453,0.40003981513731346,-17.560552982584102,152
2.5,0.5,0.05,0.02,-0.0,0.493,0.498642121695815,0.02606867779226787,0.4986696349995396,2.6430586598467065,83.7724037410452,44.43607310108596,64.73474573369248,2.6430586598468357,83.7724037410452,153
2.5,0.5,0.05,0.02,-0.0,0.515,0.5989567051052147,0.033095425980576944,0.40147240148977353,0.811738359822064,30.538600008642803,46.68566259487114,29.39628520463004,-0.8117383598221427,30.538600008642813,154
2.5,0.5,0.05,0.02,-0.0,0.485,0.7659447323954411,0.026412623607137954,0.23418752551150795,1.0094694072310606,18.870269531143453,66.8319485798704,42.60937881505901,1.0094694072312094,18.87026953114346,155
2.5,0.5,0.05,0.02,-0.0,0.515,0.4979927758272728,0.025562044707594413,0.4980012567508053,1.6475686118573525,48.13417546719882,63.15863940225577,28.94133112334681,-1.6475686118575708,-48.13417546719882,156
2.5,0.5,0.05,0.02,-0.0,0.48,0.5818824698191768,0.025501900277668892,0.4182645166385157,1.2270922012133423,25.56163319040523,0.5497318495098328,73.72286623208163,1.2270922012137087,25.561633190405235,157
2.5,0.5,0.05,0.02,-0.0,0.468,0.4985833808445792,0.029171900128672427,0.49856597048542484,1.8077509697382597,26.123919970254345,9.872130321974705,35.49089056326115,-1.8077509697387328,-26.12391997025436,158
2.5,0.5,0.05,0.02,-0.0,0.494,0.795347817970397,0.03330317371204624,0.205337456448542,1.6087945768438376,47.477661037837535,40.621257154006635,54.821716914403694,-1.6087945768438958,47.47766103783755,159
2.5,0.5,0.05,0.02,-0.0,0.52,0.44656399016211223,0.03279627110441877,0.44681652783277714,2.7031873583000494,30.712815627945545,21.582785545873445,42.30924932104513,2.703187358299998,-30.712815627945545,160
2.5,0.5,0.05,0.02,-0.0,0.497,0.7051412219299293,0.014911849681528089,0.2949480933282225,1.1517572859150904,85.12712372169518,88.50475800530444,38.14463320968846,-1.1517572859152263,85.12712372169518,161
2.5,0.5,0.05,0.02,-0.0,0.504,0.504359515702985,0.03245459256706747,0.49569942627449093,0.9623494283869912,26.040121625264234,86.89406301736861,65.31113186237769,-0.9623494283874949,-26.040121625264245,162
2.5,0.5,0.05,0.02,-0.0,0.497,0.5295666292916034,0.02905798777430792,0.4704158860834125,0.21091874174529757,72.13926550533687,58.82327739282686,48.62920184303403,-0.21091874174661962,-72.13926550533687,163
2.5,0.5,0.05,0.02,-0.0,0.485,0.48734313696456155,0.003146761461204524,0.4873547675987556,2.3588101868285136,77.01996270277509,7.042917525281904,32.35182878940801,2.35881018682856,77.01996270277509,164
2.5,0.5,0.05,0.02,-0.0,0.495,0.17968294810585986,0.03220042417634337,0.1797351332706429,1.9517368259106647,33.884029920294076,10.122036140633554,72.77522948381792,-1.9517368259106733,-33.884029920294076,165
2.5,0.5,0.05,0.02,-0.0,0.511,0.49785702244484065,0.024868881886486505,0.4978352444792551,2.146891207123463,40.3037578845558,87.47570281138604,58.39547303256466,2.146891207123609,40.30375788455581,166
2.5,0.5,0.05,0.02,-0.0,0.499,0.40794005652835347,0.028373088584815673,0.40798779221787324,0.7112806799835665,37.227741401749036,73.03628718320667,71.19074692423703,0.7112806799837945,37.22774140174904,167
2.5,0.5,0.05,0.02,-0.0,0.508,0.37910695462794003,0.03219105563229326,0.3797678358333685,1.5024757016202792,21.851352991127317,68.36197668234038,7.976794144834761,1.5024757016204142,-21.851352991127328,168
2.5,0.5,0.05,0.02,-0.0,0.525,0.3924163918981398,0.031485070908158636,0.3924400658226737,1.8466846760866777,73.11327168099339,86.89003762211225,75.8896434831027,-1.8466846760867817,-73.11327168099339,169
2.5,0.5,0.05,0.02,-0.0,0.51,0.5811348724014037,0.02884593523555573,0.4188783913331649,0.2963186522844668,37.66248692209208,55.30515708190771,81.04101627084634,0.29631865228689325,-37.66248692209209,170
2.5,0.5,0.05,0.02,-0.0,0.526,0.3552094729262455,0.020303606745341922,0.3554685768917374,0.5784587684523955,27.059032643938824,45.98294082130543,66.82834500797394,-0.5784587684525764,27.05903264393883,171
2.5,0.5,0.05,0.02,-0.0,0.462,0.6250371234725003,0.03226911591728873,0.3756345842550364,0.9553102963836656,51.02436591483596,64.78307226763401,53.601860600630346,-0.9553102963838892,51.02436591483597,172
2.5,0.5,0.05,0.02,-0.0,0.5,0.4977457892099441,0.024652974711456062,0.4977687068913299,0.05075829363846941,67.6285605037833,55.78598850182377,7.32039645063932,-0.05075829364036055,67.6285605037833,173
2.5,0.5,0.05,0.02,-0.0,0.505,0.41466422909637557,0.030697016612647933,0.4151284332417559,0.02223344000876361,84.03319492455402,12.64898413600567,48.568709707004736,0.022233440013991346,84.03319492455402,174
2.5,0.5,0.05,0.02,-0.0,0.495,0.5008459616381468,0.001824126032725833,0.49921806416617864,0.8786645347183756,19.343293723916364,26.884957685292534,8.274608985665344,0.8786645347182768,-19.343293723916375,175
2.5,0.5,0.05,0.02,-0.0,0.514,0.49474592062663625,0.027616373085859267,0.4947609030331134,1.5708103944160285,58.073917203121134,62.81960582942014,68.50206526864454,1.5708103944162413,-58.073917203121134,176
2.5,0.5,0.05,0.02,-0.0,0.495,0.5010143346127636,0.02560182953224232,0.49906238395298896,0.4348846615998549,88.01145436009145,76.36743187297162,29.77810513986861,-0.4348846616006729,-88.01145436009145,177
2.5,0.5,0.05,0.02,-0.0,0.509,0.5059613918250248,0.024822972317109494,0.494068302741858,0.6558668593648331,68.40804141811394,52.49348140035625,72.51419629708425,-0.6558668593649083,-68.40804141811394,178
2.5,0.5,0.05,0.02,-0.0,0.501,0.3350455009999506,0.02885350858678036,0.335216452549369,0.06665184440727254,82.16488943117209,74.8610044581742,85.69323387141024,-0.06665184441025022,-82.16488943117209,179
2.5,0.5,0.05,0.02,-0.0,0.496,0.501636024223731,0.021472905341370092,0.49833810512093063,3.1190284236886776,4.188547744861761,8.237469929949736,67.82667991735752,-3.1190284236887966,4.188547744861873,180
2.5,0.5,0.05,0.02,-0.0,0.488,0.41650748730434156,0.03280505412673622,0.41686904774578615,2.1015294685546277,78.10202319242386,50.355152408008905,68.74305338719611,2.1015294685546846,78.10202319242386,181
2.5,0.5,0.05,0.02,-0.0,0.48,0.57097755889389,0.026709589009553718,0.4291025812732483,0.4018472522078485,78.44193160727546,84.02895771232166,77.53214570520068,-0.4018472522090527,-78.44193160727546,182
2.5,0.5,0.05,0.02,-0.0,0.495,0.49715014151922915,0.02360739204811048,0.49717962778606767,1.131620392327414,14.068380014939763,66.80339574555406,7.44013953418519,1.131620392327474,14.068380014939759,183
2.5,0.5,0.05,0.02,-0.0,0.501,0.5936488433881496,0.0018284087463927845,0.40668097017713994,1.6744341586453004,89.23706289399537,,73.99926204300198,1.6744341586456988,89.23706289399537,184
2.5,0.5,0.05,0.02,-0.0,0.517,0.6044217596581202,0.026102446555537458,0.39563406606760215,0.4469281567263048,46.227917087136774,13.170040878890301,43.64922224058794,-0.4469281567272718,46.22791708713678,185
2.5,0.5,0.05,0.02,-0.0,0.495,0.5003922331860339,0.02925949852127037,0.4996453330935005,0.35265291571635643,0.033269985650530666,16.63556188455069,6.550963227421767,-0.3526529157178521,-0.03326998565506633,186
2.5,0.5,0.05,0.02,-0.0,0.51,0.5007550127982834,0.012833659349544554,0.49928970160931585,2.2452815256023073,23.15478551150997,80.43984824055693,48.252730827940994,2.245281525602573,23.154785511509985,187
2.5,0.5,0.05,0.02,-0.0,0.465,0.2918598633230792,0.02406012766108851,0.2918472171526486,1.029805781322829,31.284113744170476,45.13850442322381,20.272525498443027,1.029805781322853,-31.284113744170497,188
2.5,0.5,0.05,0.02,-0.0,0.511,0.5217866521976035,0.024701553192761166,0.4782057687025818,1.308354111784475,14.911028989315254,38.72617785862593,63.30075718296516,1.3083541117846704,14.911028989315275,189
2.5,0.5,0.05,0.02,-0.0,0.518,0.3941897824768263,0.028046317221638216,0.39433635295433517,0.09475643061797182,48.722411319017425,32.114511050946334,69.70181650505603,0.09475643062242027,48.72241131901743,190
2.5,0.5,0.05,0.02,-0.0,0.483,0.4861040889943878,0.018632149640663054,0.48607850876188224,0.62701731633852,30.24471006972912,11.860746561200088,7.526479583060166,-0.6270173163385098,-30.244710069729127,191
2.5,0.5,0.05,0.02,-0.0,0.496,0.36314295751438297,0.019037104254946872,0.36316040755468926,1.4182691551327715,65.97154111349943,11.265766296233888,78.20883466623383,-1.418269155132931,-65.97154111349943,192
2.5,0.5,0.05,0.02,-0.0,0.506,0.4755171876803156,0.028280513098384984,0.47566560166644556,0.9837646891766874,42.93430346052861,10.629381770554788,88.47403728329762,0.9837646891775145,42.934303460528625,193
2.5,0.5,0.05,0.02,-0.0,0.506,0.37591940408979324,0.02922325594929273,0.3760531347683264,1.1542633549369894,79.68240207925582,60.95096600595204,38.63828556743937,-1.1542633549374255,79.68240207925584,194
2.5,0.5,0.05,0.02,-0.0,0.501,0.37371040431177427,0.016778527545109383,0.373748774841362,0.7397340481577099,79.94893655684872,6.270349263788185,38.59575528093603,0.7397340481584425,-79.94893655684874,195
2.5,0.5,0.05,0.02,-0.0,0.475,0.7795949267347062,0.033978120210600024,0.22076781788222233,0.29603862585348467,46.382475559252136,48.511343804563126,80.1191022099354,0.29603862585433155,-46.382475559252136,196
2.5,0.5,0.05,0.02,-0.0,0.507,0.40580415455529695,0.019063379085573713,0.40582285545882746,0.11040026618949808,12.21886405870428,28.412025038354756,20.378450307313905,-0.11040026619416411,12.21886405870433,197
2.5,0.5,0.05,0.02,-0.0,0.5,0.4395937844818167,0.016125031243471356,0.4395809934688509,2.302070105842957,9.867209436117454,17.247889030155587,23.472897622466647,2.30207010584299,-9.867209436117482,198
2.5,0.5,0.05,0.02,-0.0,0.475,0.4962414712163913,0.023460348002063272,0.4963030087711229,0.003200124490259032,24.44066318197987,44.12344753538699,45.258426808401936,0.0032001247243471508,24.44066318197988,199
5.0,0.05,0.1,0.02,0.3289707253902946,0.044,0.042478745745460386,0.0940887356315353,0.04248893984322578,0.4292734383294546,1.6493449094209267,1.5541655393098475,,0.4292734383301063,1.6493449094212151,0
5.0,0.05,0.1,0.02,0.3289707253902946,0.06,0.0670432198411534,0.07511604259963284,0.06708980328405846,2.4863059090251953,0.9742279841236302,2.372141935650265,,-2.4863059090251953,-0.9742279841236712,1
5.0,0.05,0.1,0.02,0.3289707253902946,0.041,0.04244846610862868,0.08425312309531112,0.042460748371271784,0.2634392673599807,0.06552007042093652,0.8000394197877138,,0.2634392673606893,0.06552007042389389,2
5.0,0.05,0.1,0.02,0.3289707253902946,0.052,0.052313215778144684,0.08875142063840537,0.05232211946325983,1.1118951726723447,0.5492332187302496,0.9652105059954108,,-1.1118951726724395,0.5492332187304351,3
5.0,0.05,0.1,0.02,0.3289707253902946,0.052,0.05593417373966642,0.08549467606871856,0.05595260536046956,1.3762009482563,0.5269212508238614,0.6010773036854764,,1.3762009482568094,0.5269212508239927,4
5.0,0.05,0.1,0.02,0.3289707253902946,0.049,0.04773296436656581,0.0896748594309487,0.04773973616767928,1.615470076883371,0.2920381549120979,0.12499983912534411,,1.615470076883392,0.29203815491284635,5
5.0,0.05,0.1,0.02,0.3289707253902946,0.058,0.05583576738166601,0.08612379991545926,0.05585144909415804,1.0857794080139849,1.1314726870107508,2.947626963499738,,1.0857794080141692,1.131472687010777,6
5.0,0.05,0.1,0.02,0.3289707253902946,0.051,0.04976968404324745,0.09269589368363193,0.0497805175176935,3.7480458478643657,3.058602388801886,3.645248602990479,,-3.7480458478643306,-3.0586023888019427,7
5.0,0.05,0.1,0.02,0.3289707253902946,0.043,0.04862730944211617,0.0913160980937263,0.04864508572209719,7.092913987440425,8.462159634363395,8.85863993013682,,-7.092913987440458,-8.462159634363395,8
5.0,0.05,0.1,0.02,0.3289707253902946,0.04,0.04458575140341169,0.08322886246436137,0.044608253361064394,7.113482113096596,9.192602340959267,8.19099117003267,,7.113482113096618,9.192602340959304,9
5.0,0.05,0.1,0.02,0.3289707253902946,0.058,0.058522698098208856,0.08629971763198502,0.058532537488022895,1.4511680566682539,1.4774393097831007,0.8723570511779717,,1.4511680566686485,1.4774393097832306,10
5.0,0.05,0.1,0.02,0.3289707253902946,0.059,0.057796087395860535,0.08432045010914162,0.057813874822462176,2.280641906513308,2.782258503338286,3.1852878002227825,,-2.280641906513456,-2.7822585033383906,11
5.0,0.05,0.1,0.02,0.3289707253902946,0.045,0.04617359329879053,0.08576175730693154,0.04619838663250888,6.723016553056457,7.787378960552836,9.303798074193738,,-6.723016553056477,-7.787378960552787,12
5.0,0.05,0.1,0.02,0.3289707253902946,0.05,0.049131299968844515,0.08474449702264567,0.049140405870803025,0.8663789205261868,0.7442006484676491,0.28281427331901193,,0.8663789205266705,0.744200648468038,13
5.0,0.05,0.1,0.02,0.3289707253902946,0.044,0.04290864063055578,0.08972117484807116,0.042910929682115496,0.9649582604524911,0.8429199782114717,0.2350016939997493,,0.9649582604528052,0.842919978211502,14
5.0,0.05,0.1,0.02,0.3289707253902946,0.044,0.10401617255633222,0.04944229083635802,0.10410399288429355,2.4406050754059145,1.4245148433625654,1.1415582486112328,1.1759059554298583,2.4406050754059647,1.4245148433628112,15
5.0,0.05,0.1,0.02,0.3289707253902946,0.04,0.03790736095915592,0.09008020798130409,0.03791613646639259,0.3058629042009263,1.3426435259909741,1.816636962092003,,-0.3058629042006452,-1.3426435259911478,16
5.0,0.05,0.1,0.02,0.3289707253902946,0.044,0.04446147427521761,0.08644986587900387,0.04448070146472165,0.34852653997596744,2.429247281725623,2.5309811704134675,,0.34852653997561917,2.4292472817256767,17
5.0,0.05,0.1,0.02,0.3289707253902946,0.052,0.05222807682561418,0.0915325495433702,0.05224151544846816,2.9816874623690186,4.834248372741776,4.359571687447569,,-2.981687462369145,-4.834248372741834,18
5.0,0.05,0.1,0.02,0.3289707253902946,0.05,0.052255422636835636,0.09186760962308547,0.05227493132979505,1.265666051577523,1.9855367303840812,3.0564673032082847,,1.2656660515777323,1.9855367303842502,19
5.0,0.05,0.1,0.02,0.3289707253902946,0.049,0.05463783531271285,0.08791392222874338,0.05465732217801649,2.840900901329165,2.344939472081764,3.102110876593731,,2.840900901329168,2.3449394720820482,20
5.0,0.05,0.1,0.02,0.3289707253902946,0.048,0.048347063611307264,0.09335947735243509,0.0483530648982426,4.253783902742274,4.398441728501826,4.142337348720854,,-4.253783902742387,-4.398441728501932,21
5.0,0.05,0.1,0.02,0.3289707253902946,0.038,0.038002987249112954,0.08621789334050346,0.03801567730763119,0.7564753539762267,0.26748020611500495,0.15463666832537554,,-0.7564753539761561,-0.26748020611669643,22
5.0,0.05,0.1,0.02,0.3289707253902946,0.055,0.05122256035874527,0.09143721460467912,0.051231572288295564,1.533905205458034,0.6113829425856037,0.35992805503668907,,1.5339052054581477,0.6113829425859324,23
5.0,0.05,0.1,0.02,0.3289707253902946,0.06,0.057235415402328446,0.0939430175117265,0.05725345191233586,0.4350310453679069,0.5306538536903644,1.0509087681829752,,0.4350310453692576,0.5306538536913269,24
5.0,0.05,0.1,0.02,0.3289707253902946,0.051,0.053093621975035886,0.08926293216699221,0.053106475801666525,2.158748229035821,2.5726982792431565,2.8245284944758207,,-2.158748229035995,-2.572698279243312,25
5.0,0.05,0.1,0.02,0.3289707253902946,0.042,0.03794135356828289,0.08891044868149914,0.037961296942358065,1.685702640760023,2.929666870623715,3.9475270599327548,,-1.685702640760268,-2.92966687062381,26
5.0,0.05,0.1,0.02,0.3289707253902946,0.034,0.030251219658427992,0.09558334694960065,0.03025561130409869,0.17711900160834135,0.9895988318070094,1.6246814450854836,,-0.17711900160959002,0.9895988318071468,27
5.0,0.05,0.1,0.02,0.3289707253902946,0.052,0.05070630941776773,0.09323808848643206,0.05072151078257229,3.323031304962671,3.9404786357659765,3.738008997727879,,3.3230313049626807,3.9404786357660018,28
5.0,0.05,0.1,0.02,0.3289707253902946,0.046,0.045207689769166434,0.08641224231704885,0.0452161747967304,6.547622144158571,5.599241602976882,6.547622144158571,,-6.547622144158646,-5.599241602976969,29
5.0,0.05,0.1,0.02,0.3289707253902946,0.048,0.044723353561508465,0.09619385314583596,0.04472945845449716,0.5299990287618872,1.560847271695223,0.973441054116437,,0.5299990287629083,1.560847271695435,30
5.0,0.05,0.1,0.02,0.3289707253902946,0.046,0.04228009092867569,0.09184252540396365,0.04229319551520863,0.9616764408208638,2.754897976195437,2.8838575522657455,,0.9616764408208113,-2.7548979761955366,31
5.0,0.05,0.1,0.02,0.3289707253902946,0.037,0.11306053004283076,0.03763603694899979,0.11314386943858519,2.6301444527535383,5.433123558293798,8.743837675939623,43.85975507197741,-2.6301444527535147,-5.4331235582937625,32
5.0,0.05,0.1,0.02,0.3289707253902946,0.043,0.042528131675813964,0.08771652734037763,0.04254139917251205,2.9690673692636125,3.506818440010147,2.172491013514078,,-2.9690673692637235,-3.506818440010308,33
5.0,0.05,0.1,0.02,0.3289707253902946,0.042,0.03913939036345824,0.08920007807876731,0.03915072669450448,2.143943342541408,2.9012168029605725,2.8630235398819863,,-2.143943342541513,-2.9012168029606094,34
5.0,0.05,0.1,0.02,0.3289707253902946,0.051,0.05199648537230573,0.08471227607765876,0.05201926473940562,2.757630226595636,1.8684196995382105,2.268317679600836,,2.7576302265957153,1.8684196995384446,35
5.0,0.05,0.1,0.02,0.3289707253902946,0.045,0.04550023982549459,0.08877907624801724,0.04551459890951558,4.645762891753889,6.114487848521168,7.24676389270558,,-4.645762891753893,-6.114487848521213,36
5.0,0.05,0.1,0.02,0.3289707253902946,0.057,0.05410601434731086,0.08542052175464397,0.054128078948257725,6.717987926771685,5.805807120642934,5.092570048494189,,6.717987926771726,5.805807120642993,37
5.0,0.05,0.1,0.02,0.3289707253902946,0.044,0.04488199382589384,0.09010925384204728,0.044886545844898665,1.321517377279839,1.0867555562031992,1.5107289574252236,,1.3215173772802455,-1.0867555562031608,38
5.0,0.05,0.1,0.02,0.3289707253902946,0.038,0.09043253599340059,0.04583059007506349,0.09051864865699466,3.7816560454610526,3.9989648043396615,4.6230313828401215,44.27097089266389,3.7816560454611583,3.9989648043396686,39
5.0,0.05,0.1,0.02,0.3289707253902946,0.052,0.057565559229289576,0.08559624144083473,0.057584114533139226,3.527077251689822,4.199099016011586,3.8235106615621075,,3.527077251690086,4.1990990160117345,40
5.0,0.05,0.1,0.02,0.3289707253902946,0.043,0.045845788942886184,0.08373776829342842,0.04586958175466071,1.1507707026172862,1.0838135731961758,0.2053246532916924,,1.150770702617516,-1.0838135731964447,41
5.0,0.05,0.1,0.02,0.3289707253902946,0.05,0.04933907386504198,0.08748764019204605,0.04934536824989228,0.7895146484459609,1.9558986296054488,1.9740180890139034,,-0.7895146484462632,-1.9558986296057066,42
5.0,0.05,0.1,0.02,0.3289707253902946,0.06,0.060741077559075415,0.08591475022471419,0.060724049194142614,2.044849345967678,3.279090945763499,2.6590041108849913,,-2.044849345967822,-3.2790909457635937,43
5.0,0.05,0.1,0.02,0.3289707253902946,0.048,0.04612239745394959,0.09335755283423097,0.04613486992060592,0.5409945331886781,2.7143698183983713,3.5472516543504033,,0.5409945331893233,-2.7143698183983753,44
5.0,0.05,0.1,0.02,0.3289707253902946,0.058,0.05407925946815989,0.09104826489385616,0.054090519728997255,0.054034533386956,2.9226291607841492,3.300309432301472,,0.05403453338943385,2.92262916078416,45
5.0,0.05,0.1,0.02,0.3289707253902946,0.047,0.042094616603067354,0.093969926320234,0.042102516375549445,1.040499767925535,0.37452686836007987,0.1250303195291067,,-1.0404997679257544,-0.37452686836098154,46
5.0,0.05,0.1,0.02,0.3289707253902946,0.047,0.04550238607921514,0.08984199653181973,0.04551447524692935,1.6090129230110228,2.401436926269837,1.9560588927317828,,1.6090129230110435,2.4014369262698567,47
5.0,0.05,0.1,0.02,0.3289707253902946,0.044,0.045843345177466334,0.08206959806060517,0.04585761853840419,1.275270856307077,3.2162886858332644,4.415295554950711,,-1.2752708563072972,-3.2162886858334248,48
5.0,0.05,0.1,0.02,0.3289707253902946,0.049,0.04786451253838367,0.0891371609158654,0.04787668859287166,0.41240134307022874,0.3480365053589791,0.5944638752650969,,-0.41240134307109233,-0.34803650536130515,49
5.0,0.05,0.1,0.02,0.3289707253902946,0.057,0.05026640781107543,0.08563431595939683,0.05027093152855631,1.4726200412722592,1.224848712391505,1.0963941918925855,,-1.472620041272155,-1.2248487123912115,50
5.0,0.05,0.1,0.02,0.3289707253902946,0.051,0.05769108623043954,0.0844844604893009,0.0577174509606593,2.2835477439520857,4.403748960810787,3.9725972636277613,,2.2835477439521896,4.403748960810749,51
5.0,0.05,0.1,0.02,0.3289707253902946,0.046,0.044275295514292316,0.089089592249219,0.044286226890812325,0.6956367658837342,1.653288986091032,1.4314672764445162,,-0.6956367658837174,-1.6532889860911526,52
5.0,0.05,0.1,0.02,0.3289707253902946,0.058,0.06053413973894598,0.08311845531435029,0.06055535633356054,1.2864787281950973,0.7616288100968127,1.1916068763015906,,1.2864787281951604,0.7616288100973388,53
5.0,0.05,0.1,0.02,0.3289707253902946,0.051,0.059888292293609494,0.08256883631401546,0.059911823766155635,0.6960644444027371,2.0849270408917855,1.2257695627741605,,-0.6960644444030166,-2.0849270408917855,54
5.0,0.05,0.1,0.02,0.3289707253902946,0.033,0.03290528856658938,0.0899631707127846,0.03292135811974976,1.211637091700718,1.970088828341054,1.4506709725925928,,1.2116370917006607,1.9700888283411522,55
5.0,0.05,0.1,0.02,0.3289707253902946,0.057,0.05765542462251662,0.0909532107888209,0.057662331283318886,3.739118869521449,4.052509589193621,4.697807698301323,,3.739118869521473,4.052509589193681,56
5.0,0.05,0.1,0.02,0.3289707253902946,0.04,0.03502435486369125,0.08481157424870908,0.03503896698158167,1.9928042316121228,0.4330930110404807,0.17939506403284317,,1.9928042316123833,0.4330930110411144,57
5.0,0.05,0.1,0.02,0.3289707253902946,0.054,0.05444485512455638,0.08497062974706535,0.054458732836902474,0.08938928550065457,1.6489129013972106,2.2352800643791677,,-0.08938928550384648,-1.6489129013973782,58
5.0,0.05,0.1,0.02,0.3289707253902946,0.049,0.05444842590056709,0.08513328709310798,0.054464647299255715,0.8306948016159362,0.5014719529029439,1.7017849591427407,,0.8306948016167965,-0.5014719529034529,59
5.0,0.05,0.1,0.02,0.3289707253902946,0.051,0.05321653255357235,0.08822204055624935,0.05323091481780172,6.256392614636583,5.203213442697149,5.501200755684818,,-6.2563926146366144,-5.203213442697196,60
5.0,0.05,0.1,0.02,0.3289707253902946,0.045,0.04793809690471181,0.08888164768823006,0.047960837895249485,0.9704040443075508,5.829761955312144,5.504701328741912,,0.9704040443079179,5.829761955312148,61
5.0,0.05,0.1,0.02,0.3289707253902946,0.046,0.05639178091814702,0.07981358537248912,0.05642558347543942,1.1152363352431727,1.6725210399513,1.613275795150755,,-1.1152363352432346,-1.6725210399515373,62
5.0,0.05,0.1,0.02,0.3289707253902946,0.052,0.06361935082596415,0.07501923307822467,0.0636617197326154,5.702503368991773,7.896999720242852,7.173526521605315,,-5.702503368991846,-7.8969997202428885,63
5.0,0.05,0.1,0.02,0.3289707253902946,0.047,0.04115705538005061,0.09847649538915164,0.041168708549734506,4.799394770968216,4.91533289876794,4.734615061084568,,4.79939477096826,4.915332898767986,64
5.0,0.05,0.1,0.02,0.3289707253902946,0.046,0.047258467964483825,0.08911403619661566,0.047276764304989484,1.2410630404875362,2.8220911429111384,3.7163287470400292,,-1.2410630404880572,-2.8220911429114355,65
5.0,0.05,0.1,0.02,0.3289707253902946,0.041,0.036244860245533826,0.09038926080435057,0.03625414626356114,3.6361320899536382,4.695981466401839,3.3699740087004546,,3.6361320899537466,4.69598146640178,66
5.0,0.05,0.1,0.02,0.3289707253902946,0.052,0.04965173760428844,0.08522593503233523,0.04965913972644211,6.036740294083028,6.9052356881103885,6.733993727059733,,-6.036740294083057,-6.905235688110402,67
5.0,0.05,0.1,0.02,0.3289707253902946,0.05,0.04445943859191571,0.09183819580171623,0.04446821652913188,2.4992074121290058,1.7853470709212527,1.4143794101626102,,-2.499207412128947,-1.785347070921371,68
5.0,0.05,0.1,0.02,0.3289707253902946,0.047,0.04726136438981835,0.08445037147307728,0.04727125632961794,5.23095193220779,5.956780367277429,6.225432724902551,,5.230951932207784,5.956780367277548,69
5.0,0.05,0.1,0.02,0.3289707253902946,0.057,0.06025863397040823,0.08741951379959065,0.06027711648664972,0.6046334714704277,0.35769558527073286,1.1124541408022797,,0.6046334714707151,0.357695585271394,70
5.0,0.05,0.1,0.02,0.3289707253902946,0.062,0.061776681854075394,0.09016673072036613,0.061794487435463744,5.076931911546013,3.658889813702264,3.7569361766987477,,-5.076931911545989,-3.6588898137023333,71
5.0,0.05,0.1,0.02,0.3289707253902946,0.041,0.10297071365659345,0.043887581345939265,0.10305943421206125,3.983310741927838,5.425467458523258,2.762914806481585,0.020101716647046533,-3.9833107419280296,-5.425467458523311,72
5.0,0.05,0.1,0.02,0.3289707253902946,0.074,0.07482163060157301,0.0926499634098486,0.07483200416378512,0.2560402791776507,0.47128498921950013,0.459679540612346,,0.2560402791788755,0.47128498922016077,73
5.0,0.05,0.1,0.02,0.3289707253902946,0.053,0.05356931771407197,0.0867991332715996,0.0535820067418321,1.7256337729166173,2.1644235915931858,2.1980699552545304,,1.7256337729166866,2.1644235915933807,74
5.0,0.05,0.1,0.02,0.3289707253902946,0.053,0.054484989130920085,0.09086947090225056,0.05449610239640165,3.098374636243789,4.678842292622516,5.092118339702915,,3.0983746362439564,4.678842292622531,75
5.0,0.05,0.1,0.02,0.3289707253902946,0.043,0.04516865049231879,0.08295536223168289,0.045187891354057035,1.254311438636105,0.5347759897139691,0.6668417339584755,,1.2543114386362824,0.5347759897140251,76
5.0,0.05,0.1,0.02,0.3289707253902946,0.041,0.05465728975721322,0.08317371065350757,0.05468807737064971,2.3546295759107347,5.8500853406170386,5.316736085622022,,-2.3546295759107916,-5.850085340617079,77
5.0,0.05,0.1,0.02,0.3289707253902946,0.053,0.048960255249596206,0.09006992521983763,0.04897176731464804,2.546884692067709,1.3158411074315353,1.8820791253663822,,2.5468846920677843,1.3158411074319185,78
5.0,0.05,0.1,0.02,0.3289707253902946,0.052,0.04827106730081942,0.08633889028428111,0.04828273897572432,0.4076102646818176,3.28143732800874,3.1315423602043353,,0.40761026468354056,3.2814373280089035,79
5.0,0.05,0.1,0.02,0.3289707253902946,0.054,0.06265660984764729,0.08293866414678082,0.06268566069031677,3.0020243367249098,3.7307071096032596,3.2845823484661176,,-3.0020243367248662,-3.7307071096032924,80
5.0,0.05,0.1,0.02,0.3289707253902946,0.056,0.051146425604951445,0.09026475610221642,0.051156038646874756,1.6507845900393885,1.9187256842054494,2.508191641644007,,-1.6507845900395364,-1.918725684205579,81
5.0,0.05,0.1,0.02,0.3289707253902946,0.04,0.040912034836439716,0.0937775731889548,0.040918802664745006,3.7148765616439734,4.38453123159073,4.9820942639737495,,3.714876561644005,4.384531231590769,82
5.0,0.05,0.1,0.02,0.3289707253902946,0.046,0.044003812624557485,0.09120413810318186,0.04400723202485189,6.187250284951527,6.934682963509833,6.939071505974529,,6.187250284951586,6.934682963509912,83
5.0,0.05,0.1,0.02,0.3289707253902946,0.049,0.04881803581986177,0.08514108618594506,0.04884461853017301,3.0969575864253622,5.726766481316629,6.7594262122720385,,-3.096957586425476,-5.7267664813167105,84
5.0,0.05,0.1,0.02,0.3289707253902946,0.05,0.049520714590466745,0.08514776295341624,0.04953552594022231,0.20677947159011828,0.9573957513918689,0.5465242925956273,,-0.20677947159199972,-0.9573957513922496,85
5.0,0.05,0.1,0.02,0.3289707253902946,0.049,0.047645530807791346,0.08761219758018,0.047653409738207954,1.6620339490142486,2.705637008890399,3.3373375986466325,,-1.6620339490146827,-2.705637008890604,86
5.0,0.05,0.1,0.02,0.3289707253902946,0.053,0.047016236079851725,0.09343942163452462,0.04702882508768188,1.2392841757003306,1.6342129829020982,0.4547289724205543,,-1.2392841757007464,-1.6342129829024117,87
5.0,0.05,0.1,0.02,0.3289707253902946,0.045,0.04347342680423936,0.09115380607036297,0.04348937090376664,1.279750027983564,2.9687027720355372,3.587024511972449,,1.2797500279837706,2.968702772035716,88
5.0,0.05,0.1,0.02,0.3289707253902946,0.059,0.06518238997947336,0.08579216879609713,0.06521408250619333,6.244645136251391,6.913038530300141,7.562307879797349,,6.244645136251436,6.913038530300196,89
5.0,0.05,0.1,0.02,0.3289707253902946,0.042,0.04200944485454984,0.08765971724101179,0.042024145715176035,0.32412184274963496,0.8540713425098341,0.8094434206176707,,0.32412184275031014,0.8540713425100528,90
5.0,0.05,0.1,0.02,0.3289707253902946,0.055,0.04945790467541923,0.09031487984443276,0.04947209597219944,3.5692040088270813,2.5830729706222386,2.085791241266873,,3.5692040088271537,2.5830729706224056,91
5.0,0.05,0.1,0.02,0.3289707253902946,0.05,0.047720621504448855,0.0929409675591407,0.04772765675455516,9.598489665480983,10.580263526203055,10.4563881333004,,-9.598489665481004,-10.58026352620307,92
5.0,0.05,0.1,0.02,0.3289707253902946,0.058,0.06366107165831532,0.08272103842867076,0.06368599073797403,7.0048323392014815,6.71183924015138,7.188776841289529,,-7.004832339201504,-6.711839240151437,93
5.0,0.05,0.1,0.02,0.3289707253902946,0.053,0.0579380270822431,0.08395405586510404,0.05796085905469337,3.0807774745756493,3.474942129384516,2.5912280131242036,,-3.0807774745757377,-3.4749421293844476,94
5.0,0.05,0.1,0.02,0.3289707253902946,0.041,0.03940592593450151,0.08423294530806263,0.039422029692231464,1.8933827932711205,0.6514911720522002,1.2118546682804057,,1.8933827932711205,0.6514911720525531,95
5.0,0.05,0.1,0.02,0.3289707253902946,0.057,0.18323038480869847,0.0374407261078279,0.18335048594285006,1.8054704066496958,0.41955658650939,1.0770365346702198,35.54756714366772,-1.8054704066498943,0.41955658651016103,96
5.0,0.05,0.1,0.02,0.3289707253902946,0.051,0.04761041558079762,0.091326588442428,0.047614661943222586,2.2157187817089694,2.8182454169814615,2.4768695493313913,,2.2157187817091115,2.81824541698156,97
5.0,0.05,0.1,0.02,0.3289707253902946,0.049,0.11876185504453622,0.04503315447805188,0.11886020447522497,3.6933062611393264,2.286386656588193,4.4797366647540455,35.106981671411816,-3.6933062611393406,-2.2863866565884714,98
5.0,0.05,0.1,0.02,0.3289707253902946,0.04,0.03697441887609395,0.09387143044325523,0.03698015367211193,2.4574974705248587,4.781183597500758,3.247715314512761,,2.457497470524934,4.781183597500906,99
5.0,0.05,0.1,0.02,0.3289707253902946,0.05,0.051449607544509966,0.09280565224786022,0.051458607180210045,1.0815288030024452,0.862835133352684,1.1432183531405484,,1.0815288030024672,0.8628351333528691,100
5.0,0.05,0.1,0.02,0.3289707253902946,0.057,0.05781751413580693,0.08318550927827881,0.057842560550410455,1.1978272882391297,0.2558223449012801,0.19559989839852882,,-1.1978272882393552,-0.25582234490163597,101
5.0,0.05,0.1,0.02,0.3289707253902946,0.059,0.06196965972737413,0.09297959595714979,0.06198648257080748,4.627958172290334,3.5275609969787487,4.014019891608039,,4.627958172290323,3.5275609969787545,102
5.0,0.05,0.1,0.02,0.3289707253902946,0.064,0.06218765588485313,0.08437570437137241,0.06220725347123942,0.34953738390703526,0.5228456697005766,1.094756003837214,,-0.3495373839087079,0.5228456697019643,103
5.0,0.05,0.1,0.02,0.3289707253902946,0.049,0.03968814801633495,0.09450151006130515,0.03969543528727717,3.496164732504166,1.1302280901703763,1.0286361119874423,,-3.4961647325043157,-1.130228090170779,104
5.0,0.05,0.1,0.02,0.3289707253902946,0.05,0.06065022107343526,0.08008197650839188,0.06067640171873816,2.5650597419729975,3.4415646376092783,3.743858685364555,,2.5650597419731294,3.441564637609407,105
5.0,0.05,0.1,0.02,0.3289707253902946,0.051,0.04793107291825724,0.08884300012873585,0.04794613660548754,3.1367381160856995,8.460000013008946,8.303974562052286,,3.1367381160857377,8.46000001300899,106
5.0,0.05,0.1,0.02,0.3289707253902946,0.052,0.050406704114458606,0.0908957320428472,0.050416960601163664,1.1967639112237143,1.307753701802368,0.57991437119248,,1.1967639112239368,1.3077537018025698,107
5.0,0.05,0.1,0.02,0.3289707253902946,0.047,0.04676398340941404,0.08959631610143427,0.04676920792189011,2.4821753889711284,2.715938560369169,2.6157238961703038,,2.4821753889712252,2.7159385603693695,108
5.0,0.05,0.1,0.02,0.3289707253902946,0.059,0.060091228487501515,0.08390220680706728,0.06010443304928172,4.705151971851253,6.273850060073254,5.848688617311037,,4.705151971851298,6.27385006007332,109
5.0,0.05,0.1,0.02,0.3289707253902946,0.064,0.0710613273104071,0.08306738194921803,0.07108688100684893,6.185844666402199,5.259519912500132,5.813759559352433,,6.185844666402255,5.259519912500217,110
5.0,0.05,0.1,0.02,0.3289707253902946,0.039,0.039516823896941757,0.08965997236238693,0.03952827074715974,1.8673694739801585,0.9281900950758047,1.765047001211989,,1.867369473980383,0.928190095075931,111
5.0,0.05,0.1,0.02,0.3289707253902946,0.05,0.052265206489370296,0.08875333969714296,0.05227032767469128,5.74494247557911,8.485313846451868,9.087892041962496,,-5.74494247557915,-8.485313846451854,112
5.0,0.05,0.1,0.02,0.3289707253902946,0.043,0.040809796358867376,0.08695443677311925,0.040816821318799344,1.240919704285371,0.8466186080421632,0.9521646346040301,,1.2409197042855942,0.846618608042076,113
5.0,0.05,0.1,0.02,0.3289707253902946,0.047,0.0428061995490415,0.08539696837800509,0.04282467279783637,2.4536984674374813,3.862835381203499,3.993536338867696,,2.4536984674375257,3.862835381203543,114
5.0,0.05,0.1,0.02,0.3289707253902946,0.048,0.04721792425302795,0.09109673106146357,0.0472330972195305,6.94654986423747,6.1749885993038305,6.227307696738747,,6.946549864237492,6.17498859930386,115
5.0,0.05,0.1,0.02,0.3289707253902946,0.05,0.05737909120629556,0.08320922022214199,0.05740578127202316,5.019607702012498,4.953998659771039,6.550356929452976,,5.0196077020125855,4.95399865977112,116
5.0,0.05,0.1,0.02,0.3289707253902946,0.043,0.04185921785470961,0.08957986968471554,0.04186908308619907,3.1229200907843073,2.0480213416738193,1.9442803210572859,,-3.1229200907843104,-2.0480213416738633,117
5.0,0.05,0.1,0.02,0.3289707253902946,0.043,0.04317335746282893,0.09021207929706579,0.04319133760410286,1.0926041820108936,0.17730533719653926,0.8018577829524205,,-1.092604182011274,-0.17730533719858976,118
5.0,0.05,0.1,0.02,0.3289707253902946,0.06,0.16272039482634704,0.03857233126206932,0.1628292781503878,3.274324228737066,2.86944665920925,0.6653594413449506,10.897077712108239,3.2743242287371856,2.8694466592094567,119
5.0,0.05,0.1,0.02,0.3289707253902946,0.046,0.04484712801423383,0.08963802061113468,0.044854774869043795,0.14268498469603358,0.2795929225793918,0.13649535042266883,,0.14268498469781238,0.27959292258126356,120
5.0,0.05,0.1,0.02,0.3289707253902946,0.049,0.052925800254893574,0.08628621012457184,0.05294040174614575,0.28953616736964105,2.2505873734455326,1.361486949785661,,-0.289536167369053,-2.250587373445611,121
5.0,0.05,0.1,0.02,0.3289707253902946,0.054,0.05353579292282491,0.08641852708378686,0.0535444224838736,2.30768798589972,1.886134476411,2.0051437135474344,,-2.3076879858997863,-1.8861344764110473,122
5.0,0.05,0.1,0.02,0.3289707253902946,0.049,0.0505380326955736,0.08557976953492663,0.050548650867582215,4.759891173751879,4.393886113572543,4.523371508043855,,4.759891173751984,4.39388611357263,123
5.0,0.05,0.1,0.02,0.3289707253902946,0.043,0.048120998922383425,0.08712145275757402,0.04814223457479059,5.679210223131167,4.749308856907797,5.848176861711862,,-5.679210223131205,-4.74930885690788,124
5.0,0.05,0.1,0.02,0.3289707253902946,0.052,0.05554830326099655,0.08026597751726669,0.055584116178489344,0.1411063904364732,1.0908847097710397,1.864665326569164,,-0.1411063904388789,-1.090884709771309,125
5.0,0.05,0.1,0.02,0.3289707253902946,0.034,0.036336109323679644,0.08479355176365899,0.036353691546437375,1.6490394943019377,0.2044459787702817,0.8035608267755251,,-1.649039494302049,0.20444597877192164,126
5.0,0.05,0.1,0.02,0.3289707253902946,0.056,0.06557639214001838,0.08299515511953,0.06560528719775928,3.5053794434468206,2.8665448732149583,3.322529615372244,,-3.5053794434469623,-2.866544873215166,127
5.0,0.05,0.1,0.02,0.3289707253902946,0.047,0.04740155231354203,0.0881702083076784,0.047415403383006045,3.535137554603893,5.799127034273037,5.696724044564138,,3.5351375546039012,5.799127034273056,128
5.0,0.05,0.1,0.02,0.3289707253902946,0.051,0.05227121304295187,0.08926258495780863,0.052289485194844436,0.8042800704727288,0.4292774092676768,1.7130581285125188,,-0.8042800704732519,0.42927740926770186,129
5.0,0.05,0.1,0.02,0.3289707253902946,0.047,0.04582639837438869,0.08808718915723343,0.04584059356162605,0.19697499817319947,1.4899132289655361,0.2843266172602724,,0.1969749981745328,1.4899132289657828,130
5.0,0.05,0.1,0.02,0.3289707253902946,0.059,0.07177883988789717,0.07720456139807699,0.0718152520262259,2.1926468525751948,3.583350722129687,3.6904682872693506,,-2.1926468525753053,-3.5833507221297904,131
5.0,0.05,0.1,0.02,0.3289707253902946,0.052,0.0508866140516233,0.08962367204514403,0.05090276695413474,3.3948064620052048,4.041397100754211,3.6011589620598645,,3.3948064620053815,4.041397100754184,132
5.0,0.05,0.1,0.02,0.3289707253902946,0.038,0.038002764490814966,0.09203470557425933,0.038011112238845034,3.2176208935777737,1.0733514598083218,0.43198404486776926,,-3.217620893577815,-1.0733514598086509,133
5.0,0.05,0.1,0.02,0.3289707253902946,0.061,0.06227473099695248,0.09051476599500292,0.06228999821579908,6.490794079040098,8.56168044940289,8.286475621150288,,6.49079407904019,8.561680449402964,134
5.0,0.05,0.1,0.02,0.3289707253902946,0.047,0.0439020568488647,0.09079142669892701,0.043911504223476935,2.9789391241452376,0.15846483255161795,0.04379731638697999,,-2.9789391241453154,0.15846483255269433,135
5.0,0.05,0.1,0.02,0.3289707253902946,0.049,0.10979822244537665,0.04839252963247953,0.10988319619103944,6.113693723446433,8.873194799846795,8.098542317928853,5.5609159660281575,6.113693723446484,8.87319479984682,136
5.0,0.05,0.1,0.02,0.3289707253902946,0.041,0.04178589545305215,0.08532447101725678,0.04283488081973445,7.033799012373329,7.167414045303516,6.214790656476988,,7.033799012373394,7.167414045303593,137
5.0,0.05,0.1,0.02,0.3289707253902946,0.046,0.047724717551198684,0.08615744876644367,0.047736634905727764,0.7643491572208057,1.7464543554391951,2.479648537090407,,-0.7643491572210165,-1.7464543554394323,138
5.0,0.05,0.1,0.02,0.3289707253902946,0.054,0.05493706649953416,0.08678444453566175,0.05496363203504389,7.877252001184299,11.605672914403524,12.031984666588828,,-7.877252001184332,-11.605672914403556,139
5.0,0.05,0.1,0.02,0.3289707253902946,0.058,0.055608436836984125,0.09090730519121697,0.05561797468096127,0.6997929949355827,0.7467806728245207,0.9679896363887229,,0.6997929949358065,0.7467806728249617,140
5.0,0.05,0.1,0.02,0.3289707253902946,0.051,0.04923395703701377,0.09427232501145864,0.04923670229901374,2.491807290192123,2.4657840253903416,1.6091154377157677,,-2.4918072901920554,-2.4657840253903935,141
5.0,0.05,0.1,0.02,0.3289707253902946,0.047,0.0463948809500742,0.08649339929722778,0.04639978629144139,5.515995585719691,2.81489875865705,3.0300927915011857,,5.515995585719765,2.8148987586572445,142
5.0,0.05,0.1,0.02,0.3289707253902946,0.05,0.049343070716344285,0.09447148642080665,0.04934593159614775,4.40363118302222,5.319848766966469,5.193051526596249,,4.403631183022256,5.319848766966576,143
5.0,0.05,0.1,0.02,0.3289707253902946,0.07,0.0629500821556717,0.08659665126420937,0.06297193755547488,0.45265263364103614,3.1789781661713032,4.238332815034811,,-0.4526526336414406,-3.178978166171351,144
5.0,0.05,0.1,0.02,0.3289707253902946,0.052,0.050539975846939825,0.08075694121450264,0.05055012782975072,2.6787745336139537,4.054078248616505,4.024755836323828,,2.678774533614098,4.054078248616691,145
5.0,0.05,0.1,0.02,0.3289707253902946,0.044,0.049853063156335184,0.08699202954688882,0.04987925419499656,4.360593819287514,3.904982568885237,3.7795205403624603,,4.360593819287596,3.904982568885361,146
5.0,0.05,0.1,0.02,0.3289707253902946,0.054,0.05480288122268262,0.08653062860719535,0.05481713686213748,0.07068755587499925,0.5391381704048529,0.6521765521049041,,-0.07068755587842786,-0.5391381704052469,147
5.0,0.05,0.1,0.02,0.3289707253902946,0.044,0.0417476852531897,0.09031693574914575,0.04176764828491546,4.189763660458399,1.162080104574967,1.1279664260661055,,4.189763660458469,1.162080104575195,148
5.0,0.05,0.1,0.02,0.3289707253902946,0.043,0.04324547449677556,0.09425065267580858,0.04325575833769567,0.9227689980190292,2.4604087934237815,3.575732266319378,,-0.9227689980192897,-2.4604087934238525,149
5.0,0.05,0.1,0.02,0.3289707253902946,0.045,0.08257100503308394,0.06885123991231694,0.0826295316038649,5.058430872662867,4.126001958288688,5.358259020378568,10.973563233398735,5.058430872662933,4.126001958288781,150
5.0,0.05,0.1,0.02,0.3289707253902946,0.056,0.12373183310673817,0.044284067308413534,0.12382512158241009,3.2863651381814742,3.9293873646114403,4.363373875763089,5.037000098275733,3.286365138181544,3.9293873646114794,151
5.0,0.05,0.1,0.02,0.3289707253902946,0.047,0.0447148913461174,0.0889050056175309,0.04472904811840327,4.049232161632393,4.1506638906739095,3.730447184965551,,-4.049232161632508,-4.150663890674032,152
5.0,0.05,0.1,0.02,0.3289707253902946,0.055,0.049044944412743145,0.09438738414044294,0.049048516030267574,1.1367165312473928,0.9550666237036627,0.7427364469241265,,1.136716531247513,-0.9550666237040447,153
5.0,0.05,0.1,0.02,0.3289707253902946,0.048,0.05930507973424137,0.07631207701074762,0.059339926260375535,1.8453616660477643,1.1657851699695603,2.469625161422999,,1.8453616660477659,1.1657851699696815,154
5.0,0.05,0.1,0.02,0.3289707253902946,0.048,0.04555038288790931,0.08617608952908164,0.04555708107211856,0.49598923058142885,0.3631697118198901,0.7225853913784928,,0.4959892305822583,0.3631697118222716,155
5.0,0.05,0.1,0.02,0.3289707253902946,0.052,0.04985044606274124,0.09263184470887531,0.04985761753481085,4.209324320736607,4.672571640125663,4.3071599678333925,,4.209324320736618,4.672571640125669,156
5.0,0.05,0.1,0.02,0.3289707253902946,0.046,0.048442509546711525,0.08754539045472504,0.048462613625114795,5.9066342556624125,1.8571696042997665,2.159166441086926,,-5.906634255662516,-1.8571696042999795,157
5.0,0.05,0.1,0.02,0.3289707253902946,0.05,0.05051927874472628,0.08521864777644368,0.050535883738170806,7.495791646938301,8.244995379891433,8.049472403878795,,-7.495791646938264,-8.244995379891465,158
5.0,0.05,0.1,0.02,0.3289707253902946,0.052,0.12878733066412187,0.046051099811447144,0.12888328149615438,0.14397329010996152,7.717640458534637,7.794688736609717,8.65453487855495,0.1439732901080865,7.717640458534637,159
5.0,0.05,0.1,0.02,0.3289707253902946,0.056,0.057661316972155256,0.08291691882868356,0.05768041304367933,1.5233423105499186,0.11476349597535032,0.5520110302500676,,1.523342310549963,-0.11476349597900555,160
5.0,0.05,0.1,0.02,0.3289707253902946,0.038,0.039331478748643685,0.09085869452887448,0.03935022786628869,5.34750406088646,8.813725376737887,8.381845016234436,,-5.3475040608865445,-8.813725376737883,161
5.0,0.05,0.1,0.02,0.3289707253902946,0.04,0.03983293565367775,0.09361506153250566,0.03983753712197605,7.567770042912249,8.043286508691628,7.9506700644436386,,7.5677700429122385,8.04328650869168,162
5.0,0.05,0.1,0.02,0.3289707253902946,0.062,0.06125108712856858,0.08672238136327559,0.06126649285565475,1.7306176238739215,2.903280086375146,2.5579166499337007,,1.730617623873971,2.9032800863752724,163
5.0,0.05,0.1,0.02,0.3289707253902946,0.048,0.051503517704540855,0.09069757387422121,0.051516250575731164,0.1969029985926247,0.728280582549833,0.28194846203295765,,0.19690299859378319,0.7282805825503199,164
5.0,0.05,0.1,0.02,0.3289707253902946,0.044,0.11661009666255046,0.03910372745851326,0.11669164849868775,0.5503409388779177,1.9298418844748817,1.1761836974007789,35.09225226231983,-0.5503409388783373,-1.9298418844751155,165
5.0,0.05,0.1,0.02,0.3289707253902946,0.063,0.06125006346787204,0.08712699242872533,0.061265784543945205,1.6226763204123382,1.4036325648704517,0.8866565134077559,,1.622676320412535,1.4036325648706356,166
5.0,0.05,0.1,0.02,0.3289707253902946,0.04,0.03651229055857767,0.09149359272201653,0.03651722043156296,1.5410112676420278,1.2191701426758326,0.968423964840417,,-1.5410112676420797,-1.2191701426756743,167
5.0,0.05,0.1,0.02,0.3289707253902946,0.042,0.04359602432452649,0.09036084972759864,0.04360768808987857,0.8367723311916779,2.096823184985567,2.391765860693342,,0.8367723311917884,2.0968231849858325,168
5.0,0.05,0.1,0.02,0.3289707253902946,0.049,0.05557850800628796,0.08328750033657863,0.05559862590555177,3.4292127954171736,4.839492260638707,4.728947179430169,,3.4292127954172624,4.83949226063872,169
5.0,0.05,0.1,0.02,0.3289707253902946,0.051,0.056217000937743705,0.08351724243360972,0.05624777634028021,4.780335008520927,1.4645126710306806,0.9391191029178031,,-4.780335008520898,-1.4645126710306249,170
5.0,0.05,0.1,0.02,0.3289707253902946,0.062,0.06447885811277444,0.08372961865811634,0.06450448771964977,3.768092858552293,4.72395063309717,4.715216295619793,,-3.7680928585523152,-4.723950633097174,171
5.0,0.05,0.1,0.02,0.3289707253902946,0.047,0.05052152628942381,0.08683438302418235,0.05053766292291153,1.8887014449906936,3.033829232106918,1.912549099325236,,-1.8887014449907928,-3.033829232107028,172
5.0,0.05,0.1,0.02,0.3289707253902946,0.059,0.06113646232967344,0.0875658085644557,0.06116205074874821,2.2161878987425743,2.0147274357782576,3.201032866744208,,2.216187898742899,2.0147274357784957,173
5.0,0.05,0.1,0.02,0.3289707253902946,0.045,0.0456204936061365,0.09043920350415664,0.04562770130074095,1.9077435182281601,2.404288957913756,2.5438348727823183,,-1.9077435182282085,-2.404288957913856,174
5.0,0.05,0.1,0.02,0.3289707253902946,0.049,0.04525258613998382,0.09007986999846138,0.04526451116611354,1.4863110621963773,1.5879344290169735,2.0448094701870896,,-1.4863110621965934,-1.5879344290170765,175
5.0,0.05,0.1,0.02,0.3289707253902946,0.036,0.10009513355480254,0.0403931527957617,0.10018463596325312,4.378273041547268,3.0452467724502927,5.305298019670577,0.29766550887886645,-4.3782730415473345,-3.0452467724503856,176
5.0,0.05,0.1,0.02,0.3289707253902946,0.056,0.058531371847525375,0.08909754727043345,0.0585442058991642,1.0038752696238915,0.7315616997309561,0.6547322633621246,,1.0038752696243394,0.7315616997311328,177
5.0,0.05,0.1,0.02,0.3289707253902946,0.036,0.03431868284756597,0.09003652677736033,0.03432889148629504,2.4760055901760842,2.9142775154179166,1.9490606800895374,,-2.4760055901761895,-2.9142775154180636,178
5.0,0.05,0.1,0.02,0.3289707253902946,0.042,0.05249521484085349,0.07596181343057831,0.05253684617027333,2.6737502484642106,3.574099098112666,3.6400464117935485,,-2.6737502484643687,-3.574099098112788,179
5.0,0.05,0.1,0.02,0.3289707253902946,0.052,0.050101467419964775,0.0877212926107682,0.05011194123176248,4.284406667878166,3.4531855600329027,3.360845639685266,,4.2844066678782475,3.4531855600329955,180
5.0,0.05,0.1,0.02,0.3289707253902946,0.06,0.059617859127489285,0.08410711725223151,0.05963911766335969,5.410137505240429,5.503491383512401,6.205245966638777,,-5.410137505240374,-5.50349138351237,181
5.0,0.05,0.1,0.02,0.3289707253902946,0.055,0.053801463989284114,0.08462240767187554,0.05381682418733881,2.227537904468638,3.1585493039293686,2.772435834259996,,-2.227537904468714,-3.158549303929542,182
5.0,0.05,0.1,0.02,0.3289707253902946,0.052,0.05186387006504049,0.08585022458357948,0.05187455593318275,1.2642478312125045,1.2902543742748704,1.4721155713841518,,1.264247831212635,1.2902543742752175,183
5.0,0.05,0.1,0.02,0.3289707253902946,0.052,0.06853595876428349,0.07504059631567063,0.06858736138444413,3.423784188484092,3.847444382417173,5.006936292423118,16.285618502197718,-3.423784188484241,-3.8474443824173465,184
5.0,0.05,0.1,0.02,0.3289707253902946,0.05,0.0511469730255479,0.0843996261340331,0.05116325439206334,0.08833121748363892,0.3005844095925204,0.7700438426214413,,-0.08833121748283324,-0.3005844095935213,185
5.0,0.05,0.1,0.02,0.3289707253902946,0.061,0.12755522283481477,0.0495216207974001,0.12764895949663846,2.05995936033455,0.4562602443329796,1.6330057292844107,5.583855172143872,-2.059959360334653,-0.4562602443334762,186
5.0,0.05,0.1,0.02,0.3289707253902946,0.042,0.04285547961837052,0.09215970473524467,0.04286114346812521,5.134861549441995,5.643048174991514,5.371548649685645,,5.1348615494420775,5.643048174991531,187
5.0,0.05,0.1,0.02,0.3289707253902946,0.05,0.045093284600359704,0.09112540244981847,0.04510396235526136,5.952994523070368,4.84813531372974,4.754939103227813,,-5.952994523070427,-4.848135313729843,188
5.0,0.05,0.1,0.02,0.3289707253902946,0.061,0.07035553008903173,0.0802908715055904,0.07038170688512362,2.285653905869371,1.209181544425744,0.8697151962811404,,2.28565390586965,1.2091815444258884,189
5.0,0.05,0.1,0.02,0.3289707253902946,0.056,0.05300019344724745,0.08985562850920217,0.053008401333524,0.7348626255085466,1.6051637470513669,1.8702883014985145,,-0.7348626255092131,-1.6051637470516704,190
5.0,0.05,0.1,0.02,0.3289707253902946,0.053,0.05513332588389686,0.08350593357490445,0.05514426599261767,2.9243143048048155,6.338163244004673,6.637274636810999,,-2.924314304804826,-6.338163244004693,191
5.0,0.05,0.1,0.02,0.3289707253902946,0.044,0.04607075734222734,0.08433899387127083,0.046084337433664954,2.952598353004364,2.724896957379906,2.658581919019933,,-2.952598353004616,-2.7248969573801105,192
5.0,0.05,0.1,0.02,0.3289707253902946,0.047,0.12279870851187562,0.04103806910327392,0.12290206640007377,1.0716028663535129,0.5213928325410363,0.2533642856029578,16.745110129538322,1.071602866353872,-0.521392832541769,193
5.0,0.05,0.1,0.02,0.3289707253902946,0.06,0.06099652211461096,0.07917780099866308,0.061022209304326745,2.364659547464821,1.7090035445717149,1.8408681178885065,,-2.3646595474650325,-1.7090035445720722,194
5.0,0.05,0.1,0.02,0.3289707253902946,0.054,0.04967868332533578,0.09024846897832739,0.049692143278468964,3.414744951111023,1.9637687324682924,1.9640423306891426,,3.4147449511111057,1.9637687324684021,195
5.0,0.05,0.1,0.02,0.3289707253902946,0.041,0.043377756644190316,0.08412876227026907,0.04340347244701433,2.502267326454219,3.6341174813283823,3.9960729042755494,,2.5022673264543105,3.6341174813284356,196
5.0,0.05,0.1,0.02,0.3289707253902946,0.053,0.05100252904343378,0.09065124150943578,0.051022182168344594,5.181003381242654,4.237816548145571,4.378972627144334,,-5.1810033812426175,-4.237816548145539,197
5.0,0.05,0.1,0.02,0.3289707253902946,0.047,0.04683916081885653,0.08904091034734612,0.0468563842181457,3.537303366483645,3.333493995316121,3.357548552779269,,-3.537303366483776,-3.333493995316233,198
5.0,0.05,0.1,0.02,0.3289707253902946,0.048,0.054969891028792,0.0821059721561778,0.05500150510424543,0.14507827299618123,1.5975725362219495,2.7588402081151124,,0.14507827299785522,-1.5975725362222448,199
5.0,0.1,0.1,0.02,0.2563103131089201,0.112,0.10999951342314614,0.07820947122739348,0.11004117870768777,0.6231541418106269,3.300589888385953,3.254376119228826,0.725579962780117,0.6231541418110839,3.3005898883859213,0
5.0,0.1,0.1,0.02,0.2563103131089201,0.103,0.1378705008086563,0.0685861881427164,0.1379378091357166,0.2216824572245284,1.121102662349692,0.8962587052620844,3.253274803846939,-0.22168245722692695,-1.121102662349984,1
5.0,0.1,0.1,0.02,0.2563103131089201,0.098,0.12893197815353163,0.071685222164763,0.12886897559493718,1.7144910590858786,2.7772896095132644,0.8534366379513069,3.2206557571008876,-1.714491059086114,-2.777289609513301,2
5.0,0.1,0.1,0.02,0.2563103131089201,0.109,0.33551987801888117,0.034839974843426165,0.33567442003909154,0.9121403480260268,0.09449908454549565,8.427322378466522,4.684971724553264,0.9121403480265167,-0.09449908454843531,3
5.0,0.1,0.1,0.02,0.2563103131089201,0.104,0.10892934614009633,0.08209129205350904,0.10895560261344232,2.2002032957081146,2.4754651596318524,3.3352869017267976,5.443361855093384,-2.2002032957083157,-2.4754651596319723,4
5.0,0.1,0.1,0.02,0.2563103131089201,0.112,0.1478893482137936,0.06581662024230323,0.1479585979262741,2.715944870371318,2.8137301447156857,2.9049876579038623,0.16410244197654403,-2.715944870371292,-2.813730144715695,5
5.0,0.1,0.1,0.02,0.2563103131089201,0.101,0.09801140998908013,0.08645454758027687,0.0980034899366587,0.03580593150441076,0.20185550314375347,0.905074737562895,,0.03580593149722654,-0.20185550314361958,6
5.0,0.1,0.1,0.02,0.2563103131089201,0.107,0.11635280675701211,0.08253312018658923,0.11639129599777119,2.9255971039417408,1.6593785485723382,1.8246938717444208,2.035528406747816,-2.92559710394174,-1.6593785485724664,7
5.0,0.1,0.1,0.02,0.2563103131089201,0.087,0.10860043376694924,0.07604070451517085,0.10866028198867238,0.6348397809640908,3.1881626334461246,2.442220114833539,8.100176426698539,-0.6348397809646212,-3.188162633446174,8
5.0,0.1,0.1,0.02,0.2563103131089201,0.113,0.1170419859910225,0.07984479295580722,0.11707276985470993,2.0904612605180866,2.6783649869463337,1.982699679216624,2.9779058448504485,2.0904612605182837,2.6783649869463733,9
5.0,0.1,0.1,0.02,0.2563103131089201,0.084,0.07920506316801083,0.08221280594137115,0.07923012566364282,1.9623742985880404,1.5780052588829756,1.894431690061039,,-1.9623742985880999,-1.5780052588830737,10
5.0,0.1,0.1,0.02,0.2563103131089201,0.092,0.09578754392742653,0.07799157031597548,0.09581934764881658,1.0503984192129898,1.831541775067909,0.7007617522161066,,1.0503984192132745,1.8315417750682312,11
5.0,0.1,0.1,0.02,0.2563103131089201,0.088,0.09305895450053309,0.08219894446321034,0.093089519270026,2.5170225448165797,1.1402661939703882,1.1113553825545026,,2.5170225448165504,1.1402661939707657,12
5.0,0.1,0.1,0.02,0.2563103131089201,0.091,0.11235086704384571,0.07178093153847832,0.11240403430281809,5.277393017015921,3.2814813104944554,2.882832889467766,5.225617858049145,5.277393017015966,3.2814813104945575,13
5.0,0.1,0.1,0.02,0.2563103131089201,0.094,0.09153222257403369,0.0788527704186528,0.09156271234580025,1.9545983635449982,0.4551071457575317,0.4132539861379875,,-1.9545983635452688,-0.4551071457587428,14
5.0,0.1,0.1,0.02,0.2563103131089201,0.095,0.09355042709452492,0.07909051598818267,0.09358168073655522,0.6581138142381601,1.5026156814164953,1.3790482226214984,,0.6581138142379752,1.5026156814167242,15
5.0,0.1,0.1,0.02,0.2563103131089201,0.112,0.09289740828499292,0.07731646867470983,0.0929324565388553,0.7989763883624386,2.6564801138059133,2.2391192030596314,,-0.7989763883630784,2.6564801138061234,16
5.0,0.1,0.1,0.02,0.2563103131089201,0.099,0.10002156402370138,0.08316248206341534,0.10004965408271647,3.100688743902808,5.128139219364958,5.941014388560192,8.8162906174617,3.1006887439028947,5.128139219364994,17
5.0,0.1,0.1,0.02,0.2563103131089201,0.117,0.12521712860743112,0.07282864541591424,0.1252665148554053,0.9424963446650431,0.7257233683592865,1.443986034345002,2.3164058649170127,-0.9424963446652729,-0.7257233683597113,18
5.0,0.1,0.1,0.02,0.2563103131089201,0.109,0.11200987082644726,0.0766273960590799,0.11205638674975996,1.1963118536606931,1.193150273137164,0.5489509533462176,4.399724868026419,1.1963118536611426,-1.1931502731373127,19
5.0,0.1,0.1,0.02,0.2563103131089201,0.095,0.10038519431587276,0.08600501959276774,0.1004063294341644,1.457725668733386,2.175636914894826,2.3024678957498828,,-1.4577256687335534,-2.1756369148950223,20
5.0,0.1,0.1,0.02,0.2563103131089201,0.104,0.1061643237682609,0.07814221989592661,0.10621567785859917,1.0755126930004388,1.0612737919378323,0.847049983254724,3.6443984420294178,-1.075512693000755,-1.0612737919382107,21
5.0,0.1,0.1,0.02,0.2563103131089201,0.107,0.1174412418973794,0.07532996928502549,0.11749198930084255,2.150195407892999,7.270674591759405,6.998989669264851,2.588303412573472,-2.150195407893093,-7.270674591759449,22
5.0,0.1,0.1,0.02,0.2563103131089201,0.091,0.08177387148417821,0.08036904873117863,0.08197964217159089,2.1206598207944816,4.502618445267819,4.506255957051996,,2.1206598207945375,4.502618445267884,23
5.0,0.1,0.1,0.02,0.2563103131089201,0.114,0.11741174500731076,0.07629953376678493,0.11745557740560396,0.20980274731527568,1.9471233749484784,1.889288982676891,7.129854097660673,-0.2098027473177748,1.9471233749486454,24
5.0,0.1,0.1,0.02,0.2563103131089201,0.099,0.11595705378729491,0.07910233740432822,0.11599959777316961,3.1237135435558634,6.675057112722344,8.24851382219646,12.819227009164674,3.123713543556053,6.675057112722424,25
5.0,0.1,0.1,0.02,0.2563103131089201,0.103,0.10218618951000477,0.08323785906949681,0.10221827453208898,1.6445469566885116,2.9672935896415416,2.564089781751345,5.688526822262836,-1.6445469566885946,-2.967293589641647,26
5.0,0.1,0.1,0.02,0.2563103131089201,0.099,0.10909272979529189,0.07990382727701577,0.10912938647771765,3.4472375648209064,3.139273803473744,2.896121873346748,8.822532480348457,3.4472375648209814,3.1392738034738876,27
5.0,0.1,0.1,0.02,0.2563103131089201,0.102,0.1016212193463979,0.08339641151340457,0.10164158327565237,2.317338770530521,1.5020610664392726,0.7800022471399479,,2.317338770530446,1.5020610664394347,28
5.0,0.1,0.1,0.02,0.2563103131089201,0.095,0.08656271495139828,0.0844404468285919,0.08659083332374035,1.531485725396718,2.198554892232003,1.7704124761032147,,1.5314857253968415,2.198554892232174,29
5.0,0.1,0.1,0.02,0.2563103131089201,0.111,0.1218910369690438,0.07848761671972919,0.12193749388520979,1.0371345990087038,1.2124664148408268,2.713953377301037,2.4778974361719395,1.0371345990091625,1.2124664148409827,30
5.0,0.1,0.1,0.02,0.2563103131089201,0.082,0.07582048596703111,0.08477113247911619,0.07584720928977602,1.7490480553906413,0.14222162814327563,0.19408691086177624,,1.7490480553908527,-0.14222162814547165,31
5.0,0.1,0.1,0.02,0.2563103131089201,0.1,0.10031425807809567,0.08436081519171897,0.10034557051720869,1.9487603598240615,2.2948648513386507,2.3429549394189366,5.386806870213673,1.948760359824209,2.294864851338683,32
5.0,0.1,0.1,0.02,0.2563103131089201,0.112,0.12304096630213565,0.07299877924708129,0.12308175651674237,3.1038602664236215,0.5456211551971036,0.2354726334566911,7.975416590141294,-3.103860266423865,-0.5456211551976768,33
5.0,0.1,0.1,0.02,0.2563103131089201,0.101,0.09130245286365454,0.0846612799143487,0.09132358311297688,2.8329303499574574,2.0918746289868815,1.3695724474314208,,-2.8329303499575427,-2.0918746289870938,34
5.0,0.1,0.1,0.02,0.2563103131089201,0.109,0.10171798010458684,0.08201659630293306,0.10174065686165973,1.2399360691493226,0.3198443397400672,0.5308350858526661,,-1.2399360691492607,0.31984433974063287,35
5.0,0.1,0.1,0.02,0.2563103131089201,0.088,0.0850448550402086,0.08714490273027771,0.08506407703251939,2.013553872416269,4.367610258654228,5.038845111163196,,2.013553872416485,4.367610258654245,36
5.0,0.1,0.1,0.02,0.2563103131089201,0.126,0.11471959570074482,0.0815044043509319,0.1147423137124285,1.7028638840134687,2.8424118251632753,2.4280766627737287,3.488182726093336,-1.7028638840136328,-2.842411825163421,37
5.0,0.1,0.1,0.02,0.2563103131089201,0.088,0.08993602703040783,0.08165749319012852,0.0899668985598318,2.4796030678339736,2.272711362384308,1.586517995909972,,2.479603067833958,2.2727113623844155,38
5.0,0.1,0.1,0.02,0.2563103131089201,0.097,0.08770538658560026,0.07651290861188874,0.08774677140544845,3.3432344058404313,3.6263966739089186,5.175565866647759,,3.3432344058404695,3.6263966739089053,39
5.0,0.1,0.1,0.02,0.2563103131089201,0.102,0.10757754735530349,0.08736514540821272,0.1076012033701917,0.7187311250446368,0.5407122628598888,0.8845835825940555,4.675970592353579,0.7187311250455469,0.5407122628605876,40
5.0,0.1,0.1,0.02,0.2563103131089201,0.097,0.10466468739639785,0.08020183195175828,0.10470387977069975,1.6924703566979047,2.904854158195429,2.9255013255345905,8.875354932878883,-1.6924703566979287,-2.9048541581954144,41
5.0,0.1,0.1,0.02,0.2563103131089201,0.095,0.08491140503923766,0.08167274541784819,0.08493713494605426,3.342027072820407,1.7679008702303638,1.457834451522369,,3.342027072820492,1.7679008702305363,42
5.0,0.1,0.1,0.02,0.2563103131089201,0.106,0.11277346123700786,0.07920678921903664,0.11279899971527939,1.7442762325217787,2.0249980025374255,1.8465406166761125,4.025089256449342,-1.7442762325218706,-2.0249980025375365,43
5.0,0.1,0.1,0.02,0.2563103131089201,0.126,0.13402646869258916,0.0805471642808477,0.13406951410983428,1.6231164743791384,2.891243468868175,2.499290659068796,3.2948241772449114,1.6231164743792597,2.8912434688682738,44
5.0,0.1,0.1,0.02,0.2563103131089201,0.104,0.10471678893204983,0.08107327484947269,0.10475024365552442,1.409590107605196,2.1826003332110138,1.9528679376468048,7.269357663048191,-1.4095901076052653,-2.1826003332112154,45
5.0,0.1,0.1,0.02,0.2563103131089201,0.104,0.10958303473995608,0.07202271285257546,0.10962639273172294,1.047679076444663,0.637139505860884,1.3930779950967256,4.689553508068044,-1.0476790764448471,-0.6371395058614959,46
5.0,0.1,0.1,0.02,0.2563103131089201,0.092,0.08489335223886639,0.08707412272694615,0.08491329024029187,0.3866871456586979,0.7602835577520732,0.5070182786384444,,-0.386687145659718,-0.7602835577526519,47
5.0,0.1,0.1,0.02,0.2563103131089201,0.082,0.08445888553995468,0.08131665003106817,0.08449956254680044,0.4455574729980389,0.0031706687668920375,0.14721533572981785,,-0.44555747299869075,-0.0031706688336498607,48
5.0,0.1,0.1,0.02,0.2563103131089201,0.105,0.11319586077680847,0.07646605399799628,0.11324333691207691,0.5921071320102492,2.1932089092498113,2.2511825094669766,4.949289066365568,0.5921071320107927,-2.193208909250067,49
5.0,0.1,0.1,0.02,0.2563103131089201,0.11,0.11200149194721956,0.08228217316722804,0.11202233165235072,1.883957230970645,0.18427615975003425,0.31196486479884433,2.7488790899958926,-1.883957230970674,-0.18427615975065248,50
5.0,0.1,0.1,0.02,0.2563103131089201,0.094,0.09442687582807284,0.08294650852506652,0.09445503271258267,1.4080489103002212,1.0714973988790117,1.1942379373407583,,-1.408048910300404,-1.071497398879499,51
5.0,0.1,0.1,0.02,0.2563103131089201,0.12,0.12910518479575603,0.07152843379304376,0.12916289003597933,1.5365109218812225,0.6188236215319961,0.8633277819608354,2.8679538300135268,1.5365109218814679,-0.6188236215321631,52
5.0,0.1,0.1,0.02,0.2563103131089201,0.1,0.10321864197085076,0.07818471862396252,0.10325523787746493,0.026276575651386355,2.9502679318932197,1.8749209327274454,3.568167665369081,0.02627657565253424,2.950267931893219,53
5.0,0.1,0.1,0.02,0.2563103131089201,0.099,0.08793676214197907,0.08409517642762147,0.08795547780942832,3.8099063009424823,1.9585552939322017,2.7025969887089163,,-3.809906300942569,-1.9585552939323359,54
5.0,0.1,0.1,0.02,0.2563103131089201,0.101,0.08452097798994751,0.08403064164635092,0.08454695778153933,3.386890865243448,0.8565114632842443,1.5120089522965052,,-3.386890865243518,-0.8565114632843609,55
5.0,0.1,0.1,0.02,0.2563103131089201,0.105,0.11697053748303932,0.07338695546505439,0.11733986805443895,0.15867564542896304,3.4957394418096057,3.8999447564175793,0.6822262611767864,-0.15867564543081591,-3.495739441809721,56
5.0,0.1,0.1,0.02,0.2563103131089201,0.104,0.11481347544177996,0.07683826026377862,0.11485466698152429,5.854547704472679,5.463258846868575,5.790145098333588,3.798903293970941,5.854547704472717,5.463258846868653,57
5.0,0.1,0.1,0.02,0.2563103131089201,0.107,0.09429367480563675,0.08571080842314917,0.09430857769158124,1.2246638358616617,0.4828842191020996,0.43764113724441356,,-1.2246638358620812,-0.48288421910303786,58
5.0,0.1,0.1,0.02,0.2563103131089201,0.098,0.09993402318393878,0.08070603681778235,0.0999607953941323,0.1409429650859559,2.0266092488683527,1.674442154201647,,0.1409429650878855,2.0266092488685747,59
5.0,0.1,0.1,0.02,0.2563103131089201,0.072,0.07099116373738079,0.08846409096776112,0.07100349251327394,2.935748707750095,3.592877766557048,3.4360761552864307,,2.9357487077501805,3.5928777665571126,60
5.0,0.1,0.1,0.02,0.2563103131089201,0.113,0.10935285131592586,0.0839817755397895,0.10937538392071669,2.153169437479795,3.025375972578721,4.014301216803437,3.506139134851973,2.153169437479899,3.0253759725786895,61
5.0,0.1,0.1,0.02,0.2563103131089201,0.099,0.08199538779015161,0.0848028387519303,0.08201406922801363,1.1074199318438507,1.7166956720029507,1.506970303380413,,-1.1074199318439064,-1.7166956720031417,62
5.0,0.1,0.1,0.02,0.2563103131089201,0.106,0.12178911894631551,0.0745719312201205,0.12183003574571591,0.6700518823892819,1.6714170245438507,1.767877592783403,0.36055399869518734,0.670051882389465,1.6714170245439872,63
5.0,0.1,0.1,0.02,0.2563103131089201,0.098,0.10321742616948475,0.0751869844813659,0.103265246850716,3.090553785301535,1.2456170565606535,0.8509223907704386,9.266776490490926,3.0905537853015987,1.2456170565606621,64
5.0,0.1,0.1,0.02,0.2563103131089201,0.098,0.10284544116942955,0.07844565780439579,0.10288306382482129,1.8745299686074872,2.489800194291395,2.557893022588184,2.255746688624015,1.8745299686075942,2.4898001942916053,65
5.0,0.1,0.1,0.02,0.2563103131089201,0.097,0.10282446677758773,0.07720272468923937,0.10285887581396164,2.065543054314622,0.7102091707917916,1.5841265529607513,7.4715049404317995,-2.065543054314642,-0.7102091707921189,66
5.0,0.1,0.1,0.02,0.2563103131089201,0.089,0.08470734422748782,0.08864365356678588,0.08472256482384342,2.464128969860976,4.599488615589445,4.58544880515187,,-2.464128969861069,-4.59948861558943,67
5.0,0.1,0.1,0.02,0.2563103131089201,0.113,0.09459988929491059,0.0776925838127593,0.09463428051241293,2.1369947752767042,1.4526603651272347,2.1760174055186194,2.270944729881579,-2.136994775276957,-1.4526603651276617,68
5.0,0.1,0.1,0.02,0.2563103131089201,0.119,0.14551603999491147,0.06712266262240951,0.1463129164409459,2.2622751326973467,0.2731679354911103,1.9020001950422438,1.6947649556248496,-2.2622751326973214,0.27316793549224844,69
5.0,0.1,0.1,0.02,0.2563103131089201,0.109,0.1269874451638634,0.0743259253021025,0.12703810035592406,0.7937821464594825,1.0399672933008977,0.582924626567658,0.15541437451804085,0.7937821464598573,1.0399672933013158,70
5.0,0.1,0.1,0.02,0.2563103131089201,0.113,0.11330823557677758,0.07913533931964191,0.11333941255404967,1.0739881887493596,3.508024753922771,2.8706244981221203,0.30678596138863257,1.0739881887496026,3.508024753922845,71
5.0,0.1,0.1,0.02,0.2563103131089201,0.111,0.14320857449931945,0.06299276516483239,0.14367118438736773,0.1679848159048939,1.7366148012622329,2.32375168866395,0.20436142471383859,0.167984815905654,1.736614801262281,72
5.0,0.1,0.1,0.02,0.2563103131089201,0.107,0.10522034915928738,0.07688896060859232,0.10525641939401709,0.36877510909206573,1.2241316524862842,1.3742261442124863,1.560393789690299,0.36877510909243166,1.2241316524863448,73
5.0,0.1,0.1,0.02,0.2563103131089201,0.096,0.0919780837772756,0.08383386453306067,0.09199912132959302,1.8399907294630475,1.8559877626305572,2.310639752003891,,-1.8399907294632594,-1.8559877626308132,74
5.0,0.1,0.1,0.02,0.2563103131089201,0.104,0.12048522522004941,0.0781717639044093,0.12052264186158672,1.5296292176034854,0.34262326707527474,0.9369713479740496,5.420467296651716,1.5296292176037485,0.3426232670767658,75
5.0,0.1,0.1,0.02,0.2563103131089201,0.088,0.09143785117321598,0.08756504139635507,0.09145721339811588,1.1610235212297217,1.629633038569437,0.5412985776260044,,1.1610235212302256,1.6296330385695506,76
5.0,0.1,0.1,0.02,0.2563103131089201,0.087,0.08461759916324357,0.08881229901634403,0.0846345877764708,8.601178483630799,7.545428846287327,7.269210343205872,,8.60117848363083,7.545428846287389,77
5.0,0.1,0.1,0.02,0.2563103131089201,0.098,0.08681194685829306,0.08503944743327717,0.0868275595707095,0.4249982486561831,3.1595998780137697,2.6296645613239478,,-0.4249982486579403,3.159599878013928,78
5.0,0.1,0.1,0.02,0.2563103131089201,0.087,0.1788027784243608,0.05237311694488274,0.1789042694065629,2.7490756799534894,2.9460936338972203,4.417408255775717,1.88849393601456,-2.749075679953732,-2.946093633897323,79
5.0,0.1,0.1,0.02,0.2563103131089201,0.102,0.11104592309297869,0.07668319534768969,0.11108119623435887,0.7302582760516276,2.4206024249469436,0.3473148386745654,7.237396193635444,-0.730258276051855,-2.4206024249468703,80
5.0,0.1,0.1,0.02,0.2563103131089201,0.088,0.08904290264875879,0.07990433906915007,0.08908003651494452,1.887780142142784,1.066030636612021,0.624221992361467,,1.8877801421430445,-1.066030636612461,81
5.0,0.1,0.1,0.02,0.2563103131089201,0.114,0.1321201297286489,0.06800285928239,0.13218301217921363,3.438285023408341,0.846617619497078,2.9716093096296854,7.839946984842521,-3.438285023408414,-0.8466176194970503,82
5.0,0.1,0.1,0.02,0.2563103131089201,0.098,0.09567520654426562,0.08398523865561237,0.09570205025602983,0.3957058618570298,0.6989742702343931,0.745806061799947,,0.39570586185758955,-0.6989742702349283,83
5.0,0.1,0.1,0.02,0.2563103131089201,0.096,0.09523740705539166,0.08188728290522038,0.09526038591912425,0.23734534011065497,0.0922113035592635,0.4176085736325603,,-0.23734534011155756,-0.09221130355854625,84
5.0,0.1,0.1,0.02,0.2563103131089201,0.104,0.12061444917765671,0.08057890306695381,0.12062908731694964,0.35700660669305767,0.20365412019433315,0.3662883323134295,3.5985159893718617,0.35700660669313455,0.20365412019485435,85
5.0,0.1,0.1,0.02,0.2563103131089201,0.105,0.10172511369297749,0.07853811194075852,0.10176397039914316,1.9459548960677129,1.3773383005714206,0.637880046518977,7.428185918610707,1.9459548960678958,1.3773383005717876,86
5.0,0.1,0.1,0.02,0.2563103131089201,0.093,0.09264298671930085,0.0853781324197241,0.09265824416485466,0.46787403730608085,0.9438300205698739,0.5109280414116075,,-0.46787403730679716,-0.9438300205696458,87
5.0,0.1,0.1,0.02,0.2563103131089201,0.11,0.11374887292753494,0.0737823984058519,0.11379447335766654,3.3083250779778997,3.470108528116397,3.7139068746944246,6.121096371772455,-3.308325077978012,-3.470108528116359,88
5.0,0.1,0.1,0.02,0.2563103131089201,0.104,0.13041393354024167,0.07486659491297729,0.13046617692294551,2.16388267735124,2.0244427268471155,2.2557760643084745,6.777413394934396,-2.163882677351257,-2.0244427268471656,89
5.0,0.1,0.1,0.02,0.2563103131089201,0.108,0.12143528694014233,0.07439470727198969,0.12148595159054137,1.9438080427370288,0.6810167527265377,1.5841379146521237,3.026122427816054,-1.943808042737173,0.6810167527270389,90
5.0,0.1,0.1,0.02,0.2563103131089201,0.106,0.10173996637653687,0.08079232655701024,0.101779818495609,0.02287188942635359,0.28445731552439685,0.10448938162913639,0.019567603425833753,0.022871889420571084,-0.28445731552445985,91
5.0,0.1,0.1,0.02,0.2563103131089201,0.111,0.13103585614693586,0.06935320884430818,0.13110232635229696,1.6354017416922138,4.15715144270548,4.423358085172775,2.07559689667147,-1.6354017416923712,-4.157151442705538,92
5.0,0.1,0.1,0.02,0.2563103131089201,0.102,0.2588482284991051,0.0368945926727123,0.25897904098768154,0.032398974175235094,1.183158197363775,0.33167119645353105,4.897001048131708,-0.032398974184121195,1.1831581973640952,93
5.0,0.1,0.1,0.02,0.2563103131089201,0.096,0.09310900543504663,0.08782510623054113,0.09312168493582801,1.1631735492320843,1.6229529120591975,2.2644222238970895,,-1.1631735492324633,-1.6229529120595796,94
5.0,0.1,0.1,0.02,0.2563103131089201,0.095,0.08478271015462854,0.07922913329769804,0.08480519532203964,1.4407256074483876,0.35709427762998125,0.33556856062489177,,-1.4407256074483528,0.357094277629959,95
5.0,0.1,0.1,0.02,0.2563103131089201,0.1,0.09434094248642276,0.08431533099487751,0.0943588456713045,3.7609681113180904,3.6721596413897126,3.8578280678089345,1.163160939910743,-3.7609681113180735,-3.6721596413898023,96
5.0,0.1,0.1,0.02,0.2563103131089201,0.096,0.10174067094551013,0.07933726821290572,0.1017726167813622,1.695974033988149,2.3417425419370543,2.5174553176055205,3.49823785501765,-1.6959740339882603,-2.3417425419373377,97
5.0,0.1,0.1,0.02,0.2563103131089201,0.102,0.1090156381779216,0.08026833815537651,0.10905030577459546,4.15900989852662,2.422031472505102,2.2944049263366577,3.6439262204571423,4.159009898526691,2.4220314725051977,98
5.0,0.1,0.1,0.02,0.2563103131089201,0.109,0.09826533436036519,0.07970703503609988,0.09829584789717558,0.6725474632127801,0.6636724482771886,0.5308487003620767,0.480192444723759,0.6725474632129164,0.6636724482775407,99
5.0,0.1,0.1,0.02,0.2563103131089201,0.092,0.11801341536857897,0.07166445800119452,0.11807084037669889,1.5854107287833141,1.9767945973721748,0.9880509535468947,12.199171426054496,1.585410728783419,1.976794597372441,100
5.0,0.1,0.1,0.02,0.2563103131089201,0.108,0.11657061656769051,0.0811032424217027,0.11660199460936105,4.209044397574475,6.516679660328962,6.25083898275831,3.860951963700094,-4.209044397574464,-6.51667966032901,101
5.0,0.1,0.1,0.02,0.2563103131089201,0.109,0.11254777759430103,0.08230609422720814,0.11257790919031412,1.5944337100109525,0.691636362555317,0.13405288650965683,6.872498471054784,1.5944337100111854,-0.6916363625555898,102
5.0,0.1,0.1,0.02,0.2563103131089201,0.09,0.08708796486213055,0.08608988281794948,0.0871015994903986,3.3942130231178678,2.3303886145981196,1.9699800825047902,,3.394213023117916,2.3303886145981756,103
5.0,0.1,0.1,0.02,0.2563103131089201,0.105,0.0937457449263143,0.07934760953750702,0.09377320099024265,1.7966581304803755,0.9673998829471523,1.298837764569039,,1.7966581304806146,0.9673998829473449,104
5.0,0.1,0.1,0.02,0.2563103131089201,0.107,0.12360297363837475,0.07776495419504598,0.1236425039950509,0.6286455732732688,0.33167296177934064,0.0840891955149702,2.634497450275703,-0.6286455732737254,-0.33167296178092043,105
5.0,0.1,0.1,0.02,0.2563103131089201,0.104,0.10845816332021495,0.07730113827568898,0.10848863607710559,0.5769668914763058,0.09256618324142414,0.5459104314168929,3.233385971078278,-0.5769668914768692,-0.09256618324569872,106
5.0,0.1,0.1,0.02,0.2563103131089201,0.101,0.26280918107891726,0.039249818557204025,0.26293402146748934,3.8719315887013015,4.411793351095458,4.704341373747279,9.856865646595018,3.8719315887013606,4.411793351095518,107
5.0,0.1,0.1,0.02,0.2563103131089201,0.101,0.09957827080106744,0.08168514233317882,0.09960682450370471,1.8928281424659505,1.1540279302806649,0.9978157723694486,,-1.8928281424660613,-1.1540279302806384,108
5.0,0.1,0.1,0.02,0.2563103131089201,0.124,0.14377399975249422,0.07515580143353509,0.14382848461761724,3.088630040624085,3.5479375952918812,2.8234546309572393,0.2677531887387611,-3.0886300406241785,-3.5479375952920167,109
5.0,0.1,0.1,0.02,0.2563103131089201,0.12,0.11155795027033343,0.07576516716332848,0.11159805142401132,1.0807152595310767,0.40713682145923835,0.3255352240582904,2.001018292360847,1.080715259530913,-0.40713682146041275,110
5.0,0.1,0.1,0.02,0.2563103131089201,0.094,0.0854041319300693,0.08493908992344763,0.08543568181715035,0.5875828768819743,1.5919811210559869,1.4795899988014023,,-0.587582876882391,1.5919811210561627,111
5.0,0.1,0.1,0.02,0.2563103131089201,0.117,0.10917075921084003,0.07978850058501043,0.10920184250348876,0.28329528468960236,0.3943414002323667,0.5216284706395302,0.6749461028865917,-0.2832952846906367,-0.39434140023345055,112
5.0,0.1,0.1,0.02,0.2563103131089201,0.107,0.11266372966121922,0.08138135161336577,0.11269762506065391,2.5367556642840197,1.6015046200715504,1.9352870612764252,11.78016955392371,-2.5367556642841764,-1.6015046200716525,113
5.0,0.1,0.1,0.02,0.2563103131089201,0.116,0.11996753888145918,0.08024917650954094,0.1200033128342894,0.9034976321154148,0.6699396059002874,0.37992851482358475,7.226596596889823,-0.9034976321158745,-0.669939605901265,114
5.0,0.1,0.1,0.02,0.2563103131089201,0.112,0.10731600137489127,0.08115703047938944,0.10734621781011211,1.07089459707897,0.8506468571035717,2.33350456045123,9.274715406717256,-1.0708945970794033,0.8506468571042196,115
5.0,0.1,0.1,0.02,0.2563103131089201,0.094,0.10520804065169809,0.07695955836197248,0.1052516212035248,0.7929965996487844,0.566298610942619,0.11692532220835215,4.948827725841021,-0.792996599649024,0.5662986109434075,116
5.0,0.1,0.1,0.02,0.2563103131089201,0.109,0.10826513677061413,0.07680938899542654,0.10830727478139528,1.9664615596020194,2.426817969758923,2.059372681521598,0.9983063954924,-1.9664615596021424,-2.426817969758982,117
5.0,0.1,0.1,0.02,0.2563103131089201,0.09,0.09350988188785846,0.0811036110083138,0.09354431848030888,0.9508344136139864,0.4977564225851236,1.2008968970468314,,0.9508344136145236,0.4977564225857344,118
5.0,0.1,0.1,0.02,0.2563103131089201,0.114,0.12424498387512567,0.07016787873285389,0.12430327578116962,1.5410176716578023,0.623163038492518,0.8645259943330529,7.687740169178352,-1.5410176716580708,0.6231630384926302,119
5.0,0.1,0.1,0.02,0.2563103131089201,0.104,0.08441965536394364,0.08245848475064228,0.08443813510196657,3.3701174049711526,4.097604064964691,3.2403623055470687,,-3.3701174049712646,-4.097604064964765,120
5.0,0.1,0.1,0.02,0.2563103131089201,0.095,0.11817415323213507,0.07331322255603542,0.11823149472548918,1.2681673584765503,2.220124016366171,0.6312123929045689,11.427404281389789,-1.268167358476902,-2.2201240163662135,121
5.0,0.1,0.1,0.02,0.2563103131089201,0.103,0.09546881352141329,0.0794146226974005,0.09550166637606405,1.591778633120451,1.0299149978116295,1.143886375664019,4.068345241775285,1.5917786331206927,-1.0299149978120408,122
5.0,0.1,0.1,0.02,0.2563103131089201,0.092,0.10092411158179272,0.08210711540640522,0.10095244680345815,1.5189885650337576,1.8344843446181858,3.1489116941714546,11.281901707888373,-1.5189885650337005,-1.8344843446182444,123
5.0,0.1,0.1,0.02,0.2563103131089201,0.119,0.11232387519765914,0.07534492549640988,0.11236722839315834,2.4343772246382285,1.7597497440867953,1.352677707546337,3.796549646573809,-2.4343772246382254,-1.7597497440870238,124
5.0,0.1,0.1,0.02,0.2563103131089201,0.106,0.11040352359687111,0.0792735329992111,0.11042311795525572,2.6188318405111826,0.8769305108693214,1.7087098453660474,,-2.6188318405112834,-0.8769305108697452,125
5.0,0.1,0.1,0.02,0.2563103131089201,0.109,0.10791563314568481,0.07951248455916599,0.10795870931463429,0.0009160203458997092,1.4756830898654252,1.7611712441486174,4.263736324789042,-0.0009160209132323998,1.4756830898658773,126
5.0,0.1,0.1,0.02,0.2563103131089201,0.104,0.10119700480579498,0.07671300193181024,0.10123499797879652,1.8449123826919662,1.0479863511049345,0.9225970075542433,5.014093980139706,1.844912382692112,1.0479863511049377,127
5.0,0.1,0.1,0.02,0.2563103131089201,0.108,0.1073747576556005,0.07693902535895443,0.1074021116937402,0.2942392249659431,0.21131017088243187,0.012220614242486884,2.1991395004665453,-0.29423922496713295,0.2113101708838879,128
5.0,0.1,0.1,0.02,0.2563103131089201,0.089,0.08799608416244183,0.08563952574789871,0.08801620638611365,0.6012210175645216,1.4571061727257815,1.4143780900323668,,0.601221017565373,1.4571061727261627,129
5.0,0.1,0.1,0.02,0.2563103131089201,0.103,0.3044214910611168,0.03401073130698105,0.30457302683857085,1.903704500258439,0.5273094685219842,0.6910336105370143,0.6812745132166005,-1.9037045002584327,-0.527309468522029,130
5.0,0.1,0.1,0.02,0.2563103131089201,0.107,0.11217896169677183,0.07837026107146992,0.11221039549710762,4.53788634227618,6.887625015059985,6.537059269655301,5.73607449429431,4.537886342276292,6.887625015060024,131
5.0,0.1,0.1,0.02,0.2563103131089201,0.109,0.1116545170145415,0.07278204630957977,0.11170198245368035,2.1338928867692513,0.17577354552722507,0.5197105863853226,9.241055199050624,2.133892886769285,0.17577354552868454,132
5.0,0.1,0.1,0.02,0.2563103131089201,0.086,0.07787827419238086,0.08113172160627925,0.07790672069368389,4.458986736108267,6.0496175922427415,4.999201613726751,,-4.458986736108354,-6.04961759224278,133
5.0,0.1,0.1,0.02,0.2563103131089201,0.084,0.07911826241814228,0.08722332898484085,0.07913654875502239,5.037868734408926,3.6019188568471807,3.803611864429021,,5.037868734408916,3.6019188568471723,134
5.0,0.1,0.1,0.02,0.2563103131089201,0.087,0.09350178363142697,0.08291552943623674,0.09352884079654625,3.447592857271985,3.0879962646740626,2.5164810152950885,,-3.447592857271986,-3.0879962646741146,135
5.0,0.1,0.1,0.02,0.2563103131089201,0.122,0.1130892198286104,0.08217319266305342,0.11312383243673227,0.5492862841298974,0.09271504337572409,0.48735744670779857,0.2213107749673178,0.5492862841303728,-0.09271504337346279,136
5.0,0.1,0.1,0.02,0.2563103131089201,0.102,0.11138182295615584,0.0772572546111243,0.11141404600905092,1.21584063046619,1.6664625902760717,1.9803935652370348,12.058144400549006,1.2158406304664593,1.6664625902763195,137
5.0,0.1,0.1,0.02,0.2563103131089201,0.107,0.09220771232108398,0.07811267439583001,0.09223912804798629,0.3153625125825981,2.559691561273006,2.7756252606411533,,0.3153625125843507,2.5596915612732465,138
5.0,0.1,0.1,0.02,0.2563103131089201,0.122,0.12480811911336111,0.07365218356402384,0.12486174875788726,2.5232998124633657,1.4194910734217325,2.896136467871905,7.543352654760679,-2.523299812463418,-1.4194910734220214,139
5.0,0.1,0.1,0.02,0.2563103131089201,0.095,0.09711397122492493,0.07712108949631291,0.09715100055668498,3.095912985144157,4.431551095947504,4.72229887643217,0.44184302749183124,3.095912985144272,4.431551095947579,140
5.0,0.1,0.1,0.02,0.2563103131089201,0.1,0.09548344333341542,0.08413128739512735,0.09549763712165889,5.538251203097032,5.788271247677682,5.219881960710329,,-5.538251203097076,-5.7882712476777565,141
5.0,0.1,0.1,0.02,0.2563103131089201,0.1,0.09506404477662578,0.09044627717848758,0.09507436240645849,3.0114457891149735,2.3606065142497887,1.9071987543463458,,3.0114457891150366,2.360606514249872,142
5.0,0.1,0.1,0.02,0.2563103131089201,0.098,0.0939189504170063,0.08073797528876964,0.09394279293885584,4.241354732063755,5.850539744156979,5.84127334195421,,-4.241354732063784,-5.850539744156998,143
5.0,0.1,0.1,0.02,0.2563103131089201,0.117,0.15808210263632708,0.06505021887004574,0.15837237402298363,3.6372552937848575,3.8659168831091955,2.3108282022622415,5.130095914319153,3.637255293785072,3.8659168831093504,144
5.0,0.1,0.1,0.02,0.2563103131089201,0.104,0.11031216540203513,0.07836939808851012,0.11034515186481146,0.9271392927792698,1.091313876975345,0.5112487155030131,0.8716759072084134,-0.9271392927797045,-1.0913138769756332,145
5.0,0.1,0.1,0.02,0.2563103131089201,0.087,0.08250701934974816,0.09001971712875216,0.08252359810737837,1.2791470047932736,0.8371899424523991,0.7573434072029998,,-1.2791470047932987,-0.8371899424526994,146
5.0,0.1,0.1,0.02,0.2563103131089201,0.086,0.08740106044857865,0.08415421528580937,0.08742095458891931,2.5661936333828366,2.564173676560206,2.6860256498496318,,2.56619363338286,2.5641736765602645,147
5.0,0.1,0.1,0.02,0.2563103131089201,0.098,0.09499765966401932,0.08481039844157964,0.09501978556231254,1.9201943300083462,0.08199061030009394,0.32664189681752015,,1.9201943300084447,0.0819906103081809,148
5.0,0.1,0.1,0.02,0.2563103131089201,0.103,0.10738030399643739,0.07873831318867708,0.10741535163932936,0.5327904482906779,1.0572417225791397,0.47059838832457385,3.4240603926787037,0.5327904482904746,-1.0572417225794466,149
5.0,0.1,0.1,0.02,0.2563103131089201,0.11,0.10411998200291887,0.08252723308547155,0.10414930362141607,0.9620963629689705,0.5108293564433519,0.2082379462396356,5.381936013797944,-0.9620963629691254,-0.5108293564431858,150
5.0,0.1,0.1,0.02,0.2563103131089201,0.1,0.10646941638088339,0.08166145302238748,0.10650228024820968,5.419392817341557,6.500917245675979,5.748368187225261,3.829866012909115,-5.419392817341637,-6.5009172456760655,151
5.0,0.1,0.1,0.02,0.2563103131089201,0.1,0.09035340885687938,0.08527644805124845,0.09037739342496656,0.5928141735253636,0.9354913133710138,1.1390229726667198,,-0.5928141735259305,-0.9354913133717,152
5.0,0.1,0.1,0.02,0.2563103131089201,0.097,0.10120763318431558,0.086905450796471,0.10123184108084553,0.1612526235077408,1.917157070806599,1.322854496979418,0.8440459744006337,0.16125262350704112,-1.9171570708067944,153
5.0,0.1,0.1,0.02,0.2563103131089201,0.099,0.09758376460030897,0.0878887100305981,0.0976027190587906,1.2068356778476588,0.7703111439059219,0.000850217101504598,,-1.2068356778479203,0.770311143906637,154
5.0,0.1,0.1,0.02,0.2563103131089201,0.103,0.10987801968642058,0.08101168796343561,0.10991747658572507,0.7990792765936587,0.9486678939723573,0.19310590430162625,4.106061347347456,0.7990792765937789,0.9486678939722668,155
5.0,0.1,0.1,0.02,0.2563103131089201,0.096,0.09292876582230188,0.08062786485467548,0.0929670548763424,3.1252308734148997,1.7227648500763808,3.2842224799654307,1.6679246880723182,-3.125230873414983,-1.7227648500768002,156
5.0,0.1,0.1,0.02,0.2563103131089201,0.095,0.09937626202488764,0.08279551225055677,0.09940667988930298,1.019822400356236,0.09123643203126633,0.40322404925482597,1.716270856806116,-1.0198224003562044,-0.09123643203518753,157
5.0,0.1,0.1,0.02,0.2563103131089201,0.097,0.10518536561015408,0.08283549610775455,0.10520641745201781,2.215014157088303,2.582722808361064,2.3784790022125555,,-2.215014157088413,-2.582722808361053,158
5.0,0.1,0.1,0.02,0.2563103131089201,0.087,0.09110541494761577,0.09176503910250243,0.09111596094348519,5.065757339898699,4.491247733572297,4.826403562705733,,-5.065757339898697,-4.491247733572296,159
5.0,0.1,0.1,0.02,0.2563103131089201,0.107,0.24456369772518488,0.04080300609059086,0.2446907475174348,6.337035018030322,5.818326927173338,6.285386605114905,5.593650419372911,6.337035018030416,5.818326927173386,160
5.0,0.1,0.1,0.02,0.2563103131089201,0.121,0.12501860628362463,0.07863760252710399,0.12504555491759492,2.5278174881717996,0.17671176496886978,0.914355799164479,4.924362711334817,-2.5278174881718956,0.1767117649696671,161
5.0,0.1,0.1,0.02,0.2563103131089201,0.093,0.08372713198048616,0.08761503231766637,0.08374119489945345,3.4220650032186133,2.931707370041761,2.5693069710175913,,-3.4220650032187234,-2.9317073700420555,162
5.0,0.1,0.1,0.02,0.2563103131089201,0.119,0.2808161560861299,0.04335019476249892,0.28094957483820066,0.06511481343902617,1.6681747292757074,1.6072091124736327,3.2386941596945555,0.0651148134406892,1.6681747292757225,163
5.0,0.1,0.1,0.02,0.2563103131089201,0.094,0.09375750665148172,0.08262900420698335,0.09378048594917296,2.716708503406444,1.328920621991604,2.1435492633766144,,2.716708503406556,1.3289206219919019,164
5.0,0.1,0.1,0.02,0.2563103131089201,0.104,0.09800811220450611,0.08293374726831312,0.09802316097863079,0.695835003372141,1.2453920808501333,1.04340825914915,,-0.6958350033724987,-1.2453920808505254,165
5.0,0.1,0.1,0.02,0.2563103131089201,0.102,0.11352301367696471,0.07616405145133932,0.11356507074986957,4.994222967170147,6.86756058393394,6.7849639665313966,0.2535773051508972,-4.994222967170138,-6.867560583933929,166
5.0,0.1,0.1,0.02,0.2563103131089201,0.099,0.10350309176324939,0.07833926010061507,0.10353946031118134,3.31136325273249,1.0710666437029768,0.04012514182132724,,-3.311363252732557,-1.0710666437031757,167
5.0,0.1,0.1,0.02,0.2563103131089201,0.086,0.08299647352616338,0.08243650747958928,0.08301790707772846,0.3195842339763607,2.2218939428356883,2.11768551447618,,0.3195842339762425,-2.2218939428357216,168
5.0,0.1,0.1,0.02,0.2563103131089201,0.112,0.11784861230782578,0.07600792026325395,0.11789624368854539,2.3149909128153534,0.45482550554013956,2.878106871710844,2.615781871671035,2.3149909128154635,-0.4548255055403296,169
5.0,0.1,0.1,0.02,0.2563103131089201,0.107,0.26655884108408484,0.03972095118648064,0.26669739213382115,0.04200930087310949,3.3615329637832168,3.9778806729136913,3.765829350660534,0.0420093008827941,-3.3615329637833318,170
5.0,0.1,0.1,0.02,0.2563103131089201,0.094,0.09587213534124149,0.07963210113904054,0.09590313417704384,2.9924937281941215,2.8323983196638243,2.725079032062455,1.4400263347862439,2.99249372819427,2.832398319663958,171
5.0,0.1,0.1,0.02,0.2563103131089201,0.083,0.07615748534200409,0.0893362312008845,0.07616870766871955,0.3785192968497535,0.12228102706222276,0.3505555473778984,,-0.3785192968508352,0.12228102706896722,172
5.0,0.1,0.1,0.02,0.2563103131089201,0.099,0.09725475303719297,0.0800425443837619,0.09729556036477019,2.7860794443541272,3.1499298206419493,3.9688398906769855,1.5213174892264323,2.7860794443542964,3.1499298206420763,173
5.0,0.1,0.1,0.02,0.2563103131089201,0.102,0.2179266412747627,0.04703887841028794,0.21804495209661057,1.1740891861655325,3.071257433426442,3.4485495952628806,7.174316374338872,-1.1740891861658975,-3.07125743342663,174
5.0,0.1,0.1,0.02,0.2563103131089201,0.089,0.0872973967382674,0.07871467181308371,0.08733249561909946,0.8827309987457181,0.20015422223759555,1.2298266827961617,,0.8827309987458596,0.20015422223958135,175
5.0,0.1,0.1,0.02,0.2563103131089201,0.1,0.10081738785018614,0.07926655118752629,0.10084502896093168,0.5605412244873746,0.7359633677220262,0.3023439121655274,,0.5605412244880472,0.7359633677226161,176
5.0,0.1,0.1,0.02,0.2563103131089201,0.1,0.10936052925190635,0.07491438932412656,0.10940157505508151,1.8917255731639175,0.5571051588255544,0.28493049350193284,7.811669943967991,1.8917255731641198,0.5571051588261456,177
5.0,0.1,0.1,0.02,0.2563103131089201,0.103,0.0989131804307396,0.08507005038298536,0.09893736290160862,1.5784887816448312,2.415425624870544,1.3679519326217457,2.1782213425630346,-1.5784887816450377,-2.4154256248707187,178
5.0,0.1,0.1,0.02,0.2563103131089201,0.104,0.11544723250845952,0.07514251933345321,0.11549870503871386,1.0154583137374766,0.322990069535174,0.6662284095475351,1.3321742315129972,-1.0154583137377864,0.3229900695348737,179
5.0,0.1,0.1,0.02,0.2563103131089201,0.101,0.2476311460572523,0.04591784461611734,0.247755558263152,4.431294264179246,5.880395649358362,4.236747065223777,9.838755889580689,4.431294264179348,5.880395649358366,180
5.0,0.1,0.1,0.02,0.2563103131089201,0.087,0.20308433900453746,0.040791342580535364,0.20319671414535492,0.2425682195131515,0.751493651978229,0.557825227139909,3.6427411685250153,0.24256821951380728,-0.7514936519785621,181
5.0,0.1,0.1,0.02,0.2563103131089201,0.101,0.10866264846436198,0.08188858973318754,0.10869716092422327,0.661995224384458,1.1107357542619534,1.2247753342351697,2.4091133550599646,-0.6619952243848802,1.1107357542619511,182
5.0,0.1,0.1,0.02,0.2563103131089201,0.087,0.09188493886691217,0.07967440781438054,0.0919156239266124,1.4961680661544021,2.8500548115206783,2.2397400926264543,2.1297963768099946,1.4961680661546242,2.850054811520713,183
5.0,0.1,0.1,0.02,0.2563103131089201,0.107,0.10873259252151407,0.08264275411534518,0.10876525822942461,0.8238187539773403,1.36153430480721,2.013821784053768,0.21929929818359667,0.8238187539773428,-1.3615343048074406,184
5.0,0.1,0.1,0.02,0.2563103131089201,0.103,0.1050294425259717,0.076176545917701,0.10507340345710149,0.7780922243242685,0.69218044297376,2.292115839626313,0.5650564462887533,0.7780922243249109,0.6921804429743567,185
5.0,0.1,0.1,0.02,0.2563103131089201,0.092,0.10141967708961844,0.07896062115974554,0.1014486583597309,1.255218401725533,2.6807205529488534,1.6679891100479232,5.710079998804047,-1.2552184017257784,-2.6807205529489493,186
5.0,0.1,0.1,0.02,0.2563103131089201,0.099,0.12722735048903128,0.0709757534985072,0.12728668001541477,0.3080356451667236,1.9246515186430884,2.2407794112283828,1.4881867155947202,0.30803564516602056,1.924651518643369,187
5.0,0.1,0.1,0.02,0.2563103131089201,0.108,0.10618802635781109,0.08032913228355676,0.10622164896094802,3.580194309981761,4.184425123911248,3.2785285603263437,8.137525480226607,3.5801943099817795,4.184425123911336,188
5.0,0.1,0.1,0.02,0.2563103131089201,0.107,0.10929137620419267,0.07914919563691773,0.10932386693957484,2.8134463907112877,4.887132897712022,5.035156428368341,4.075252365461399,-2.8134463907113347,-4.887132897712062,189
5.0,0.1,0.1,0.02,0.2563103131089201,0.088,0.08702540526726034,0.08771282049813661,0.08703900380612425,4.819303038006872,5.504043604334941,5.787237887041188,,4.8193030380069715,5.504043604335054,190
5.0,0.1,0.1,0.02,0.2563103131089201,0.107,0.12322295742104215,0.07252589676274371,0.12328178312871099,2.3234132139613677,5.987110564806555,5.7597760855237645,2.8074645340007156,-2.3234132139614534,-5.987110564806678,191
5.0,0.1,0.1,0.02,0.2563103131089201,0.1,0.10345522848207886,0.08620196950119065,0.10346677576724463,1.002072786376816,1.018010758681178,1.0943812978459089,,1.0020727863767727,1.018010758681311,192
5.0,0.1,0.1,0.02,0.2563103131089201,0.114,0.15873770605123208,0.059469189094617944,0.15963707375691602,2.6874693856838565,1.8354947076318011,0.8591721372022741,0.8187720710101546,2.6874693856838645,1.8354947076317765,193
5.0,0.1,0.1,0.02,0.2563103131089201,0.101,0.10153230234459125,0.07932805352762998,0.10157217678405146,4.2577615533864215,6.350056118129696,6.74135690208294,1.2775672760766439,4.257761553386523,6.350056118129702,194
5.0,0.1,0.1,0.02,0.2563103131089201,0.097,0.11129737000514917,0.0770127520887031,0.11342211395813498,1.0987154944710755,0.22284848893847306,0.8820813462964143,0.09621734052251954,1.0987154944710424,0.22284848893937179,195
5.0,0.1,0.1,0.02,0.2563103131089201,0.099,0.11348606313927632,0.07975750364467843,0.11353494841558105,1.5525991152360612,4.152358550062987,4.952158389737893,3.912145904938689,-1.552599115236217,-4.152358550063084,196
5.0,0.1,0.1,0.02,0.2563103131089201,0.1,0.09614693797302905,0.08598391564562802,0.09616157836869325,2.834018554540039,2.904377342955483,3.6432738875021182,,2.834018554540222,2.9043773429556077,197
5.0,0.1,0.1,0.02,0.2563103131089201,0.108,0.1153465224109321,0.07270038755512637,0.11547296987811999,1.359110359077818,0.5015565402935536,0.002136747613071227,2.7584496927129765,1.3591103590782203,0.5015565402951085,198
5.0,0.1,0.1,0.02,0.2563103131089201,0.092,0.1554345279693587,0.05894617061898971,0.15552441270206444,0.012681869447253472,1.7899298560223886,1.9632334551783874,5.5272378346970275,0.012681869483385589,1.7899298560226107,199
5.0,0.2,0.1,0.02,0.16832424671458285,0.211,0.43573594320825837,0.04716134041967262,0.43594665732118276,4.249511257132606,11.442336356386136,24.119624426413626,39.76125497451753,-4.249511257132606,11.442336356386141,0
5.0,0.2,0.1,0.02,0.16832424671458285,0.2,0.29507919161706786,0.057683991356913815,0.2952258073358183,1.05042854175744,1.2428200388994415,2.4701261342708682,11.612957251763778,-1.0504285417579111,-1.2428200388994692,1
5.0,0.2,0.1,0.02,0.16832424671458285,0.195,0.26508049208115686,0.05337850150360971,0.26525628323390466,2.6344212422164555,1.7449378167384402,5.563322414210506,10.374273716848487,2.634421242216705,1.7449378167386136,2
5.0,0.2,0.1,0.02,0.16832424671458285,0.202,0.39222640093001065,0.051953315369317576,0.3925524934656572,2.8717518181511243,5.978668886112447,19.342225924190252,43.393878521195894,2.8717518181512016,5.978668886112547,3
5.0,0.2,0.1,0.02,0.16832424671458285,0.186,0.2743351315007802,0.0587222759728892,0.27444128821408764,3.663260730313811,3.0417403674249637,8.7181641133983,5.17740209609373,3.6632607303138625,3.041740367425029,4
5.0,0.2,0.1,0.02,0.16832424671458285,0.21,0.2714540539167161,0.05632143606536277,0.27155573380416037,1.0060345307060545,1.4285727180175032,7.504613947269184,10.258772747322608,1.0060345307063665,-1.4285727180172936,5
5.0,0.2,0.1,0.02,0.16832424671458285,0.181,0.2787499144324821,0.05389012690266577,0.27886334022468456,0.19734346553083748,6.277649999271684,3.110933371507158,0.48804617267677675,0.1973434655326466,-6.27764999927174,6
5.0,0.2,0.1,0.02,0.16832424671458285,0.206,0.5088360245842767,0.043464510563499203,0.49131291776441316,0.34651253908913643,10.102642203979457,64.82958104690304,47.87223362059557,0.3465125390897465,-10.102642203979475,7
5.0,0.2,0.1,0.02,0.16832424671458285,0.195,0.4455085414270768,0.048184655994058266,0.44568337539548564,1.3354021962764457,3.6515226411527086,30.030839945721116,8.113938537708888,-1.335402196276292,-3.651522641152762,8
5.0,0.2,0.1,0.02,0.16832424671458285,0.196,0.3235965945293855,0.0555002051332649,0.3237166203551238,1.3941451544528132,7.528098810903284,9.32179466116852,10.482191832149555,1.3941451544531287,-7.528098810903344,9
5.0,0.2,0.1,0.02,0.16832424671458285,0.214,0.29601841552761154,0.056477237123583185,0.29637007969802664,1.4263356873787847,7.6626488463288425,10.053474198655628,11.042965320032026,1.426335687378848,7.66264884632889,10
5.0,0.2,0.1,0.02,0.16832424671458285,0.194,0.10634262428477949,0.06888621243209853,0.10640866077953523,1.5688776071585384,3.666761539493849,7.726808062251378,4.372122481700431,1.568877607158751,-3.666761539493906,11
5.0,0.2,0.1,0.02,0.16832424671458285,0.208,0.5387897611448578,0.04431418050105161,0.4612549651020101,0.932061522062134,4.224739385872202,22.68716223320886,18.668450088953353,-0.9320615220619746,4.224739385872253,12
5.0,0.2,0.1,0.02,0.16832424671458285,0.189,0.3680835586043279,0.047174347352953755,0.36806286400630406,2.4383533043085355,11.299082131914414,9.247666370383788,1.6026454786447564,2.43835330430879,11.299082131914457,13
5.0,0.2,0.1,0.02,0.16832424671458285,0.182,0.17254886327327568,0.06725356252479842,0.17262724904409782,0.8373302615760897,3.632891827802556,3.7381783096013432,0.121375221335917,-0.8373302615761724,-3.6328918278026316,14
5.0,0.2,0.1,0.02,0.16832424671458285,0.204,0.3460541273211151,0.05363760239387824,0.3459282299960163,1.792228773446337,0.07421302357159607,4.597398116642758,4.876136354388273,-1.7922287734465747,0.07421302358389317,15
5.0,0.2,0.1,0.02,0.16832424671458285,0.197,0.4183210943055441,0.042654591203086976,0.4186626420157297,0.29803038606801435,6.139826162068762,5.343535133442289,8.799000951080501,0.2980303860687685,-6.139826162068779,16
5.0,0.2,0.1,0.02,0.16832424671458285,0.19,0.29552228399588726,0.054132781957173026,0.29614129627741326,1.8631004039436736,13.751580960509335,11.94477478189538,13.430403451067418,-1.8631004039436556,-13.751580960509356,17
5.0,0.2,0.1,0.02,0.16832424671458285,0.206,0.16296485777072411,0.0630188242714109,0.163214797215695,0.3595834212814161,5.741469137653069,8.630135344987865,12.516913399255182,0.35958342128181736,5.741469137653052,18
5.0,0.2,0.1,0.02,0.16832424671458285,0.192,0.33105685671548085,0.04910738187658591,0.3319121805293912,0.9701304332905353,1.2432125868991655,4.321604084158072,2.1373378462280965,0.9701304332908891,1.243212586899202,19
5.0,0.2,0.1,0.02,0.16832424671458285,0.214,0.3820332381112951,0.05379561424781832,0.38190522903020013,2.004068605605255,1.6739675603201962,3.542013000299871,20.117168590538725,-2.004068605605341,-1.6739675603203026,20
5.0,0.2,0.1,0.02,0.16832424671458285,0.198,0.36936754248159026,0.05155175448453557,0.3698110195400878,0.9929162019241361,8.008241336359296,0.7489055265725758,2.7900286681442665,-0.9929162019245261,-8.008241336359317,21
5.0,0.2,0.1,0.02,0.16832424671458285,0.215,0.2550828249575128,0.05448604378238671,0.2564683746278281,1.7928944586080728,6.460039413604151,3.278147222137057,3.9152875253782122,-1.7928944586081668,-6.460039413604173,22
5.0,0.2,0.1,0.02,0.16832424671458285,0.202,0.3318735131120156,0.05318729948654329,0.33246985348322367,0.9639881287753341,8.4305671469966,1.8760478013159256,9.070859071164675,-0.9639881287757222,8.430567146996621,23
5.0,0.2,0.1,0.02,0.16832424671458285,0.221,0.423675217819843,0.05102903054672825,0.42353595105031216,0.5138973810520877,15.172233640191681,17.619243436958456,12.384820349084649,0.5138973810526728,15.172233640191681,24
5.0,0.2,0.1,0.02,0.16832424671458285,0.196,0.4376663141012327,0.04582884280860679,0.43785132219111395,2.4696074764549825,5.062906219533041,7.404777010421451,22.98037579402287,2.4696074764551073,5.062906219533028,25
5.0,0.2,0.1,0.02,0.16832424671458285,0.195,0.35600034806113384,0.05145073793591853,0.35647433345801005,0.6691716144984334,3.6872849989887264,11.276817149540722,8.330803720009582,-0.6691716144991774,3.687284998988799,26
5.0,0.2,0.1,0.02,0.16832424671458285,0.192,0.23781182715565666,0.05450515924116045,0.23810942995904688,0.5803751756930788,16.77224958913263,15.09101908762519,16.04853425168535,0.5803751756934186,16.77224958913266,27
5.0,0.2,0.1,0.02,0.16832424671458285,0.217,0.4912116692624909,0.04830548605206547,0.49133428192372225,0.9870107660810867,26.379406286332006,65.13357955923904,18.687354220165602,-0.9870107660814235,-26.379406286332024,28
5.0,0.2,0.1,0.02,0.16832424671458285,0.196,0.3100922684267372,0.056944460422820684,0.31034927499919,2.147250704351182,5.1852419505616,5.892999748920905,9.622007783203722,-2.1472507043514533,5.185241950561702,29
5.0,0.2,0.1,0.02,0.16832424671458285,0.201,0.5034056843779967,0.046856930523755495,0.4965466187170798,0.21591376968178522,25.233591724325336,17.35100412046318,2.097239110060733,-0.2159137696832213,-25.233591724325354,30
5.0,0.2,0.1,0.02,0.16832424671458285,0.19,0.5334376150605692,0.04228989409182228,0.4664774670930658,2.4482547592706823,12.553413054989083,16.540784027712554,22.16346829987436,-2.44825475927083,-12.553413054989088,31
5.0,0.2,0.1,0.02,0.16832424671458285,0.199,0.5080792368862896,0.045000647816430706,0.4919676352137867,2.1132185444171245,16.284224250515816,62.89931671889261,55.607765516007305,2.1132185444173017,-16.284224250515845,32
5.0,0.2,0.1,0.02,0.16832424671458285,0.216,0.4613406234079844,0.04713594157527057,0.4614938097462156,2.944722639504474,35.12354263676039,31.732672954854095,56.23323344155578,-2.9447226395045165,35.12354263676039,33
5.0,0.2,0.1,0.02,0.16832424671458285,0.218,0.2934021408556504,0.05203860238384268,0.2937004756790541,1.2201906945821455,0.7768231972467992,4.88584015012722,1.382037901751505,1.2201906945822596,0.7768231972471121,34
5.0,0.2,0.1,0.02,0.16832424671458285,0.209,0.23306071767263642,0.05967021536235144,0.23322221287234515,2.416314768252424,1.4573346595524759,9.937762917942027,8.099771790898272,-2.4163147682525645,-1.4573346595525554,35
5.0,0.2,0.1,0.02,0.16832424671458285,0.205,0.32548408930638784,0.05769234391955064,0.32569494351421463,0.3621197562111671,10.891124689561323,5.182842264009038,1.7934729747192384,0.36211975621058334,10.891124689561325,36
5.0,0.2,0.1,0.02,0.16832424671458285,0.211,0.31558183688031566,0.05159771885888298,0.31608160452539236,1.4624368135565902,13.009599018305517,20.88870029436758,2.958539943396628,-1.4624368135567496,13.009599018305531,37
5.0,0.2,0.1,0.02,0.16832424671458285,0.181,0.4287987870808382,0.04916938175510535,0.4289450715272557,1.837817846516376,13.426846016176423,5.603120231960218,2.8996861283238706,1.8378178465165307,-13.426846016176448,38
5.0,0.2,0.1,0.02,0.16832424671458285,0.205,0.3947923781754275,0.05147013958472507,0.3951353922915646,1.0988988144429614,10.860438212797293,8.003868620278826,8.600531019114813,-1.0988988144434244,10.860438212797302,39
5.0,0.2,0.1,0.02,0.16832424671458285,0.196,0.3018047302573437,0.056771091941724874,0.3019128197031604,0.20135931161872672,3.769932300181584,0.3843701310597102,9.365961836443017,-0.20135931162134868,3.769932300181686,40
5.0,0.2,0.1,0.02,0.16832424671458285,0.183,0.23539877225330258,0.061248820898868954,0.23549476860309448,3.0953615882178576,5.592775837503044,4.223785105982535,6.0272090054207546,3.0953615882180268,-5.59277583750308,41
5.0,0.2,0.1,0.02,0.16832424671458285,0.204,0.23345549802742216,0.05635444342156913,0.23432206996988778,0.12302688271906081,1.6216639909186163,2.1822662933082135,2.7753060963254996,-0.12302688272044895,1.6216639909187334,42
5.0,0.2,0.1,0.02,0.16832424671458285,0.217,0.27993824418267027,0.05899278337704395,0.2804002318537074,0.059275541001858674,5.03229222157717,7.231572331525511,9.420305254296085,0.05927554100403432,5.03229222157723,43
5.0,0.2,0.1,0.02,0.16832424671458285,0.191,0.3519329148616141,0.04938030402722724,0.35263411411241546,4.12666959398908,9.60547358097022,7.502228524570786,4.046489601336282,-4.126669593989122,-9.605473580970234,44
5.0,0.2,0.1,0.02,0.16832424671458285,0.201,0.5441917380425139,0.04860887719792041,0.4559536814136097,0.24730778125656594,24.223612672669528,5.22527724534254,1.8777470291650757,0.24730778125864483,-24.223612672669546,45
5.0,0.2,0.1,0.02,0.16832424671458285,0.179,0.24201086476661418,0.06255618323496219,0.2421019436255063,0.03343721855553488,1.3808269999799536,3.5321958195354934,1.0568847711377698,0.03343721855941431,-1.3808269999800564,46
5.0,0.2,0.1,0.02,0.16832424671458285,0.175,0.511571076499466,0.04288812769792953,0.48857574643814694,1.6722785466803982,2.368082715307997,66.23773336463859,7.115886796540337,-1.6722785466803767,2.368082715308098,47
5.0,0.2,0.1,0.02,0.16832424671458285,0.217,0.2563507217922815,0.05910338241456288,0.2567569449124743,3.791305312031986,0.1523682720128233,0.5585527913756029,4.029802262678153,-3.791305312032092,0.152368272012191,48
5.0,0.2,0.1,0.02,0.16832424671458285,0.209,0.48278570582539654,0.04722661200608862,0.4828354348485688,0.931964675981838,3.060630611189708,9.72123653769589,8.962344163705108,0.9319646759821067,-3.060630611189713,49
5.0,0.2,0.1,0.02,0.16832424671458285,0.189,0.4176686717017447,0.044478329434832035,0.4178251140568572,1.4276035345438984,4.242899300205351,8.728582528400656,7.871307453003765,1.4276035345440663,4.242899300205415,50
5.0,0.2,0.1,0.02,0.16832424671458285,0.174,0.31314990764940637,0.05565431996026702,0.3134465017125177,0.10758082328694847,2.201847314471372,0.5152221573184961,9.56104816177759,-0.10758082328727453,-2.201847314471487,51
5.0,0.2,0.1,0.02,0.16832424671458285,0.187,0.33346579541085986,0.051834205420244,0.333333660199931,1.9673137649737154,5.68801793403424,4.636127332454064,5.167592169684519,-1.9673137649739365,-5.688017934034277,52
5.0,0.2,0.1,0.02,0.16832424671458285,0.193,0.26841525647179915,0.05452384585741471,0.26908819188757027,2.263376803721405,5.376662999395218,1.6139817791856046,5.153089306487302,-2.263376803721481,-5.376662999395228,53
5.0,0.2,0.1,0.02,0.16832424671458285,0.187,0.21524883363414965,0.06467256237669305,0.21534157399554793,1.3628740187229722,4.834365479005132,3.359181129734811,3.0563896319944535,-1.3628740187230914,-4.8343654790052195,54
5.0,0.2,0.1,0.02,0.16832424671458285,0.201,0.42180645509026515,0.04671321749487045,0.4221375577893616,0.27632596996992914,10.506467340047259,16.123687442053598,19.878575059187042,-0.2763259699727562,-10.506467340047289,55
5.0,0.2,0.1,0.02,0.16832424671458285,0.216,0.6301049573889993,0.04076823462532843,0.36998270255317317,2.657476844532164,57.796651636140055,21.92365953451437,2.217822662170812,-2.6574768445323484,57.796651636140055,56
5.0,0.2,0.1,0.02,0.16832424671458285,0.204,0.3873515008118089,0.05072826974875824,0.3877097723663149,1.2980263423381135,8.071882582653705,4.616915594917148,12.977719007116573,1.2980263423382241,8.071882582653751,57
5.0,0.2,0.1,0.02,0.16832424671458285,0.207,0.4329095791830262,0.045597354984880774,0.43323749636308095,0.9548317388578005,10.364722431810824,20.04800455198527,20.71271516410895,-0.9548317388580762,-10.364722431810842,58
5.0,0.2,0.1,0.02,0.16832424671458285,0.187,0.5069616947294162,0.0429424660039868,0.49305269327457407,1.6600522141974114,0.8021031451739737,25.697173649196767,18.581155512115426,1.6600522141976657,-0.802103145174392,59
5.0,0.2,0.1,0.02,0.16832424671458285,0.198,0.3657184699841956,0.049043826375271424,0.3663566458438826,1.412897810738343,2.5696259915783055,13.275892503410082,5.4230880086608435,-1.4128978107386434,2.569625991578377,60
5.0,0.2,0.1,0.02,0.16832424671458285,0.185,0.39366165288093724,0.04724746063969394,0.39382126588025457,0.8265402739587372,6.086500237893211,11.508281144937358,6.164069105855313,0.8265402739592871,-6.086500237893188,61
5.0,0.2,0.1,0.02,0.16832424671458285,0.195,0.25396172879072876,0.057695812475915716,0.25510666923081915,0.7985705304243289,2.8114768659765295,2.7354183158736998,6.463902839627508,0.79857053042443,-2.8114768659766143,62
5.0,0.2,0.1,0.02,0.16832424671458285,0.194,0.33340815741321067,0.05622105774034102,0.3335527649018041,0.4361659791784876,3.4621527105381396,4.646862177640625,0.09212854883437799,0.43616597917926375,-3.462152710538119,63
5.0,0.2,0.1,0.02,0.16832424671458285,0.201,0.4269377301744728,0.04972566241634692,0.427116426617931,1.2665730326963982,17.832035117477343,9.480783687657125,8.362135864863342,-1.2665730326967743,17.832035117477346,64
5.0,0.2,0.1,0.02,0.16832424671458285,0.216,0.2899850802613563,0.05452948585165837,0.29026377564695705,0.589323953348688,2.349283151633303,1.6191827094366595,9.552595592280047,-0.5893239533486176,-2.349283151633448,65
5.0,0.2,0.1,0.02,0.16832424671458285,0.216,0.46849059673554505,0.04870903370441156,0.4686751072633783,3.6773207384960562,23.091609230627586,22.05323021913601,14.114146696168243,3.6773207384962223,-23.091609230627597,66
5.0,0.2,0.1,0.02,0.16832424671458285,0.21,0.5662628877543389,0.0432013722764292,0.4337826838836052,2.843401759164184,27.03271883149004,26.315750604404094,33.04271571667059,2.8434017591643057,27.032718831490065,67
5.0,0.2,0.1,0.02,0.16832424671458285,0.194,0.41086330368202356,0.04645023068576251,0.41104987900850143,0.4774346404273856,0.8393062935092156,4.585593244839293,6.4097159141463536,0.4774346404288635,-0.8393062935099178,68
5.0,0.2,0.1,0.02,0.16832424671458285,0.201,0.42571658283673935,0.049898672460745655,0.4260568396982121,0.8529199127025718,7.394019418728665,8.662939765219688,2.3981640073041404,-0.8529199127029246,-7.394019418728635,69
5.0,0.2,0.1,0.02,0.16832424671458285,0.202,0.2709072956807479,0.05282463090187347,0.2713247151454026,0.6326647883889571,14.479687766288045,17.611654251609824,21.67889572676742,0.6326647883889746,-14.47968776628804,70
5.0,0.2,0.1,0.02,0.16832424671458285,0.208,0.2449869751932785,0.05569801703397653,0.24510003924096918,2.5165270319701802,8.36994532621664,4.554790600620334,9.843896242604556,-2.5165270319702087,-8.369945326216667,71
5.0,0.2,0.1,0.02,0.16832424671458285,0.207,0.190206789750386,0.05587752290304531,0.1906943993190271,3.397242840799502,0.37357110176393615,5.7318008916477075,3.5530588526697517,3.3972428407995814,-0.37357110176539504,72
5.0,0.2,0.1,0.02,0.16832424671458285,0.221,0.4709638344619449,0.049558425968032865,0.4709392764696611,1.3989456063804486,24.9651963532561,28.49919464734941,76.90334364100863,-1.3989456063809262,-24.965196353256108,73
5.0,0.2,0.1,0.02,0.16832424671458285,0.213,0.573251686385435,0.04246458830557864,0.4269736681366243,2.505252440492735,85.72575144745146,45.2377046475825,2.73241676126667,2.5052524404927685,-85.72575144745146,74
5.0,0.2,0.1,0.02,0.16832424671458285,0.203,0.3167782606970298,0.055708061114644825,0.31714516263536247,2.694780880073049,7.94651232123914,1.8761526329185467,1.5916174316742406,2.6947808800730155,-7.9465123212391,75
5.0,0.2,0.1,0.02,0.16832424671458285,0.192,0.3047280771703114,0.0528238129397689,0.30501275097650415,0.033797373710666385,7.514260910266459,4.497710463922694,0.6664386515599302,0.03379737370816844,-7.5142609102664695,76
5.0,0.2,0.1,0.02,0.16832424671458285,0.215,0.3702928802803639,0.051989740974817754,0.370430657100662,1.9579421104959815,2.8274723515794467,8.476759864806313,18.79585479774127,-1.9579421104962014,-2.827472351579465,77
5.0,0.2,0.1,0.02,0.16832424671458285,0.205,0.30606723779370887,0.05718864406962565,0.3063424964995617,3.570126719310198,2.022857981998957,2.4335664299196806,1.9351608208722988,-3.5701267193102146,-2.0228579819989205,78
5.0,0.2,0.1,0.02,0.16832424671458285,0.221,0.3600021301321809,0.05238233829518373,0.3599282272318766,1.4108054080953845,12.495791051132239,13.628902322585052,0.45848271941284996,-1.4108054080956471,-12.49579105113224,79
5.0,0.2,0.1,0.02,0.16832424671458285,0.186,0.3424855797819139,0.05390412224502757,0.3427537511014065,1.8915205352068032,0.7452163552208585,9.07049080137193,18.69683305102288,-1.8915205352069964,-0.745216355221144,80
5.0,0.2,0.1,0.02,0.16832424671458285,0.175,0.2764291317480519,0.05281277524507107,0.2767611637094608,0.9530790286692098,5.990376403316613,8.303341420294576,8.714181068847923,0.953079028669202,-5.990376403316591,81
5.0,0.2,0.1,0.02,0.16832424671458285,0.202,0.33936953408194087,0.05406820512254954,0.33998110041775464,0.19136033805320035,4.496875517564562,5.218649408053677,8.792400187093172,-0.19136033805311708,-4.496875517564587,82
5.0,0.2,0.1,0.02,0.16832424671458285,0.199,0.40952818638810845,0.04986130043171501,0.40975262431840165,0.6339944547469826,9.589613953137919,3.2765523384818294,1.0442883284626567,0.6339944547473013,-9.589613953137933,83
5.0,0.2,0.1,0.02,0.16832424671458285,0.21,0.36851505544162666,0.05534152080765955,0.3688255816777009,2.184216235240428,10.756687923886508,10.82021601627821,20.885931293741017,-2.1842162352405756,-10.756687923886561,84
5.0,0.2,0.1,0.02,0.16832424671458285,0.217,0.34062473910895325,0.053378171060084814,0.3407551919990379,2.6545821518988277,4.131297074852625,4.105187797529874,17.854649000951213,2.6545821518988735,4.131297074852751,85
5.0,0.2,0.1,0.02,0.16832424671458285,0.205,0.21116711267262928,0.06129279277147761,0.21126414552501535,0.4111740789792393,1.0541812703916182,2.9087379249319882,4.426600844260129,-0.4111740789797961,-1.0541812703919649,86
5.0,0.2,0.1,0.02,0.16832424671458285,0.194,0.24302883055177274,0.05934728013237037,0.2433730546301166,2.2883656237377625,6.761488443648992,7.452734446401877,2.855914964514477,-2.288365623737952,-6.761488443649126,87
5.0,0.2,0.1,0.02,0.16832424671458285,0.206,0.3213605191016733,0.05510635835824398,0.32184976381088926,3.4815368738973826,2.427232554811572,3.251446041803128,7.418011380565749,-3.4815368738974044,-2.427232554811696,88
5.0,0.2,0.1,0.02,0.16832424671458285,0.193,0.18677045236009474,0.05457310166802841,0.18693510679419081,2.0136630873321684,5.852453727365875,5.030543569924952,5.987290344973435,2.013663087332494,-5.85245372736593,89
5.0,0.2,0.1,0.02,0.16832424671458285,0.18,0.3053224948822117,0.055057780304190014,0.30550491263941315,1.1179785138320035,5.841894534413615,7.065835951427542,10.111760025147058,1.1179785138320577,-5.841894534413669,90
5.0,0.2,0.1,0.02,0.16832424671458285,0.198,0.31845876835411024,0.05279245682760538,0.3185308959415028,1.5929520554824042,4.935839798335897,3.9651699077582196,5.659112687088013,1.5929520554825387,4.935839798335834,91
5.0,0.2,0.1,0.02,0.16832424671458285,0.198,0.5567721685178051,0.04335670815659182,0.4433538499979251,3.5060069312448885,8.490596010806923,9.69808853555638,13.041542863498968,-3.5060069312448743,-8.490596010806946,92
5.0,0.2,0.1,0.02,0.16832424671458285,0.196,0.24513090572158477,0.05818680508698894,0.24523585491808744,0.920587924928715,16.70255390900209,9.993646212196465,4.531152635480387,-0.9205879249288943,-16.702553909002113,93
5.0,0.2,0.1,0.02,0.16832424671458285,0.205,0.30392654741148467,0.051402548996248916,0.3044871959894162,0.27903294051040345,3.151953720635627,4.547575088313505,7.2289903726074485,0.27903294051118777,-3.1519537206356114,94
5.0,0.2,0.1,0.02,0.16832424671458285,0.209,0.29132374762498875,0.054977435353218446,0.29147935074623094,2.8179451926928647,7.721180740867358,11.634213072817245,9.944666302844293,-2.8179451926930184,-7.721180740867428,95
5.0,0.2,0.1,0.02,0.16832424671458285,0.202,0.26511344038785767,0.05985535638046219,0.265208791420331,0.40143511894949346,2.440564582139107,5.687749032671085,14.713333408086589,-0.4014351189504068,2.440564582139123,96
5.0,0.2,0.1,0.02,0.16832424671458285,0.2,0.42192014600124084,0.04784002122162401,0.4222481239271552,0.8598711241461043,1.405830156094719,21.40364905124849,32.87401877515931,-0.8598711241464849,-1.4058301560947908,97
5.0,0.2,0.1,0.02,0.16832424671458285,0.22,0.23233545783311743,0.05672918326815887,0.23245750688635292,0.2605472283572395,7.174979248947392,4.148216010890467,8.919971223763369,-0.26054722835662825,-7.1749792489473645,98
5.0,0.2,0.1,0.02,0.16832424671458285,0.191,0.24625578185862015,0.05522405173770359,0.24654956993977722,0.8004476475481214,0.8812441655091127,3.8276377107247557,1.2013176542088855,-0.8004476475481961,0.8812441655094435,99
5.0,0.2,0.1,0.02,0.16832424671458285,0.205,0.3120947277128702,0.052363578197208896,0.31292633132404285,1.2689528339748237,1.2099446710641717,2.0648225109117613,10.455635054654255,1.268952833974718,1.209944671064047,100
5.0,0.2,0.1,0.02,0.16832424671458285,0.195,0.41332858121081517,0.051806390217365536,0.41319465412591927,2.502706974694054,2.3056422352882926,1.8518115277006242,9.715024740682317,2.5027069746943145,-2.3056422352883286,101
5.0,0.2,0.1,0.02,0.16832424671458285,0.203,0.22241206261742827,0.05952467481712566,0.22262393337620628,0.06717254621523969,7.006168007759921,3.043977263896914,4.525535969302852,-0.06717254621928723,7.006168007759987,102
5.0,0.2,0.1,0.02,0.16832424671458285,0.201,0.42884429293859805,0.05107921269658708,0.42902702041034585,0.41253607340673015,2.407238388180887,3.526039999591424,21.527884082647805,0.41253607340742615,-2.407238388180952,103
5.0,0.2,0.1,0.02,0.16832424671458285,0.189,0.5336370308399095,0.03726688295312615,0.46653307461855736,0.2928078328447381,6.961208269552085,66.33609736948088,57.6184060232663,-0.29280783284428313,6.961208269552091,104
5.0,0.2,0.1,0.02,0.16832424671458285,0.212,0.5058123104314336,0.04591765420107269,0.4940950121418185,1.8430668613012287,11.005020894164378,35.23291812253542,10.823349554265869,-1.8430668613013663,-11.005020894164401,105
5.0,0.2,0.1,0.02,0.16832424671458285,0.208,0.378367625248641,0.05393522403758248,0.3785707653903742,1.5904275437889497,4.923084687539694,8.984837109706596,8.721346663001675,1.590427543788832,4.923084687539742,106
5.0,0.2,0.1,0.02,0.16832424671458285,0.202,0.41085233571356483,0.050349354628339726,0.4111349726647813,1.602813794252831,1.5422360139589146,8.076514146646124,20.042616211532916,1.6028137942527776,1.5422360139591509,107
5.0,0.2,0.1,0.02,0.16832424671458285,0.205,0.35490277978354723,0.05756382250442266,0.35501216051978174,0.5954381773122377,3.330305471821611,11.119276580695233,11.307442100627181,-0.5954381773131342,3.330305471821604,108
5.0,0.2,0.1,0.02,0.16832424671458285,0.196,0.22267324559298962,0.056648297430109865,0.22278589303310697,1.3479806743844998,3.579181823731139,2.8256130745934884,12.288356204624565,-1.3479806743847322,3.5791818237312625,109
5.0,0.2,0.1,0.02,0.16832424671458285,0.205,0.3112492338240662,0.056023002619957976,0.31136782740453167,2.2431795693741825,12.00243788148665,6.090833717465653,0.675941154740583,-2.2431795693744214,12.002437881486669,110
5.0,0.2,0.1,0.02,0.16832424671458285,0.19,0.6781913761103507,0.030843339203865484,0.32196681295520024,3.632416641498996,16.72421237185104,13.274325828018267,18.096350440348573,-3.6324166414990957,-16.724212371851056,111
5.0,0.2,0.1,0.02,0.16832424671458285,0.229,0.31610642604877215,0.054391475407481675,0.3159800551608653,0.32186854305965445,12.226530550714656,12.094385240204012,20.31379230287718,0.32186854306026047,-12.2265305507147,112
5.0,0.2,0.1,0.02,0.16832424671458285,0.187,0.2311410023987804,0.05699968961919196,0.23103419869697733,0.28546223406899957,0.2587024047471783,2.0224954097133745,3.011714737290711,-0.28546223407035753,0.2587024047477425,113
5.0,0.2,0.1,0.02,0.16832424671458285,0.18,0.17117657553577145,0.06146168448423682,0.17126792316068742,0.3636174741301277,10.443843002992823,12.982015057815271,6.763379130908059,-0.36361747413103607,-10.443843002992836,114
5.0,0.2,0.1,0.02,0.16832424671458285,0.203,0.4004232031216628,0.05148024920665492,0.40029156211988276,3.0695989188613195,0.5283135291968778,5.852849220712146,23.99067712118285,3.0695989188615185,-0.5283135291983436,115
5.0,0.2,0.1,0.02,0.16832424671458285,0.19,0.258761531058698,0.05717396590396162,0.25865006383634587,0.5313243812998764,5.911502268501898,2.9225046468077203,3.272802639767894,-0.5313243813000111,-5.9115022685019145,116
5.0,0.2,0.1,0.02,0.16832424671458285,0.206,0.3875434512030006,0.050363848237341705,0.38797465506393214,4.013392715072511,6.285852417858328,9.238089263385238,29.132569318596264,4.013392715072651,-6.285852417858439,117
5.0,0.2,0.1,0.02,0.16832424671458285,0.199,0.3437916482418294,0.05623118294668188,0.34367208325608223,0.1303775836318219,6.428213617468608,9.165328849530907,1.3236625000730045,0.13037758363430005,-6.428213617468639,118
5.0,0.2,0.1,0.02,0.16832424671458285,0.194,0.3099673076712569,0.05723621319123976,0.31009391992454377,0.5180628939161175,2.1609999115335623,4.743091744587707,1.8710751085843969,0.5180628939155514,2.1609999115335476,119
5.0,0.2,0.1,0.02,0.16832424671458285,0.2,0.42430515025712473,0.045879281740264344,0.4246134699799427,0.2461430243126571,6.429580668244634,10.411821497723793,5.295515004483684,0.24614302431499188,-6.429580668244674,120
5.0,0.2,0.1,0.02,0.16832424671458285,0.216,0.4260087555393005,0.051233546200097464,0.4261514957051266,0.8996496691421295,21.5775324635856,4.766151706672343,7.196072381839461,0.8996496691423127,21.577532463585605,121
5.0,0.2,0.1,0.02,0.16832424671458285,0.172,0.18769774837907605,0.06276062306086647,0.18761456344843855,0.6844161880899754,0.550072226675106,1.2602318517235502,1.398679016589975,-0.6844161880903012,0.5500722266751087,122
5.0,0.2,0.1,0.02,0.16832424671458285,0.185,0.4682994148730576,0.04509910141006914,0.4682715663758812,1.2615830501583318,4.25825850055625,1.0511925088881982,79.73747070728791,-1.2615830501589533,4.258258500556405,123
5.0,0.2,0.1,0.02,0.16832424671458285,0.18,0.6013889558663972,0.037787506632548915,0.3986948926518719,1.4945471940942994,10.181707165671897,7.528264690572556,12.058319286683966,-1.4945471940946422,-10.181707165671904,124
5.0,0.2,0.1,0.02,0.16832424671458285,0.193,0.410630244211264,0.050818691231538454,0.41080360006688077,1.6995896122220542,9.815990285461986,2.5492990299351836,26.902431636675203,1.6995896122222176,9.815990285462021,125
5.0,0.2,0.1,0.02,0.16832424671458285,0.192,0.29926706157987,0.05643091503200096,0.2993812804493891,4.859727403456866,4.82957204743496,8.53781903680548,17.253468942801465,-4.859727403456996,-4.829572047435052,126
5.0,0.2,0.1,0.02,0.16832424671458285,0.17,0.2656739078085975,0.05561210937083721,0.2665340251073357,2.3230525974161456,0.9984965260226631,0.6771414611458448,11.353449983506644,2.3230525974163676,0.9984965260230915,127
5.0,0.2,0.1,0.02,0.16832424671458285,0.213,0.3767845502412606,0.0516954344439462,0.37710900509734374,0.5329590062077034,1.289322189113922,2.027829534699052,7.269669286146642,0.5329590062081445,1.2893221891139965,128
5.0,0.2,0.1,0.02,0.16832424671458285,0.193,0.34196646118733,0.050474561682845795,0.3418252576739803,0.09181413094161307,1.4313562572827734,2.7629832956564337,7.425423611663656,0.09181413094486937,-1.4313562572828535,129
5.0,0.2,0.1,0.02,0.16832424671458285,0.19,0.3715246424816951,0.05518314036895636,0.3714519959621587,4.481633704295798,15.980957641802574,19.427433023391917,18.239005158782675,-4.48163370429599,-15.98095764180259,130
5.0,0.2,0.1,0.02,0.16832424671458285,0.207,0.21932085446221816,0.05943266409228666,0.2195312473481189,1.7341541463500434,3.5500391453309104,7.655711658304008,12.031479421476288,-1.734154146350035,-3.55003914533088,131
5.0,0.2,0.1,0.02,0.16832424671458285,0.191,0.3676634641135181,0.052796421615284896,0.3679437307711369,0.5984875392230995,2.635475317276577,0.8584746896447989,19.4692072092719,-0.5984875392235874,-2.6354753172767165,132
5.0,0.2,0.1,0.02,0.16832424671458285,0.186,0.18134510976119408,0.06675997069712239,0.18143020979876814,0.9834059010974588,0.5986258695648068,2.272036777721949,0.344537889521948,0.983405901097657,-0.5986258695651183,133
5.0,0.2,0.1,0.02,0.16832424671458285,0.187,0.2836520319635146,0.054598799904568306,0.28455559566927485,1.3538424564277176,7.886578382671281,5.005051211513336,4.823649718448352,-1.3538424564279918,-7.886578382671348,134
5.0,0.2,0.1,0.02,0.16832424671458285,0.209,0.40994820605568233,0.05170796195279785,0.40980790062594585,1.9689565460730816,3.7075608536133933,5.562723477281441,14.821415396628572,1.9689565460731902,3.7075608536135225,135
5.0,0.2,0.1,0.02,0.16832424671458285,0.215,0.5020936045957212,0.04665145392474074,0.4978583484131413,0.028023354534598248,13.398518781875138,35.64662262247772,12.649692189609059,0.028023354531734438,-13.398518781875136,136
5.0,0.2,0.1,0.02,0.16832424671458285,0.201,0.3606505514179888,0.05126942487620832,0.3611171512847354,1.635815535771498,16.437261234876132,14.403748778670032,11.628225255500494,-1.6358155357714301,16.437261234876143,137
5.0,0.2,0.1,0.02,0.16832424671458285,0.203,0.41060920060701495,0.049502859721181396,0.4110050013630986,2.9737376824885104,11.202419713260019,5.0561291324630515,17.347651842832846,2.973737682488555,-11.202419713260046,138
5.0,0.2,0.1,0.02,0.16832424671458285,0.202,0.3491143703374568,0.05637467759561995,0.3494123822029021,2.2805221487657703,6.793784527337809,6.738600636474734,3.1683676678870256,-2.280522148765858,-6.793784527337828,139
5.0,0.2,0.1,0.02,0.16832424671458285,0.181,0.46590482316981513,0.04822246365102885,0.46596169675614757,0.3114311733208818,1.1246354828255871,11.943519856373868,57.21672413860266,0.3114311733210247,-1.1246354828258338,140
5.0,0.2,0.1,0.02,0.16832424671458285,0.187,0.2860660643908902,0.055543510352025885,0.2867112256501358,0.10386811662474789,2.644144407353903,3.932991365113365,3.510568516821151,-0.10386811662493187,2.6441444073540077,141
5.0,0.2,0.1,0.02,0.16832424671458285,0.196,0.5042866095027422,0.04487637827891357,0.49572375349108466,1.3559359402534652,16.97162907412647,67.32872309418504,89.67290807023845,-1.3559359402536535,16.971629074126476,142
5.0,0.2,0.1,0.02,0.16832424671458285,0.214,0.35115460882312716,0.0516837533672018,0.3516621130625224,1.7103159316867673,0.614547625184153,1.0671610946529746,6.418280577524084,1.7103159316868233,0.6145476251846449,143
5.0,0.2,0.1,0.02,0.16832424671458285,0.219,0.3445062005559929,0.05243191790692134,0.3449448006614804,1.3227261983635341,10.10586884535115,3.2133211213196695,7.6666764455893555,-1.3227261983637333,-10.105868845351173,144
5.0,0.2,0.1,0.02,0.16832424671458285,0.193,0.34788041225422617,0.05252048759587069,0.3484307017328484,2.669172479699063,1.9315699287150625,2.0374644045068098,0.09081676065069937,2.6691724796992036,1.931569928715183,145
5.0,0.2,0.1,0.02,0.16832424671458285,0.187,0.2256345092706078,0.06281618153777081,0.22578318499405195,0.3597081472494745,8.072166964610618,8.0245103051687,1.6892924640061078,-0.35970814724856215,-8.072166964610624,146
5.0,0.2,0.1,0.02,0.16832424671458285,0.207,0.2624352311439026,0.059176051879604036,0.2623263119077944,0.7894184615715132,2.1815850480530776,2.3483655389715907,3.6898166122144156,0.789418461572112,-2.181585048053142,147
5.0,0.2,0.1,0.02,0.16832424671458285,0.21,0.5354987733290189,0.04861750931086761,0.46464760872958066,0.02335414208481196,2.8738685799652925,5.757360468279741,17.039687090602964,-0.02335414209753674,-2.8738685799653694,148
5.0,0.2,0.1,0.02,0.16832424671458285,0.195,0.1939876260187188,0.05771856547560744,0.19436439448537354,2.23429076212782,0.523012387031023,0.6921818027753309,2.1594234903699916,2.234290762127971,-0.5230123870314224,149
5.0,0.2,0.1,0.02,0.16832424671458285,0.217,0.3517282883807996,0.05535604170012568,0.3516059659881114,1.642411010277132,2.5339956350987256,8.668047800584974,27.083435913874958,-1.6424110102774798,2.5339956350987998,150
5.0,0.2,0.1,0.02,0.16832424671458285,0.226,0.37080744509562474,0.04828560337417632,0.3713778613901415,3.441673207078336,3.130446179770983,10.666093632433173,32.391171952012854,3.441673207078509,3.1304461797712024,151
5.0,0.2,0.1,0.02,0.16832424671458285,0.224,0.5582217754310457,0.04809580863481873,0.44198483980564923,2.2884904648390823,7.602631033997498,54.407122031533326,7.927921895456122,2.2884904648393585,7.6026310339975876,152
5.0,0.2,0.1,0.02,0.16832424671458285,0.187,0.3418116619095305,0.0495850294151093,0.34216741232969905,2.552149417485394,6.152168581796986,6.597404225588425,17.049672787985692,-2.552149417485377,-6.152168581796986,153
5.0,0.2,0.1,0.02,0.16832424671458285,0.202,0.3779030055804441,0.05226461713563929,0.3780328051768898,2.749396594751624,10.96082233441442,13.618702207917117,1.0547158421675324,2.7493965947517447,10.96082233441442,154
5.0,0.2,0.1,0.02,0.16832424671458285,0.19,0.23380480060073916,0.056673446119074544,0.23391662968052104,0.8157149526498442,0.19169505005086368,1.4686319528922,0.4600519365547372,-0.8157149526498967,0.19169505005176687,155
5.0,0.2,0.1,0.02,0.16832424671458285,0.205,0.2961412087481239,0.05824660677028969,0.2965421089669821,2.5420226906862413,5.281007100540077,10.441698393363906,14.658981864392356,-2.5420226906862493,-5.28100710054008,156
5.0,0.2,0.1,0.02,0.16832424671458285,0.211,0.3694292875652891,0.05136398669227958,0.36956236768931644,5.160543968175401,7.675335197359771,5.168650062563302,6.953456469747184,-5.160543968175445,-7.675335197359767,157
5.0,0.2,0.1,0.02,0.16832424671458285,0.193,0.387803357564346,0.05107594957459692,0.38813759675307796,0.266533798746916,7.199380057457482,18.59532777519196,12.150566584489848,0.26653379874716027,-7.199380057457563,158
5.0,0.2,0.1,0.02,0.16832424671458285,0.205,0.23027788799342133,0.058290532655345124,0.23038171092443138,2.2510326487327874,1.0041425637338488,1.6201927767567026,1.2720662251309902,2.2510326487327865,-1.0041425637342332,159
5.0,0.2,0.1,0.02,0.16832424671458285,0.219,0.4905527292945185,0.046288911878544906,0.49070690578683096,1.5882851107149951,12.0774665394343,36.25217403880227,68.5234222983354,-1.5882851107153073,-12.077466539434328,160
5.0,0.2,0.1,0.02,0.16832424671458285,0.201,0.14627139252584553,0.06119208822357991,0.14635914944800796,2.1714865359065456,1.015672593364099,0.46724203297680184,2.672988523780152,-2.1714865359066757,-1.0156725933647823,161
5.0,0.2,0.1,0.02,0.16832424671458285,0.202,0.4534691115225889,0.048949709276323014,0.45361381370700166,0.5263272811535792,6.621182705519036,18.172536349011562,45.66932028231652,-0.5263272811537517,-6.62118270551906,162
5.0,0.2,0.1,0.02,0.16832424671458285,0.199,0.38274553168754405,0.048947881587758216,0.3832347201571355,0.4626393245088334,12.375755598492658,12.498367039909644,7.558361869592273,0.4626393245102593,12.37575559849269,163
5.0,0.2,0.1,0.02,0.16832424671458285,0.222,0.30156149590990255,0.055596263455608835,0.30153132761073104,1.4709974554292204,1.931170426396501,4.299786358534515,9.498630172838059,1.4709974554292757,1.9311704263968266,164
5.0,0.2,0.1,0.02,0.16832424671458285,0.235,0.34131619984910505,0.05139984613215835,0.3420202204583774,0.36357490329946196,12.256867651877199,1.5620971502398886,6.783052191716352,0.36357490330037273,-12.256867651877226,165
5.0,0.2,0.1,0.02,0.16832424671458285,0.205,0.2600507343451933,0.05892406779598507,0.2600365375749019,0.7062990944795128,6.3816381628521395,9.518299769359173,3.1724000907053447,-0.7062990944804125,6.381638162852174,166
5.0,0.2,0.1,0.02,0.16832424671458285,0.201,0.36490879229139117,0.049747656477655805,0.3654583676280144,1.8143530885068677,1.453575353064283,6.101283722898944,0.30295146376688986,-1.8143530885068255,-1.4535753530643276,167
5.0,0.2,0.1,0.02,0.16832424671458285,0.193,0.35856731361139726,0.05513155128400082,0.35891081497356414,0.044412861649321796,3.686682338586552,4.832051196909905,9.48166014188975,0.044412861663474884,-3.6866823385866194,168
5.0,0.2,0.1,0.02,0.16832424671458285,0.215,0.4988218731311761,0.04646369569364526,0.4989395366956001,3.3883003969978143,0.5559066740603951,89.33146330363269,42.92582958919946,-3.3883003969978662,-0.5559066740614137,169
5.0,0.2,0.1,0.02,0.16832424671458285,0.179,0.18767624115669018,0.06457277138044522,0.18775181251429282,1.623259422687018,3.3334690324893765,0.23103672617478938,12.984080520104465,1.6232594226872603,-3.333469032489684,170
5.0,0.2,0.1,0.02,0.16832424671458285,0.203,0.31214737901700146,0.05425733751666813,0.31212826086770146,2.804761149712361,2.797260955238736,7.4793707295067335,12.211121864474052,-2.804761149712491,-2.7972609552387238,171
5.0,0.2,0.1,0.02,0.16832424671458285,0.194,0.2199594080344535,0.060569330861949024,0.2200155035487095,0.33536692135460494,2.6881848334740472,5.009327296952964,0.2114542422933997,-0.3353669213549308,-2.6881848334741623,172
5.0,0.2,0.1,0.02,0.16832424671458285,0.2,0.5066476688477358,0.04847842669321151,0.49336347918884677,2.5209581858386954,28.753850359107684,8.101018507820553,8.672892825590663,2.520958185838778,28.753850359107695,173
5.0,0.2,0.1,0.02,0.16832424671458285,0.212,0.47366946031292034,0.047790528727748256,0.4738174841686186,4.067441007650606,11.676441931623183,16.847137023935286,37.353007454582624,-4.067441007650685,11.67644193162319,174
5.0,0.2,0.1,0.02,0.16832424671458285,0.2,0.37672541309731616,0.04361246230660289,0.3773312747815876,0.8005361927013086,3.976895198431151,8.3129703546587,6.384293378087291,0.8005361927014781,-3.9768951984311975,175
5.0,0.2,0.1,0.02,0.16832424671458285,0.194,0.36158689874205063,0.04802356899169423,0.36230216716285707,0.5549511776993584,0.17484249883350494,6.365882627372893,1.2333483556930074,-0.5549511776994261,0.1748424988331332,176
5.0,0.2,0.1,0.02,0.16832424671458285,0.191,0.20902676750152901,0.05924612966453887,0.20988802470150494,1.2687531542096362,8.86096486930497,9.515404581206525,3.218054661961657,1.2687531542099755,-8.860964869305047,177
5.0,0.2,0.1,0.02,0.16832424671458285,0.205,0.23722790395972937,0.05108787639576569,0.2372807951304023,1.6248703449706567,1.5462677560580673,4.119982218646024,0.5126001035051678,-1.62487034497101,1.5462677560582396,178
5.0,0.2,0.1,0.02,0.16832424671458285,0.212,0.40200132107219816,0.05563269527547418,0.40213065171251805,0.42003930163315306,6.1643332637580075,2.1566182540710335,11.453116697256569,-0.42003930163385383,6.164333263758083,179
5.0,0.2,0.1,0.02,0.16832424671458285,0.18,0.22493978272196016,0.0582595340428832,0.22598087706108388,1.712106280912467,1.7403657682352816,3.764364507979011,0.8369188483685474,-1.7121062809125773,-1.7403657682355733,180
5.0,0.2,0.1,0.02,0.16832424671458285,0.197,0.36729657549074335,0.052931399085423936,0.36777447997035784,1.8094342762683178,11.297995220913037,11.75205070986253,33.034131409201386,1.8094342762684255,-11.297995220913068,181
5.0,0.2,0.1,0.02,0.16832424671458285,0.207,0.4651745425024858,0.047128554413684354,0.46533014135598816,1.770960059783923,11.2504807806282,16.389466925877482,4.562947206338295,-1.7709600597841888,-11.250480780628235,182
5.0,0.2,0.1,0.02,0.16832424671458285,0.207,0.23196283427703124,0.05827774433698325,0.23206514962535346,1.3395001632444061,8.402351730932711,5.825692548677211,0.17022085427191017,1.3395001632446397,8.402351730932759,183
5.0,0.2,0.1,0.02,0.16832424671458285,0.2,0.13983258344639807,0.06534479234391674,0.1397547147695539,0.43910785122154994,3.0040921083203256,3.343339436556128,4.35466440102683,0.43910785122205354,3.004092108320457,184
5.0,0.2,0.1,0.02,0.16832424671458285,0.191,0.3234303381972735,0.054575058558537136,0.3237103332013798,0.4754739481651137,3.066623738008714,3.3332808213490743,1.4884091279070284,0.47547394816575744,3.0666237380087495,185
5.0,0.2,0.1,0.02,0.16832424671458285,0.192,0.30011537562319823,0.054840339480313895,0.30070987277937744,2.7458067700991755,4.991760330193273,6.797203263035043,3.5957531217137912,-2.7458067700991817,-4.991760330193278,186
5.0,0.2,0.1,0.02,0.16832424671458285,0.19,0.35671300748205453,0.048480587138942266,0.3573069769291778,0.34227791613469866,25.755466254359693,7.778147725601412,2.15954668373493,-0.3422779161349822,25.755466254359693,187
5.0,0.2,0.1,0.02,0.16832424671458285,0.189,0.29176674055198304,0.05464836199667301,0.2919715898258883,0.48133777237648667,7.125677472375301,14.516412088239925,16.645777710707062,-0.48133777237666014,-7.125677472375351,188
5.0,0.2,0.1,0.02,0.16832424671458285,0.186,0.286591234875668,0.05127841769542783,0.28699458508588854,1.9573845538033567,4.656226370922532,1.1335662138484526,8.893718990109804,-1.957384553803403,4.656226370922522,189
5.0,0.2,0.1,0.02,0.16832424671458285,0.189,0.38279888416248353,0.05002210848754374,0.38324459847917747,2.6451306556659038,9.386535953204088,4.996810152877747,0.9932428424449725,-2.645130655666022,-9.386535953204104,190
5.0,0.2,0.1,0.02,0.16832424671458285,0.186,0.27343389449083666,0.058937537184280145,0.27392525609121343,1.8881146141457479,13.577434656585073,9.174951777041938,6.9736534463893705,1.8881146141458016,13.577434656585108,191
5.0,0.2,0.1,0.02,0.16832424671458285,0.211,0.4084911879327108,0.05173666410409455,0.40873644055734565,3.640612654929827,11.205142175688756,2.029937257487541,1.061064459673358,3.640612654930087,-11.205142175688806,192
5.0,0.2,0.1,0.02,0.16832424671458285,0.209,0.41450504210017663,0.051444797426827796,0.41463457779403357,0.08027402755890532,4.929394456026064,18.701723429479387,24.16558982944878,0.08027402755821766,-4.929394456026161,193
5.0,0.2,0.1,0.02,0.16832424671458285,0.18,0.3435106191936615,0.056280402410778745,0.3436856942242576,2.938053124710255,3.917994309316616,2.125067313407298,4.901930671241216,2.9380531247103843,3.917994309316586,194
5.0,0.2,0.1,0.02,0.16832424671458285,0.194,0.3071006455062219,0.053028405208899065,0.30767371841182306,1.6315454300200245,0.9019471023872117,0.39188630187228524,9.288530011555217,1.6315454300200987,-0.9019471023877056,195
5.0,0.2,0.1,0.02,0.16832424671458285,0.205,0.3884946767752382,0.05309522674024512,0.38883334897347344,0.7507027307802598,7.877818681367725,8.141262448012759,7.366201941930646,0.7507027307802215,-7.877818681367713,196
5.0,0.2,0.1,0.02,0.16832424671458285,0.185,0.3200275372841742,0.04761855108655348,0.3202651476516063,0.7338341605210023,3.7382603223973523,6.351309126749938,5.767255147907116,0.7338341605215227,3.738260322397408,197
5.0,0.2,0.1,0.02,0.16832424671458285,0.199,0.41811963136413316,0.05023979096006548,0.41837680810081385,0.2510786408366936,7.023400712647787,6.289913717817344,32.50061066411592,-0.2510786408375389,-7.02340071264783,198
5.0,0.2,0.1,0.02,0.16832424671458285,0.192,0.40988400729030583,0.044114245381434755,0.40994211973521477,0.18226436492905207,11.333024385349798,21.513081236848972,2.7440520654117426,-0.18226436493127424,11.333024385349832,199
5.0,0.35,0.1,0.02,0.07706409328151355,0.361,0.5282559342908688,0.051522861646352676,0.4718818835615581,0.42240445550591,0.2587637079930761,44.636048664115535,58.147646751212434,-0.42240445550631056,0.2587637079935094,0
5.0,0.35,0.1,0.02,0.07706409328151355,0.343,0.7261927225663817,0.05028177480952037,0.2741958035903155,0.14349188080803715,30.674035564645095,24.70832879370031,81.24446299964971,0.14349188081182593,30.67403556464511,1
5.0,0.35,0.1,0.02,0.07706409328151355,0.344,0.513709674443021,0.051873180598580045,0.48639337718580833,1.3803014461003418,80.18383144668871,23.58311847577767,40.25438164281087,-1.3803014461007292,-80.18383144668871,2
5.0,0.35,0.1,0.02,0.07706409328151355,0.36,0.698419150683026,0.055048248682922504,0.3019543164677283,0.8502052406213171,12.288249170010388,4.647059242865374,10.429647994498875,0.8502052406217722,12.288249170010404,3
5.0,0.35,0.1,0.02,0.07706409328151355,0.349,0.510652477441744,0.04983491123217913,0.48944980797532484,1.907629973099386,62.935529527902396,84.85724305345333,33.13844388831922,-1.9076299730995123,62.935529527902396,4
5.0,0.35,0.1,0.02,0.07706409328151355,0.329,0.5373090801414266,0.05068879255039326,0.46269202462193765,0.08887881805273813,2.6300922973569345,52.30022028307065,45.96223618080059,0.0888788180600063,-2.630092297356937,5
5.0,0.35,0.1,0.02,0.07706409328151355,0.391,0.42827585158092224,0.05170999936657952,0.4282467276081468,0.002916777060955374,48.98358441492229,21.78889144993028,0.5592883986116918,0.002916777191767365,-48.98358441492229,6
5.0,0.35,0.1,0.02,0.07706409328151355,0.327,0.5049166681995856,0.051148793445127884,0.49505109873143865,1.7823997398634985,69.29326156025806,35.388205454904345,47.11173563047114,1.7823997398637184,69.29326156025807,7
5.0,0.35,0.1,0.02,0.07706409328151355,0.339,0.5502270095866991,0.053265365559467565,0.44990909280152386,0.5296921139586698,11.344422638010467,78.03812318075285,51.17169849565664,-0.5296921139593888,-11.344422638010487,8
5.0,0.35,0.1,0.02,0.07706409328151355,0.381,0.7305023409470255,0.055451122583746654,0.26968329940914576,0.363211146784861,32.72027923361006,48.218923015365256,21.077398623571113,0.36321114678596694,32.72027923361007,9
5.0,0.35,0.1,0.02,0.07706409328151355,0.347,0.3635021308122851,0.05597555724980887,0.3633577237001604,0.4855926366739955,64.58925882687232,73.69605251355239,28.43354103017948,0.48559263667398217,64.58925882687232,10
5.0,0.35,0.1,0.02,0.07706409328151355,0.343,0.553097271317873,0.05147360289093477,0.44704573131896186,1.2905286121511432,7.173015764189556,16.328005403082766,32.47209217882131,-1.2905286121516164,7.173015764189607,11
5.0,0.35,0.1,0.02,0.07706409328151355,0.332,0.4657007135252841,0.050352805175921,0.465845346524804,0.8413658464457858,84.14970416725996,11.395028122238934,8.821908473571513,-0.8413658464460958,-84.14970416725996,12
5.0,0.35,0.1,0.02,0.07706409328151355,0.342,0.5836145961636656,0.04949525954499634,0.41659992876039226,2.6286028246481346,72.0342875762403,47.79129377561542,56.888310603596786,2.628602824648426,-72.03428757624032,13
5.0,0.35,0.1,0.02,0.07706409328151355,0.34,0.5870768911174289,0.05155486764185335,0.4131016396656322,0.09473952320982448,48.564269683355086,16.060246112228544,30.05281014672662,0.09473952321274047,-48.5642696833551,14
5.0,0.35,0.1,0.02,0.07706409328151355,0.356,0.6053737357535627,0.05334112626880513,0.39486849907743,0.1718693662215713,5.083765025071933,3.4307527768675277,49.82317367117158,0.17186936622441606,5.083765025071992,15
5.0,0.35,0.1,0.02,0.07706409328151355,0.362,0.49827855734672144,0.055950403698351775,0.49836231865147007,1.022749320538451,6.78101704990148,72.4492134643852,8.522100184995844,1.0227493205386307,-6.781017049901543,16
5.0,0.35,0.1,0.02,0.07706409328151355,0.338,0.4123625023086303,0.05556118879711609,0.4124947906518116,1.3055379767514674,71.83509024968544,67.31667778054636,3.8555844443871554,1.3055379767520752,71.83509024968544,17
5.0,0.35,0.1,0.02,0.07706409328151355,0.352,0.49574697001152385,0.04718011752639782,0.49587195962004127,1.1436279988153615,17.472443278281286,6.1983528388456826,27.980715393062294,-1.1436279988156475,-17.47244327828131,18
5.0,0.35,0.1,0.02,0.07706409328151355,0.335,0.48862330914450774,0.05155372635404869,0.48876118185579825,0.037155666647144404,10.61451258605358,38.083953781216316,10.494606210056576,0.03715566664716116,-10.61451258605361,19
5.0,0.35,0.1,0.02,0.07706409328151355,0.339,0.503525279278998,0.05123842067835073,0.496572515223653,2.1222722787725465,36.24646597863151,24.142374371329975,60.51964309614831,2.122272278772509,-36.24646597863152,20
5.0,0.35,0.1,0.02,0.07706409328151355,0.337,0.3966314269953034,0.047392000854448744,0.3967829448196264,3.3542583654128966,85.3398928264657,56.26485837391556,0.22319525497662113,-3.354258365412888,85.33989282646569,21
5.0,0.35,0.1,0.02,0.07706409328151355,0.34,0.4513120811625077,0.050428353949374595,0.4514802694262009,1.8754146027602947,88.63318035477528,30.056003842021187,25.76273305450986,1.8754146027605023,88.63318035477528,22
5.0,0.35,0.1,0.02,0.07706409328151355,0.341,0.6060656174612068,0.05058755457787211,0.39407553788601635,3.438449645689523,37.79082181726241,42.87701092896158,21.354180284524737,3.43844964568964,-37.79082181726242,23
5.0,0.35,0.1,0.02,0.07706409328151355,0.382,0.6335089365716393,0.04807865610786861,0.366493301090911,0.10904744092721638,6.237975090970187,5.0694159416483355,32.310106775003796,0.1090474409305138,-6.237975090970285,24
5.0,0.35,0.1,0.02,0.07706409328151355,0.35,0.6329709562068698,0.053763967628838144,0.367195315381979,0.655930389282819,22.523090412332536,15.39158060686701,21.196026351089664,-0.6559303892836041,22.523090412332547,25
5.0,0.35,0.1,0.02,0.07706409328151355,0.346,0.3397402924684825,0.05182800601187307,0.33990558993946446,0.4968942302389607,84.7506248813076,14.98709986835003,18.892115938500712,0.4968942302393962,84.7506248813076,26
5.0,0.35,0.1,0.02,0.07706409328151355,0.367,0.5117544730685272,0.05508031286821927,0.48837339329730867,0.7530016872455917,5.523377827710466,47.65170421207034,44.64651425253744,0.7530016872456258,-5.523377827710501,27
5.0,0.35,0.1,0.02,0.07706409328151355,0.339,0.6066739696407806,0.05292891802416108,0.39319088340173675,0.20511138004017843,0.39579678627986326,15.087044045438843,28.061407919552583,-0.2051113800428447,-0.39579678628106896,28
5.0,0.35,0.1,0.02,0.07706409328151355,0.363,0.5937405176881309,0.05171684235119331,0.4065203414424026,0.7195544678771263,40.34024205603394,19.80580282050791,21.39666061392439,-0.7195544678776358,40.34024205603395,29
5.0,0.35,0.1,0.02,0.07706409328151355,0.35,0.6176488955778714,0.042374626017489696,0.3825178499905766,1.1118270911076047,35.357584755857225,54.044562059666205,11.336029532442058,-1.1118270911078023,-35.35758475585723,30
5.0,0.35,0.1,0.02,0.07706409328151355,0.373,0.5049907194800062,0.05066810911828151,0.4950984320606468,2.1818689359038204,67.12091955535361,74.31366908928264,3.6775896703153346,2.1818689359039576,-67.12091955535361,31
5.0,0.35,0.1,0.02,0.07706409328151355,0.349,0.3947931132462816,0.0546996210139449,0.39495456881091917,0.5025212876379505,14.245393960992509,19.921094816376186,20.526766766717042,-0.5025212876381563,-14.2453939609925,32
5.0,0.35,0.1,0.02,0.07706409328151355,0.319,0.44351900536367717,0.05590744726094639,0.44364665071950443,3.365689172483864,16.367415675208914,2.7486111684444925,19.442243085121763,3.3656891724838447,16.367415675208928,33
5.0,0.35,0.1,0.02,0.07706409328151355,0.345,0.509002391664899,0.052080826804928856,0.49091890414272593,0.38501192623513536,69.54520746200056,19.500105196485173,13.642681334367877,-0.3850119262350252,69.54520746200056,34
5.0,0.35,0.1,0.02,0.07706409328151355,0.325,0.4018435270806117,0.04987272749555279,0.40170216743515386,1.8790776234458695,27.680711659375067,13.360638722373142,2.2458068270239813,-1.879077623446204,27.68071165937508,35
5.0,0.35,0.1,0.02,0.07706409328151355,0.327,0.6700820216665337,0.05048131615231555,0.32977830963193916,1.1401173322078306,14.427579696594854,20.513167969698575,21.65158925714597,-1.1401173322082634,14.427579696594883,36
5.0,0.35,0.1,0.02,0.07706409328151355,0.341,0.5444671861076206,0.04889696215593177,0.45567625759397856,0.2733449410923706,85.95253083174948,24.62843050790597,40.11888902769758,0.27334494109220486,-85.95253083174948,37
5.0,0.35,0.1,0.02,0.07706409328151355,0.36,0.7264495486972475,0.04853285524112539,0.2735114639846395,1.3216515147659138,8.884318769588756,17.490371774119176,0.4453738003971307,1.3216515147661139,8.884318769588768,38
5.0,0.35,0.1,0.02,0.07706409328151355,0.4,0.49551349573849024,0.054745790423513505,0.49561771281885936,0.8824699553341459,74.20550492466425,2.5326310813414623,25.973932843938073,0.8824699553345418,74.20550492466427,39
5.0,0.35,0.1,0.02,0.07706409328151355,0.315,0.2885546966417874,0.05784187342027467,0.28843603559208014,1.1660556731410507,27.122955041634267,18.739893285401017,38.376028815143954,1.166055673141557,27.122955041634274,40
5.0,0.35,0.1,0.02,0.07706409328151355,0.355,0.43453563815225854,0.05452849600509014,0.4344087075829345,0.29202508205408595,61.35658017791258,47.95818393875982,55.67962305817019,-0.2920250820556533,61.35658017791258,41
5.0,0.35,0.1,0.02,0.07706409328151355,0.325,0.43605174274187913,0.04900118551859314,0.43635312199692144,0.19897791417025082,6.717557856436587,36.28961850783874,29.132750804867626,0.1989779141722062,-6.717557856436644,42
5.0,0.35,0.1,0.02,0.07706409328151355,0.366,0.6806856854268922,0.04980743064577682,0.31945342182114245,1.1544367835475815,4.597180998646952,3.291159731773021,68.9806837612232,-1.1544367835476492,-4.597180998646991,43
5.0,0.35,0.1,0.02,0.07706409328151355,0.349,0.5035173234877833,0.051791663746857175,0.4965286761988262,0.4918924156162818,61.2798560204174,25.36480561580689,63.72908762903693,0.4918924156173552,61.27985602041741,44
5.0,0.35,0.1,0.02,0.07706409328151355,0.373,0.5168838004431191,0.049412798652357176,0.48326272329909864,1.3056346367185012,3.230845755487974,6.271512423928103,63.15105371593517,-1.3056346367184273,3.230845755488011,45
5.0,0.35,0.1,0.02,0.07706409328151355,0.34,0.6520621562047854,0.05364613351594022,0.3484884452892965,0.7866174799622434,24.243268707854536,34.912758882994204,85.2635896036006,-0.7866174799622188,-24.243268707854543,46
5.0,0.35,0.1,0.02,0.07706409328151355,0.337,0.5331811655675576,0.054804083431019654,0.46695066279745334,1.31349002951901,66.44460241057747,70.96365835188013,14.509942737802502,-1.3134900295193053,-66.44460241057747,47
5.0,0.35,0.1,0.02,0.07706409328151355,0.341,0.6234969116470895,0.04999873214724811,0.3766396504302632,0.39305221657283457,37.32215587074074,72.99573684324592,29.47082239136682,-0.39305221657412237,-37.32215587074075,48
5.0,0.35,0.1,0.02,0.07706409328151355,0.347,0.45265765605799685,0.049484828046679454,0.4528322476233225,0.7537129901804606,46.77146721469043,55.01819308915247,0.15777143775496102,0.7537129901807902,46.77146721469043,49
5.0,0.35,0.1,0.02,0.07706409328151355,0.339,0.2908333554572699,0.05248101457092753,0.2907558762765055,1.7843109735244493,22.981343038253694,1.410804622910213,15.087179417249391,1.7843109735245106,-22.98134303825371,50
5.0,0.35,0.1,0.02,0.07706409328151355,0.365,0.531795899872857,0.0518705366424764,0.4683163717096011,2.492965429230597,16.84911778528782,40.07630972718646,56.11837327048427,2.492965429230645,-16.84911778528783,51
5.0,0.35,0.1,0.02,0.07706409328151355,0.367,0.5009039681916638,0.05140427902275681,0.4989724752285306,0.3452468060336796,15.766583288538513,30.926504165702532,3.8527756159830537,-0.34524680603365643,15.766583288538545,52
5.0,0.35,0.1,0.02,0.07706409328151355,0.359,0.7160032456986908,0.047170919335479,0.28409989842965594,1.3910412571040858,8.698868789381558,7.243272012731541,56.02611216957058,-1.3910412571045006,-8.698868789381653,53
5.0,0.35,0.1,0.02,0.07706409328151355,0.374,0.5202957877894725,0.05237630795918698,0.4798399491654831,1.1491913878999955,3.1931794686009454,33.4738371230848,26.56532488146178,-1.149191387900642,-3.193179468601241,54
5.0,0.35,0.1,0.02,0.07706409328151355,0.349,0.5568265921967457,0.05070537259515488,0.4432752233553589,0.1488498473884506,88.46847879617728,81.31330483684123,56.54368625283844,-0.14884984739177112,88.46847879617728,55
5.0,0.35,0.1,0.02,0.07706409328151355,0.341,0.4254080562607071,0.05294904665555211,0.4255419659697159,0.23604945718035317,2.5741500865684133,35.059217199307774,53.42384625522871,0.23604945718015652,-2.5741500865684706,56
5.0,0.35,0.1,0.02,0.07706409328151355,0.335,0.710755156147037,0.0512128527942472,0.2893924903253137,1.7971821736465112,20.321785766142707,28.783207146694007,14.131608453792836,-1.7971821736465363,20.32178576614272,57
5.0,0.35,0.1,0.02,0.07706409328151355,0.352,0.5142234190540586,0.05192357121724074,0.4859223662133352,1.2700887416074729,1.743528334970886,73.65061017380717,9.549168036734343,-1.2700887416078144,-1.7435283349710184,58
5.0,0.35,0.1,0.02,0.07706409328151355,0.344,0.42784483280184604,0.0517118289513598,0.427964757678845,0.0691294941046107,78.03188401960546,45.64213427598448,9.232059214680744,-0.06912949410798953,-78.03188401960546,59
5.0,0.35,0.1,0.02,0.07706409328151355,0.363,0.5453007396309985,0.054847809678109594,0.4548287167413803,1.3656464276148272,33.92380613770316,56.760643744496264,27.83721808020621,1.3656464276151794,-33.923806137703174,60
5.0,0.35,0.1,0.02,0.07706409328151355,0.358,0.34396209411593004,0.05723257989553217,0.34410365327092457,2.1150213562832896,1.608579163905131,33.63767425798851,61.50764879515179,-2.115021356283357,-1.6085791639053644,61
5.0,0.35,0.1,0.02,0.07706409328151355,0.371,0.39332099701463413,0.05474250276775865,0.39345814941390145,1.950980659105391,34.62742673332302,5.62381693228628,24.905321473783243,-1.950980659105446,-34.627426733323034,62
5.0,0.35,0.1,0.02,0.07706409328151355,0.365,0.4995549245158036,0.05277602780369016,0.4996310829064617,0.6793226849843409,37.53693452087429,86.3940506097909,1.4355429333457945,0.6793226849849445,37.536934520874304,63
5.0,0.35,0.1,0.02,0.07706409328151355,0.371,0.6418019284129147,0.056461556902397306,0.3582811578990078,1.2387172291951458,5.573552580448601,14.481392462383456,1.5870830753802405,1.2387172291951352,-5.57355258044862,64
5.0,0.35,0.1,0.02,0.07706409328151355,0.336,0.6386003525988201,0.05197587590994741,0.36181048933725074,0.42910610434143975,76.67957178454816,83.28479468035557,31.596332971288025,-0.4291061043416614,76.67957178454816,65
5.0,0.35,0.1,0.02,0.07706409328151355,0.362,0.5733213756253496,0.05124960806663259,0.426877344604412,0.363023327985226,1.2353761890187174,26.278169035588213,54.98787887813155,-0.3630233279849376,-1.2353761890188637,66
5.0,0.35,0.1,0.02,0.07706409328151355,0.327,0.42163037048068225,0.04807369608836487,0.42203634137497165,2.692549864876868,41.68109547536919,0.3257030770026745,48.82980021072213,2.6925498648771047,-41.6810954753692,67
5.0,0.35,0.1,0.02,0.07706409328151355,0.368,0.4487668904069202,0.04987301476874824,0.4489111821831568,0.6858289608032319,42.29022953132308,81.68547102080846,15.744927933108906,-0.6858289608036927,-42.29022953132307,68
5.0,0.35,0.1,0.02,0.07706409328151355,0.35,0.5500119668948994,0.050219782886869055,0.450138319022211,0.7842925461548111,87.44571547587884,6.2146214091804906,35.24004493992234,-0.7842925461549972,87.44571547587884,69
5.0,0.35,0.1,0.02,0.07706409328151355,0.376,0.6758386672731995,0.04941689031555928,0.32454396321073087,0.0862764606998423,54.28465872584168,51.115499443034125,72.12599937781084,-0.08627646069835852,-54.28465872584168,70
5.0,0.35,0.1,0.02,0.07706409328151355,0.341,0.33232726647421257,0.055277139901031516,0.3327497756799676,0.6675973862220947,65.50540436011133,47.82319872769477,63.90998109721777,-0.6675973862224274,-65.50540436011133,71
5.0,0.35,0.1,0.02,0.07706409328151355,0.375,0.4999973864706603,0.05018280501990939,0.499895840524363,0.5869717816205575,88.45537857321077,34.79219888748379,67.86875439767931,0.5869717816209666,-88.45537857321077,72
5.0,0.35,0.1,0.02,0.07706409328151355,0.372,0.500202168530273,0.05359050525425373,0.49984319071952377,1.0161901767243462,20.862001242473152,39.18487091464827,25.755266192525493,1.016190176724502,20.862001242473166,73
5.0,0.35,0.1,0.02,0.07706409328151355,0.331,0.49145170598651394,0.04876196150275732,0.49160476543213905,2.182441648334512,17.94072434788404,16.583865722445555,35.07215131837659,-2.182441648334488,-17.94072434788406,74
5.0,0.35,0.1,0.02,0.07706409328151355,0.363,0.4895186776167343,0.04995187989990939,0.48966409089558455,1.3623097907756927,10.71850172465002,38.890000079642206,1.0860727877315222,1.3623097907761088,-10.718501724650084,75
5.0,0.35,0.1,0.02,0.07706409328151355,0.374,0.47981142728308074,0.05477765527654195,0.47994359025358607,1.6188942763683711,4.154510780896229,79.42249734283858,78.19118295595236,-1.6188942763683674,-4.154510780896272,76
5.0,0.35,0.1,0.02,0.07706409328151355,0.367,0.6269774728478658,0.051872406570304036,0.3733755460422135,0.6384482284072212,33.83763804117603,22.512408432603504,17.913714788922842,0.6384482284078069,33.83763804117604,77
5.0,0.35,0.1,0.02,0.07706409328151355,0.355,0.5367573890711397,0.050253151727880564,0.4632909169965232,1.0490597827899208,4.711259505233277,84.98429781625583,40.66316517869131,-1.0490597827898114,-4.711259505233282,78
5.0,0.35,0.1,0.02,0.07706409328151355,0.356,0.46369482252847105,0.05217558256928169,0.463835460443754,0.6722202851451502,55.59399435386673,20.422305593885557,17.362634692706525,0.6722202851454001,-55.593994353866734,79
5.0,0.35,0.1,0.02,0.07706409328151355,0.374,0.5089710786963177,0.052158264857096945,0.4909782646698205,0.9250815124252658,38.369576170231404,84.81192989954033,46.544174830583856,0.925081512425372,38.369576170231404,80
5.0,0.35,0.1,0.02,0.07706409328151355,0.309,0.5399770332503155,0.049376444932700395,0.4600007699779804,1.0234636569730204,7.738293658702655,57.86495504702679,30.217453593479153,1.0234636569732396,7.738293658702701,81
5.0,0.35,0.1,0.02,0.07706409328151355,0.367,0.5845464250381057,0.04916406056076368,0.415816711108867,2.3505662539462593,42.04826805031573,36.07908681778874,15.138213256118886,-2.350566253946338,-42.04826805031574,82
5.0,0.35,0.1,0.02,0.07706409328151355,0.335,0.5028864473561693,0.05337027135690791,0.4971613427230661,0.8759919910555298,44.98915347426404,68.00856948182377,49.38472374042103,-0.8759919910555181,-44.98915347426405,83
5.0,0.35,0.1,0.02,0.07706409328151355,0.362,0.606104567354607,0.04888176278976639,0.39430370250821967,0.8498512700669508,3.8186519659618936,31.054033975299575,83.1225452782059,0.8498512700670136,-3.818651965961866,84
5.0,0.35,0.1,0.02,0.07706409328151355,0.345,0.5711967897399086,0.04882741383671506,0.4288295325659537,0.497052286020357,67.69726454558597,56.25023454297643,10.16935989702012,0.49705228602067564,67.69726454558597,85
5.0,0.35,0.1,0.02,0.07706409328151355,0.342,0.6061703935908931,0.05171538572969107,0.3939727306320078,0.03045414686673133,46.693850539011486,6.759970743103464,47.781324117043035,0.030454146876674533,-46.693850539011486,86
5.0,0.35,0.1,0.02,0.07706409328151355,0.347,0.5179583449974536,0.05160013629178743,0.4821789785195887,0.17417929681235578,35.658530652723805,55.48717608421508,42.141693489230725,0.17417929681385752,35.65853065272381,87
5.0,0.35,0.1,0.02,0.07706409328151355,0.348,0.44213375178418024,0.0541203018732405,0.4419999510894523,0.024485538723484575,1.34205074842952,1.344294059963068,38.38917449999284,-0.0244855387352216,1.3420507484296347,88
5.0,0.35,0.1,0.02,0.07706409328151355,0.374,0.6891323444840934,0.05426722165672378,0.3109863228944814,1.9778923837631446,11.117303868163496,33.00000893502787,35.818160501964435,1.9778923837633267,11.117303868163516,89
5.0,0.35,0.1,0.02,0.07706409328151355,0.364,0.4980061554900697,0.051728639092654904,0.4979893671619999,0.16615064760664927,82.92661656262203,83.44098284872946,46.10483326455172,0.16615064761000042,82.92661656262203,90
5.0,0.35,0.1,0.02,0.07706409328151355,0.353,0.5513245065715048,0.03924745091998813,0.4489521469918946,2.3410730835625566,10.371008224300484,33.109925162027146,24.376453958785763,-2.3410730835627067,-10.37100822430053,91
5.0,0.35,0.1,0.02,0.07706409328151355,0.333,0.5038934286081862,0.053704323743727925,0.49612280858701435,1.3102844768093098,38.216608091746245,11.94707530403893,10.153263160696138,-1.3102844768097213,-38.21660809174625,92
5.0,0.35,0.1,0.02,0.07706409328151355,0.357,0.4673514545555954,0.05421478170212048,0.4672314016483978,0.07602017378157118,87.39176220925579,80.13281444614208,81.95492688992043,-0.07602017378069405,87.39176220925579,93
5.0,0.35,0.1,0.02,0.07706409328151355,0.335,0.5686972942554179,0.054018604415451546,0.43144569119031884,1.6436876975960657,8.035669348139631,45.76038065940791,64.37106630967165,-1.6436876975962336,8.035669348139624,94
5.0,0.35,0.1,0.02,0.07706409328151355,0.345,0.40973617852336636,0.05663700272782758,0.40994001953418435,0.8013740255509053,33.11940279910032,22.484379775453167,14.494820528424656,0.8013740255512866,-33.119402799100335,95
5.0,0.35,0.1,0.02,0.07706409328151355,0.347,0.6167766498779117,0.04920372394303045,0.38356127841028026,0.21103237867307345,1.063913565105766,0.8927920672675161,46.44294320268176,0.21103237867373048,-1.063913565105908,96
5.0,0.35,0.1,0.02,0.07706409328151355,0.338,0.49300310398114083,0.048308846977475624,0.49303690659992166,1.0605192744715273,79.79136246956541,55.91636307757249,67.72283787592782,1.0605192744717138,79.79136246956541,97
5.0,0.35,0.1,0.02,0.07706409328151355,0.367,0.5637765911450877,0.04710803223589778,0.43644322048094275,0.4225259062495099,59.072605932667365,72.95675391708008,67.19270533295243,0.4225259062503097,59.072605932667365,98
5.0,0.35,0.1,0.02,0.07706409328151355,0.348,0.6719266173195435,0.048885163795526834,0.32821667470785454,0.019820824691822638,6.456821568470824,2.1296758112007907,14.563223418136005,0.019820824703541056,-6.456821568470848,99
5.0,0.35,0.1,0.02,0.07706409328151355,0.349,0.44289245527369836,0.05311989735938048,0.4430473329775667,0.5489110174071307,26.38793235485379,19.44941116123948,2.316482702739936,-0.5489110174074391,-26.387932354853803,100
5.0,0.35,0.1,0.02,0.07706409328151355,0.339,0.6467786395671548,0.04977068779404448,0.3530757859114966,0.7342248280972078,27.028627804288313,35.38482083707369,14.363348337508404,-0.7342248280973612,-27.02862780428832,101
5.0,0.35,0.1,0.02,0.07706409328151355,0.331,0.346625566506287,0.05009507357332436,0.34677828652451526,2.6692633888637345,39.00003856751674,25.09728329177662,20.628283631395693,-2.669263388863855,39.000038567516754,102
5.0,0.35,0.1,0.02,0.07706409328151355,0.369,0.5282214625392091,0.05091547889030121,0.47192580658382877,2.143190090904451,50.02238044309398,20.183729926102362,13.524288341193872,2.1431900909044153,-50.02238044309398,103
5.0,0.35,0.1,0.02,0.07706409328151355,0.336,0.3247073863097288,0.05899268553029782,0.3248222493668241,0.3577728829133073,41.11125257993445,27.470012144787905,26.538794763196297,-0.3577728829136168,41.111252579934465,104
5.0,0.35,0.1,0.02,0.07706409328151355,0.302,0.339389926014282,0.05514599249300271,0.3394662089663526,0.39010128263117383,21.158521566186046,2.107426321015855,10.821773293803925,0.3901012826306948,21.15852156618606,105
5.0,0.35,0.1,0.02,0.07706409328151355,0.347,0.6328919165612242,0.05120736555517902,0.3674238857918382,1.284498238829871,11.331046961043862,1.9176993451457314,54.07277624999052,1.2844982388300845,-11.331046961043869,106
5.0,0.35,0.1,0.02,0.07706409328151355,0.356,0.5015917536827371,0.05138641561303982,0.4983238395825875,0.4257148963960019,70.20298412241195,76.17960693977746,31.99844485104658,0.42571489639721394,70.20298412241196,107
5.0,0.35,0.1,0.02,0.07706409328151355,0.333,0.5030414550402675,0.05456863917013258,0.4968867172112593,1.4641653887313244,78.76263258367767,64.37115612289212,38.01328956152897,-1.4641653887315083,78.76263258367767,108
5.0,0.35,0.1,0.02,0.07706409328151355,0.344,0.4164672597831542,0.05234984017660296,0.4167465024951181,0.28523622397411225,6.729861445068612,34.24367306176167,17.957364029824273,-0.28523622397597037,-6.729861445068692,109
5.0,0.35,0.1,0.02,0.07706409328151355,0.358,0.4999826781813937,0.0502209445933601,0.49995056795732357,0.6010156130497574,29.935608351639875,44.93704944046043,8.725832111033496,-0.6010156130502855,-29.93560835163989,110
5.0,0.35,0.1,0.02,0.07706409328151355,0.337,0.4067514249367175,0.049939040276342835,0.40689425574446636,1.2825211388444648,37.53757611933301,23.503270506473722,9.482931931761959,-1.2825211388448257,37.53757611933303,111
5.0,0.35,0.1,0.02,0.07706409328151355,0.339,0.5508249286776624,0.05722597975103247,0.4492966916599111,0.8149905192442933,10.257096894858641,42.49299085719593,77.94031868637687,-0.8149905192444397,-10.257096894858675,112
5.0,0.35,0.1,0.02,0.07706409328151355,0.326,0.4979579724583056,0.04866014657143408,0.4980904316490774,2.128917066752276,11.903557696059544,44.236394427248236,0.8894155984993275,2.128917066752264,11.903557696059567,113
5.0,0.35,0.1,0.02,0.07706409328151355,0.378,0.5925792877740017,0.05231206880056971,0.4075937470164765,1.0947636341740354,61.611655379913415,60.94834781723917,25.06586313084144,1.0947636341743767,61.611655379913415,114
5.0,0.35,0.1,0.02,0.07706409328151355,0.346,0.5657261308368018,0.05573243647381958,0.4344019434624013,1.2659901014771942,25.08181150134777,43.07091719523508,20.942015042147368,-1.2659901014775103,25.08181150134778,115
5.0,0.35,0.1,0.02,0.07706409328151355,0.342,0.5710362103323358,0.05265388083406668,0.4290466452562426,0.5775765402172095,3.696564013990552,30.77967278562642,40.53862262605777,0.5775765402172138,3.696564013990652,116
5.0,0.35,0.1,0.02,0.07706409328151355,0.374,0.2657286004288073,0.05420400887334165,0.2658560255680589,0.11295951456130572,84.10469354728113,5.631679467766448,47.751303587933386,0.11295951456482252,84.10469354728113,117
5.0,0.35,0.1,0.02,0.07706409328151355,0.349,0.6043738848184245,0.05085119148643273,0.3957694778062606,0.09422873196464109,38.600298619450065,28.506149469285663,35.90693214216519,-0.0942287319669384,38.60029861945007,118
5.0,0.35,0.1,0.02,0.07706409328151355,0.374,0.6924880077797027,0.05220993687833403,0.30797401222460397,0.21644056514389493,64.44248055081373,71.16348707044997,49.53442670425106,0.21644056514519613,-64.44248055081373,119
5.0,0.35,0.1,0.02,0.07706409328151355,0.358,0.5517398714765994,0.05083349148980772,0.4484163936178048,2.599216488197368,5.20651719906315,79.90221956916496,65.36754386406645,-2.599216488197444,-5.206517199063124,120
5.0,0.35,0.1,0.02,0.07706409328151355,0.322,0.6265762648235454,0.05019108867112128,0.3736036169454144,0.26231524922829774,2.780190337395971,12.84177926927441,48.97695110408099,-0.2623152492296299,2.7801903373959664,121
5.0,0.35,0.1,0.02,0.07706409328151355,0.334,0.5530577419520234,0.05604996718889913,0.446819629620545,2.072311669571581,7.558917192009425,65.54715194562937,64.75276354988118,2.072311669571599,7.558917192009443,122
5.0,0.35,0.1,0.02,0.07706409328151355,0.343,0.4501343079763199,0.05495547435561084,0.4500184181744931,1.8471571704955967,32.814681068258125,81.29213007326956,39.23239315999207,1.8471571704956253,32.814681068258125,123
5.0,0.35,0.1,0.02,0.07706409328151355,0.36,0.6177930964267203,0.047252889065487,0.3826877747068652,2.9362503755001472,50.42414707169362,26.75797031358887,46.56756336347794,2.936250375500185,50.42414707169362,124
5.0,0.35,0.1,0.02,0.07706409328151355,0.353,0.49660083699693686,0.05442918385385276,0.49673546450737793,1.5421032048090262,74.84195614946807,60.45049056661864,47.518765321706816,-1.5421032048090415,-74.84195614946807,125
5.0,0.35,0.1,0.02,0.07706409328151355,0.341,0.45561001016156033,0.051764755213186506,0.4557512833503118,1.1264487406642147,0.30016869292983667,12.228019641814631,16.83723822058855,-1.1264487406644568,-0.30016869293031934,126
5.0,0.35,0.1,0.02,0.07706409328151355,0.354,0.5042686995573463,0.050380143751229574,0.49567257654722924,0.7958502893068797,58.04384087443062,12.084176166102866,41.1682869967395,0.7958502893069762,58.043840874430636,127
5.0,0.35,0.1,0.02,0.07706409328151355,0.353,0.40762299579080447,0.048640749459572,0.4079797839030211,0.25241340741591606,20.53336427918696,6.705676688377592,36.76593977769069,0.2524134074185712,20.533364279186973,128
5.0,0.35,0.1,0.02,0.07706409328151355,0.365,0.722349502046166,0.0490940786718019,0.2783369865228497,0.026176742478763212,11.624523039118204,20.108847916144324,82.27055248649684,0.02617674248190932,-11.624523039118214,129
5.0,0.35,0.1,0.02,0.07706409328151355,0.358,0.7554132472457459,0.04536009845197904,0.2458912059929546,0.8024490138939266,61.53207853243712,29.299981767544022,55.54443619173925,-0.80244901389461,-61.53207853243712,130
5.0,0.35,0.1,0.02,0.07706409328151355,0.351,0.3246460915866521,0.05117065253606969,0.3254009696335283,0.20967975426109203,21.69707333221476,48.59085306820531,21.179258303105822,0.2096797542604138,21.697073332214767,131
5.0,0.35,0.1,0.02,0.07706409328151355,0.329,0.5000757655820766,0.05267639737163976,0.4999475468100687,0.7333953721830262,44.55250233124741,86.35507831760216,23.57656502246377,-0.7333953721829869,-44.55250233124741,132
5.0,0.35,0.1,0.02,0.07706409328151355,0.375,0.5430009936013157,0.05125394436987185,0.45699394909275937,1.960662099697815,8.380617377771994,5.089128404261295,30.232680033612187,1.96066209969799,8.380617377772035,133
5.0,0.35,0.1,0.02,0.07706409328151355,0.371,0.6417572472342062,0.04991208411020749,0.3581020726378621,1.3324566506915285,22.539128426571516,2.5248497183634266,11.821296896347421,-1.3324566506918663,-22.539128426571548,134
5.0,0.35,0.1,0.02,0.07706409328151355,0.365,0.5774269982110178,0.05112398696435168,0.42271941931723933,0.506290157055162,43.424470093172545,79.33981835299659,38.71830337992398,-0.5062901570561449,-43.42447009317255,135
5.0,0.35,0.1,0.02,0.07706409328151355,0.353,0.4447628880212481,0.054446673888166444,0.444634120596177,1.3709456379053397,50.9639835943711,22.207081500519358,12.241801788499126,-1.3709456379053764,50.96398359437111,136
5.0,0.35,0.1,0.02,0.07706409328151355,0.361,0.7658546266071464,0.044477430611526134,0.2344712850912546,0.21158655833934467,54.32802936875354,6.62063091945161,62.52028129401696,0.21158655834232185,54.32802936875354,137
5.0,0.35,0.1,0.02,0.07706409328151355,0.362,0.5905371773763409,0.04506723278889341,0.40992819552406057,0.557068624411774,4.256905615225781,31.636235357427424,19.734016501113835,0.5570686244120149,4.256905615225726,138
5.0,0.35,0.1,0.02,0.07706409328151355,0.341,0.6724871830960192,0.04866076298731088,0.3278748824093949,0.6359676518737297,47.67318349143893,30.151170520395237,18.54509146682068,0.6359676518739885,47.673183491438934,139
5.0,0.35,0.1,0.02,0.07706409328151355,0.368,0.5603460317103621,0.050767755503529355,0.4396282408740731,1.2126552318509123,15.528677572498976,13.42137849293695,69.67984787001451,-1.2126552318510406,15.528677572499001,140
5.0,0.35,0.1,0.02,0.07706409328151355,0.337,0.41510647642869253,0.05174928761363993,0.4152825635323062,2.354534369320335,23.14321089742657,9.072140548974849,12.230958726096391,2.3545343693203913,-23.143210897426584,141
5.0,0.35,0.1,0.02,0.07706409328151355,0.359,0.5765200362704905,0.05005574925906314,0.423728806957287,2.859665288528717,36.009679604800276,83.74478850256261,2.1494581562687713,2.859665288528699,36.009679604800276,142
5.0,0.35,0.1,0.02,0.07706409328151355,0.343,0.46979460996280487,0.053347794300695806,0.46992907076389356,0.7317235333350938,18.89422325830805,63.26719543104787,10.989394558267142,-0.7317235333350166,18.89422325830806,143
5.0,0.35,0.1,0.02,0.07706409328151355,0.369,0.3373191641233763,0.050338655940102284,0.33800921091723074,0.7947962012438627,22.04783439176721,1.9955770625103209,10.879562162486302,-0.7947962012444294,22.04783439176724,144
5.0,0.35,0.1,0.02,0.07706409328151355,0.344,0.5398458868861827,0.04785937495896473,0.4603124740198137,1.8176239428650998,7.508015108417935,88.40679238847594,11.635158105522594,-1.8176239428651908,7.5080151084179985,145
5.0,0.35,0.1,0.02,0.07706409328151355,0.344,0.47737590281850123,0.05319235137927941,0.477508174059435,0.8779864566895507,78.74172820057036,33.4229315665094,0.7025622790695637,-0.8779864566895457,-78.74172820057036,146
5.0,0.35,0.1,0.02,0.07706409328151355,0.376,0.31793468337777014,0.051417119329733744,0.31824552306491255,2.31040225348083,26.206128382142765,14.32507771623267,6.57937256715765,2.3104022534808704,-26.20612838214278,147
5.0,0.35,0.1,0.02,0.07706409328151355,0.361,0.5536829315045406,0.05314734290252434,0.44618585055776044,0.9488826125422182,24.76546995000173,30.703524627198515,18.992114369193555,-0.9488826125421925,24.765469950001727,148
5.0,0.35,0.1,0.02,0.07706409328151355,0.357,0.5906763944703705,0.04955240555157699,0.4094705348288304,0.35834996672734226,64.64885761269443,69.11579321644071,9.194416013368327,0.3583499667273494,-64.64885761269443,149
5.0,0.35,0.1,0.02,0.07706409328151355,0.382,0.7226464725342358,0.0536915238385183,0.27809617960397476,1.0486827093642228,22.12786400180888,38.55536938150013,36.70432774711441,-1.0486827093646036,22.12786400180889,150
5.0,0.35,0.1,0.02,0.07706409328151355,0.344,0.7502782618019851,0.044424279504723906,0.24961494450449298,2.8910042000432803,18.044364031700308,26.57949701129806,43.64621447074066,2.8910042000434797,18.04436403170034,151
5.0,0.35,0.1,0.02,0.07706409328151355,0.324,0.5181589677384139,0.05277274936624912,0.48192369369899907,0.9297353488273221,14.579362994422805,59.54410267727906,82.13573081260662,0.9297353488277275,14.579362994422814,152
5.0,0.35,0.1,0.02,0.07706409328151355,0.335,0.5019239618167599,0.05195006379190813,0.4980830020784957,2.4881540472699903,10.82790866498379,88.76666357632422,55.04635970193007,2.488154047270051,-10.827908664983793,153
5.0,0.35,0.1,0.02,0.07706409328151355,0.343,0.441965055298732,0.052745610810556134,0.4420991399204856,1.9827670441874685,79.79981321384156,18.657778779712054,44.505405168030336,-1.982767044187407,-79.79981321384156,154
5.0,0.35,0.1,0.02,0.07706409328151355,0.371,0.34983347830300193,0.05564588950473923,0.34971476090030396,3.1648757796371325,6.833953593049616,50.05454974692474,31.305902230477894,3.164875779637197,-6.833953593049646,155
5.0,0.35,0.1,0.02,0.07706409328151355,0.385,0.700637430048238,0.054834938543408804,0.299898393813822,0.7642665622409718,87.15973592436943,68.08579467667383,36.42434069233159,0.7642665622411396,87.15973592436943,156
5.0,0.35,0.1,0.02,0.07706409328151355,0.36,0.7576813421246883,0.04410706831294922,0.24247018279872787,0.5938693404948219,0.12393556398322825,4.8241568065683005,50.07644588146471,-0.5938693404953428,0.12393556398672696,157
5.0,0.35,0.1,0.02,0.07706409328151355,0.344,0.49867994646726116,0.05299537027576154,0.49875103712323754,0.13625926043442582,43.63093329241547,85.3505295469558,48.588770097878445,-0.13625926043541364,-43.63093329241547,158
5.0,0.35,0.1,0.02,0.07706409328151355,0.359,0.43689331880573185,0.05286782093270298,0.4370688650089528,2.4489128064582006,18.290457022575055,58.29482800472469,37.08613984562153,-2.448912806458407,18.29045702257509,159
5.0,0.35,0.1,0.02,0.07706409328151355,0.365,0.3712554861263327,0.053962621691049956,0.3716606041090757,0.4300308569395159,13.470952073430997,68.95495298730454,21.44515619954976,-0.43003085694035725,-13.470952073431015,160
5.0,0.35,0.1,0.02,0.07706409328151355,0.345,0.5669423652825591,0.049844452540162364,0.43294610341739304,0.9236306833604602,0.9301487009498141,84.43909019528097,38.884996202087855,0.9236306833609704,-0.9301487009502919,161
5.0,0.35,0.1,0.02,0.07706409328151355,0.346,0.5191628546941989,0.049770484102850454,0.48098037786432735,0.11443008850529941,8.368091436487152,18.79368643029958,18.86471716484555,-0.11443008851204974,8.368091436487259,162
5.0,0.35,0.1,0.02,0.07706409328151355,0.373,0.32909620753287905,0.05456935428803796,0.3294258058226698,1.7175244949586896,26.315842064457968,14.36466121943988,31.933666520133748,-1.7175244949587518,-26.31584206445798,163
5.0,0.35,0.1,0.02,0.07706409328151355,0.329,0.31243276347813437,0.05175001549132074,0.31261139013605393,0.29499928501292677,30.191109347041614,19.47219848443665,48.23148915175178,-0.29499928501460077,-30.191109347041625,164
5.0,0.35,0.1,0.02,0.07706409328151355,0.364,0.506747361646737,0.0479190771398566,0.4933502936336115,1.97389309693018,37.08687423310237,65.6346960452121,38.278516227574805,1.9738930969303012,37.08687423310238,165
5.0,0.35,0.1,0.02,0.07706409328151355,0.332,0.438563431173371,0.05264315135123003,0.4387231214277623,0.7536799140300564,13.435439334340154,83.37901730672306,53.73026042449439,-0.7536799140302819,13.435439334340176,166
5.0,0.35,0.1,0.02,0.07706409328151355,0.339,0.4916947068661997,0.05248922960690659,0.49183058943875896,0.1969313559018825,45.04233070219804,28.85193261947729,25.828426414278514,-0.1969313559027527,45.04233070219804,167
5.0,0.35,0.1,0.02,0.07706409328151355,0.363,0.3372927037393909,0.053721373046555,0.33740406040013976,1.0837059817854182,77.68980403456966,3.896946718096767,40.77736224171561,1.0837059817854402,-77.68980403456966,168
5.0,0.35,0.1,0.02,0.07706409328151355,0.349,0.5018313433675112,0.04741534041900461,0.49824135467148306,0.5262706466414365,84.08302706521971,86.61075934726335,17.719763217591996,-0.5262706466418038,84.08302706521971,169
5.0,0.35,0.1,0.02,0.07706409328151355,0.34,0.3302877476868274,0.05242445415586997,0.33049726262937945,0.9128518582359653,14.901836312145349,82.85548411117911,32.83738083814502,-0.9128518582363032,14.901836312145349,170
5.0,0.35,0.1,0.02,0.07706409328151355,0.362,0.5832507252250521,0.04909837324950854,0.41708898354521934,1.067566019689926,1.4042732257381307,12.143291146917068,79.03568043345079,1.067566019689701,-1.4042732257383017,171
5.0,0.35,0.1,0.02,0.07706409328151355,0.361,0.4882413834114765,0.05067393118596343,0.4883859990175852,0.715288220979664,49.32142675414364,89.51637734638511,37.80112286367064,-0.7152882209804211,49.32142675414365,172
5.0,0.35,0.1,0.02,0.07706409328151355,0.371,0.41139833820923044,0.05278757534244399,0.4112895689420786,2.933889750784756,66.97390974306799,42.67310482833159,24.735311069606478,-2.933889750784878,-66.97390974306799,173
5.0,0.35,0.1,0.02,0.07706409328151355,0.354,0.40092527367109865,0.04940817721541019,0.40140917282905253,0.37114007906135704,39.20936360115804,64.35261472532571,8.278783007785059,-0.37114007906123336,-39.20936360115805,174
5.0,0.35,0.1,0.02,0.07706409328151355,0.372,0.5736711750402942,0.04955964769563927,0.4265707094253336,3.3519735409659286,3.512871942311817,45.4105506055815,75.28493421528619,-3.351973540965944,3.512871942311847,175
5.0,0.35,0.1,0.02,0.07706409328151355,0.374,0.3685063753523674,0.053135467993024016,0.3688423289219024,0.41522815380930783,54.742877911323426,13.558981795302888,49.838907769126735,0.41522815380975125,-54.74287791132343,176
5.0,0.35,0.1,0.02,0.07706409328151355,0.345,0.4977712653069853,0.047907292497727336,0.49775833680982356,0.7584553373368417,38.96226590915263,64.80232436918914,3.057450902923146,0.7584553373369985,-38.96226590915263,177
5.0,0.35,0.1,0.02,0.07706409328151355,0.391,0.6800053377132371,0.05175456550639605,0.3199539265079592,2.53419546516165,20.824218450529628,34.24242148164351,60.177039365211996,2.534195465161773,-20.824218450529628,178
5.0,0.35,0.1,0.02,0.07706409328151355,0.343,0.3452416882413671,0.05379824761963509,0.3455071636070545,0.9552536528538432,41.15045523887224,20.631413831117513,45.80620236670058,0.9552536528537985,-41.15045523887224,179
5.0,0.35,0.1,0.02,0.07706409328151355,0.352,0.49613276213421015,0.05058906021558678,0.49626581601241093,0.9589957167475632,6.766120105405712,25.783284555516907,52.38230813773956,-0.958995716747988,6.766120105405745,180
5.0,0.35,0.1,0.02,0.07706409328151355,0.336,0.35785010856060945,0.051127425169476576,0.3577117013678544,2.2943093348355443,87.3969834214403,51.278368936873335,29.700261907571825,2.294309334835709,87.3969834214403,181
5.0,0.35,0.1,0.02,0.07706409328151355,0.33,0.49508633732279006,0.050116600194303265,0.49517190029841496,0.0674584110182837,11.732282501266903,60.863286878618254,39.777172147063524,0.06745841102287019,11.732282501266896,182
5.0,0.35,0.1,0.02,0.07706409328151355,0.367,0.6398891740652257,0.048717771848124064,0.36051973832193007,0.8634037418948477,0.35257498764703193,16.079412333107964,56.306845515542506,-0.8634037418947981,0.3525749876470453,183
5.0,0.35,0.1,0.02,0.07706409328151355,0.38,0.6062890560732469,0.05165371055357026,0.39406100723117204,0.6713188840860106,37.50492514971363,43.670053490625186,38.542267416777776,0.6713188840860504,-37.50492514971363,184
5.0,0.35,0.1,0.02,0.07706409328151355,0.341,0.4741134368085562,0.04818792159212179,0.47412188918047987,0.07624451139059381,2.7121066634625355,2.5011879503054244,14.521357436369303,-0.07624451139776602,2.712106663462602,185
5.0,0.35,0.1,0.02,0.07706409328151355,0.351,0.5345764523735405,0.050449741635852724,0.4655728252730233,0.0945486062792179,0.9789761076874095,20.898586856090397,16.005817828872523,-0.0945486062802828,0.9789761076874458,186
5.0,0.35,0.1,0.02,0.07706409328151355,0.332,0.4057641305303276,0.049584289478316224,0.4061890179193195,1.1504716111667275,12.87192764492137,4.74830658281661,3.044761792480717,1.1504716111671076,-12.871927644921383,187
5.0,0.35,0.1,0.02,0.07706409328151355,0.357,0.6863465188496987,0.047452361372067306,0.3138185513739365,1.154836793642694,3.93136898696918,15.4364112746575,80.1590376663215,1.1548367936428723,-3.931368986969227,188
5.0,0.35,0.1,0.02,0.07706409328151355,0.325,0.7353704374397709,0.04601996421516802,0.2649211620321744,1.889851331477446,32.7679483743464,28.671354477593294,63.223018996626614,1.8898513314776078,32.76794837434641,189
5.0,0.35,0.1,0.02,0.07706409328151355,0.354,0.5249329245205507,0.05311599824901027,0.4751973229846912,3.0869240549765293,71.24349496666537,26.178123564405926,87.35199126080023,3.086924054976525,71.24349496666537,190
5.0,0.35,0.1,0.02,0.07706409328151355,0.318,0.4706118313196064,0.052297731817062175,0.47075504214199954,0.022949167545390337,8.651840651091169,74.27298001592895,24.93907159784453,0.022949167552858207,8.651840651091172,191
5.0,0.35,0.1,0.02,0.07706409328151355,0.345,0.4547122464078279,0.05027654975306167,0.4548534868267503,0.5629998356578574,11.682069663459371,8.43734647183937,2.150143517598946,0.5629998356579369,11.682069663459393,192
5.0,0.35,0.1,0.02,0.07706409328151355,0.339,0.660017621552267,0.050934452329926966,0.33993824155709845,1.3682832438519144,6.90616627686255,3.3097940084315804,86.87772628376068,1.3682832438521075,6.906166276862611,193
5.0,0.35,0.1,0.02,0.07706409328151355,0.349,0.47232706465323326,0.05102838612619363,0.47246909094347256,0.19146368219481102,1.1167096568898736,43.35472262670139,30.668839952252693,0.1914636821960019,-1.1167096568902037,194
5.0,0.35,0.1,0.02,0.07706409328151355,0.339,0.5531628888268748,0.05105068473940057,0.4469249282401752,0.6705438323569695,75.4205518125486,24.690446066804377,58.59213900669492,-0.670543832357209,-75.4205518125486,195
5.0,0.35,0.1,0.02,0.07706409328151355,0.367,0.19306976805482828,0.05386093432150617,0.19354970506633393,1.0086976207553806,1.7355915210531607,39.82782041591405,60.9062333586719,1.0086976207556477,-1.735591521053217,196
5.0,0.35,0.1,0.02,0.07706409328151355,0.365,0.3679600123945142,0.0534500118018867,0.36819865999336465,0.1766331120152517,30.17336900715375,42.015204484775126,36.16770645956031,0.17663311201704796,30.173369007153756,197
5.0,0.35,0.1,0.02,0.07706409328151355,0.33,0.44390974067761263,0.05241092387183825,0.44377388820892627,1.3034084235148735,1.2014796501861398,19.723169262613176,27.082277532428183,-1.3034084235146342,-1.2014796501863296,198
5.0,0.35,0.1,0.02,0.07706409328151355,0.328,0.5388860811287594,0.056121693856611685,0.4612411229183835,1.2259922152604519,4.317650567998904,41.8436273440197,32.29215116243597,1.225992215260583,4.317650567999025,199
5.0,0.5,0.1,0.02,-0.0,0.483,0.5589985849570261,0.05145894723650151,0.44112907514884736,0.20368546990182126,68.73722007878486,76.66893288564347,24.178805244851823,-0.20368546990185632,-68.73722007878486,0
5.0,0.5,0.1,0.02,-0.0,0.527,0.5688546203293345,0.05121944356518261,0.43134301097245653,0.7105615524064836,20.391532194785494,84.99948733352205,76.6952725247067,0.7105615524070934,20.391532194785494,1
5.0,0.5,0.1,0.02,-0.0,0.497,0.24239289990062177,0.0514863652023765,0.24253195416348405,0.027922968682668328,51.72513071866082,47.35847430175856,87.01462136239782,0.027922968690607924,51.72513071866082,2
5.0,0.5,0.1,0.02,-0.0,0.509,0.5851231473957911,0.05269670794663103,0.414941309879353,0.5624491282715025,39.553209438998515,66.75802183190191,65.33620772268873,-0.5624491282713041,-39.55320943899852,3
5.0,0.5,0.1,0.02,-0.0,0.496,0.589344612034511,0.054910478567484905,0.4107808909688534,0.5288207581293027,39.062763131103914,71.21173214316593,46.85192062063446,-0.528820758129891,-39.06276313110392,4
5.0,0.5,0.1,0.02,-0.0,0.505,0.5777044852124854,0.04867912594823029,0.4225466857517504,2.523001624462555,10.994930041846388,42.386939136721644,3.99596718399259,-2.523001624462468,-10.994930041846432,5
5.0,0.5,0.1,0.02,-0.0,0.507,0.3576407296579123,0.05272391622111771,0.35750982648952323,0.3692431220740446,42.488809186511666,64.08264532555837,13.969113796927573,-0.3692431220750485,42.48880918651167,6
5.0,0.5,0.1,0.02,-0.0,0.495,0.41579820060479095,0.05144432632833419,0.4159913943556778,1.5908537638769793,20.33617559190215,0.9949531305550002,72.71399697721675,-1.5908537638771822,-20.336175591902172,7
5.0,0.5,0.1,0.02,-0.0,0.484,0.6943842731229279,0.05008783453574162,0.3053898574106114,0.8185508766933481,37.03044703792856,15.576710181604406,72.00821990668659,-0.8185508766934432,37.03044703792857,8
5.0,0.5,0.1,0.02,-0.0,0.508,0.7214976385271465,0.04435899179865547,0.2790343680078649,0.12159236866628957,29.38706337454781,62.69103610378596,84.02681796407533,0.12159236867114548,29.387063374547818,9
5.0,0.5,0.1,0.02,-0.0,0.547,0.4242205714274889,0.054177772229352786,0.42435105691135394,1.0625139944264383,5.2871940244999465,69.7709250678164,0.8899828017036527,1.0625139944272555,5.287194024500124,10
5.0,0.5,0.1,0.02,-0.0,0.523,0.6068219057510137,0.05279013673186296,0.39304346990388245,0.3541019611681648,69.4049287677264,44.353253246357596,50.94714037750684,0.3541019611697561,-69.40492876772642,11
5.0,0.5,0.1,0.02,-0.0,0.506,0.5847141533654362,0.05116401010995241,0.41562816945436803,3.061912170229739,13.691023914318508,16.02801356844307,36.83411937177248,-3.061912170229868,-13.691023914318553,12
5.0,0.5,0.1,0.02,-0.0,0.46,0.47004124193745483,0.05410375273099409,0.47016689101032927,0.6811364869850305,56.81531223330907,21.768200516140322,10.628066507978684,0.6811364869853878,-56.81531223330907,13
5.0,0.5,0.1,0.02,-0.0,0.532,0.45121117227548974,0.05058652426549655,0.45122353323027936,2.0484078620343364,27.790586975550166,12.620684896149273,59.92874736829687,-2.0484078620345074,-27.790586975550163,14
5.0,0.5,0.1,0.02,-0.0,0.483,0.6615794216973031,0.05109690752177862,0.33885357799942684,1.3134563496477045,7.26408636693308,2.1756566799899457,71.59323733111493,1.3134563496475504,-7.264086366933118,15
5.0,0.5,0.1,0.02,-0.0,0.496,0.7930550149905988,0.050849473568006634,0.2079895117800987,1.2840996979666652,64.97699987120208,75.97211079046203,44.79567921773676,1.2840996979671115,-64.97699987120208,16
5.0,0.5,0.1,0.02,-0.0,0.508,0.5679288196444048,0.04462876954267293,0.4323770621880926,0.6421980602953046,22.736676365577516,46.71621045885936,68.77355388979674,-0.6421980602956125,-22.73667636557752,17
5.0,0.5,0.1,0.02,-0.0,0.497,0.4402357170671089,0.05425760896677512,0.4400985545494521,2.534937047853466,21.644676708186996,13.568655731246846,77.88653261965247,-2.534937047853569,-21.644676708187017,18
5.0,0.5,0.1,0.02,-0.0,0.553,0.4971541334053654,0.05352250780117333,0.4971105584680469,0.7622869040552414,10.534111679313423,14.611965808548812,54.08029188938107,-0.7622869040553881,-10.534111679313416,19
5.0,0.5,0.1,0.02,-0.0,0.483,0.5247041653857887,0.05098129764469604,0.4754378714967808,1.7918807812759168,48.0674659554122,36.4312173432156,18.441337165944994,1.7918807812758517,-48.0674659554122,20
5.0,0.5,0.1,0.02,-0.0,0.497,0.6055371625969562,0.05042193647486806,0.39432022463110755,0.5105812153889056,22.524206758212557,20.76290282336993,30.71680926359321,0.5105812153892476,-22.52420675821257,21
5.0,0.5,0.1,0.02,-0.0,0.455,0.5845921918338642,0.05412200946397022,0.415542993193204,1.7807075956380445,44.11476475662786,65.53766068905801,43.555699986205745,-1.780707595638134,-44.114764756627864,22
5.0,0.5,0.1,0.02,-0.0,0.49,0.4992646891948337,0.05553645517061212,0.49934613703954034,1.534717489399298,42.32825709751733,83.48296487341831,50.876698776562485,-1.5347174893997122,-42.32825709751735,23
5.0,0.5,0.1,0.02,-0.0,0.498,0.3329347918343591,0.046769706058739105,0.3333609058045777,0.8503142493981907,11.671070237347116,36.880736362634494,36.72203515916182,0.8503142493984613,-11.671070237347129,24
5.0,0.5,0.1,0.02,-0.0,0.492,0.5029532393588773,0.053704931796472316,0.49692639427927116,0.9524798281729305,25.52620511769112,9.2358362006793,3.2003043019675,0.9524798281732372,25.52620511769113,25
5.0,0.5,0.1,0.02,-0.0,0.507,0.541558460190855,0.05438623404607656,0.4585678271491147,2.7815415621146062,65.15177812374579,23.761073336419862,71.85384663633282,-2.7815415621148567,-65.15177812374579,26
5.0,0.5,0.1,0.02,-0.0,0.519,0.4133795575909946,0.05548299585182416,0.4133681259848684,0.6879091883362426,42.422377913659496,55.38868638440996,29.139738531435672,0.6879091883367151,-42.4223779136595,27
5.0,0.5,0.1,0.02,-0.0,0.506,0.4962573631144611,0.046111895561309874,0.49631002223663995,2.518737654540614,70.79213088967376,59.5796986627807,43.07449017913248,-2.518737654540642,-70.79213088967376,28
5.0,0.5,0.1,0.02,-0.0,0.521,0.3574836124260663,0.05489387303290241,0.3576078491706213,1.0376196854994468,17.529845222261727,19.384466718748648,83.19807043895123,-1.037619685499589,17.529845222261738,29
5.0,0.5,0.1,0.02,-0.0,0.504,0.41661675454644675,0.05143078214459626,0.4168072625942206,0.13644009411565786,89.2805837845308,86.82587966601889,16.60807233258911,-0.13644009411537988,-89.2805837845308,30
5.0,0.5,0.1,0.02,-0.0,0.504,0.40443224954083273,0.04796739604685879,0.4047665448602996,0.6815651250114705,16.825197286986178,5.02062994147806,1.160424644135651,-0.6815651250121162,16.825197286986196,31
5.0,0.5,0.1,0.02,-0.0,0.481,0.45174384144800495,0.05311952908770576,0.45166201506018533,0.6059310123835941,31.59822472982355,73.22053278153675,13.55327472447124,-0.6059310123840229,-31.598224729823556,32
5.0,0.5,0.1,0.02,-0.0,0.478,0.6633594548858346,0.048890017587908965,0.33716999562106703,0.7746475197802221,45.44457011405716,23.789854319530914,41.57978485986558,-0.7746475197806043,-45.44457011405716,33
5.0,0.5,0.1,0.02,-0.0,0.514,0.5856877887570724,0.05197210250925475,0.4143633038799939,1.805130717483508,4.2452197847108355,61.66219568368014,78.09093967864922,-1.8051307174836202,-4.245219784710975,34
5.0,0.5,0.1,0.02,-0.0,0.538,0.40558703388487627,0.051829119499647934,0.40547799522325695,0.3299536188832134,51.9690373528791,55.10915528431011,64.6236068351701,-0.3299536188844292,-51.969037352879106,35
5.0,0.5,0.1,0.02,-0.0,0.475,0.6806238288971761,0.05041564020165987,0.3191599664479048,0.45350731114514053,4.4486977531743355,54.67784588312067,69.64877625160793,-0.45350731114575016,-4.448697753174369,36
5.0,0.5,0.1,0.02,-0.0,0.526,0.48836976469371485,0.052719153132830904,0.4884990651528916,0.5179579076902434,70.87495728573523,84.40632272544768,25.503064063647177,-0.5179579076904688,-70.87495728573523,37
5.0,0.5,0.1,0.02,-0.0,0.499,0.42650902394901946,0.05299028465846482,0.42669609504800776,1.5414484369013386,89.52311393221407,40.292758268010274,1.8651322630453175,1.5414484369014598,-89.52311393221407,38
5.0,0.5,0.1,0.02,-0.0,0.515,0.3301572713916396,0.05018527017669295,0.33029229845381336,2.5553138227460823,55.125416639138344,54.97245703978162,19.098472284684284,-2.555313822746295,-55.12541663913835,39
5.0,0.5,0.1,0.02,-0.0,0.487,0.4650016144496994,0.05147206387026799,0.465103933105001,2.5278591704819986,74.47553832675322,80.2254179552929,25.344142821039718,2.5278591704820954,74.47553832675322,40
5.0,0.5,0.1,0.02,-0.0,0.468,0.6088077049813305,0.053778219302271515,0.39123710431870823,0.8501777755198504,17.36120913479274,7.63339948097704,1.0157334339816024,-0.8501777755203832,17.361209134792773,41
5.0,0.5,0.1,0.02,-0.0,0.524,0.4911222834023561,0.047739135523546146,0.49118149130775607,1.4159807564762137,55.71748373795691,49.875165868816616,35.23791151248381,1.415980756476462,55.71748373795691,42
5.0,0.5,0.1,0.02,-0.0,0.509,0.45342286351536826,0.05538259979719327,0.4532967899394807,0.5171764832008938,11.166735976740645,64.21498258689033,20.417026675348826,0.5171764832015626,-11.166735976740677,43
5.0,0.5,0.1,0.02,-0.0,0.517,0.7515754823635694,0.05106511133131805,0.24849215961368493,0.33603336455807414,41.44334161962579,30.9431687977504,13.870109972908429,0.33603336455884636,-41.44334161962579,44
5.0,0.5,0.1,0.02,-0.0,0.5,0.7724727708653041,0.047891495283564615,0.22818022866575477,1.2735148735985549,66.62745594803425,83.82906217199425,20.617320910817384,1.2735148735989414,-66.62745594803427,45
5.0,0.5,0.1,0.02,-0.0,0.514,0.45869214089463867,0.05255584262876789,0.4587632414698286,1.2339427651865507,4.556725682872811,26.910003673146925,14.284912394415521,1.233942765186782,4.556725682872851,46
5.0,0.5,0.1,0.02,-0.0,0.491,0.5007808929328498,0.04976460592673784,0.499102826783293,1.7164464154922003,37.18498203839324,61.63802641532883,13.470281754784072,-1.716446415492364,-37.184982038393244,47
5.0,0.5,0.1,0.02,-0.0,0.48,0.4708539846788655,0.05370062673885813,0.470989838125006,1.0547825435813747,8.306220279891258,23.564197148999735,31.281728790776484,1.0547825435817297,8.306220279891326,48
5.0,0.5,0.1,0.02,-0.0,0.465,0.642107396204777,0.051844134392860654,0.3577542676575472,1.1431524618369064,32.01047189333678,86.57184635374703,56.063383831883435,-1.143152461837391,-32.01047189333678,49
5.0,0.5,0.1,0.02,-0.0,0.509,0.5852181433261705,0.05378774199429183,0.4146472421355517,1.0863222479704968,12.82289021470726,87.38721286439609,40.54885099391496,-1.0863222479705597,-12.822890214707233,50
5.0,0.5,0.1,0.02,-0.0,0.524,0.6257356658160206,0.05231743583331847,0.3741284536417206,0.4672385392185773,19.222710269604153,24.793955886822367,65.59943445275276,-0.4672385392190644,-19.222710269604153,51
5.0,0.5,0.1,0.02,-0.0,0.523,0.4949589484495337,0.05136244603165743,0.49490242540492035,0.33207828932137606,80.04156953964515,88.32187086790682,4.967990915262335,-0.33207828932229005,-80.04156953964515,52
5.0,0.5,0.1,0.02,-0.0,0.499,0.35163963092681855,0.05382355386413839,0.35215200616872905,0.9044994478376355,70.41418313121547,40.960662259774615,31.693348063963743,-0.9044994478379405,-70.41418313121547,53
5.0,0.5,0.1,0.02,-0.0,0.492,0.6001143149497555,0.05157685313488536,0.400249372871527,1.32647631666064,23.643327872576048,29.407125621679604,68.49580219255847,1.3264763166607254,23.643327872576048,54
5.0,0.5,0.1,0.02,-0.0,0.482,0.563054159927426,0.053768841515435484,0.43707633186777134,1.0786521569867613,15.534617459715713,0.3818190526261169,52.14688259252803,-1.0786521569868182,15.534617459715722,55
5.0,0.5,0.1,0.02,-0.0,0.489,0.3604995247090178,0.05345602507777449,0.3608486310425071,0.8260018848714173,41.02998170820224,57.870685042813115,12.087473859548309,-0.8260018848718834,41.02998170820225,56
5.0,0.5,0.1,0.02,-0.0,0.504,0.6652202870550665,0.05098966128395182,0.3351112524011568,0.49735081782240864,83.21818640488097,82.3842817484849,79.81961725620042,-0.49735081782267054,-83.21818640488097,57
5.0,0.5,0.1,0.02,-0.0,0.508,0.4396706025970683,0.05441280794461182,0.43953891966059483,1.4220116991345617,8.217936353056723,3.549241621973284,20.044824674969384,1.4220116991344716,8.21793635305671,58
5.0,0.5,0.1,0.02,-0.0,0.5,0.673179220013461,0.05152250659118574,0.32683107194334987,0.553504978357492,13.539506652342165,72.18955093862475,56.512498756346275,0.5535049783589198,13.539506652342224,59
5.0,0.5,0.1,0.02,-0.0,0.501,0.4939680185912839,0.05320151012063728,0.4939685200796285,0.02181877260448987,34.99481078116746,62.153595135765606,41.33651215459028,0.021818772621786768,-34.994810781167466,60
5.0,0.5,0.1,0.02,-0.0,0.469,0.3708419556056891,0.04915481246858358,0.3713625963430127,1.7283793293525287,17.45622254510801,8.562767579501926,58.21963396458535,-1.7283793293526835,-17.456222545108012,61
5.0,0.5,0.1,0.02,-0.0,0.538,0.6518267883959307,0.0467259326388714,0.34822396463376537,3.447374089943036,16.70221761674588,38.19132737659292,25.67341016387073,-3.447374089943078,16.702217616745912,62
5.0,0.5,0.1,0.02,-0.0,0.513,0.6608605622729324,0.054096176524446205,0.3392667824582702,1.8877168910948354,38.825568291252885,25.16720261930999,10.044744563655343,-1.8877168910947428,-38.825568291252885,63
5.0,0.5,0.1,0.02,-0.0,0.48,0.6403599669899547,0.052243877432932684,0.3600345092424361,0.9223721129280779,22.762787401294656,46.45337874029589,20.315243196691714,-0.9223721129287521,-22.76278740129467,64
5.0,0.5,0.1,0.02,-0.0,0.529,0.4726777303677686,0.05463445545773496,0.47280501613203546,0.14616344983677143,69.238495099547,84.86598608240135,34.66908510899481,-0.14616344984051713,69.238495099547,65
5.0,0.5,0.1,0.02,-0.0,0.48,0.5007996736728221,0.05473561164147835,0.4993159420477527,0.6953631572189105,5.625929228338834,57.0724263272185,33.271387323457894,0.6953631572193468,5.625929228338894,66
5.0,0.5,0.1,0.02,-0.0,0.493,0.5007579671587385,0.05458018593623863,0.49926657841594585,0.07678570859148112,22.048912420834792,15.665795332934135,40.738997017502506,-0.07678570859517145,-22.048912420834807,67
5.0,0.5,0.1,0.02,-0.0,0.52,0.38632345768171134,0.049561095317853784,0.38625178496098395,0.6658226235077568,74.28074466668377,67.2051455101798,24.322088382430994,0.6658226235078344,74.28074466668377,68
5.0,0.5,0.1,0.02,-0.0,0.496,0.5000959846010068,0.051130155877881785,0.4999544577386775,0.05333108938804098,63.21612674781531,53.465807764049835,25.5169837390316,-0.05333108939664008,-63.21612674781531,69
5.0,0.5,0.1,0.02,-0.0,0.503,0.3828700126774476,0.04904855391453811,0.38337278604300223,1.782180651400278,8.104247096697762,12.254948095137076,38.46531891167929,1.7821806514003564,8.104247096697769,70
5.0,0.5,0.1,0.02,-0.0,0.555,0.4572570438932352,0.05216114035930546,0.4573954640194769,1.2079134696192544,13.942805816982556,25.817967347397214,1.1473092653807069,1.2079134696191969,13.942805816982563,71
5.0,0.5,0.1,0.02,-0.0,0.497,0.4287544104345988,0.049957078426381946,0.42902267094489405,1.714944630329484,26.847260943854067,63.211721380707836,4.401915553296652,-1.7149446303298033,-26.84726094385407,72
5.0,0.5,0.1,0.02,-0.0,0.51,0.46938754368101854,0.05203629208258549,0.46952251317903704,1.7316154761705578,49.01895185896416,6.458188878852687,40.574329784976314,1.7316154761706255,49.018951858964165,73
5.0,0.5,0.1,0.02,-0.0,0.486,0.4593959147495581,0.052858478640824304,0.4595057192844101,0.8844512595205577,68.16555014926571,58.218819630232844,10.271145640826099,-0.8844512595203776,-68.16555014926571,74
5.0,0.5,0.1,0.02,-0.0,0.524,0.6156308079984488,0.04927520423393304,0.38489607803641357,0.19981693940879794,59.3212281505556,76.19369023540628,24.338299268681755,-0.19981693941055034,-59.32122815055561,75
5.0,0.5,0.1,0.02,-0.0,0.508,0.5655627689667247,0.05821735185407432,0.43455369078057154,1.5086830064738455,51.49039382276736,3.8537758663583688,21.646362718807392,1.5086830064739307,-51.49039382276736,76
5.0,0.5,0.1,0.02,-0.0,0.476,0.4866017366829991,0.05326014077150941,0.4865156347112947,1.8910529631498831,10.667816260829847,10.541012163807743,51.86512924725773,1.8910529631500679,-10.667816260829863,77
5.0,0.5,0.1,0.02,-0.0,0.491,0.6182355263314794,0.05355587321047241,0.3818397756930407,1.3405124703631435,56.57551565320345,85.65973756652566,22.211773108288483,-1.3405124703633506,56.57551565320346,78
5.0,0.5,0.1,0.02,-0.0,0.491,0.44687287318250557,0.05158708357208032,0.4470130692073651,2.6403700624075084,79.44552706888364,0.7139955216738642,56.36206988066879,-2.640370062407689,79.44552706888364,79
5.0,0.5,0.1,0.02,-0.0,0.489,0.43695007987434076,0.051570247301025066,0.43708773076751267,0.6307655593904364,67.26831860204094,80.83854088094564,61.020928537897454,0.630765559390811,-67.26831860204095,80
5.0,0.5,0.1,0.02,-0.0,0.49,0.6377421130897858,0.05307534885368456,0.3621263750784513,1.216981164557256,14.053467336085928,27.442388510671535,6.598023202731334,1.2169811645575541,-14.053467336085937,81
5.0,0.5,0.1,0.02,-0.0,0.501,0.278819850191505,0.05021531618850294,0.2793375633080043,1.3082652227043472,48.66997684675757,81.51053794493174,34.4429782530942,-1.308265222704458,-48.66997684675758,82
5.0,0.5,0.1,0.02,-0.0,0.497,0.5008697115467395,0.049473316396415355,0.4992330014561855,0.5207032974753857,53.55579316750563,5.180421553387519,30.31834659719366,0.5207032974754742,53.555793167505634,83
5.0,0.5,0.1,0.02,-0.0,0.524,0.259920823861175,0.051141282632199456,0.26005658676517046,1.798870770292995,85.82216142768883,56.98102087686596,43.24001972619031,-1.7988707702931024,85.82216142768883,84
5.0,0.5,0.1,0.02,-0.0,0.452,0.5995235091662361,0.04911304514023238,0.4003257538973491,0.5102839699794395,52.960896753881016,56.95513092413853,61.74842985047601,-0.5102839699796783,52.96089675388103,85
5.0,0.5,0.1,0.02,-0.0,0.501,0.6019887744443019,0.05170894871187855,0.39815482927102575,0.3734963282085326,2.2289171564561934,15.040438988581531,20.138038247067293,-0.3734963282084587,-2.2289171564561077,86
5.0,0.5,0.1,0.02,-0.0,0.499,0.7247442540165209,0.04994371201818551,0.2751097689223342,0.5857299808662186,20.235539484568307,25.76170784767356,60.010817665693615,0.5857299808660033,20.235539484568324,87
5.0,0.5,0.1,0.02,-0.0,0.512,0.6423770721342957,0.05114569804956777,0.3578813489012667,0.6373092762135492,83.18149743812225,28.457826805410917,16.647988204494414,-0.6373092762141296,-83.18149743812225,88
5.0,0.5,0.1,0.02,-0.0,0.49,0.23973968752936464,0.05294140232066066,0.23996246949123629,0.1437004144678203,58.571486308890975,87.20325232462348,89.05829441264368,0.1437004144699814,58.571486308890975,89
5.0,0.5,0.1,0.02,-0.0,0.512,0.49849005438904814,0.05052491608294235,0.4985348047900488,0.6221135529033225,3.1733832335114602,5.000158718549571,34.68148696588793,0.6221135529037326,3.173383233511534,90
5.0,0.5,0.1,0.02,-0.0,0.502,0.436960314330246,0.04902292971373465,0.4372113710133622,0.693858602402242,1.0844275604730733,42.3784971911226,23.24623994031024,-0.6938586024028649,1.0844275604733131,91
5.0,0.5,0.1,0.02,-0.0,0.542,0.5904796366405775,0.05028368330859905,0.40976407351842214,0.9384627214895153,75.06736485389433,85.73523042557422,24.15842849135022,0.9384627214899195,-75.06736485389433,92
5.0,0.5,0.1,0.02,-0.0,0.499,0.5267088974201654,0.05161512568561583,0.4734303744442432,1.079065545914289,32.637479121958485,6.276804392691855,20.103282371882255,-1.0790655459143808,32.637479121958485,93
5.0,0.5,0.1,0.02,-0.0,0.508,0.7224868904602897,0.04562929497499395,0.2775136224722014,1.0131059852212978,32.98710340253994,63.926167085729475,86.83453999845564,-1.013105985221295,-32.987103402539944,94
5.0,0.5,0.1,0.02,-0.0,0.543,0.3561102444570527,0.05530076593358426,0.35635756954966963,0.8405216433472359,65.26214627740745,54.31916159759952,40.37809109598495,-0.8405216433475271,-65.26214627740745,95
5.0,0.5,0.1,0.02,-0.0,0.512,0.6881598516590433,0.05087278275846623,0.3124089116324896,0.47338366560856326,10.677150842169615,13.064486608769002,77.88359355234512,-0.47338366560885997,-10.677150842169658,96
5.0,0.5,0.1,0.02,-0.0,0.504,0.3011912025890585,0.05271996208092159,0.30198150982284805,0.21690852902568497,43.19879889246823,84.69026775522903,88.82108095385864,0.2169085290262014,-43.19879889246824,97
5.0,0.5,0.1,0.02,-0.0,0.472,0.5197558849195913,0.052510038670414386,0.48037916004418474,1.0957397904666553,5.873994236321917,24.600605569643694,6.186732895562095,-1.0957397904668424,-5.873994236321942,98
5.0,0.5,0.1,0.02,-0.0,0.52,0.5003407493527203,0.0494104914829883,0.4997161310061992,1.7661143141334008,29.413364275906247,43.16846817820189,6.947060782926886,1.7661143141334745,-29.413364275906257,99
5.0,0.5,0.1,0.02,-0.0,0.511,0.4994638962937805,0.04924718301941188,0.49959525314327236,1.6651065297679546,64.01703179001625,15.787470696825705,34.058802141724975,-1.665106529768109,64.01703179001625,100
5.0,0.5,0.1,0.02,-0.0,0.512,0.5937915213826329,0.05167835992752566,0.4063468643300348,1.0387351858990046,75.67678848913431,50.70742828156032,87.37700273161045,-1.0387351858995308,75.67678848913431,101
5.0,0.5,0.1,0.02,-0.0,0.504,0.3717125745684632,0.05563535837073475,0.3718357620031249,0.41060216801971977,89.65918906650464,67.12292229057643,40.62901712821282,-0.41060216801979416,89.65918906650464,102
5.0,0.5,0.1,0.02,-0.0,0.483,0.41874575525347857,0.05219396832016562,0.41902607148281734,0.5668404048468948,59.548502147815555,22.992869916375334,50.77625343407665,0.5668404048481218,59.548502147815555,103
5.0,0.5,0.1,0.02,-0.0,0.515,0.5919830740789257,0.04938813237008702,0.4083834345883428,0.7532052716891321,24.553771726405234,82.09296015356925,89.37266633808566,0.7532052716897443,-24.55377172640526,104
5.0,0.5,0.1,0.02,-0.0,0.476,0.38325466186345114,0.053718154267495405,0.3836293643192004,2.005845852903427,52.91145700867741,40.32926088730396,80.38386272196763,-2.005845852903724,-52.91145700867742,105
5.0,0.5,0.1,0.02,-0.0,0.518,0.47267084992755165,0.05085497275941104,0.4728174525655762,2.0534999383877137,7.807694620713421,17.692101281867615,9.349961979878913,-2.0534999383879646,7.807694620713483,106
5.0,0.5,0.1,0.02,-0.0,0.507,0.4990416696663163,0.051250794287078724,0.4991262329873067,2.0454781706515006,88.76725313428975,87.57226043840963,54.356101970238456,-2.0454781706515814,88.76725313428975,107
5.0,0.5,0.1,0.02,-0.0,0.488,0.6266512057868981,0.04991230892498966,0.37332715754585644,1.4587392398522814,47.424721582796714,49.383157760841485,68.62307699395981,1.4587392398523717,47.424721582796714,108
5.0,0.5,0.1,0.02,-0.0,0.505,0.4621468406168907,0.048219665428513483,0.46230156433693126,1.7864953490772897,24.24646155114988,78.78351772136452,47.25767512189755,-1.786495349077119,-24.246461551149874,109
5.0,0.5,0.1,0.02,-0.0,0.528,0.5469230963414022,0.04935306441859423,0.45323807104188224,1.532261415089077,12.134972097791525,87.97372141574957,11.489174574983847,-1.5322614150893734,-12.134972097791538,110
5.0,0.5,0.1,0.02,-0.0,0.496,0.4102844677552846,0.05223722057331992,0.4105695484551885,1.5131967511715039,72.25902494215717,1.5453887253008085,44.431258403590434,1.5131967511718862,72.25902494215717,111
5.0,0.5,0.1,0.02,-0.0,0.503,0.40054135596906765,0.053573316079849054,0.4006702492812696,1.1877197254280432,48.85245859042754,35.183665771685035,1.4611568605695602,1.1877197254281417,-48.85245859042754,112
5.0,0.5,0.1,0.02,-0.0,0.486,0.4639768491123967,0.05399296482102655,0.464110909236004,0.4897763777593943,47.14480062577267,16.176160452557244,6.296504714855304,-0.48977637776035593,47.14480062577267,113
5.0,0.5,0.1,0.02,-0.0,0.495,0.4993380161232708,0.047032112204689835,0.4994065299834791,2.3748607867997165,71.7283523506814,24.862569096481455,23.390658562560613,2.3748607867999674,71.7283523506814,114
5.0,0.5,0.1,0.02,-0.0,0.494,0.63784466791697,0.053143689447812795,0.3620497800069698,2.2130764094390716,18.086690097988992,43.996908514620664,27.277513984969648,2.2130764094392554,-18.086690097988996,115
5.0,0.5,0.1,0.02,-0.0,0.489,0.4902510189043884,0.05109016332212561,0.4903927534988053,0.5631815628324237,81.35000353085208,89.6844333681971,43.66453205931472,-0.5631815628323533,-81.35000353085208,116
5.0,0.5,0.1,0.02,-0.0,0.486,0.5529310497413593,0.05522624711147955,0.4472002550763004,2.671244204976681,4.465744138285846,33.137771601247394,84.3977924556108,2.6712442049767144,4.4657441382858325,117
5.0,0.5,0.1,0.02,-0.0,0.487,0.49820120551148195,0.049494206549380276,0.49820386105838643,1.2601409294676313,3.79981154601221,12.867999157302714,54.667330371703436,1.2601409294677486,-3.7998115460122692,118
5.0,0.5,0.1,0.02,-0.0,0.515,0.5648131030072702,0.05229064542579216,0.4353179442787876,0.2647345757557134,40.03569598525598,55.81405464785956,11.398713810384422,0.26473457575640014,-40.03569598525598,119
5.0,0.5,0.1,0.02,-0.0,0.503,0.47072128762546267,0.048615312709614736,0.4708767489488645,0.8693108224186544,41.17097328595302,1.8420516734249766,16.086130564974567,0.8693108224194469,-41.17097328595303,120
5.0,0.5,0.1,0.02,-0.0,0.497,0.6660625644758368,0.056694216281876667,0.3341596348338525,1.7995078180862218,42.33112675504239,88.87454402649908,21.762343805833297,-1.7995078180864186,-42.3311267550424,121
5.0,0.5,0.1,0.02,-0.0,0.476,0.4217568942833035,0.05581151582950876,0.4216420932363331,1.6042624394666072,66.67435458800144,39.58261993656528,48.087889762087094,1.6042624394668843,66.67435458800145,122
5.0,0.5,0.1,0.02,-0.0,0.476,0.5695583727829672,0.050692054112546986,0.43038080687106633,2.5582452830951095,37.48585635409545,22.444276340498828,24.036219899251805,2.558245283095035,37.485856354095446,123
5.0,0.5,0.1,0.02,-0.0,0.491,0.2707760752816752,0.05400855447175008,0.27090148532585484,0.38246911530301175,56.31071053802218,33.060234079506365,15.245261558091082,0.3824691153039014,56.31071053802218,124
5.0,0.5,0.1,0.02,-0.0,0.5,0.2862842825650762,0.05295581743959811,0.2863832370701234,1.116474188163829,36.32515384442043,55.81811183476439,15.122511904891686,-1.1164741881638378,-36.325153844420434,125
5.0,0.5,0.1,0.02,-0.0,0.485,0.4963074757508988,0.04831020534726903,0.4962560691592153,0.8038805163974632,58.689684452954,27.79625379431235,38.8424882828038,-0.8038805163972347,58.689684452954,126
5.0,0.5,0.1,0.02,-0.0,0.517,0.3819727086938477,0.04961881175971185,0.3823327147568674,0.0026937420419867776,69.22912029091165,40.72886737363197,44.254643474903816,0.0026937420613133488,69.22912029091167,127
5.0,0.5,0.1,0.02,-0.0,0.498,0.49823887376243453,0.048877720909083086,0.49822679756843613,1.8485256133081864,40.83902676573554,11.696577666084195,5.247538836339076,1.8485256133082115,40.83902676573555,128
5.0,0.5,0.1,0.02,-0.0,0.506,0.6748641786649262,0.05340074914944004,0.3250114488764276,0.3770215068469351,30.07831432709811,69.18036250538452,7.895663315355838,0.3770215068471784,-30.07831432709811,129
5.0,0.5,0.1,0.02,-0.0,0.502,0.41866908852900053,0.050235544558125775,0.4188223898407752,1.4097913769850001,3.9399092179563246,32.11020842245705,12.357188494151544,1.409791376985462,-3.9399092179565316,130
5.0,0.5,0.1,0.02,-0.0,0.474,0.567410558993796,0.05395392060838851,0.432722854816951,1.1644846857044715,23.47276435640799,62.554143944834934,10.009189107594159,1.164484685704445,23.472764356408,131
5.0,0.5,0.1,0.02,-0.0,0.498,0.4412428243309303,0.04925754117254502,0.4415430435840629,1.4824431061089047,43.04902708164639,12.892656765195735,0.8579953676354976,1.4824431061089511,-43.0490270816464,132
5.0,0.5,0.1,0.02,-0.0,0.514,0.7085836917287882,0.050525913042418845,0.29193862687278904,0.23887133941738137,74.25956805006743,62.070715865718064,82.48233380441147,0.23887133941728847,-74.25956805006743,133
5.0,0.5,0.1,0.02,-0.0,0.493,0.5863453542370335,0.05602061198608483,0.4135246672508543,0.7911845883966354,31.041490889650674,76.65052037887698,6.857611923953322,0.7911845883970442,31.04149088965069,134
5.0,0.5,0.1,0.02,-0.0,0.476,0.3241260870914485,0.05594253442386815,0.32445301255584613,2.4692814275483497,18.33702298709207,0.45705819133971964,52.10697912574632,-2.4692814275484847,-18.337022987092094,135
5.0,0.5,0.1,0.02,-0.0,0.51,0.3962781775538227,0.05303566225009524,0.3964948540165124,1.0393353427296328,21.14171014611661,30.42366512920804,19.757394959650803,1.0393353427299983,21.14171014611661,136
5.0,0.5,0.1,0.02,-0.0,0.48,0.6026974634798078,0.05385749557058056,0.39743122279554205,0.7264864691183676,49.20931319015046,73.79012172745061,23.912694281387353,0.7264864691188687,-49.20931319015047,137
5.0,0.5,0.1,0.02,-0.0,0.489,0.5143956221502186,0.05060826545182176,0.48574863823434467,1.9931278232549277,4.880326878176364,45.94898155107715,19.37110116529317,-1.9931278232548544,-4.8803268781764775,138
5.0,0.5,0.1,0.02,-0.0,0.494,0.36959235532668555,0.052735431980511525,0.36946569716718386,0.4549005566524488,39.45110125315534,71.69298442075625,16.389379269716027,-0.45490055665378143,39.45110125315535,139
5.0,0.5,0.1,0.02,-0.0,0.512,0.6644229287456056,0.05236647007071179,0.3355534155319754,0.5241485894691462,77.13026810412804,83.3471201183235,88.53742515245725,0.5241485894697864,-77.13026810412805,140
5.0,0.5,0.1,0.02,-0.0,0.515,0.5189099024496336,0.05312972063291724,0.48122562234236177,1.301739971561509,71.9561709339999,41.97496326960799,20.418248382467183,1.3017399715616322,71.9561709339999,141
5.0,0.5,0.1,0.02,-0.0,0.503,0.35910555881526535,0.05148651119038192,0.3590499321840625,0.8053182954561945,24.702488283344415,10.411079736031779,3.9721032452177165,-0.8053182954567453,24.70248828334443,142
5.0,0.5,0.1,0.02,-0.0,0.509,0.5547498008667724,0.05164892098238026,0.44511477307583425,0.40596093883890544,36.77252444923288,16.64805500095014,6.476938535550533,0.4059609388395312,-36.77252444923289,143
5.0,0.5,0.1,0.02,-0.0,0.513,0.30793939843283197,0.05368034529945203,0.3083660879625211,1.856185163958807,13.781772653689483,27.005517944965842,31.39414613062055,-1.8561851639590632,-13.781772653689492,144
5.0,0.5,0.1,0.02,-0.0,0.483,0.41756071002369344,0.05023385408310735,0.417511764883163,1.2034365775323408,89.98744356832667,23.27352252090386,15.110811596562513,-1.2034365775324878,89.98744356832667,145
5.0,0.5,0.1,0.02,-0.0,0.491,0.5740093803450964,0.05255642310489256,0.4261293845244163,0.3511584032683749,33.48823354264387,23.733781821999237,48.19673513459884,0.3511584032696618,33.48823354264388,146
5.0,0.5,0.1,0.02,-0.0,0.518,0.4912315721343741,0.04822543087076632,0.49135473871982116,0.21467937581278881,66.36002419087343,9.461137066871729,14.709321197503426,-0.2146793758132209,66.36002419087343,147
5.0,0.5,0.1,0.02,-0.0,0.484,0.6549492759519082,0.05095990945043916,0.3457184277767512,0.27522068263697336,28.692261611585604,5.955265806097236,68.04030292776294,0.2752206826385078,28.692261611585607,148
5.0,0.5,0.1,0.02,-0.0,0.461,0.39501068196570827,0.05506848835645643,0.39518585314316407,0.9895910343550282,44.24456548615945,72.47454775922223,17.043670998484618,-0.9895910343553566,44.24456548615945,149
5.0,0.5,0.1,0.02,-0.0,0.486,0.4781102009622482,0.04909615194859715,0.47825591961639885,0.5043749531748936,58.843421953972666,1.0078333607307044,14.062180515703059,0.5043749531759526,58.84342195397268,150
5.0,0.5,0.1,0.02,-0.0,0.533,0.5322315540611987,0.0472172798835621,0.4679250094617437,0.9598264226302561,2.3149808651671226,26.71769885527973,17.576488043797674,-0.9598264226304684,-2.314980865167058,151
5.0,0.5,0.1,0.02,-0.0,0.485,0.3398698385291849,0.0497930552135576,0.339705674646694,1.2097229096825457,45.51940242515804,48.92070901532678,11.952808968911016,-1.209722909682468,45.51940242515805,152
5.0,0.5,0.1,0.02,-0.0,0.523,0.5186423467283607,0.04900314162094819,0.48144728021291544,1.9890074150433454,45.445248961611796,49.59960245495681,19.954858451449308,1.98900741504336,45.4452489616118,153
5.0,0.5,0.1,0.02,-0.0,0.513,0.6317743255964936,0.05375017900269573,0.36858892406915833,1.8718869352386076,9.173742894564676,7.634170070980715,2.375426647889875,-1.8718869352386185,-9.173742894564697,154
5.0,0.5,0.1,0.02,-0.0,0.49,0.3062122245107871,0.05641053603985919,0.30609564325451183,0.021109535946787227,40.41710644548266,28.510466505908532,2.0041911170761924,0.021109535962378165,-40.417106445482666,155
5.0,0.5,0.1,0.02,-0.0,0.51,0.37378428291769566,0.04807894997971768,0.37429766043381024,0.665123446343685,5.7773586682195175,79.10319385860458,65.69479988837226,-0.6651234463437534,5.777358668219522,156
5.0,0.5,0.1,0.02,-0.0,0.497,0.5546229539882618,0.04971469454562959,0.44553844072079035,0.5572205259393194,68.75871808699334,3.0357522417248246,18.85249833688483,-0.5572205259397879,68.75871808699335,157
5.0,0.5,0.1,0.02,-0.0,0.506,0.5994054792836491,0.05112622916556843,0.4007836287811439,1.631989250355811,36.48828867069961,71.91815717998657,7.3879711684919105,-1.6319892503558997,36.488288670699625,158
5.0,0.5,0.1,0.02,-0.0,0.478,0.49866472622014085,0.04978485028365541,0.4987174745826408,1.46647656293734,59.14132114099955,27.354542870317186,24.9291145095357,1.4664765629375018,-59.141321140999565,159
5.0,0.5,0.1,0.02,-0.0,0.485,0.3020666002721932,0.05118141926272297,0.302151283186108,2.136227819903409,27.675997969306092,65.90929904303664,76.39805273663634,2.1362278199033495,-27.675997969306106,160
5.0,0.5,0.1,0.02,-0.0,0.469,0.7447159170728128,0.048636452782186174,0.2558906649062579,1.584591513310127,0.3628023345282018,46.75200806661637,20.51272852885047,1.5845915133105473,0.3628023345295784,161
5.0,0.5,0.1,0.02,-0.0,0.52,0.5375155056448842,0.049550951509850685,0.4626355002830127,0.643736787590467,83.2441159923287,71.04834348301745,34.188992117630185,0.6437367875904121,-83.2441159923287,162
5.0,0.5,0.1,0.02,-0.0,0.487,0.47561780703594897,0.04920758199021933,0.47576514462043007,0.17709146783845484,87.98662316337965,55.21323248239119,47.06749837180227,-0.17709146784129257,87.98662316337965,163
5.0,0.5,0.1,0.02,-0.0,0.511,0.5303944908907594,0.05140683909574597,0.46974678165748673,1.2583528570808897,6.211446947269073,16.87455635616291,42.1037628254786,1.2583528570814877,6.211446947269187,164
5.0,0.5,0.1,0.02,-0.0,0.488,0.46019341739708675,0.052003391896984164,0.46034050545338057,0.052854484169287404,44.83109075441936,65.31487855766879,36.43850468465667,0.05285448417845761,44.831090754419364,165
5.0,0.5,0.1,0.02,-0.0,0.486,0.42974706519569067,0.053206086459130754,0.4298816865632269,1.558407402914397,89.26428781070561,81.57807983191537,50.26115178554838,1.5584074029146266,-89.26428781070561,166
5.0,0.5,0.1,0.02,-0.0,0.51,0.6187967939569473,0.05181047996044891,0.3813922132119389,0.7950882641277321,19.16377763992023,24.602185965671772,32.00449704197354,-0.7950882641279461,-19.163777639920244,167
5.0,0.5,0.1,0.02,-0.0,0.494,0.5016452181007326,0.052479688061545196,0.4984848334827516,0.8635187354381494,1.757133741068103,59.1265349772041,18.267055322810165,-0.8635187354382163,1.7571337410681516,168
5.0,0.5,0.1,0.02,-0.0,0.477,0.48795866401342064,0.0515683551342849,0.4881028379824688,2.765984052919645,35.136481656680026,66.40713622010855,18.731052394601328,-2.7659840529197512,-35.136481656680026,169
5.0,0.5,0.1,0.02,-0.0,0.484,0.6635826953901506,0.056736728720018115,0.336536739898145,0.5479628068077887,48.296061700983195,58.587424938256184,72.4553185679812,-0.54796280680746,-48.296061700983195,170
5.0,0.5,0.1,0.02,-0.0,0.482,0.3506450672285931,0.051653913814501906,0.3510720844390601,0.505121808302042,27.538931869297162,33.17753095736513,66.85806366820117,-0.5051218083024669,27.538931869297166,171
5.0,0.5,0.1,0.02,-0.0,0.476,0.4136230479400521,0.05260119417735916,0.4139313009212506,1.3012466473549875,30.602108265579613,88.5360829901158,77.65582435579276,-1.3012466473553692,30.602108265579616,172
5.0,0.5,0.1,0.02,-0.0,0.493,0.4975293337672502,0.047602260598838285,0.49760085942094623,1.6374451750956025,77.74397996167554,60.14844463910745,89.32964377513815,-1.6374451750956924,77.74397996167554,173
5.0,0.5,0.1,0.02,-0.0,0.483,0.5333383916531175,0.0519410005516706,0.46680629125806966,0.7781001485600955,51.61143802995373,77.71022969099626,34.719895358877544,0.7781001485605942,51.61143802995374,174
5.0,0.5,0.1,0.02,-0.0,0.493,0.493961613301753,0.04488015137680502,0.4939629384193417,0.20955714314781015,74.35740247899015,38.210370183425255,13.08892266382282,0.2095571431493457,-74.35740247899015,175
5.0,0.5,0.1,0.02,-0.0,0.488,0.44498740473560916,0.05279861305803121,0.44512336333520647,2.4413797862399655,34.57929656235842,33.92138659132565,42.20569070933178,2.4413797862400965,34.57929656235844,176
5.0,0.5,0.1,0.02,-0.0,0.498,0.4025877619362358,0.052336404835052114,0.40245782585258233,0.1574078743952073,5.262859819530933,36.169643100731946,26.185981739077814,0.15740787439588766,5.262859819530994,177
5.0,0.5,0.1,0.02,-0.0,0.509,0.5942845392686886,0.05475399408770252,0.40580696648621994,0.5640622507522564,8.238799749888633,7.480373601444043,35.5686332527528,0.5640622507526933,8.23879974988869,178
5.0,0.5,0.1,0.02,-0.0,0.485,0.6261045655172117,0.04970138453881855,0.3742377750627484,0.7446648955085787,5.219648031802209,27.74069539282643,2.9439878820532552,-0.7446648955089298,5.219648031802233,179
5.0,0.5,0.1,0.02,-0.0,0.502,0.5052393687688024,0.049479633084572844,0.49490986620059796,0.42219052781613564,39.61495206270162,81.68465582755013,55.67385531716978,-0.42219052781714245,-39.614952062701626,180
5.0,0.5,0.1,0.02,-0.0,0.516,0.5690026819412428,0.05402397687389247,0.43087417053919674,1.5234444734083468,72.80713357874298,85.82320664395985,17.7049195761016,-1.5234444734085342,-72.80713357874299,181
5.0,0.5,0.1,0.02,-0.0,0.504,0.4912108260528572,0.04859888983221959,0.49136284234187155,0.6143441776084914,65.7133112136382,49.07147982194413,4.4860738456642775,0.6143441776090304,-65.7133112136382,182
5.0,0.5,0.1,0.02,-0.0,0.504,0.5826626707053402,0.0545287804911949,0.4174606984583897,1.5039438394422895,46.94204485219054,80.19083270597145,56.4299307951549,1.5039438394423756,-46.94204485219054,183
5.0,0.5,0.1,0.02,-0.0,0.528,0.4092788370009383,0.048231221073712985,0.4091272543152935,0.31518203736509776,61.492047405709464,68.66415882499194,67.58947592138351,0.3151820373652656,-61.49204740570948,184
5.0,0.5,0.1,0.02,-0.0,0.506,0.39757455586934404,0.054189449513822305,0.39775380024380086,1.7611630148527229,83.60623193014757,83.52830028789846,19.618539528887077,1.7611630148529829,-83.60623193014757,185
5.0,0.5,0.1,0.02,-0.0,0.512,0.3997306641454061,0.050922011904991446,0.3999264609246003,1.7614263044080378,68.53790721800493,20.617917422179886,9.554211160862625,1.7614263044082352,68.53790721800493,186
5.0,0.5,0.1,0.02,-0.0,0.497,0.5304091643625466,0.05084213358884704,0.46973812155357464,2.119727570425371,49.90917025942298,72.84314359239505,46.40539543915612,2.119727570425626,49.909170259422986,187
5.0,0.5,0.1,0.02,-0.0,0.52,0.6617508575325853,0.05301503849832703,0.33841484031505203,0.8283932395438028,49.24448396638299,89.27347856071084,31.818077464189525,0.8283932395443256,-49.244483966382994,188
5.0,0.5,0.1,0.02,-0.0,0.504,0.3665834525803312,0.049796203502849995,0.3671426203663858,1.3747787158647753,0.8796379126736205,84.60405860360444,88.44503186010103,-1.3747787158649212,-0.8796379126740977,189
5.0,0.5,0.1,0.02,-0.0,0.498,0.5266346253456912,0.05223805239549527,0.4735037754073046,0.21426923886227162,44.10357855298308,40.44567503876401,5.900362184683524,0.21426923886271798,44.10357855298308,190
5.0,0.5,0.1,0.02,-0.0,0.514,0.36928073548857326,0.05645456135726288,0.3694297705013858,1.2876915337759502,40.63610382182087,53.786532575094405,12.796783304391187,-1.2876915337760324,40.63610382182088,191
5.0,0.5,0.1,0.02,-0.0,0.53,0.4889183936386951,0.055012661525998346,0.4890442128240719,2.5362410982857884,33.30119782604747,70.61517166954643,12.459315593757495,-2.536241098285891,-33.30119782604748,192
5.0,0.5,0.1,0.02,-0.0,0.49,0.435533475051531,0.05073903725096959,0.43571187278612444,1.2859534860570916,9.358115139215446,26.165285592480426,60.857425708342404,-1.285953486057457,9.358115139215492,193
5.0,0.5,0.1,0.02,-0.0,0.489,0.5040460068095376,0.05297624036015151,0.4959563994044294,0.9223438069739878,21.51660548358921,53.46524978119778,9.116496843500656,0.9223438069742571,21.51660548358922,194
5.0,0.5,0.1,0.02,-0.0,0.511,0.4727569224430377,0.055810321553395645,0.4728885795875325,0.1730043136067819,43.60380365028792,46.26788933079974,51.420868972974176,0.1730043136085857,43.60380365028793,195
5.0,0.5,0.1,0.02,-0.0,0.497,0.42718696622046554,0.05143027177105271,0.4273546151218495,0.707737151707363,81.13790051459391,3.1349757862604015,8.954325012680933,-0.7077371517079869,81.13790051459391,196
5.0,0.5,0.1,0.02,-0.0,0.488,0.5530697327477353,0.05392669960710125,0.4470646225766147,0.11307126793716094,56.61849381767516,52.687930211150196,8.70380446189169,-0.11307126793792917,56.61849381767516,197
5.0,0.5,0.1,0.02,-0.0,0.522,0.3734418757441788,0.05262176716571944,0.3737219292586472,2.0066183458258733,13.812698636999258,71.92160459944385,62.15575863339568,2.0066183458260154,-13.812698636999292,198
5.0,0.5,0.1,0.02,-0.0,0.499,0.5296014915896219,0.04699133018871142,0.4704023267387496,3.4257375709252913,47.67623677130918,85.8954471854799,58.34549958782766,-3.42573757092533,-47.67623677130918,199
