target,anchor,r_frac,d_hat,sigma_per_coord,frac_real,crosses,n_resp_vals,gap
housing,433,0.02,7,0.013456494070932405,1.0,False,111,
housing,433,0.05,7,0.03364123517733101,1.0,False,225,
housing,433,0.1,7,0.06728247035466202,1.0,False,273,
housing,433,0.2,7,0.13456494070932404,1.0,False,295,
housing,433,0.35,7,0.23548864624131707,0.9866666666666667,False,300,
housing,433,0.5,7,0.33641235177331014,0.9533333333333334,True,300,
housing,433,0.75,7,0.5046185276599652,0.8566666666666667,True,300,0.04440406488299953
housing,433,1.0,7,0.6728247035466203,0.8566666666666667,True,300,0.04199424873443913
housing,1318,0.02,6,0.010899523831982507,1.0,False,67,
housing,1318,0.05,6,0.02724880957995627,1.0,False,172,
housing,1318,0.1,6,0.05449761915991254,1.0,False,253,
housing,1318,0.2,6,0.10899523831982508,1.0,False,294,
housing,1318,0.35,6,0.19074166705969386,1.0,False,299,
housing,1318,0.5,6,0.2724880957995627,1.0,False,299,
housing,1318,0.75,6,0.408732143699344,1.0,False,300,
housing,1318,1.0,6,0.5449761915991254,1.0,False,300,
housing,1297,0.02,6,0.009818112225136188,1.0,False,58,
housing,1297,0.05,6,0.02454528056284047,1.0,False,144,
housing,1297,0.1,6,0.04909056112568094,1.0,False,249,
housing,1297,0.2,6,0.09818112225136189,1.0,False,296,
housing,1297,0.35,6,0.17181696393988327,1.0,False,300,
housing,1297,0.5,6,0.24545280562840469,1.0,False,300,
housing,1297,0.75,6,0.36817920844260704,1.0,False,300,
housing,1297,1.0,6,0.49090561125680937,0.9633333333333334,True,300,
housing,601,0.02,7,0.009359995365735943,1.0,False,47,
housing,601,0.05,7,0.023399988414339858,1.0,False,141,
housing,601,0.1,7,0.046799976828679715,1.0,False,263,
housing,601,0.2,7,0.09359995365735943,1.0,False,297,
housing,601,0.35,7,0.16379991890037895,1.0,False,300,
housing,601,0.5,7,0.23399988414339853,1.0,False,300,
housing,601,0.75,7,0.3509998262150978,1.0,False,300,
housing,601,1.0,7,0.46799976828679707,1.0,False,300,
housing,2819,0.02,7,0.02054337100073083,1.0,False,114,
housing,2819,0.05,7,0.05135842750182708,0.8666666666666667,True,272,0.12063550123801559
housing,2819,0.1,7,0.10271685500365416,0.72,True,295,0.14501750311523587
housing,2819,0.2,7,0.2054337100073083,0.6966666666666667,True,300,0.15229730061022018
housing,2819,0.35,7,0.3595089925127895,0.5866666666666667,True,300,0.15585322516404965
housing,2819,0.5,7,0.5135842750182708,0.5433333333333333,True,300,0.14886001297621565
housing,2819,0.75,7,0.7703764125274061,0.5733333333333334,True,300,0.09877269921261256
housing,2819,1.0,7,1.0271685500365415,0.52,True,300,0.10420625123203298
housing,2830,0.02,5,0.009230173958732057,1.0,False,119,
housing,2830,0.05,5,0.023075434896830144,1.0,False,263,
housing,2830,0.1,5,0.04615086979366029,1.0,False,288,
housing,2830,0.2,5,0.09230173958732057,1.0,False,295,
housing,2830,0.35,5,0.16152804427781098,1.0,False,299,
housing,2830,0.5,5,0.2307543489683014,1.0,False,298,
housing,2830,0.75,5,0.34613152345245213,0.99,False,299,
housing,2830,1.0,5,0.4615086979366028,0.9666666666666667,True,300,
housing,2154,0.02,6,0.01779673998075099,1.0,False,157,
housing,2154,0.05,6,0.04449184995187747,1.0,False,265,
housing,2154,0.1,6,0.08898369990375495,1.0,False,290,
housing,2154,0.2,6,0.1779673998075099,0.9233333333333333,True,298,0.10095699906367894
housing,2154,0.35,6,0.3114429496631423,0.8033333333333333,True,300,0.0992380413914189
housing,2154,0.5,6,0.44491849951877477,0.7166666666666667,True,300,0.072478514200359
housing,2154,0.75,6,0.6673777492781622,0.64,True,300,0.06999250611773267
housing,2154,1.0,6,0.8898369990375495,0.64,True,299,0.07747059089166086
housing,75,0.02,7,0.009656264942154612,1.0,False,22,
housing,75,0.05,7,0.02414066235538653,1.0,False,112,
housing,75,0.1,7,0.04828132471077306,1.0,False,235,
housing,75,0.2,7,0.09656264942154612,1.0,False,299,
housing,75,0.35,7,0.1689846364877057,1.0,False,300,
housing,75,0.5,7,0.2414066235538653,1.0,False,300,
housing,75,0.75,7,0.36210993533079794,1.0,False,300,
housing,75,1.0,7,0.4828132471077306,0.9933333333333333,False,300,
housing,56,0.02,7,0.019806598340807422,1.0,False,159,
housing,56,0.05,7,0.049516495852018554,1.0,False,244,
housing,56,0.1,7,0.09903299170403711,0.98,True,295,
housing,56,0.2,7,0.19806598340807421,0.8366666666666667,True,300,0.03221930243230542
housing,56,0.35,7,0.34661547096412987,0.7466666666666667,True,300,0.03219357838756132
housing,56,0.5,7,0.49516495852018555,0.64,True,300,0.039120237032572724
housing,56,0.75,7,0.7427474377802783,0.63,True,300,0.04800555396792561
housing,56,1.0,7,0.9903299170403711,0.5366666666666666,True,300,0.037196779044417205
housing,2469,0.02,6,0.008844639196112282,1.0,False,56,
housing,2469,0.05,6,0.02211159799028071,1.0,False,162,
housing,2469,0.1,6,0.04422319598056142,1.0,False,268,
housing,2469,0.2,6,0.08844639196112283,1.0,False,293,
housing,2469,0.35,6,0.15478118593196494,1.0,False,298,
housing,2469,0.5,6,0.22111597990280707,1.0,False,297,
housing,2469,0.75,6,0.33167396985421066,1.0,False,300,
housing,2469,1.0,6,0.44223195980561414,1.0,False,300,
housing,1514,0.02,7,0.011402338414205206,1.0,False,119,
housing,1514,0.05,7,0.02850584603551302,1.0,False,269,
housing,1514,0.1,7,0.05701169207102604,1.0,False,296,
housing,1514,0.2,7,0.11402338414205208,1.0,False,300,
housing,1514,0.35,7,0.1995409222485911,1.0,False,300,
housing,1514,0.5,7,0.28505846035513016,1.0,False,300,
housing,1514,0.75,7,0.4275876905326952,1.0,False,300,
housing,1514,1.0,7,0.5701169207102603,0.9866666666666667,False,300,
housing,961,0.02,7,0.010101540986616829,1.0,False,34,
housing,961,0.05,7,0.025253852466542073,1.0,False,79,
housing,961,0.1,7,0.050507704933084145,1.0,False,156,
housing,961,0.2,7,0.10101540986616829,1.0,False,274,
housing,961,0.35,7,0.1767769672657945,1.0,False,296,
housing,961,0.5,7,0.25253852466542076,1.0,False,300,
housing,961,0.75,7,0.3788077869981311,1.0,False,300,
housing,961,1.0,7,0.5050770493308415,1.0,False,300,
housing,1065,0.02,5,0.0098519852377786,1.0,False,46,
housing,1065,0.05,5,0.024629963094446497,1.0,False,201,
housing,1065,0.1,5,0.049259926188892994,1.0,False,280,
housing,1065,0.2,5,0.09851985237778599,1.0,False,297,
housing,1065,0.35,5,0.17240974166112547,1.0,False,300,
housing,1065,0.5,5,0.24629963094446497,1.0,False,299,
housing,1065,0.75,5,0.36944944641669747,0.99,False,300,
housing,1065,1.0,5,0.49259926188892994,0.9666666666666667,True,300,
housing,2769,0.02,7,0.020507837007197428,1.0,False,217,
housing,2769,0.05,7,0.05126959251799357,1.0,False,285,
housing,2769,0.1,7,0.10253918503598713,1.0,False,299,
housing,2769,0.2,7,0.20507837007197427,1.0,False,300,
housing,2769,0.35,7,0.3588871476259549,1.0,False,300,
housing,2769,0.5,7,0.5126959251799357,1.0,False,300,
housing,2769,0.75,7,0.7690438877699034,0.9966666666666667,False,300,
housing,2769,1.0,7,1.0253918503598713,0.95,True,300,
housing,1464,0.02,5,0.012223137374433065,1.0,False,111,
housing,1464,0.05,5,0.03055784343608266,1.0,False,192,
housing,1464,0.1,5,0.06111568687216532,1.0,False,251,
housing,1464,0.2,5,0.12223137374433064,1.0,False,290,
housing,1464,0.35,5,0.21390490405257861,1.0,False,298,
housing,1464,0.5,5,0.3055784343608266,1.0,False,300,
housing,1464,0.75,5,0.45836765154124,1.0,False,300,
housing,1464,1.0,5,0.6111568687216532,0.9966666666666667,False,300,
housing,2315,0.02,6,0.010733550349453664,1.0,False,6,
housing,2315,0.05,6,0.02683387587363416,1.0,False,69,
housing,2315,0.1,6,0.05366775174726832,1.0,False,189,
housing,2315,0.2,6,0.10733550349453665,1.0,False,283,
housing,2315,0.35,6,0.1878371311154391,1.0,False,297,
housing,2315,0.5,6,0.2683387587363416,1.0,False,299,
housing,2315,0.75,6,0.4025081381045124,0.9966666666666667,False,300,
housing,2315,1.0,6,0.5366775174726832,0.9966666666666667,False,298,
housing,1275,0.02,6,0.008420842248061456,1.0,False,30,
housing,1275,0.05,6,0.02105210562015364,1.0,False,74,
housing,1275,0.1,6,0.04210421124030728,1.0,False,199,
housing,1275,0.2,6,0.08420842248061455,1.0,False,293,
housing,1275,0.35,6,0.14736473934107547,1.0,False,295,
housing,1275,0.5,6,0.21052105620153638,1.0,False,300,
housing,1275,0.75,6,0.3157815843023046,1.0,False,300,
housing,1275,1.0,6,0.42104211240307277,1.0,False,300,
housing,903,0.02,6,0.007519906717500114,1.0,False,33,
housing,903,0.05,6,0.018799766793750283,1.0,False,136,
housing,903,0.1,6,0.037599533587500567,1.0,False,268,
housing,903,0.2,6,0.07519906717500113,1.0,False,295,
housing,903,0.35,6,0.13159836755625198,1.0,False,300,
housing,903,0.5,6,0.18799766793750283,1.0,False,300,
housing,903,0.75,6,0.28199650190625425,0.97,True,300,
housing,903,1.0,6,0.37599533587500567,0.96,True,300,
housing,2559,0.02,6,0.01104681728548672,1.0,False,39,
housing,2559,0.05,6,0.027617043213716802,1.0,False,161,
housing,2559,0.1,6,0.055234086427433604,1.0,False,260,
housing,2559,0.2,6,0.11046817285486721,1.0,False,299,
housing,2559,0.35,6,0.1933193024960176,1.0,False,298,
housing,2559,0.5,6,0.27617043213716796,1.0,False,300,
housing,2559,0.75,6,0.41425564820575195,1.0,False,300,
housing,2559,1.0,6,0.5523408642743359,1.0,False,300,
housing,1819,0.02,7,0.01796146645122864,1.0,False,223,
housing,1819,0.05,7,0.044903666128071604,1.0,False,289,
housing,1819,0.1,7,0.08980733225614321,1.0,False,299,
housing,1819,0.2,7,0.17961466451228641,0.98,True,300,
housing,1819,0.35,7,0.31432566289650116,0.92,True,300,0.02091503143310547
housing,1819,0.5,7,0.449036661280716,0.9033333333333333,True,300,0.032029007087607475
housing,1819,0.75,7,0.673554991921074,0.82,True,300,0.02491257076556419
housing,1819,1.0,7,0.898073322561432,0.69,True,300,0.024684355380435896
housing,1223,0.02,7,0.011078100417298627,0.21,True,105,0.012082854978574531
housing,1223,0.05,7,0.027695251043246567,0.17,True,211,0.06928548242869592
housing,1223,0.1,7,0.05539050208649313,0.19,True,283,0.07123263852534834
housing,1223,0.2,7,0.11078100417298627,0.19,True,295,0.0694469420301056
housing,1223,0.35,7,0.19386675730272593,0.18,True,298,0.05644727162444774
housing,1223,0.5,7,0.27695251043246566,0.20333333333333334,True,299,0.03258548243087134
housing,1223,0.75,7,0.41542876564869846,0.13666666666666666,True,299,0.031971066019855776
housing,1223,1.0,7,0.5539050208649313,0.21666666666666667,True,300,0.030822746414209234
housing,2610,0.02,5,0.006756178525148715,1.0,False,98,
housing,2610,0.05,5,0.016890446312871787,1.0,False,169,
housing,2610,0.1,5,0.033780892625743575,1.0,False,237,
housing,2610,0.2,5,0.06756178525148715,1.0,False,285,
housing,2610,0.35,5,0.11823312419010251,1.0,False,295,
housing,2610,0.5,5,0.16890446312871787,1.0,False,300,
housing,2610,0.75,5,0.2533566946930768,1.0,False,297,
housing,2610,1.0,5,0.33780892625743575,1.0,False,300,
housing,1548,0.02,7,0.01902855996882132,0.7466666666666667,True,161,0.03872350564128446
housing,1548,0.05,7,0.0475713999220533,0.7333333333333333,True,261,0.0286243547092786
housing,1548,0.1,7,0.0951427998441066,0.7733333333333333,True,297,0.020246409741183413
housing,1548,0.2,7,0.1902855996882132,0.7733333333333333,True,300,0.03335670549535852
housing,1548,0.35,7,0.332999799454373,0.7633333333333333,True,300,0.036870437850590854
housing,1548,0.5,7,0.4757139992205329,0.74,True,300,0.04610312703741304
housing,1548,0.75,7,0.7135709988307994,0.6733333333333333,True,300,0.02374585071316293
housing,1548,1.0,7,0.9514279984410658,0.6233333333333333,True,300,0.002030618884324653
housing,1289,0.02,6,0.010264777532146366,1.0,False,27,
housing,1289,0.05,6,0.02566194383036591,1.0,False,135,
housing,1289,0.1,6,0.05132388766073182,1.0,False,226,
housing,1289,0.2,6,0.10264777532146364,1.0,False,282,
housing,1289,0.35,6,0.17963360681256135,1.0,False,299,
housing,1289,0.5,6,0.25661943830365913,1.0,False,300,
housing,1289,0.75,6,0.3849291574554887,1.0,False,300,
housing,1289,1.0,6,0.5132388766073183,1.0,False,300,
housing,2604,0.02,7,0.02223903305446882,1.0,False,268,
housing,2604,0.05,7,0.055597582636172045,1.0,False,298,
housing,2604,0.1,7,0.11119516527234409,0.9966666666666667,False,298,
housing,2604,0.2,7,0.22239033054468818,0.92,True,300,0.07137407427248732
housing,2604,0.35,7,0.3891830784532043,0.7566666666666667,True,296,0.010933941328980623
housing,2604,0.5,7,0.5559758263617205,0.75,True,300,0.009931117163764824
housing,2604,0.75,7,0.8339637395425807,0.6766666666666666,True,300,0.06467490087013861
housing,2604,1.0,7,1.111951652723441,0.6,True,300,0.056822070810530256
housing,2702,0.02,7,0.0106705013791752,1.0,False,150,
housing,2702,0.05,7,0.026676253447938003,1.0,False,257,
housing,2702,0.1,7,0.053352506895876006,1.0,False,284,
housing,2702,0.2,7,0.10670501379175201,1.0,False,298,
housing,2702,0.35,7,0.18673377413556602,1.0,False,298,
housing,2702,0.5,7,0.26676253447938003,1.0,False,300,
housing,2702,0.75,7,0.40014380171907005,0.9633333333333334,True,299,
housing,2702,1.0,7,0.5335250689587601,0.9233333333333333,True,300,0.06348038333455097
housing,646,0.02,6,0.01409278841689246,1.0,False,53,
housing,646,0.05,6,0.03523197104223115,1.0,False,100,
housing,646,0.1,6,0.0704639420844623,1.0,False,243,
housing,646,0.2,6,0.1409278841689246,1.0,False,294,
housing,646,0.35,6,0.24662379729561798,1.0,False,300,
housing,646,0.5,6,0.35231971042231147,1.0,False,299,
housing,646,0.75,6,0.5284795656334672,0.9933333333333333,False,300,
housing,646,1.0,6,0.7046394208446229,0.96,True,300,
housing,1733,0.02,5,0.012963973904760052,1.0,False,44,
housing,1733,0.05,5,0.03240993476190013,1.0,False,146,
housing,1733,0.1,5,0.06481986952380026,1.0,False,257,
housing,1733,0.2,5,0.1296397390476005,1.0,False,296,
housing,1733,0.35,5,0.22686954333330092,1.0,False,300,
housing,1733,0.5,5,0.3240993476190013,1.0,False,300,
housing,1733,0.75,5,0.48614902142850197,1.0,False,300,
housing,1733,1.0,5,0.6481986952380026,1.0,False,300,
housing,1950,0.02,7,0.01686405552578971,1.0,False,140,
housing,1950,0.05,7,0.042160138814474286,1.0,False,256,
housing,1950,0.1,7,0.08432027762894857,1.0,False,295,
housing,1950,0.2,7,0.16864055525789715,0.9733333333333334,True,300,
housing,1950,0.35,7,0.2951209717013199,0.8366666666666667,True,300,0.03866608614494638
housing,1950,0.5,7,0.4216013881447428,0.8133333333333334,True,300,0.018028333399279006
housing,1950,0.75,7,0.6324020822171141,0.7466666666666667,True,299,0.013880582120186169
housing,1950,1.0,7,0.8432027762894856,0.5666666666666667,True,300,0.009886583915124092
housing,318,0.02,7,0.018762135433429285,0.56,True,103,0.10245001135450416
housing,318,0.05,7,0.046905338583573215,0.5666666666666667,True,196,0.10900837393367979
housing,318,0.1,7,0.09381067716714643,0.56,True,277,0.11440184725311386
housing,318,0.2,7,0.18762135433429286,0.6333333333333333,True,299,0.12231521127326683
housing,318,0.35,7,0.3283373700850124,0.66,True,300,0.13905011472854945
housing,318,0.5,7,0.4690533858357321,0.64,True,300,0.1298079354895485
housing,318,0.75,7,0.7035800787535981,0.64,True,300,0.14498134730038803
housing,318,1.0,7,0.9381067716714642,0.66,True,300,0.16270946212559956
housing,1773,0.02,7,0.034955265433672944,1.0,False,232,
housing,1773,0.05,7,0.08738816358418237,1.0,False,286,
housing,1773,0.1,7,0.17477632716836475,1.0,False,299,
housing,1773,0.2,7,0.3495526543367295,0.97,True,300,
housing,1773,0.35,7,0.6117171450892765,0.8633333333333333,True,300,0.14212922168009268
housing,1773,0.5,7,0.8738816358418237,0.75,True,300,0.1766817792256674
housing,1773,0.75,7,1.3108224537627355,0.6666666666666666,True,298,0.22289633750915527
housing,1773,1.0,7,1.7477632716836473,0.5333333333333333,True,300,0.2623490520886014
housing,2850,0.02,6,0.008487815296592838,1.0,False,52,
housing,2850,0.05,6,0.021219538241482098,1.0,False,194,
housing,2850,0.1,6,0.042439076482964196,1.0,False,276,
housing,2850,0.2,6,0.08487815296592839,1.0,False,297,
housing,2850,0.35,6,0.14853676769037466,1.0,False,300,
housing,2850,0.5,6,0.21219538241482094,1.0,False,300,
housing,2850,0.75,6,0.3182930736222314,0.9966666666666667,False,300,
housing,2850,1.0,6,0.4243907648296419,0.9933333333333333,False,299,
housing,378,0.02,5,0.009466571254360196,1.0,False,36,
housing,378,0.05,5,0.023666428135900492,1.0,False,83,
housing,378,0.1,5,0.047332856271800984,1.0,False,191,
housing,378,0.2,5,0.09466571254360197,1.0,False,286,
housing,378,0.35,5,0.16566499695130343,1.0,False,298,
housing,378,0.5,5,0.2366642813590049,1.0,False,300,
housing,378,0.75,5,0.3549964220385074,1.0,False,300,
housing,378,1.0,5,0.4733285627180098,1.0,False,300,
housing,2406,0.02,7,0.01590714386877799,1.0,False,214,
housing,2406,0.05,7,0.039767859671944975,1.0,False,286,
housing,2406,0.1,7,0.07953571934388995,1.0,False,299,
housing,2406,0.2,7,0.1590714386877799,1.0,False,299,
housing,2406,0.35,7,0.27837501770361484,1.0,False,300,
housing,2406,0.5,7,0.3976785967194498,1.0,False,300,
housing,2406,0.75,7,0.5965178950791746,0.98,True,300,
housing,2406,1.0,7,0.7953571934388995,0.9533333333333334,True,299,
housing,2975,0.02,7,0.018330059710668232,1.0,False,224,
housing,2975,0.05,7,0.04582514927667058,1.0,False,288,
housing,2975,0.1,7,0.09165029855334116,0.98,True,295,
housing,2975,0.2,7,0.1833005971066823,0.8833333333333333,True,300,0.06593846143737991
housing,2975,0.35,7,0.320776044936694,0.86,True,300,0.05144406236287402
housing,2975,0.5,7,0.45825149276670574,0.8266666666666667,True,300,0.07216627884739335
housing,2975,0.75,7,0.6873772391500587,0.7433333333333333,True,300,0.06122157011498075
housing,2975,1.0,7,0.9165029855334115,0.65,True,300,0.02869384507119843
housing,1314,0.02,6,0.009844140359642055,1.0,False,113,
housing,1314,0.05,6,0.02461035089910514,1.0,False,242,
housing,1314,0.1,6,0.04922070179821028,1.0,False,288,
housing,1314,0.2,6,0.09844140359642056,1.0,False,299,
housing,1314,0.35,6,0.17227245629373597,0.9033333333333333,True,300,0.0633153275901055
housing,1314,0.5,6,0.2461035089910514,0.8366666666666667,True,300,0.08670358760966135
housing,1314,0.75,6,0.36915526348657707,0.7333333333333333,True,299,0.07092052535577231
housing,1314,1.0,6,0.4922070179821028,0.72,True,299,0.050175049002208816
housing,2791,0.02,7,0.012139906655095763,1.0,False,87,
housing,2791,0.05,7,0.030349766637739407,1.0,False,189,
housing,2791,0.1,7,0.06069953327547881,1.0,False,274,
housing,2791,0.2,7,0.12139906655095763,1.0,False,295,
housing,2791,0.35,7,0.21244836646417584,1.0,False,300,
housing,2791,0.5,7,0.30349766637739406,1.0,False,300,
housing,2791,0.75,7,0.4552464995660911,1.0,False,299,
housing,2791,1.0,7,0.6069953327547881,1.0,False,300,
housing,2372,0.02,7,0.00959937537273043,1.0,False,158,
housing,2372,0.05,7,0.023998438431826075,1.0,False,275,
housing,2372,0.1,7,0.04799687686365215,1.0,False,298,
housing,2372,0.2,7,0.0959937537273043,0.9633333333333334,True,300,
housing,2372,0.35,7,0.16798906902278252,0.8133333333333334,True,298,0.11062687132900173
housing,2372,0.5,7,0.23998438431826072,0.77,True,300,0.11851971014372076
housing,2372,0.75,7,0.3599765764773911,0.6366666666666667,True,300,0.12509343763714487
housing,2372,1.0,7,0.47996876863652144,0.5633333333333334,True,300,0.12277055724676522
housing,1835,0.02,6,0.015029623574320814,0.45,True,121,0.04909255095202436
housing,1835,0.05,6,0.037574058935802034,0.5033333333333333,True,222,0.03725499902080376
housing,1835,0.1,6,0.07514811787160407,0.5266666666666666,True,266,0.030288178475703198
housing,1835,0.2,6,0.15029623574320813,0.5133333333333333,True,295,0.015219254333382004
housing,1835,0.35,6,0.2630184125506142,0.5133333333333333,True,299,0.009639284700244666
housing,1835,0.5,6,0.3757405893580203,0.5333333333333333,True,300,0.020539643083299808
housing,1835,0.75,6,0.5636108840370305,0.4866666666666667,True,300,0.024906001500739627
housing,1835,1.0,6,0.7514811787160406,0.5033333333333333,True,300,0.03134713116325383
housing,790,0.02,6,0.008785544763346143,1.0,False,59,
housing,790,0.05,6,0.021963861908365356,1.0,False,144,
housing,790,0.1,6,0.04392772381673071,1.0,False,250,
housing,790,0.2,6,0.08785544763346143,1.0,False,293,
housing,790,0.35,6,0.1537470333585575,1.0,False,300,
housing,790,0.5,6,0.21963861908365356,1.0,False,299,
housing,790,0.75,6,0.32945792862548035,1.0,False,300,
housing,790,1.0,6,0.4392772381673071,1.0,False,300,
housing,2030,0.02,6,0.008726968233295286,1.0,False,49,
housing,2030,0.05,6,0.02181742058323822,1.0,False,121,
housing,2030,0.1,6,0.04363484116647644,1.0,False,231,
housing,2030,0.2,6,0.08726968233295287,1.0,False,292,
housing,2030,0.35,6,0.15272194408266748,1.0,False,298,
housing,2030,0.5,6,0.21817420583238215,1.0,False,299,
housing,2030,0.75,6,0.32726130874857323,1.0,False,300,
housing,2030,1.0,6,0.4363484116647643,1.0,False,300,
housing,1092,0.02,5,0.017014854288965712,1.0,False,114,
housing,1092,0.05,5,0.04253713572241428,1.0,False,231,
housing,1092,0.1,5,0.08507427144482856,1.0,False,286,
housing,1092,0.2,5,0.1701485428896571,1.0,False,299,
housing,1092,0.35,5,0.2977599500568999,1.0,False,300,
housing,1092,0.5,5,0.42537135722414277,1.0,False,300,
housing,1092,0.75,5,0.6380570358362142,1.0,False,300,
housing,1092,1.0,5,0.8507427144482855,1.0,False,300,
housing,764,0.02,6,0.012140359149256215,1.0,False,29,
housing,764,0.05,6,0.030350897873140537,1.0,False,134,
housing,764,0.1,6,0.060701795746281074,1.0,False,249,
housing,764,0.2,6,0.12140359149256215,1.0,False,291,
housing,764,0.35,6,0.21245628511198375,1.0,False,298,
housing,764,0.5,6,0.30350897873140537,1.0,False,298,
housing,764,0.75,6,0.45526346809710805,1.0,False,300,
housing,764,1.0,6,0.6070179574628107,1.0,False,300,
housing,1604,0.02,7,0.025536983601423025,1.0,False,168,
housing,1604,0.05,7,0.06384245900355758,1.0,False,288,
housing,1604,0.1,7,0.12768491800711515,1.0,False,299,
housing,1604,0.2,7,0.2553698360142303,0.9766666666666667,True,300,
housing,1604,0.35,7,0.4468972130249029,0.8666666666666667,True,300,0.029135154760800752
housing,1604,0.5,7,0.6384245900355756,0.8066666666666666,True,300,0.030286477345216056
housing,1604,0.75,7,0.9576368850533634,0.7033333333333334,True,300,0.09220037679206516
housing,1604,1.0,7,1.2768491800711512,0.58,True,300,0.1406545381958395
housing,492,0.02,7,0.009420136171225826,1.0,False,119,
housing,492,0.05,7,0.023550340428064566,1.0,False,188,
housing,492,0.1,7,0.04710068085612913,1.0,False,277,
housing,492,0.2,7,0.09420136171225826,1.0,False,299,
housing,492,0.35,7,0.16485238299645194,1.0,False,300,
housing,492,0.5,7,0.23550340428064565,1.0,False,299,
housing,492,0.75,7,0.3532551064209684,1.0,False,300,
housing,492,1.0,7,0.4710068085612913,1.0,False,300,
housing,1230,0.02,7,0.01116165579381003,1.0,False,125,
housing,1230,0.05,7,0.027904139484525078,1.0,False,253,
housing,1230,0.1,7,0.055808278969050155,1.0,False,294,
housing,1230,0.2,7,0.11161655793810031,1.0,False,300,
housing,1230,0.35,7,0.1953289763916755,1.0,False,300,
housing,1230,0.5,7,0.27904139484525076,1.0,False,300,
housing,1230,0.75,7,0.41856209226787616,1.0,False,300,
housing,1230,1.0,7,0.5580827896905015,1.0,False,300,
housing,436,0.02,6,0.010195200249648411,1.0,False,97,
housing,436,0.05,6,0.025488000624121026,1.0,False,215,
housing,436,0.1,6,0.05097600124824205,1.0,False,290,
housing,436,0.2,6,0.1019520024964841,0.9866666666666667,False,298,
housing,436,0.35,6,0.1784160043688472,0.9066666666666666,True,300,0.05383596625648668
housing,436,0.5,6,0.25488000624121027,0.7733333333333333,True,300,0.04794985201005719
housing,436,0.75,6,0.38232000936181537,0.69,True,300,0.08137771959558915
housing,436,1.0,6,0.5097600124824205,0.68,True,300,0.09429245398325037
housing,801,0.02,7,0.018310523287683952,0.7333333333333333,True,152,0.0871345520019533
housing,801,0.05,7,0.045776308219209874,0.7366666666666667,True,261,0.05363089156537271
housing,801,0.1,7,0.09155261643841975,0.74,True,295,0.06812502787663366
housing,801,0.2,7,0.1831052328768395,0.7466666666666667,True,300,0.058595091104507446
housing,801,0.35,7,0.3204341575344691,0.7733333333333333,True,300,0.07246761508210398
housing,801,0.5,7,0.4577630821920987,0.73,True,299,0.06440422397447776
housing,801,0.75,7,0.6866446232881481,0.6366666666666667,True,299,0.019888454654202192
housing,801,1.0,7,0.9155261643841974,0.6466666666666666,True,300,0.007511626391809578
housing,1871,0.02,5,0.018148110882091766,1.0,False,117,
housing,1871,0.05,5,0.04537027720522942,1.0,False,244,
housing,1871,0.1,5,0.09074055441045883,1.0,False,288,
housing,1871,0.2,5,0.18148110882091767,1.0,False,300,
housing,1871,0.35,5,0.31759194043660594,1.0,False,300,
housing,1871,0.5,5,0.45370277205229415,1.0,False,300,
housing,1871,0.75,5,0.6805541580784412,1.0,False,300,
housing,1871,1.0,5,0.9074055441045883,1.0,False,300,
housing,58,0.02,6,0.016305448427765448,1.0,False,145,
housing,58,0.05,6,0.04076362106941362,1.0,False,259,
housing,58,0.1,6,0.08152724213882724,1.0,False,299,
housing,58,0.2,6,0.16305448427765448,1.0,False,300,
housing,58,0.35,6,0.28534534748589535,1.0,False,300,
housing,58,0.5,6,0.4076362106941362,0.9666666666666667,True,300,
housing,58,0.75,6,0.6114543160412044,0.8933333333333333,True,300,0.029380533010212595
housing,58,1.0,6,0.8152724213882724,0.8066666666666666,True,300,0.04080729913969705
housing,1920,0.02,7,0.01685564580015871,0.5333333333333333,True,155,0.07682144641876221
housing,1920,0.05,7,0.04213911450039678,0.5566666666666666,True,262,0.09506262707144586
housing,1920,0.1,7,0.08427822900079356,0.53,True,292,0.09404012730334443
housing,1920,0.2,7,0.1685564580015871,0.5033333333333333,True,299,0.09232644576158222
housing,1920,0.35,7,0.2949738015027774,0.5366666666666666,True,299,0.10447548552585229
housing,1920,0.5,7,0.4213911450039678,0.5433333333333333,True,300,0.0719405050449815
housing,1920,0.75,7,0.6320867175059517,0.5166666666666667,True,300,0.0127455481379668
housing,1920,1.0,7,0.8427822900079356,0.56,True,300,0.0002811332801719857
housing,1965,0.02,6,0.013344147963423907,1.0,False,132,
housing,1965,0.05,6,0.03336036990855977,1.0,False,232,
housing,1965,0.1,6,0.06672073981711954,1.0,False,279,
housing,1965,0.2,6,0.13344147963423908,1.0,False,299,
housing,1965,0.35,6,0.23352258935991838,0.9933333333333333,False,300,
housing,1965,0.5,6,0.33360369908559767,0.9733333333333334,True,300,
housing,1965,0.75,6,0.5004055486283965,0.8733333333333333,True,300,0.16851301881001657
housing,1965,1.0,6,0.6672073981711953,0.8333333333333334,True,300,0.16940897216796813
housing,570,0.02,6,0.015913617669215917,1.0,False,120,
housing,570,0.05,6,0.03978404417303979,1.0,False,239,
housing,570,0.1,6,0.07956808834607958,1.0,False,293,
housing,570,0.2,6,0.15913617669215915,1.0,False,300,
housing,570,0.35,6,0.2784883092112785,1.0,False,300,
housing,570,0.5,6,0.39784044173039784,1.0,False,300,
housing,570,0.75,6,0.5967606625955968,1.0,False,300,
housing,570,1.0,6,0.7956808834607957,1.0,False,300,
housing,317,0.02,7,0.02188005387136133,1.0,False,180,
housing,317,0.05,7,0.054700134678403324,1.0,False,281,
housing,317,0.1,7,0.10940026935680665,1.0,False,300,
housing,317,0.2,7,0.2188005387136133,1.0,False,300,
housing,317,0.35,7,0.3829009427488233,0.9833333333333333,False,300,
housing,317,0.5,7,0.5470013467840332,0.9266666666666666,True,300,0.021340873055866183
housing,317,0.75,7,0.8205020201760499,0.7966666666666666,True,300,0.019123385853462516
housing,317,1.0,7,1.0940026935680665,0.7566666666666667,True,300,0.0705871520509449
housing,1812,0.02,6,0.012622704385244514,1.0,False,27,
housing,1812,0.05,6,0.03155676096311128,1.0,False,130,
housing,1812,0.1,6,0.06311352192622256,1.0,False,267,
housing,1812,0.2,6,0.12622704385244513,1.0,False,300,
housing,1812,0.35,6,0.22089732674177898,1.0,False,299,
housing,1812,0.5,6,0.31556760963111286,1.0,False,300,
housing,1812,0.75,6,0.4733514144466692,1.0,False,299,
housing,1812,1.0,6,0.6311352192622257,0.9966666666666667,False,299,
housing,847,0.02,3,0.07852606824923168,0.0033333333333333335,False,63,
housing,847,0.05,3,0.1963151706230792,0.0,False,150,
housing,847,0.1,3,0.3926303412461584,0.0,False,210,
housing,847,0.2,3,0.7852606824923168,0.0,False,271,
housing,847,0.35,3,1.3742061943615542,0.0,False,284,
housing,847,0.5,3,1.963151706230792,0.0,False,290,
housing,847,0.75,3,2.9447275593461875,0.0,False,291,
housing,847,1.0,3,3.926303412461584,0.0,False,291,
housing,1613,0.02,7,0.015773455887254723,1.0,False,225,
housing,1613,0.05,7,0.03943363971813681,1.0,False,280,
housing,1613,0.1,7,0.07886727943627363,1.0,False,299,
housing,1613,0.2,7,0.15773455887254725,1.0,False,300,
housing,1613,0.35,7,0.27603547802695766,0.9466666666666667,True,300,0.0028273660532187606
housing,1613,0.5,7,0.3943363971813681,0.8833333333333333,True,300,0.039197637964130116
housing,1613,0.75,7,0.5915045957720522,0.75,True,300,0.014343880547418308
housing,1613,1.0,7,0.7886727943627362,0.75,True,300,0.04566028806898359
housing,2508,0.02,6,0.012009633688802493,1.0,False,111,
housing,2508,0.05,6,0.030024084222006232,1.0,False,232,
housing,2508,0.1,6,0.060048168444012465,1.0,False,276,
housing,2508,0.2,6,0.12009633688802493,1.0,False,297,
housing,2508,0.35,6,0.21016858955404363,1.0,False,300,
housing,2508,0.5,6,0.3002408422200623,1.0,False,300,
housing,2508,0.75,6,0.4503612633300935,1.0,False,300,
housing,2508,1.0,6,0.6004816844401246,1.0,False,300,
housing,2943,0.02,6,0.011954306852450658,1.0,False,37,
housing,2943,0.05,6,0.02988576713112665,1.0,False,167,
housing,2943,0.1,6,0.0597715342622533,1.0,False,273,
housing,2943,0.2,6,0.1195430685245066,1.0,False,298,
housing,2943,0.35,6,0.2092003699178865,1.0,False,300,
housing,2943,0.5,6,0.29885767131126645,1.0,False,299,
housing,2943,0.75,6,0.44828650696689964,1.0,False,300,
housing,2943,1.0,6,0.5977153426225329,1.0,False,300,
housing,1101,0.02,6,0.02331604791125288,1.0,False,56,
housing,1101,0.05,6,0.058290119778132206,1.0,False,157,
housing,1101,0.1,6,0.11658023955626441,1.0,False,247,
housing,1101,0.2,6,0.23316047911252882,1.0,False,295,
housing,1101,0.35,6,0.4080308384469254,0.9933333333333333,False,298,
housing,1101,0.5,6,0.582901197781322,0.95,True,300,
housing,1101,0.75,6,0.874351796671983,0.85,True,300,0.14209872289420744
housing,1101,1.0,6,1.165802395562644,0.7866666666666666,True,300,0.13282996731794494
compas,894,0.02,3,0.004921076372074909,1.0,False,1,
compas,894,0.05,3,0.01230269093018727,1.0,False,1,
compas,894,0.1,3,0.02460538186037454,1.0,False,1,
compas,894,0.2,3,0.04921076372074908,1.0,False,1,
compas,894,0.35,3,0.0861188365113109,1.0,False,1,
compas,894,0.5,3,0.12302690930187271,1.0,False,1,
compas,894,0.75,3,0.18454036395280907,1.0,False,1,
compas,894,1.0,3,0.24605381860374542,1.0,False,1,
compas,6133,0.02,2,0.0012243726494347792,1.0,False,1,
compas,6133,0.05,2,0.003060931623586948,1.0,False,1,
compas,6133,0.1,2,0.006121863247173896,1.0,False,1,
compas,6133,0.2,2,0.012243726494347792,1.0,False,1,
compas,6133,0.35,2,0.021426521365108635,1.0,False,1,
compas,6133,0.5,2,0.03060931623586948,1.0,False,1,
compas,6133,0.75,2,0.045913974353804225,1.0,False,1,
compas,6133,1.0,2,0.06121863247173896,1.0,False,1,
compas,2694,0.02,2,0.005677835260935403,1.0,False,1,
compas,2694,0.05,2,0.014194588152338511,1.0,False,1,
compas,2694,0.1,2,0.028389176304677022,1.0,False,1,
compas,2694,0.2,2,0.056778352609354044,1.0,False,1,
compas,2694,0.35,2,0.09936211706636955,1.0,False,1,
compas,2694,0.5,2,0.14194588152338508,1.0,False,1,
compas,2694,0.75,2,0.21291882228507764,1.0,False,1,
compas,2694,1.0,2,0.28389176304677016,1.0,False,1,
compas,1248,0.02,3,0.002637463204161864,1.0,False,1,
compas,1248,0.05,3,0.006593658010404659,1.0,False,1,
compas,1248,0.1,3,0.013187316020809319,1.0,False,1,
compas,1248,0.2,3,0.026374632041618638,1.0,False,1,
compas,1248,0.35,3,0.04615560607283262,1.0,False,1,
compas,1248,0.5,3,0.0659365801040466,1.0,False,1,
compas,1248,0.75,3,0.09890487015606989,1.0,False,1,
compas,1248,1.0,3,0.1318731602080932,1.0,False,1,
compas,5831,0.02,4,0.028835194932831053,0.7066666666666667,True,2,0.4669811320754717
compas,5831,0.05,4,0.07208798733207764,0.6733333333333333,True,2,0.4405940594059406
compas,5831,0.1,4,0.14417597466415527,0.6666666666666666,True,2,0.455
compas,5831,0.2,4,0.28835194932831054,0.6366666666666667,True,2,0.42408376963350786
compas,5831,0.35,4,0.5046159113245434,0.6866666666666666,True,2,0.48058252427184467
compas,5831,0.5,4,0.7208798733207763,0.65,True,2,0.46153846153846156
compas,5831,0.75,4,1.0813198099811645,0.6466666666666666,True,2,0.5
compas,5831,1.0,4,1.4417597466415526,0.6833333333333333,True,2,0.4682926829268293
compas,5881,0.02,2,0.005853016101290539,1.0,False,1,
compas,5881,0.05,2,0.01463254025322635,1.0,False,1,
compas,5881,0.1,2,0.0292650805064527,1.0,False,1,
compas,5881,0.2,2,0.0585301610129054,1.0,False,1,
compas,5881,0.35,2,0.10242778177258444,1.0,False,1,
compas,5881,0.5,2,0.14632540253226348,1.0,False,1,
compas,5881,0.75,2,0.2194881037983952,1.0,False,1,
compas,5881,1.0,2,0.29265080506452695,1.0,False,1,
compas,4473,0.02,2,0.003750891669940532,1.0,False,1,
compas,4473,0.05,2,0.00937722917485133,1.0,False,1,
compas,4473,0.1,2,0.01875445834970266,1.0,False,1,
compas,4473,0.2,2,0.03750891669940532,1.0,False,1,
compas,4473,0.35,2,0.0656406042239593,1.0,False,1,
compas,4473,0.5,2,0.0937722917485133,1.0,False,1,
compas,4473,0.75,2,0.14065843762276994,1.0,False,1,
compas,4473,1.0,2,0.1875445834970266,1.0,False,1,
compas,156,0.02,5,0.015599756075390643,1.0,False,1,
compas,156,0.05,5,0.038999390188476604,1.0,False,1,
compas,156,0.1,5,0.07799878037695321,1.0,False,1,
compas,156,0.2,5,0.15599756075390642,1.0,False,1,
compas,156,0.35,5,0.27299573131933624,1.0,False,1,
compas,156,0.5,5,0.38999390188476607,1.0,False,1,
compas,156,0.75,5,0.5849908528271491,1.0,False,1,
compas,156,1.0,5,0.7799878037695321,1.0,False,1,
compas,117,0.02,3,0.005330037286710133,1.0,False,1,
compas,117,0.05,3,0.013325093216775333,1.0,False,1,
compas,117,0.1,3,0.026650186433550667,1.0,False,1,
compas,117,0.2,3,0.053300372867101334,1.0,False,1,
compas,117,0.35,3,0.09327565251742731,1.0,False,1,
compas,117,0.5,3,0.13325093216775333,1.0,False,1,
compas,117,0.75,3,0.19987639825162998,1.0,False,1,
compas,117,1.0,3,0.26650186433550666,1.0,False,1,
compas,5112,0.02,5,0.02349444986353587,1.0,False,2,
compas,5112,0.05,5,0.05873612465883968,1.0,False,2,
compas,5112,0.1,5,0.11747224931767936,1.0,False,2,
compas,5112,0.2,5,0.2349444986353587,1.0,False,2,
compas,5112,0.35,5,0.41115287261187766,1.0,False,2,
compas,5112,0.5,5,0.5873612465883967,1.0,False,2,
compas,5112,0.75,5,0.8810418698825951,1.0,False,2,
compas,5112,1.0,5,1.1747224931767934,1.0,False,2,
compas,3131,0.02,3,0.002434338503596835,1.0,False,1,
compas,3131,0.05,3,0.006085846258992088,1.0,False,1,
compas,3131,0.1,3,0.012171692517984176,1.0,False,1,
compas,3131,0.2,3,0.024343385035968352,1.0,False,1,
compas,3131,0.35,3,0.042600923812944606,1.0,False,1,
compas,3131,0.5,3,0.06085846258992088,1.0,False,1,
compas,3131,0.75,3,0.09128769388488131,1.0,False,1,
compas,3131,1.0,3,0.12171692517984176,1.0,False,1,
compas,1994,0.02,2,0.00782708492172042,1.0,False,1,
compas,1994,0.05,2,0.01956771230430105,1.0,False,1,
compas,1994,0.1,2,0.0391354246086021,1.0,False,1,
compas,1994,0.2,2,0.0782708492172042,1.0,False,1,
compas,1994,0.35,2,0.13697398613010736,1.0,False,1,
compas,1994,0.5,2,0.1956771230430105,1.0,False,1,
compas,1994,0.75,2,0.29351568456451577,1.0,False,1,
compas,1994,1.0,2,0.391354246086021,1.0,False,1,
compas,2212,0.02,2,0.001243105910540423,1.0,False,1,
compas,2212,0.05,2,0.0031077647763510575,1.0,False,1,
compas,2212,0.1,2,0.006215529552702115,1.0,False,1,
compas,2212,0.2,2,0.01243105910540423,1.0,False,1,
compas,2212,0.35,2,0.0217543534344574,1.0,False,1,
compas,2212,0.5,2,0.031077647763510574,1.0,False,1,
compas,2212,0.75,2,0.04661647164526586,1.0,False,1,
compas,2212,1.0,2,0.06215529552702115,1.0,False,1,
compas,5738,0.02,3,0.009271866155249284,1.0,False,1,
compas,5738,0.05,3,0.02317966538812321,1.0,False,1,
compas,5738,0.1,3,0.04635933077624642,1.0,False,1,
compas,5738,0.2,3,0.09271866155249284,1.0,False,1,
compas,5738,0.35,3,0.16225765771686246,1.0,False,1,
compas,5738,0.5,3,0.2317966538812321,1.0,False,1,
compas,5738,0.75,3,0.3476949808218482,1.0,False,1,
compas,5738,1.0,3,0.4635933077624642,1.0,False,1,
compas,3018,0.02,2,0.009933027494674345,1.0,False,1,
compas,3018,0.05,2,0.024832568736685868,1.0,False,1,
compas,3018,0.1,2,0.049665137473371736,1.0,False,1,
compas,3018,0.2,2,0.09933027494674347,1.0,False,1,
compas,3018,0.35,2,0.17382798115680104,1.0,False,1,
compas,3018,0.5,2,0.24832568736685864,1.0,False,1,
compas,3018,0.75,2,0.372488531050288,1.0,False,1,
compas,3018,1.0,2,0.4966513747337173,1.0,False,1,
compas,4771,0.02,5,0.021533596878549624,1.0,False,2,
compas,4771,0.05,5,0.05383399219637405,1.0,False,2,
compas,4771,0.1,5,0.1076679843927481,1.0,False,2,
compas,4771,0.2,5,0.2153359687854962,1.0,False,2,
compas,4771,0.35,5,0.3768379453746184,1.0,False,2,
compas,4771,0.5,5,0.5383399219637406,1.0,False,2,
compas,4771,0.75,5,0.8075098829456109,1.0,False,2,
compas,4771,1.0,5,1.0766798439274812,1.0,False,2,
compas,2637,0.02,2,0.002420753715140865,1.0,False,1,
compas,2637,0.05,2,0.006051884287852162,1.0,False,1,
compas,2637,0.1,2,0.012103768575704324,1.0,False,1,
compas,2637,0.2,2,0.024207537151408647,1.0,False,1,
compas,2637,0.35,2,0.04236319001496513,1.0,False,1,
compas,2637,0.5,2,0.06051884287852161,1.0,False,1,
compas,2637,0.75,2,0.09077826431778242,1.0,False,1,
compas,2637,1.0,2,0.12103768575704323,1.0,False,1,
compas,1870,0.02,2,0.00926505202225335,1.0,False,1,
compas,1870,0.05,2,0.023162630055633373,1.0,False,1,
compas,1870,0.1,2,0.046325260111266746,1.0,False,1,
compas,1870,0.2,2,0.09265052022253349,1.0,False,1,
compas,1870,0.35,2,0.1621384103894336,1.0,False,1,
compas,1870,0.5,2,0.23162630055633374,1.0,False,1,
compas,1870,0.75,2,0.34743945083450056,1.0,False,1,
compas,1870,1.0,2,0.4632526011126675,1.0,False,1,
compas,5304,0.02,3,0.007946263365303793,1.0,False,1,
compas,5304,0.05,3,0.01986565841325948,1.0,False,1,
compas,5304,0.1,3,0.03973131682651896,1.0,False,1,
compas,5304,0.2,3,0.07946263365303792,1.0,False,1,
compas,5304,0.35,3,0.13905960889281635,1.0,False,1,
compas,5304,0.5,3,0.1986565841325948,1.0,False,1,
compas,5304,0.75,3,0.2979848761988922,1.0,False,1,
compas,5304,1.0,3,0.3973131682651896,1.0,False,1,
compas,3744,0.02,3,0.008466085589174197,1.0,False,1,
compas,3744,0.05,3,0.02116521397293549,1.0,False,1,
compas,3744,0.1,3,0.04233042794587098,1.0,False,1,
compas,3744,0.2,3,0.08466085589174197,1.0,False,1,
compas,3744,0.35,3,0.14815649781054843,1.0,False,1,
compas,3744,0.5,3,0.2116521397293549,1.0,False,1,
compas,3744,0.75,3,0.31747820959403233,1.0,False,1,
compas,3744,1.0,3,0.4233042794587098,1.0,False,1,
compas,2538,0.02,2,0.007053914580686095,1.0,False,1,
compas,2538,0.05,2,0.017634786451715238,1.0,False,1,
compas,2538,0.1,2,0.035269572903430475,1.0,False,1,
compas,2538,0.2,2,0.07053914580686095,1.0,False,1,
compas,2538,0.35,2,0.12344350516200665,1.0,False,1,
compas,2538,0.5,2,0.17634786451715237,1.0,False,1,
compas,2538,0.75,2,0.26452179677572857,1.0,False,1,
compas,2538,1.0,2,0.35269572903430474,1.0,False,1,
compas,5387,0.02,2,0.010469299125345093,1.0,False,1,
compas,5387,0.05,2,0.026173247813362735,1.0,False,1,
compas,5387,0.1,2,0.05234649562672547,1.0,False,1,
compas,5387,0.2,2,0.10469299125345094,1.0,False,1,
compas,5387,0.35,2,0.1832127346935391,1.0,False,1,
compas,5387,0.5,2,0.2617324781336273,1.0,False,1,
compas,5387,0.75,2,0.39259871720044104,1.0,False,1,
compas,5387,1.0,2,0.5234649562672546,1.0,False,1,
compas,3209,0.02,3,0.008097760444198097,1.0,False,1,
compas,3209,0.05,3,0.020244401110495244,1.0,False,1,
compas,3209,0.1,3,0.04048880222099049,1.0,False,1,
compas,3209,0.2,3,0.08097760444198097,1.0,False,1,
compas,3209,0.35,3,0.1417108077734667,1.0,False,1,
compas,3209,0.5,3,0.20244401110495244,1.0,False,1,
compas,3209,0.75,3,0.30366601665742865,1.0,False,1,
compas,3209,1.0,3,0.4048880222099049,1.0,False,1,
compas,2668,0.02,3,0.01659738956486266,1.0,False,1,
compas,2668,0.05,3,0.041493473912156645,1.0,False,1,
compas,2668,0.1,3,0.08298694782431329,1.0,False,1,
compas,2668,0.2,3,0.16597389564862658,1.0,False,1,
compas,2668,0.35,3,0.2904543173850965,1.0,False,1,
compas,2668,0.5,3,0.4149347391215665,1.0,False,1,
compas,2668,0.75,3,0.6224021086823497,1.0,False,1,
compas,2668,1.0,3,0.829869478243133,1.0,False,1,
compas,5404,0.02,2,0.0038344844847650267,1.0,False,1,
compas,5404,0.05,2,0.009586211211912568,1.0,False,1,
compas,5404,0.1,2,0.019172422423825136,1.0,False,1,
compas,5404,0.2,2,0.03834484484765027,1.0,False,1,
compas,5404,0.35,2,0.06710347848338796,1.0,False,1,
compas,5404,0.5,2,0.09586211211912567,1.0,False,1,
compas,5404,0.75,2,0.1437931681786885,1.0,False,1,
compas,5404,1.0,2,0.19172422423825133,1.0,False,1,
compas,5566,0.02,2,0.003694615410366576,1.0,False,1,
compas,5566,0.05,2,0.009236538525916441,1.0,False,1,
compas,5566,0.1,2,0.018473077051832883,1.0,False,1,
compas,5566,0.2,2,0.036946154103665765,1.0,False,1,
compas,5566,0.35,2,0.06465576968141507,1.0,False,1,
compas,5566,0.5,2,0.09236538525916439,1.0,False,1,
compas,5566,0.75,2,0.1385480778887466,1.0,False,1,
compas,5566,1.0,2,0.18473077051832879,1.0,False,1,
compas,1330,0.02,2,0.006087318689139341,1.0,False,1,
compas,1330,0.05,2,0.015218296722848352,1.0,False,1,
compas,1330,0.1,2,0.030436593445696703,1.0,False,1,
compas,1330,0.2,2,0.060873186891393406,1.0,False,1,
compas,1330,0.35,2,0.10652807705993844,1.0,False,1,
compas,1330,0.5,2,0.1521829672284835,1.0,False,1,
compas,1330,0.75,2,0.22827445084272524,1.0,False,1,
compas,1330,1.0,2,0.304365934456967,1.0,False,1,
compas,3604,0.02,2,0.001243105910540423,1.0,False,1,
compas,3604,0.05,2,0.0031077647763510575,1.0,False,1,
compas,3604,0.1,2,0.006215529552702115,1.0,False,1,
compas,3604,0.2,2,0.01243105910540423,1.0,False,1,
compas,3604,0.35,2,0.0217543534344574,1.0,False,1,
compas,3604,0.5,2,0.031077647763510574,1.0,False,1,
compas,3604,0.75,2,0.04661647164526586,1.0,False,1,
compas,3604,1.0,2,0.06215529552702115,1.0,False,1,
compas,4014,0.02,2,0.001205639388329134,1.0,False,1,
compas,4014,0.05,2,0.003014098470822835,1.0,False,1,
compas,4014,0.1,2,0.00602819694164567,1.0,False,1,
compas,4014,0.2,2,0.01205639388329134,1.0,False,1,
compas,4014,0.35,2,0.02109868929575984,1.0,False,1,
compas,4014,0.5,2,0.030140984708228347,1.0,False,1,
compas,4014,0.75,2,0.04521147706234252,1.0,False,1,
compas,4014,1.0,2,0.06028196941645669,1.0,False,1,
compas,660,0.02,2,0.006023218985144937,1.0,False,1,
compas,660,0.05,2,0.015058047462862342,1.0,False,1,
compas,660,0.1,2,0.030116094925724684,1.0,False,1,
compas,660,0.2,2,0.06023218985144937,1.0,False,1,
compas,660,0.35,2,0.1054063322400364,1.0,False,1,
compas,660,0.5,2,0.15058047462862342,1.0,False,1,
compas,660,0.75,2,0.22587071194293512,1.0,False,1,
compas,660,1.0,2,0.30116094925724685,1.0,False,1,
compas,3662,0.02,2,0.004692222504100179,1.0,False,1,
compas,3662,0.05,2,0.01173055626025045,1.0,False,1,
compas,3662,0.1,2,0.0234611125205009,1.0,False,1,
compas,3662,0.2,2,0.0469222250410018,1.0,False,1,
compas,3662,0.35,2,0.08211389382175314,1.0,False,1,
compas,3662,0.5,2,0.11730556260250449,1.0,False,1,
compas,3662,0.75,2,0.17595834390375673,1.0,False,1,
compas,3662,1.0,2,0.23461112520500899,1.0,False,1,
compas,5873,0.02,2,0.019480747188738625,1.0,False,1,
compas,5873,0.05,2,0.04870186797184656,1.0,False,1,
compas,5873,0.1,2,0.09740373594369311,1.0,False,1,
compas,5873,0.2,2,0.19480747188738623,1.0,False,1,
compas,5873,0.35,2,0.3409130758029259,1.0,False,1,
compas,5873,0.5,2,0.4870186797184656,1.0,False,1,
compas,5873,0.75,2,0.7305280195776983,1.0,False,1,
compas,5873,1.0,2,0.9740373594369311,1.0,False,1,
compas,784,0.02,2,0.00964891548067785,1.0,False,1,
compas,784,0.05,2,0.024122288701694628,1.0,False,1,
compas,784,0.1,2,0.048244577403389256,1.0,False,1,
compas,784,0.2,2,0.09648915480677851,1.0,False,1,
compas,784,0.35,2,0.16885602091186236,1.0,False,1,
compas,784,0.5,2,0.24122288701694625,1.0,False,1,
compas,784,0.75,2,0.36183433052541936,1.0,False,1,
compas,784,1.0,2,0.4824457740338925,1.0,False,1,
compas,4964,0.02,2,0.0012243726494347792,1.0,False,1,
compas,4964,0.05,2,0.003060931623586948,1.0,False,1,
compas,4964,0.1,2,0.006121863247173896,1.0,False,1,
compas,4964,0.2,2,0.012243726494347792,1.0,False,1,
compas,4964,0.35,2,0.021426521365108635,1.0,False,1,
compas,4964,0.5,2,0.03060931623586948,1.0,False,1,
compas,4964,0.75,2,0.045913974353804225,1.0,False,1,
compas,4964,1.0,2,0.06121863247173896,1.0,False,1,
compas,5720,0.02,2,0.0027121278454327554,1.0,False,1,
compas,5720,0.05,2,0.006780319613581888,1.0,False,1,
compas,5720,0.1,2,0.013560639227163777,1.0,False,1,
compas,5720,0.2,2,0.027121278454327553,1.0,False,1,
compas,5720,0.35,2,0.047462237295073206,1.0,False,1,
compas,5720,0.5,2,0.06780319613581888,1.0,False,1,
compas,5720,0.75,2,0.10170479420372831,1.0,False,1,
compas,5720,1.0,2,0.13560639227163776,1.0,False,1,
compas,2730,0.02,2,0.002576815684120915,1.0,False,1,
compas,2730,0.05,2,0.006442039210302288,1.0,False,1,
compas,2730,0.1,2,0.012884078420604576,1.0,False,1,
compas,2730,0.2,2,0.02576815684120915,1.0,False,1,
compas,2730,0.35,2,0.04509427447211601,1.0,False,1,
compas,2730,0.5,2,0.06442039210302287,1.0,False,1,
compas,2730,0.75,2,0.0966305881545343,1.0,False,1,
compas,2730,1.0,2,0.12884078420604575,1.0,False,1,
compas,5751,0.02,2,0.0032302195327812695,1.0,False,1,
compas,5751,0.05,2,0.008075548831953173,1.0,False,1,
compas,5751,0.1,2,0.016151097663906346,1.0,False,1,
compas,5751,0.2,2,0.03230219532781269,1.0,False,1,
compas,5751,0.35,2,0.05652884182367221,1.0,False,1,
compas,5751,0.5,2,0.08075548831953173,1.0,False,1,
compas,5751,0.75,2,0.12113323247929761,1.0,False,1,
compas,5751,1.0,2,0.16151097663906347,1.0,False,1,
compas,4919,0.02,2,0.002996790265479217,1.0,False,1,
compas,4919,0.05,2,0.007491975663698042,1.0,False,1,
compas,4919,0.1,2,0.014983951327396085,1.0,False,1,
compas,4919,0.2,2,0.02996790265479217,1.0,False,1,
compas,4919,0.35,2,0.05244382964588629,1.0,False,1,
compas,4919,0.5,2,0.07491975663698043,1.0,False,1,
compas,4919,0.75,2,0.11237963495547064,1.0,False,1,
compas,4919,1.0,2,0.14983951327396086,1.0,False,1,
compas,3777,0.02,4,0.008808388461810602,1.0,False,1,
compas,3777,0.05,4,0.022020971154526506,1.0,False,1,
compas,3777,0.1,4,0.04404194230905301,1.0,False,1,
compas,3777,0.2,4,0.08808388461810603,1.0,False,1,
compas,3777,0.35,4,0.15414679808168552,1.0,False,1,
compas,3777,0.5,4,0.22020971154526506,1.0,False,1,
compas,3777,0.75,4,0.3303145673178976,1.0,False,1,
compas,3777,1.0,4,0.4404194230905301,1.0,False,1,
compas,1635,0.02,2,0.005853016101290539,1.0,False,1,
compas,1635,0.05,2,0.01463254025322635,1.0,False,1,
compas,1635,0.1,2,0.0292650805064527,1.0,False,1,
compas,1635,0.2,2,0.0585301610129054,1.0,False,1,
compas,1635,0.35,2,0.10242778177258444,1.0,False,1,
compas,1635,0.5,2,0.14632540253226348,1.0,False,1,
compas,1635,0.75,2,0.2194881037983952,1.0,False,1,
compas,1635,1.0,2,0.29265080506452695,1.0,False,1,
compas,4209,0.02,2,0.0013492776642374917,1.0,False,1,
compas,4209,0.05,2,0.0033731941605937297,1.0,False,1,
compas,4209,0.1,2,0.006746388321187459,1.0,False,1,
compas,4209,0.2,2,0.013492776642374919,1.0,False,1,
compas,4209,0.35,2,0.0236123591241561,1.0,False,1,
compas,4209,0.5,2,0.033731941605937295,1.0,False,1,
compas,4209,0.75,2,0.05059791240890594,1.0,False,1,
compas,4209,1.0,2,0.06746388321187459,1.0,False,1,
compas,2266,0.02,4,0.00907540202584701,1.0,False,1,
compas,2266,0.05,4,0.022688505064617524,1.0,False,1,
compas,2266,0.1,4,0.04537701012923505,1.0,False,1,
compas,2266,0.2,4,0.0907540202584701,1.0,False,1,
compas,2266,0.35,4,0.15881953545232266,1.0,False,1,
compas,2266,0.5,4,0.22688505064617523,1.0,False,1,
compas,2266,0.75,4,0.34032757596926283,1.0,False,1,
compas,2266,1.0,4,0.45377010129235046,1.0,False,1,
compas,1575,0.02,2,0.0024302286536234587,1.0,False,1,
compas,1575,0.05,2,0.006075571634058647,1.0,False,1,
compas,1575,0.1,2,0.012151143268117294,1.0,False,1,
compas,1575,0.2,2,0.024302286536234587,1.0,False,1,
compas,1575,0.35,2,0.04252900143841053,1.0,False,1,
compas,1575,0.5,2,0.06075571634058647,1.0,False,1,
compas,1575,0.75,2,0.0911335745108797,1.0,False,1,
compas,1575,1.0,2,0.12151143268117294,1.0,False,1,
compas,3326,0.02,2,0.003846429153648043,1.0,False,1,
compas,3326,0.05,2,0.009616072884120109,1.0,False,1,
compas,3326,0.1,2,0.019232145768240217,1.0,False,1,
compas,3326,0.2,2,0.038464291536480434,1.0,False,1,
compas,3326,0.35,2,0.06731251018884074,1.0,False,1,
compas,3326,0.5,2,0.09616072884120107,1.0,False,1,
compas,3326,0.75,2,0.1442410932618016,1.0,False,1,
compas,3326,1.0,2,0.19232145768240214,1.0,False,1,
compas,1018,0.02,6,0.02911328572672214,0.0,False,2,
compas,1018,0.05,6,0.07278321431680536,0.0,False,2,
compas,1018,0.1,6,0.14556642863361072,0.0,False,2,
compas,1018,0.2,6,0.29113285726722143,0.0,False,2,
compas,1018,0.35,6,0.5094825002176374,0.0,False,2,
compas,1018,0.5,6,0.7278321431680534,0.0,False,2,
compas,1018,0.75,6,1.0917482147520803,0.0,False,2,
compas,1018,1.0,6,1.455664286336107,0.0,False,2,
compas,2546,0.02,2,0.0029334484775886344,1.0,False,1,
compas,2546,0.05,2,0.007333621193971586,1.0,False,1,
compas,2546,0.1,2,0.014667242387943173,1.0,False,1,
compas,2546,0.2,2,0.029334484775886346,1.0,False,1,
compas,2546,0.35,2,0.051335348357801104,1.0,False,1,
compas,2546,0.5,2,0.07333621193971586,1.0,False,1,
compas,2546,0.75,2,0.11000431790957378,1.0,False,1,
compas,2546,1.0,2,0.14667242387943172,1.0,False,1,
compas,900,0.02,2,0.0024862118210808456,1.0,False,1,
compas,900,0.05,2,0.006215529552702115,1.0,False,1,
compas,900,0.1,2,0.01243105910540423,1.0,False,1,
compas,900,0.2,2,0.02486211821080846,1.0,False,1,
compas,900,0.35,2,0.043508706868914795,1.0,False,1,
compas,900,0.5,2,0.06215529552702114,1.0,False,1,
compas,900,0.75,2,0.09323294329053171,1.0,False,1,
compas,900,1.0,2,0.12431059105404228,1.0,False,1,
compas,1655,0.02,2,0.0032159869806688843,1.0,False,1,
compas,1655,0.05,2,0.00803996745167221,1.0,False,1,
compas,1655,0.1,2,0.01607993490334442,1.0,False,1,
compas,1655,0.2,2,0.03215986980668884,1.0,False,1,
compas,1655,0.35,2,0.056279772161705474,1.0,False,1,
compas,1655,0.5,2,0.0803996745167221,1.0,False,1,
compas,1655,0.75,2,0.12059951177508316,1.0,False,1,
compas,1655,1.0,2,0.1607993490334442,1.0,False,1,
compas,3865,0.02,2,0.0047117146123636785,1.0,False,1,
compas,3865,0.05,2,0.011779286530909197,1.0,False,1,
compas,3865,0.1,2,0.023558573061818393,1.0,False,1,
compas,3865,0.2,2,0.04711714612363679,1.0,False,1,
compas,3865,0.35,2,0.08245500571636437,1.0,False,1,
compas,3865,0.5,2,0.11779286530909196,1.0,False,1,
compas,3865,0.75,2,0.17668929796363794,1.0,False,1,
compas,3865,1.0,2,0.23558573061818391,1.0,False,1,
compas,119,0.02,2,0.010676427860881037,1.0,False,1,
compas,119,0.05,2,0.026691069652202592,1.0,False,1,
compas,119,0.1,2,0.053382139304405184,1.0,False,1,
compas,119,0.2,2,0.10676427860881037,1.0,False,1,
compas,119,0.35,2,0.1868374875654181,1.0,False,1,
compas,119,0.5,2,0.26691069652202587,1.0,False,1,
compas,119,0.75,2,0.40036604478303883,1.0,False,1,
compas,119,1.0,2,0.5338213930440517,1.0,False,1,
compas,3961,0.02,4,0.007656048242612138,1.0,False,2,
compas,3961,0.05,4,0.019140120606530347,1.0,False,2,
compas,3961,0.1,4,0.038280241213060694,1.0,False,2,
compas,3961,0.2,4,0.07656048242612139,1.0,False,2,
compas,3961,0.35,4,0.1339808442457124,1.0,False,2,
compas,3961,0.5,4,0.19140120606530345,1.0,False,2,
compas,3961,0.75,4,0.2871018090979552,1.0,False,2,
compas,3961,1.0,4,0.3828024121306069,1.0,False,2,
compas,4052,0.02,2,0.008949458044842708,1.0,False,1,
compas,4052,0.05,2,0.022373645112106773,1.0,False,1,
compas,4052,0.1,2,0.044747290224213546,1.0,False,1,
compas,4052,0.2,2,0.08949458044842709,1.0,False,1,
compas,4052,0.35,2,0.1566155157847474,1.0,False,1,
compas,4052,0.5,2,0.22373645112106771,1.0,False,1,
compas,4052,0.75,2,0.3356046766816016,1.0,False,1,
compas,4052,1.0,2,0.44747290224213543,1.0,False,1,
compas,1173,0.02,2,0.003129176402220833,1.0,False,1,
compas,1173,0.05,2,0.007822941005552083,1.0,False,1,
compas,1173,0.1,2,0.015645882011104166,1.0,False,1,
compas,1173,0.2,2,0.03129176402220833,1.0,False,1,
compas,1173,0.35,2,0.05476058703886457,1.0,False,1,
compas,1173,0.5,2,0.07822941005552082,1.0,False,1,
compas,1173,0.75,2,0.11734411508328123,1.0,False,1,
compas,1173,1.0,2,0.15645882011104165,1.0,False,1,
compas,655,0.02,2,0.0024302286536234583,1.0,False,1,
compas,655,0.05,2,0.006075571634058647,1.0,False,1,
compas,655,0.1,2,0.012151143268117294,1.0,False,1,
compas,655,0.2,2,0.024302286536234587,1.0,False,1,
compas,655,0.35,2,0.04252900143841052,1.0,False,1,
compas,655,0.5,2,0.060755716340586456,1.0,False,1,
compas,655,0.75,2,0.0911335745108797,1.0,False,1,
compas,655,1.0,2,0.12151143268117291,1.0,False,1,
compas,3737,0.02,2,0.004266881732018898,1.0,False,1,
compas,3737,0.05,2,0.010667204330047246,1.0,False,1,
compas,3737,0.1,2,0.021334408660094492,1.0,False,1,
compas,3737,0.2,2,0.042668817320188984,1.0,False,1,
compas,3737,0.35,2,0.07467043031033072,1.0,False,1,
compas,3737,0.5,2,0.10667204330047245,1.0,False,1,
compas,3737,0.75,2,0.16000806495070868,1.0,False,1,
compas,3737,1.0,2,0.2133440866009449,1.0,False,1,
compas,1751,0.02,3,0.003555302992805422,1.0,False,1,
compas,1751,0.05,3,0.008888257482013554,1.0,False,1,
compas,1751,0.1,3,0.01777651496402711,1.0,False,1,
compas,1751,0.2,3,0.03555302992805422,1.0,False,1,
compas,1751,0.35,3,0.06221780237409487,1.0,False,1,
compas,1751,0.5,3,0.08888257482013553,1.0,False,1,
compas,1751,0.75,3,0.13332386223020332,1.0,False,1,
compas,1751,1.0,3,0.17776514964027107,1.0,False,1,
compas,3330,0.02,2,0.003864235902339486,1.0,False,1,
compas,3330,0.05,2,0.009660589755848714,1.0,False,1,
compas,3330,0.1,2,0.01932117951169743,1.0,False,1,
compas,3330,0.2,2,0.03864235902339486,1.0,False,1,
compas,3330,0.35,2,0.067624128290941,1.0,False,1,
compas,3330,0.5,2,0.09660589755848714,1.0,False,1,
compas,3330,0.75,2,0.1449088463377307,1.0,False,1,
compas,3330,1.0,2,0.19321179511697428,1.0,False,1,
compas,5164,0.02,2,0.002430228653623458,1.0,False,1,
compas,5164,0.05,2,0.006075571634058645,1.0,False,1,
compas,5164,0.1,2,0.01215114326811729,1.0,False,1,
compas,5164,0.2,2,0.02430228653623458,1.0,False,1,
compas,5164,0.35,2,0.04252900143841051,1.0,False,1,
compas,5164,0.5,2,0.06075571634058645,1.0,False,1,
compas,5164,0.75,2,0.09113357451087968,1.0,False,1,
compas,5164,1.0,2,0.1215114326811729,1.0,False,1,
compas,6073,0.02,2,0.00473585595149633,1.0,False,1,
compas,6073,0.05,2,0.011839639878740827,1.0,False,1,
compas,6073,0.1,2,0.023679279757481655,1.0,False,1,
compas,6073,0.2,2,0.04735855951496331,1.0,False,1,
compas,6073,0.35,2,0.08287747915118578,1.0,False,1,
compas,6073,0.5,2,0.11839639878740826,1.0,False,1,
compas,6073,0.75,2,0.1775945981811124,1.0,False,1,
compas,6073,1.0,2,0.23679279757481653,1.0,False,1,
compas,2276,0.02,2,0.007316982564282995,1.0,False,1,
compas,2276,0.05,2,0.018292456410707487,1.0,False,1,
compas,2276,0.1,2,0.036584912821414975,1.0,False,1,
compas,2276,0.2,2,0.07316982564282995,1.0,False,1,
compas,2276,0.35,2,0.12804719487495242,1.0,False,1,
compas,2276,0.5,2,0.1829245641070749,1.0,False,1,
compas,2276,0.75,2,0.2743868461606123,1.0,False,1,
compas,2276,1.0,2,0.3658491282141498,1.0,False,1,
german,986,0.02,12,0.030290482904343063,0.9733333333333334,True,1,
german,986,0.05,12,0.07572620726085766,0.9933333333333333,False,1,
german,986,0.1,12,0.15145241452171532,0.9633333333333334,True,1,
german,986,0.2,12,0.30290482904343063,0.9566666666666667,True,1,
german,986,0.35,12,0.5300834508260035,0.9566666666666667,True,1,
german,986,0.5,12,0.7572620726085765,0.9766666666666667,True,2,
german,986,0.75,12,1.1358931089128648,0.97,True,2,
german,986,1.0,12,1.514524145217153,0.96,True,2,
german,428,0.02,10,0.023733690568746642,1.0,False,1,
german,428,0.05,10,0.0593342264218666,1.0,False,1,
german,428,0.1,10,0.1186684528437332,1.0,False,1,
german,428,0.2,10,0.2373369056874664,1.0,False,1,
german,428,0.35,10,0.41533958495306617,1.0,False,1,
german,428,0.5,10,0.593342264218666,1.0,False,1,
german,428,0.75,10,0.890013396327999,1.0,False,1,
german,428,1.0,10,1.186684528437332,1.0,False,2,
german,416,0.02,12,0.026551108188169928,1.0,False,1,
german,416,0.05,12,0.06637777047042481,1.0,False,1,
german,416,0.1,12,0.13275554094084963,1.0,False,1,
german,416,0.2,12,0.26551108188169925,1.0,False,1,
german,416,0.35,12,0.46464439329297375,1.0,False,1,
german,416,0.5,12,0.6637777047042482,1.0,False,1,
german,416,0.75,12,0.9956665570563723,1.0,False,2,
german,416,1.0,12,1.3275554094084965,1.0,False,2,
german,193,0.02,12,0.02269103199290796,1.0,False,1,
german,193,0.05,12,0.056727579982269905,1.0,False,1,
german,193,0.1,12,0.11345515996453981,1.0,False,1,
german,193,0.2,12,0.22691031992907962,1.0,False,1,
german,193,0.35,12,0.3970930598758893,1.0,False,1,
german,193,0.5,12,0.567275799822699,1.0,False,1,
german,193,0.75,12,0.8509136997340485,1.0,False,1,
german,193,1.0,12,1.134551599645398,1.0,False,2,
german,920,0.02,11,0.01951915719965321,1.0,False,2,
german,920,0.05,11,0.04879789299913303,1.0,False,2,
german,920,0.1,11,0.09759578599826606,1.0,False,2,
german,920,0.2,11,0.19519157199653211,1.0,False,2,
german,920,0.35,11,0.34158525099393117,1.0,False,2,
german,920,0.5,11,0.48797892999133025,1.0,False,2,
german,920,0.75,11,0.7319683949869954,1.0,False,2,
german,920,1.0,11,0.9759578599826605,1.0,False,2,
german,906,0.02,12,0.04061637919933458,0.96,True,1,
german,906,0.05,12,0.10154094799833643,0.9333333333333333,True,1,0.0
german,906,0.1,12,0.20308189599667287,0.9133333333333333,True,1,0.0
german,906,0.2,12,0.40616379199334574,0.9433333333333334,True,1,0.0
german,906,0.35,12,0.7107866359883551,0.9333333333333333,True,1,0.0
german,906,0.5,12,1.0154094799833644,0.91,True,2,0.037037037037037035
german,906,0.75,12,1.5231142199750467,0.9466666666666667,True,2,0.05897887323943662
german,906,1.0,12,2.030818959966729,0.9266666666666666,True,2,0.25474166121648134
german,692,0.02,11,0.02594650551948478,1.0,False,1,
german,692,0.05,11,0.06486626379871195,1.0,False,1,
german,692,0.1,11,0.1297325275974239,1.0,False,1,
german,692,0.2,11,0.2594650551948478,1.0,False,1,
german,692,0.35,11,0.45406384659098364,1.0,False,1,
german,692,0.5,11,0.6486626379871195,1.0,False,1,
german,692,0.75,11,0.9729939569806791,1.0,False,2,
german,692,1.0,11,1.297325275974239,1.0,False,2,
german,24,0.02,11,0.03517053931381653,0.56,True,2,0.4696969696969697
german,24,0.05,11,0.08792634828454132,0.5766666666666667,True,2,0.41732283464566927
german,24,0.1,11,0.17585269656908264,0.54,True,2,0.4855072463768116
german,24,0.2,11,0.3517053931381653,0.5266666666666666,True,2,0.4154929577464789
german,24,0.35,11,0.6154844379917892,0.5366666666666666,True,2,0.45323741007194246
german,24,0.5,11,0.8792634828454131,0.52,True,2,0.4027777777777778
german,24,0.75,11,1.3188952242681196,0.49666666666666665,True,2,0.4833548157695898
german,24,1.0,11,1.7585269656908262,0.5166666666666667,True,2,0.4307007786429366
german,18,0.02,12,0.02885327891027491,0.72,True,2,0.17923280423280424
german,18,0.05,12,0.07213319727568727,0.6733333333333333,True,2,0.18710850676904428
german,18,0.1,12,0.14426639455137455,0.6533333333333333,True,2,0.05317896389324955
german,18,0.2,12,0.2885327891027491,0.5966666666666667,True,2,0.12821459901195803
german,18,0.35,12,0.5049323809298109,0.6333333333333333,True,2,0.177511961722488
german,18,0.5,12,0.7213319727568727,0.65,True,2,0.11428571428571427
german,18,0.75,12,1.081997959135309,0.6533333333333333,True,2,0.12794348508634218
german,18,1.0,12,1.4426639455137453,0.6433333333333333,True,2,0.0239213597404484
german,803,0.02,10,0.018072105155651646,1.0,False,1,
german,803,0.05,10,0.045180262889129116,1.0,False,1,
german,803,0.1,10,0.09036052577825823,1.0,False,1,
german,803,0.2,10,0.18072105155651647,1.0,False,1,
german,803,0.35,10,0.31626184022390375,1.0,False,1,
german,803,0.5,10,0.45180262889129114,1.0,False,1,
german,803,0.75,10,0.6777039433369367,1.0,False,1,
german,803,1.0,10,0.9036052577825823,1.0,False,1,
german,495,0.02,11,0.020902373619531747,1.0,False,1,
german,495,0.05,11,0.05225593404882937,1.0,False,1,
german,495,0.1,11,0.10451186809765874,1.0,False,1,
german,495,0.2,11,0.20902373619531747,1.0,False,1,
german,495,0.35,11,0.3657915383418055,1.0,False,1,
german,495,0.5,11,0.5225593404882937,1.0,False,1,
german,495,0.75,11,0.7838390107324404,1.0,False,2,
german,495,1.0,11,1.0451186809765873,1.0,False,2,
german,309,0.02,12,0.025671083242275863,0.6533333333333333,True,2,0.41346153846153844
german,309,0.05,12,0.06417770810568967,0.5233333333333333,True,2,0.35664335664335667
german,309,0.1,12,0.12835541621137933,0.5066666666666667,True,2,0.5067567567567568
german,309,0.2,12,0.25671083242275866,0.5366666666666666,True,2,0.4676258992805755
german,309,0.35,12,0.44924395673982764,0.5366666666666666,True,2,0.4244604316546763
german,309,0.5,12,0.6417770810568966,0.5633333333333334,True,2,0.3816793893129771
german,309,0.75,12,0.9626656215853449,0.5633333333333334,True,2,0.4351145038167939
german,309,1.0,12,1.2835541621137931,0.53,True,2,0.433427003880637
german,341,0.02,12,0.023659234014274305,1.0,False,2,
german,341,0.05,12,0.05914808503568576,1.0,False,2,
german,341,0.1,12,0.11829617007137153,1.0,False,2,
german,341,0.2,12,0.23659234014274305,1.0,False,2,
german,341,0.35,12,0.4140365952498003,1.0,False,2,
german,341,0.5,12,0.5914808503568576,1.0,False,2,
german,341,0.75,12,0.8872212755352864,1.0,False,2,
german,341,1.0,12,1.1829617007137152,1.0,False,2,
german,897,0.02,12,0.038199747906204375,0.5866666666666667,True,2,0.010080645161290314
german,897,0.05,12,0.09549936976551095,0.51,True,2,0.05975723622782447
german,897,0.1,12,0.1909987395310219,0.52,True,2,0.13354700854700852
german,897,0.2,12,0.3819974790620438,0.5133333333333333,True,2,0.10745418964597048
german,897,0.35,12,0.6684955883585766,0.5,True,2,0.006666666666666599
german,897,0.5,12,0.9549936976551094,0.5166666666666667,True,2,0.020467185761957662
german,897,0.75,12,1.432490546482664,0.59,True,2,0.008681273253410504
german,897,1.0,12,1.9099873953102189,0.4766666666666667,True,2,0.0908645494632756
german,484,0.02,12,0.023613914159334646,1.0,False,1,
german,484,0.05,12,0.05903478539833661,1.0,False,1,
german,484,0.1,12,0.11806957079667323,1.0,False,1,
german,484,0.2,12,0.23613914159334645,1.0,False,1,
german,484,0.35,12,0.41324349778835623,1.0,False,1,
german,484,0.5,12,0.5903478539833661,1.0,False,1,
german,484,0.75,12,0.8855217809750492,1.0,False,1,
german,484,1.0,12,1.1806957079667322,1.0,False,1,
german,767,0.02,11,0.022992609603326733,1.0,False,2,
german,767,0.05,11,0.05748152400831683,1.0,False,2,
german,767,0.1,11,0.11496304801663366,1.0,False,2,
german,767,0.2,11,0.22992609603326733,1.0,False,2,
german,767,0.35,11,0.40237066805821775,1.0,False,2,
german,767,0.5,11,0.5748152400831683,1.0,False,2,
german,767,0.75,11,0.8622228601247524,1.0,False,2,
german,767,1.0,11,1.1496304801663366,1.0,False,2,
german,969,0.02,12,0.02328082791772454,1.0,False,1,
german,969,0.05,12,0.058202069794311355,1.0,False,1,
german,969,0.1,12,0.11640413958862271,1.0,False,1,
german,969,0.2,12,0.23280827917724542,1.0,False,1,
german,969,0.35,12,0.40741448856017937,1.0,False,1,
german,969,0.5,12,0.5820206979431135,1.0,False,1,
german,969,0.75,12,0.8730310469146703,1.0,False,1,
german,969,1.0,12,1.164041395886227,1.0,False,1,
german,294,0.02,12,0.030305009013677775,1.0,False,1,
german,294,0.05,12,0.07576252253419444,1.0,False,1,
german,294,0.1,12,0.15152504506838887,1.0,False,1,
german,294,0.2,12,0.30305009013677775,1.0,False,1,
german,294,0.35,12,0.530337657739361,1.0,False,1,
german,294,0.5,12,0.7576252253419444,1.0,False,1,
german,294,0.75,12,1.1364378380129165,1.0,False,1,
german,294,1.0,12,1.5152504506838889,1.0,False,2,
german,828,0.02,12,0.021978445779863374,1.0,False,1,
german,828,0.05,12,0.05494611444965843,1.0,False,1,
german,828,0.1,12,0.10989222889931687,1.0,False,1,
german,828,0.2,12,0.21978445779863373,1.0,False,1,
german,828,0.35,12,0.38462280114760905,1.0,False,1,
german,828,0.5,12,0.5494611444965843,1.0,False,1,
german,828,0.75,12,0.8241917167448766,1.0,False,1,
german,828,1.0,12,1.0989222889931687,1.0,False,1,
german,606,0.02,11,0.026467475011065427,1.0,False,1,
german,606,0.05,11,0.06616868752766357,1.0,False,1,
german,606,0.1,11,0.13233737505532714,1.0,False,1,
german,606,0.2,11,0.2646747501106543,1.0,False,1,
german,606,0.35,11,0.4631808126936449,1.0,False,1,
german,606,0.5,11,0.6616868752766356,1.0,False,1,
german,606,0.75,11,0.9925303129149535,1.0,False,1,
german,606,1.0,11,1.3233737505532712,1.0,False,1,
german,394,0.02,11,0.02901717156665473,1.0,False,1,
german,394,0.05,11,0.07254292891663683,1.0,False,1,
german,394,0.1,11,0.14508585783327366,1.0,False,1,
german,394,0.2,11,0.2901717156665473,1.0,False,1,
german,394,0.35,11,0.5078005024164578,1.0,False,1,
german,394,0.5,11,0.7254292891663683,1.0,False,1,
german,394,0.75,11,1.0881439337495524,1.0,False,1,
german,394,1.0,11,1.4508585783327366,1.0,False,2,
german,859,0.02,12,0.043026144585135075,0.7333333333333333,True,1,0.0
german,859,0.05,12,0.10756536146283768,0.6866666666666666,True,1,0.0
german,859,0.1,12,0.21513072292567537,0.7133333333333334,True,1,0.0
german,859,0.2,12,0.43026144585135073,0.62,True,1,0.0
german,859,0.35,12,0.7529575302398638,0.5933333333333334,True,1,0.0
german,859,0.5,12,1.0756536146283768,0.5766666666666667,True,2,0.015748031496062992
german,859,0.75,12,1.6134804219425654,0.6066666666666667,True,2,0.10765505680759918
german,859,1.0,12,2.1513072292567537,0.6266666666666667,True,2,0.13240881458966566
german,501,0.02,13,0.024364892071523078,0.6033333333333334,True,2,0.31092436974789917
german,501,0.05,13,0.060912230178807696,0.6566666666666666,True,2,0.33980582524271846
german,501,0.1,13,0.12182446035761539,0.6533333333333333,True,2,0.36538461538461536
german,501,0.2,13,0.24364892071523078,0.6633333333333333,True,2,0.36633663366336633
german,501,0.35,13,0.42638561125165386,0.6366666666666667,True,2,0.3302752293577982
german,501,0.5,13,0.6091223017880769,0.65,True,2,0.4
german,501,0.75,13,0.9136834526821154,0.63,True,2,0.32432432432432434
german,501,1.0,13,1.2182446035761538,0.6866666666666666,True,2,0.39361702127659576
german,419,0.02,11,0.01951944496995817,1.0,False,2,
german,419,0.05,11,0.04879861242489542,1.0,False,2,
german,419,0.1,11,0.09759722484979085,1.0,False,2,
german,419,0.2,11,0.1951944496995817,1.0,False,2,
german,419,0.35,11,0.34159028697426785,1.0,False,2,
german,419,0.5,11,0.4879861242489542,1.0,False,2,
german,419,0.75,11,0.7319791863734313,1.0,False,2,
german,419,1.0,11,0.9759722484979084,1.0,False,2,
german,838,0.02,11,0.019710315851849985,1.0,False,1,
german,838,0.05,11,0.04927578962962497,1.0,False,1,
german,838,0.1,11,0.09855157925924994,1.0,False,1,
german,838,0.2,11,0.19710315851849988,1.0,False,1,
german,838,0.35,11,0.34493052740737473,1.0,False,1,
german,838,0.5,11,0.49275789629624966,1.0,False,1,
german,838,0.75,11,0.7391368444443744,1.0,False,1,
german,838,1.0,11,0.9855157925924993,1.0,False,1,
german,896,0.02,11,0.021498231113783663,1.0,False,2,
german,896,0.05,11,0.05374557778445915,1.0,False,2,
german,896,0.1,11,0.1074911555689183,1.0,False,2,
german,896,0.2,11,0.2149823111378366,1.0,False,2,
german,896,0.35,11,0.376219044491214,1.0,False,2,
german,896,0.5,11,0.5374557778445915,1.0,False,2,
german,896,0.75,11,0.8061836667668872,1.0,False,2,
german,896,1.0,11,1.074911555689183,1.0,False,2,
german,214,0.02,10,0.021280236195347798,1.0,False,1,
german,214,0.05,10,0.053200590488369504,1.0,False,1,
german,214,0.1,10,0.10640118097673901,1.0,False,1,
german,214,0.2,10,0.21280236195347801,1.0,False,1,
german,214,0.35,10,0.3724041334185864,1.0,False,1,
german,214,0.5,10,0.5320059048836949,1.0,False,1,
german,214,0.75,10,0.7980088573255425,1.0,False,1,
german,214,1.0,10,1.0640118097673898,1.0,False,1,
german,554,0.02,13,0.025777356185410365,0.20666666666666667,True,2,0.7258064516129032
german,554,0.05,13,0.06444339046352593,0.19666666666666666,True,2,0.6440677966101694
german,554,0.1,13,0.12888678092705186,0.18,True,2,0.6851851851851852
german,554,0.2,13,0.2577735618541037,0.23,True,2,0.7536231884057971
german,554,0.35,13,0.4511037332446814,0.19,True,2,0.6491228070175439
german,554,0.5,13,0.6444339046352592,0.17333333333333334,True,2,0.7459677419354839
german,554,0.75,13,0.9666508569528888,0.16,True,2,0.7509920634920635
german,554,1.0,13,1.2888678092705184,0.17333333333333334,True,2,0.6054590570719603
german,997,0.02,10,0.018247211350607372,1.0,False,1,
german,997,0.05,10,0.04561802837651843,1.0,False,1,
german,997,0.1,10,0.09123605675303686,1.0,False,1,
german,997,0.2,10,0.18247211350607373,1.0,False,1,
german,997,0.35,10,0.31932619863562905,1.0,False,1,
german,997,0.5,10,0.4561802837651843,1.0,False,1,
german,997,0.75,10,0.6842704256477765,1.0,False,1,
german,997,1.0,10,0.9123605675303686,1.0,False,1,
german,102,0.02,12,0.026403034884406828,1.0,False,2,
german,102,0.05,12,0.06600758721101707,1.0,False,2,
german,102,0.1,12,0.13201517442203414,1.0,False,2,
german,102,0.2,12,0.2640303488440683,1.0,False,2,
german,102,0.35,12,0.46205311047711944,1.0,False,2,
german,102,0.5,12,0.6600758721101707,1.0,False,2,
german,102,0.75,12,0.9901138081652561,1.0,False,2,
german,102,1.0,12,1.3201517442203414,1.0,False,2,
german,582,0.02,11,0.021321626220716306,1.0,False,2,
german,582,0.05,11,0.05330406555179077,1.0,False,2,
german,582,0.1,11,0.10660813110358154,1.0,False,2,
german,582,0.2,11,0.21321626220716308,1.0,False,2,
german,582,0.35,11,0.3731284588625353,1.0,False,2,
german,582,0.5,11,0.5330406555179076,1.0,False,2,
german,582,0.75,11,0.7995609832768614,1.0,False,2,
german,582,1.0,11,1.0660813110358152,1.0,False,2,
german,943,0.02,11,0.02753432407308147,1.0,False,1,
german,943,0.05,11,0.06883581018270367,1.0,False,1,
german,943,0.1,11,0.13767162036540734,1.0,False,1,
german,943,0.2,11,0.2753432407308147,1.0,False,1,
german,943,0.35,11,0.4818506712789257,1.0,False,1,
german,943,0.5,11,0.6883581018270367,1.0,False,1,
german,943,0.75,11,1.0325371527405551,1.0,False,1,
german,943,1.0,11,1.3767162036540734,1.0,False,1,
german,122,0.02,11,0.025338534139897204,1.0,False,1,
german,122,0.05,11,0.06334633534974302,1.0,False,1,
german,122,0.1,11,0.12669267069948603,1.0,False,1,
german,122,0.2,11,0.25338534139897206,1.0,False,1,
german,122,0.35,11,0.4434243474482011,1.0,False,1,
german,122,0.5,11,0.6334633534974301,1.0,False,1,
german,122,0.75,11,0.9501950302461452,1.0,False,1,
german,122,1.0,11,1.2669267069948602,1.0,False,2,
german,794,0.02,13,0.02598048856086048,1.0,False,1,
german,794,0.05,13,0.0649512214021512,1.0,False,1,
german,794,0.1,13,0.1299024428043024,1.0,False,1,
german,794,0.2,13,0.2598048856086048,1.0,False,1,
german,794,0.35,13,0.4546585498150583,1.0,False,1,
german,794,0.5,13,0.6495122140215119,1.0,False,1,
german,794,0.75,13,0.9742683210322679,1.0,False,1,
german,794,1.0,13,1.2990244280430239,1.0,False,2,
german,908,0.02,12,0.03056591031699546,1.0,False,2,
german,908,0.05,12,0.07641477579248865,1.0,False,2,
german,908,0.1,12,0.1528295515849773,1.0,False,2,
german,908,0.2,12,0.3056591031699546,1.0,False,2,
german,908,0.35,12,0.5349034305474205,1.0,False,2,
german,908,0.5,12,0.7641477579248865,1.0,False,2,
german,908,0.75,12,1.14622163688733,1.0,False,2,
german,908,1.0,12,1.528295515849773,1.0,False,2,
german,421,0.02,11,0.01868663043821015,1.0,False,1,
german,421,0.05,11,0.04671657609552539,1.0,False,1,
german,421,0.1,11,0.09343315219105078,1.0,False,1,
german,421,0.2,11,0.18686630438210156,1.0,False,1,
german,421,0.35,11,0.3270160326686776,1.0,False,1,
german,421,0.5,11,0.4671657609552538,1.0,False,1,
german,421,0.75,11,0.7007486414328806,1.0,False,1,
german,421,1.0,11,0.9343315219105076,1.0,False,1,
german,925,0.02,13,0.033663752866010595,0.26,True,2,0.45495495495495497
german,925,0.05,13,0.08415938216502648,0.21333333333333335,True,2,0.5127118644067796
german,925,0.1,13,0.16831876433005297,0.19666666666666666,True,2,0.5352697095435685
german,925,0.2,13,0.33663752866010593,0.22333333333333333,True,2,0.41201716738197425
german,925,0.35,13,0.5891156751551853,0.22333333333333333,True,2,0.5321888412017167
german,925,0.5,13,0.8415938216502648,0.22,True,2,0.4188034188034188
german,925,0.75,13,1.2623907324753971,0.19333333333333333,True,2,0.5082644628099173
german,925,1.0,13,1.6831876433005295,0.20666666666666667,True,2,0.44253185145025753
german,766,0.02,11,0.02484115292321777,1.0,False,1,
german,766,0.05,11,0.06210288230804442,1.0,False,1,
german,766,0.1,11,0.12420576461608884,1.0,False,1,
german,766,0.2,11,0.24841152923217769,1.0,False,1,
german,766,0.35,11,0.434720176156311,1.0,False,1,
german,766,0.5,11,0.6210288230804443,1.0,False,2,
german,766,0.75,11,0.9315432346206663,1.0,False,2,
german,766,1.0,11,1.2420576461608885,1.0,False,2,
german,611,0.02,13,0.03419864402471277,1.0,False,2,
german,611,0.05,13,0.08549661006178193,1.0,False,2,
german,611,0.1,13,0.17099322012356385,1.0,False,2,
german,611,0.2,13,0.3419864402471277,1.0,False,2,
german,611,0.35,13,0.5984762704324734,1.0,False,2,
german,611,0.5,13,0.8549661006178192,1.0,False,2,
german,611,0.75,13,1.2824491509267288,1.0,False,2,
german,611,1.0,13,1.7099322012356384,0.9866666666666667,False,2,
german,257,0.02,12,0.03262995024301165,1.0,False,1,
german,257,0.05,12,0.08157487560752912,1.0,False,1,
german,257,0.1,12,0.16314975121505823,1.0,False,1,
german,257,0.2,12,0.32629950243011646,1.0,False,1,
german,257,0.35,12,0.5710241292527037,1.0,False,1,
german,257,0.5,12,0.8157487560752912,1.0,False,1,
german,257,0.75,12,1.2236231341129367,1.0,False,2,
german,257,1.0,12,1.6314975121505824,1.0,False,2,
german,656,0.02,13,0.026739745957734696,0.5866666666666667,True,2,0.43548387096774194
german,656,0.05,13,0.06684936489433674,0.5633333333333334,True,2,0.4351145038167939
german,656,0.1,13,0.13369872978867348,0.56,True,2,0.3787878787878788
german,656,0.2,13,0.26739745957734695,0.5366666666666666,True,2,0.4460431654676259
german,656,0.35,13,0.46794555426035717,0.5366666666666666,True,2,0.5467625899280576
german,656,0.5,13,0.6684936489433674,0.5666666666666667,True,2,0.45384615384615384
german,656,0.75,13,1.0027404734150511,0.5766666666666667,True,2,0.4881889763779528
german,656,1.0,13,1.3369872978867348,0.5566666666666666,True,2,0.39097744360902253
german,352,0.02,12,0.028171131606927878,1.0,False,1,
german,352,0.05,12,0.0704278290173197,1.0,False,1,
german,352,0.1,12,0.1408556580346394,1.0,False,1,
german,352,0.2,12,0.2817113160692788,1.0,False,1,
german,352,0.35,12,0.4929948031212379,1.0,False,1,
german,352,0.5,12,0.704278290173197,1.0,False,1,
german,352,0.75,12,1.0564174352597955,1.0,False,1,
german,352,1.0,12,1.408556580346394,1.0,False,2,
german,253,0.02,13,0.02536920428899493,1.0,False,1,
german,253,0.05,13,0.06342301072248732,1.0,False,1,
german,253,0.1,13,0.12684602144497464,1.0,False,1,
german,253,0.2,13,0.2536920428899493,1.0,False,1,
german,253,0.35,13,0.4439610750574112,1.0,False,1,
german,253,0.5,13,0.6342301072248733,1.0,False,1,
german,253,0.75,13,0.9513451608373099,1.0,False,1,
german,253,1.0,13,1.2684602144497465,1.0,False,1,
german,518,0.02,11,0.02292573314825672,1.0,False,1,
german,518,0.05,11,0.0573143328706418,1.0,False,1,
german,518,0.1,11,0.1146286657412836,1.0,False,1,
german,518,0.2,11,0.2292573314825672,1.0,False,1,
german,518,0.35,11,0.4012003300944926,1.0,False,1,
german,518,0.5,11,0.573143328706418,1.0,False,1,
german,518,0.75,11,0.859714993059627,1.0,False,1,
german,518,1.0,11,1.146286657412836,1.0,False,1,
german,160,0.02,11,0.025823852855277482,1.0,False,1,
german,160,0.05,11,0.06455963213819371,1.0,False,1,
german,160,0.1,11,0.12911926427638742,1.0,False,1,
german,160,0.2,11,0.25823852855277485,1.0,False,1,
german,160,0.35,11,0.4519174249673559,1.0,False,1,
german,160,0.5,11,0.645596321381937,1.0,False,1,
german,160,0.75,11,0.9683944820729055,1.0,False,1,
german,160,1.0,11,1.291192642763874,1.0,False,1,
german,399,0.02,12,0.028646049087725365,1.0,False,2,
german,399,0.05,12,0.07161512271931342,1.0,False,2,
german,399,0.1,12,0.14323024543862684,1.0,False,2,
german,399,0.2,12,0.28646049087725367,1.0,False,2,
german,399,0.35,12,0.5013058590351938,1.0,False,2,
german,399,0.5,12,0.7161512271931341,1.0,False,2,
german,399,0.75,12,1.074226840789701,1.0,False,2,
german,399,1.0,12,1.4323024543862681,1.0,False,2,
german,143,0.02,12,0.017165144179029167,1.0,False,1,
german,143,0.05,12,0.04291286044757292,1.0,False,1,
german,143,0.1,12,0.08582572089514584,1.0,False,1,
german,143,0.2,12,0.17165144179029168,1.0,False,1,
german,143,0.35,12,0.3003900231330104,1.0,False,1,
german,143,0.5,12,0.42912860447572915,1.0,False,1,
german,143,0.75,12,0.6436929067135938,1.0,False,1,
german,143,1.0,12,0.8582572089514583,1.0,False,1,
german,263,0.02,13,0.03108485673967641,0.9,True,2,0.5259259259259259
german,263,0.05,13,0.07771214184919104,0.89,True,2,0.5131086142322098
german,263,0.1,13,0.15542428369838207,0.89,True,2,0.50187265917603
german,263,0.2,13,0.31084856739676414,0.8466666666666667,True,2,0.5
german,263,0.35,13,0.5439849929443372,0.8666666666666667,True,2,0.4807692307692308
german,263,0.5,13,0.7771214184919103,0.8466666666666667,True,2,0.5787401574803149
german,263,0.75,13,1.1656821277378655,0.8666666666666667,True,2,0.4153846153846154
german,263,1.0,13,1.5542428369838206,0.8733333333333333,True,2,0.3306548814785054
german,614,0.02,12,0.027622869848749617,1.0,False,2,
german,614,0.05,12,0.06905717462187405,1.0,False,2,
german,614,0.1,12,0.1381143492437481,1.0,False,2,
german,614,0.2,12,0.2762286984874962,1.0,False,2,
german,614,0.35,12,0.4834002223531183,1.0,False,2,
german,614,0.5,12,0.6905717462187404,1.0,False,2,
german,614,0.75,12,1.0358576193281106,1.0,False,2,
german,614,1.0,12,1.3811434924374808,1.0,False,2,
german,971,0.02,12,0.025447532694043755,1.0,False,1,
german,971,0.05,12,0.06361883173510938,1.0,False,1,
german,971,0.1,12,0.12723766347021875,1.0,False,1,
german,971,0.2,12,0.2544753269404375,1.0,False,1,
german,971,0.35,12,0.44533182214576567,1.0,False,1,
german,971,0.5,12,0.6361883173510938,1.0,False,1,
german,971,0.75,12,0.9542824760266406,1.0,False,1,
german,971,1.0,12,1.2723766347021876,0.9966666666666667,False,2,
german,632,0.02,12,0.020935167121357942,0.88,True,2,0.6388888888888888
german,632,0.05,12,0.05233791780339486,0.8266666666666667,True,2,0.6538461538461539
german,632,0.1,12,0.10467583560678972,0.8033333333333333,True,2,0.5254237288135594
german,632,0.2,12,0.20935167121357945,0.7633333333333333,True,2,0.6056338028169014
german,632,0.35,12,0.366365424623764,0.7733333333333333,True,2,0.5294117647058824
german,632,0.5,12,0.5233791780339486,0.7866666666666666,True,2,0.625
german,632,0.75,12,0.7850687670509229,0.8333333333333334,True,2,0.556
german,632,1.0,12,1.0467583560678972,0.8333333333333334,True,2,0.668
german,649,0.02,13,0.027601214234158847,1.0,False,1,
german,649,0.05,13,0.06900303558539712,1.0,False,1,
german,649,0.1,13,0.13800607117079425,1.0,False,1,
german,649,0.2,13,0.2760121423415885,1.0,False,1,
german,649,0.35,13,0.4830212490977798,1.0,False,1,
german,649,0.5,13,0.6900303558539712,1.0,False,1,
german,649,0.75,13,1.0350455337809568,1.0,False,1,
german,649,1.0,13,1.3800607117079424,1.0,False,1,
german,189,0.02,12,0.028519498298693016,1.0,False,2,
german,189,0.05,12,0.07129874574673253,1.0,False,2,
german,189,0.1,12,0.14259749149346507,1.0,False,2,
german,189,0.2,12,0.28519498298693013,1.0,False,2,
german,189,0.35,12,0.49909122022712776,1.0,False,2,
german,189,0.5,12,0.7129874574673254,1.0,False,2,
german,189,0.75,12,1.069481186200988,1.0,False,2,
german,189,1.0,12,1.4259749149346508,1.0,False,2,
german,103,0.02,12,0.026492123477038505,1.0,False,1,
german,103,0.05,12,0.06623030869259626,1.0,False,1,
german,103,0.1,12,0.13246061738519252,1.0,False,1,
german,103,0.2,12,0.26492123477038504,1.0,False,1,
german,103,0.35,12,0.4636121608481738,1.0,False,1,
german,103,0.5,12,0.6623030869259626,1.0,False,1,
german,103,0.75,12,0.9934546303889439,1.0,False,1,
german,103,1.0,12,1.3246061738519253,1.0,False,2,
german,598,0.02,11,0.02445904766730217,1.0,False,1,
german,598,0.05,11,0.06114761916825543,1.0,False,1,
german,598,0.1,11,0.12229523833651086,1.0,False,1,
german,598,0.2,11,0.24459047667302172,1.0,False,1,
german,598,0.35,11,0.42803333417778794,1.0,False,1,
german,598,0.5,11,0.6114761916825543,1.0,False,1,
german,598,0.75,11,0.9172142875238314,1.0,False,1,
german,598,1.0,11,1.2229523833651086,1.0,False,1,
german,277,0.02,11,0.02367584822084262,1.0,False,1,
german,277,0.05,11,0.05918962055210656,1.0,False,1,
german,277,0.1,11,0.11837924110421312,1.0,False,1,
german,277,0.2,11,0.23675848220842624,1.0,False,1,
german,277,0.35,11,0.41432734386474585,1.0,False,1,
german,277,0.5,11,0.5918962055210656,1.0,False,1,
german,277,0.75,11,0.8878443082815983,1.0,False,1,
german,277,1.0,11,1.1837924110421312,1.0,False,2,
german,530,0.02,11,0.025509782645206102,1.0,False,1,
german,530,0.05,11,0.06377445661301526,1.0,False,1,
german,530,0.1,11,0.1275489132260305,1.0,False,1,
german,530,0.2,11,0.255097826452061,1.0,False,1,
german,530,0.35,11,0.4464211962911067,1.0,False,1,
german,530,0.5,11,0.6377445661301525,1.0,False,1,
german,530,0.75,11,0.9566168491952287,1.0,False,1,
german,530,1.0,11,1.275489132260305,1.0,False,1,
german,833,0.02,12,0.022371955706748787,1.0,False,2,
german,833,0.05,12,0.05592988926687196,1.0,False,2,
german,833,0.1,12,0.11185977853374392,1.0,False,2,
german,833,0.2,12,0.22371955706748783,1.0,False,2,
german,833,0.35,12,0.3915092248681037,1.0,False,2,
german,833,0.5,12,0.5592988926687196,1.0,False,2,
german,833,0.75,12,0.8389483390030794,1.0,False,2,
german,833,1.0,12,1.1185977853374391,1.0,False,2,
german,970,0.02,13,0.029710823056728158,0.6866666666666666,True,2,0.35106382978723405
german,970,0.05,13,0.0742770576418204,0.67,True,2,0.36363636363636365
german,970,0.1,13,0.1485541152836408,0.61,True,2,0.4188034188034188
german,970,0.2,13,0.2971082305672816,0.65,True,2,0.4095238095238095
german,970,0.35,13,0.5199394034927427,0.63,True,2,0.3783783783783784
german,970,0.5,13,0.7427705764182039,0.6633333333333333,True,2,0.36633663366336633
german,970,0.75,13,1.114155864627306,0.6533333333333333,True,2,0.5
german,970,1.0,13,1.4855411528364078,0.6433333333333333,True,2,0.31470630962181007
german,361,0.02,12,0.02498211929006074,0.9433333333333334,True,1,0.0
german,361,0.05,12,0.06245529822515186,0.9366666666666666,True,1,0.0
german,361,0.1,12,0.12491059645030372,0.94,True,1,0.0
german,361,0.2,12,0.24982119290060745,0.9366666666666666,True,1,0.0
german,361,0.35,12,0.4371870875760629,0.9166666666666666,True,1,0.0
german,361,0.5,12,0.6245529822515186,0.93,True,1,0.0
german,361,0.75,12,0.9368294733772778,0.92,True,2,0.041666666666666664
german,361,1.0,12,1.2491059645030371,0.93,True,2,0.044034818228366614
cc,287,0.02,19,0.024292340078770215,0.0,False,1,
cc,287,0.05,19,0.06073085019692555,0.0,False,1,
cc,287,0.1,19,0.1214617003938511,0.0,False,1,
cc,287,0.2,19,0.2429234007877022,0.0,False,1,
cc,287,0.35,19,0.4251159513784788,0.0,False,1,
cc,287,0.5,19,0.6073085019692555,0.0,False,1,
cc,287,0.75,19,0.9109627529538832,0.0,False,2,
cc,287,1.0,19,1.214617003938511,0.0,False,2,
cc,870,0.02,18,0.034723200768072456,0.0,False,2,
cc,870,0.05,18,0.08680800192018114,0.0,False,2,
cc,870,0.1,18,0.17361600384036227,0.0,False,2,
cc,870,0.2,18,0.34723200768072454,0.0,False,2,
cc,870,0.35,18,0.6076560134412679,0.0,False,2,
cc,870,0.5,18,0.8680800192018113,0.0,False,2,
cc,870,0.75,18,1.3021200288027168,0.0,False,2,
cc,870,1.0,18,1.7361600384036227,0.0,False,2,
cc,854,0.02,19,0.02529556247611054,0.0,False,1,
cc,854,0.05,19,0.06323890619027636,0.0,False,1,
cc,854,0.1,19,0.12647781238055272,0.0,False,1,
cc,854,0.2,19,0.25295562476110545,0.0,False,1,
cc,854,0.35,19,0.44267234333193445,0.0,False,1,
cc,854,0.5,19,0.6323890619027636,0.0,False,1,
cc,854,0.75,19,0.9485835928541453,0.0,False,2,
cc,854,1.0,19,1.2647781238055271,0.0,False,2,
cc,395,0.02,15,0.03756689027471722,0.0,False,2,
cc,395,0.05,15,0.09391722568679306,0.0,False,2,
cc,395,0.1,15,0.18783445137358612,0.0,False,2,
cc,395,0.2,15,0.37566890274717224,0.0,False,2,
cc,395,0.35,15,0.6574205798075512,0.0,False,2,
cc,395,0.5,15,0.9391722568679304,0.0,False,2,
cc,395,0.75,15,1.4087583853018957,0.0,False,2,
cc,395,1.0,15,1.8783445137358608,0.0,False,2,
cc,1864,0.02,14,0.049548114622443684,0.0,False,1,
cc,1864,0.05,14,0.1238702865561092,0.0,False,1,
cc,1864,0.1,14,0.2477405731122184,0.0,False,1,
cc,1864,0.2,14,0.4954811462244368,0.0,False,1,
cc,1864,0.35,14,0.8670920058927645,0.0,False,1,
cc,1864,0.5,14,1.238702865561092,0.0,False,2,
cc,1864,0.75,14,1.8580542983416382,0.0,False,2,
cc,1864,1.0,14,2.477405731122184,0.0,False,2,
cc,1862,0.02,17,0.03554582426564711,0.0,False,1,
cc,1862,0.05,17,0.08886456066411777,0.0,False,1,
cc,1862,0.1,17,0.17772912132823554,0.0,False,1,
cc,1862,0.2,17,0.3554582426564711,0.0,False,1,
cc,1862,0.35,17,0.6220519246488243,0.0,False,1,
cc,1862,0.5,17,0.8886456066411776,0.0,False,2,
cc,1862,0.75,17,1.3329684099617665,0.0,False,2,
cc,1862,1.0,17,1.7772912132823553,0.0,False,2,
cc,1419,0.02,17,0.045846942272499275,0.056666666666666664,True,1,0.0
cc,1419,0.05,17,0.11461735568124819,0.04,True,1,
cc,1419,0.1,17,0.22923471136249637,0.05,True,1,
cc,1419,0.2,17,0.45846942272499275,0.05,True,1,
cc,1419,0.35,17,0.8023214897687372,0.03333333333333333,True,2,
cc,1419,0.5,17,1.1461735568124818,0.02,True,2,
cc,1419,0.75,17,1.7192603352187226,0.016666666666666666,False,2,
cc,1419,1.0,17,2.2923471136249636,0.01,False,2,
cc,49,0.02,18,0.03145056399484949,0.0,False,2,
cc,49,0.05,18,0.07862640998712371,0.0,False,2,
cc,49,0.1,18,0.15725281997424742,0.0,False,2,
cc,49,0.2,18,0.31450563994849484,0.0,False,2,
cc,49,0.35,18,0.550384869909866,0.0,False,2,
cc,49,0.5,18,0.7862640998712371,0.0,False,2,
cc,49,0.75,18,1.1793961498068557,0.0,False,2,
cc,49,1.0,18,1.5725281997424743,0.0,False,2,
cc,37,0.02,18,0.02275956913612606,0.0,False,2,
cc,37,0.05,18,0.05689892284031514,0.0,False,2,
cc,37,0.1,18,0.11379784568063028,0.0,False,2,
cc,37,0.2,18,0.22759569136126057,0.0,False,2,
cc,37,0.35,18,0.39829245988220596,0.0,False,2,
cc,37,0.5,18,0.5689892284031514,0.0,False,2,
cc,37,0.75,18,0.8534838426047271,0.0,False,2,
cc,37,1.0,18,1.1379784568063027,0.0,False,2,
cc,1631,0.02,19,0.025832865206351176,0.0,False,2,
cc,1631,0.05,19,0.06458216301587794,0.0,False,2,
cc,1631,0.1,19,0.12916432603175587,0.0,False,2,
cc,1631,0.2,19,0.25832865206351174,0.0,False,2,
cc,1631,0.35,19,0.45207514111114555,0.0033333333333333335,False,2,
cc,1631,0.5,19,0.6458216301587795,0.0,False,2,
cc,1631,0.75,19,0.9687324452381693,0.0,False,2,
cc,1631,1.0,19,1.291643260317559,0.0,False,2,
cc,1001,0.02,18,0.032228856886515084,0.0,False,1,
cc,1001,0.05,18,0.08057214221628772,0.0,False,1,
cc,1001,0.1,18,0.16114428443257545,0.0,False,1,
cc,1001,0.2,18,0.3222885688651509,0.0,False,1,
cc,1001,0.35,18,0.5640049955140138,0.0,False,1,
cc,1001,0.5,18,0.8057214221628771,0.0,False,2,
cc,1001,0.75,18,1.2085821332443158,0.0,False,2,
cc,1001,1.0,18,1.6114428443257542,0.0,False,2,
cc,633,0.02,17,0.03414888979830382,0.0,False,2,
cc,633,0.05,17,0.08537222449575955,0.0,False,2,
cc,633,0.1,17,0.1707444489915191,0.0,False,2,
cc,633,0.2,17,0.3414888979830382,0.0,False,2,
cc,633,0.35,17,0.5976055714703169,0.0,False,2,
cc,633,0.5,17,0.8537222449575955,0.0,False,2,
cc,633,0.75,17,1.2805833674363933,0.0,False,2,
cc,633,1.0,17,1.707444489915191,0.0,False,2,
cc,701,0.02,18,0.028269535236067345,0.0,False,2,
cc,701,0.05,18,0.07067383809016836,0.0,False,2,
cc,701,0.1,18,0.14134767618033672,0.0,False,2,
cc,701,0.2,18,0.28269535236067345,0.0,False,2,
cc,701,0.35,18,0.4947168666311785,0.0,False,2,
cc,701,0.5,18,0.7067383809016836,0.0,False,2,
cc,701,0.75,18,1.0601075713525254,0.0,False,2,
cc,701,1.0,18,1.4134767618033672,0.0,False,2,
cc,1827,0.02,18,0.027728894464012225,0.0,False,2,
cc,1827,0.05,18,0.06932223616003057,0.0,False,2,
cc,1827,0.1,18,0.13864447232006114,0.0,False,2,
cc,1827,0.2,18,0.27728894464012227,0.0,False,2,
cc,1827,0.35,18,0.48525565312021385,0.0,False,2,
cc,1827,0.5,18,0.6932223616003056,0.0,False,2,
cc,1827,0.75,18,1.0398335424004583,0.0,False,2,
cc,1827,1.0,18,1.3864447232006112,0.0,False,2,
cc,971,0.02,17,0.025916893368012076,0.0,False,2,
cc,971,0.05,17,0.06479223342003018,0.0,False,2,
cc,971,0.1,17,0.12958446684006036,0.0,False,2,
cc,971,0.2,17,0.2591689336801207,0.0,False,2,
cc,971,0.35,17,0.45354563394021125,0.0,False,2,
cc,971,0.5,17,0.6479223342003019,0.0,False,2,
cc,971,0.75,17,0.9718835013004528,0.0,False,2,
cc,971,1.0,17,1.2958446684006037,0.0,False,2,
cc,1536,0.02,20,0.02242403280865,0.0,False,1,
cc,1536,0.05,20,0.05606008202162501,0.0,False,1,
cc,1536,0.1,20,0.11212016404325002,0.0,False,1,
cc,1536,0.2,20,0.22424032808650005,0.0,False,1,
cc,1536,0.35,20,0.392420574151375,0.0,False,1,
cc,1536,0.5,20,0.56060082021625,0.0,False,1,
cc,1536,0.75,20,0.840901230324375,0.0,False,2,
cc,1536,1.0,20,1.1212016404325,0.0,False,2,
cc,843,0.02,15,0.04193817602051267,0.0,False,2,
cc,843,0.05,15,0.10484544005128169,0.0,False,2,
cc,843,0.1,15,0.20969088010256337,0.0,False,2,
cc,843,0.2,15,0.41938176020512674,0.0,False,2,
cc,843,0.35,15,0.7339180803589717,0.0,False,2,
cc,843,0.5,15,1.0484544005128167,0.0,False,2,
cc,843,0.75,15,1.572681600769225,0.0,False,2,
cc,843,1.0,15,2.0969088010256334,0.0,False,2,
cc,596,0.02,19,0.022596152345476763,0.0,False,1,
cc,596,0.05,19,0.05649038086369191,0.0,False,1,
cc,596,0.1,19,0.11298076172738382,0.0,False,1,
cc,596,0.2,19,0.22596152345476764,0.0,False,1,
cc,596,0.35,19,0.3954326660458433,0.0,False,1,
cc,596,0.5,19,0.564903808636919,0.0,False,1,
cc,596,0.75,19,0.8473557129553786,0.0,False,2,
cc,596,1.0,19,1.129807617273838,0.0,False,2,
cc,1688,0.02,18,0.03874323196617849,0.0,False,1,
cc,1688,0.05,18,0.09685807991544622,0.0,False,1,
cc,1688,0.1,18,0.19371615983089244,0.0,False,1,
cc,1688,0.2,18,0.3874323196617849,0.0,False,1,
cc,1688,0.35,18,0.6780065594081234,0.0,False,1,
cc,1688,0.5,18,0.9685807991544622,0.0,False,2,
cc,1688,0.75,18,1.4528711987316931,0.0,False,2,
cc,1688,1.0,18,1.9371615983089243,0.0,False,2,
cc,1209,0.02,19,0.03000226766848793,0.0,False,1,
cc,1209,0.05,19,0.07500566917121984,0.0,False,1,
cc,1209,0.1,19,0.15001133834243968,0.0,False,1,
cc,1209,0.2,19,0.30002267668487936,0.0,False,1,
cc,1209,0.35,19,0.5250396841985387,0.0,False,1,
cc,1209,0.5,19,0.7500566917121982,0.0,False,2,
cc,1209,0.75,19,1.1250850375682975,0.0,False,2,
cc,1209,1.0,19,1.5001133834243965,0.0,False,2,
cc,806,0.02,19,0.028003179864937146,0.0,False,2,
cc,806,0.05,19,0.07000794966234286,0.0,False,2,
cc,806,0.1,19,0.14001589932468572,0.0,False,2,
cc,806,0.2,19,0.28003179864937144,0.0,False,2,
cc,806,0.35,19,0.4900556476364,0.0,False,2,
cc,806,0.5,19,0.7000794966234286,0.0,False,2,
cc,806,0.75,19,1.0501192449351429,0.0,False,2,
cc,806,1.0,19,1.4001589932468572,0.0,False,2,
cc,1729,0.02,19,0.0257691512314677,0.01,False,2,
cc,1729,0.05,19,0.06442287807866925,0.01,False,2,
cc,1729,0.1,19,0.1288457561573385,0.0033333333333333335,False,2,
cc,1729,0.2,19,0.257691512314677,0.0,False,2,
cc,1729,0.35,19,0.4509601465506848,0.0033333333333333335,False,2,
cc,1729,0.5,19,0.6442287807866925,0.0,False,2,
cc,1729,0.75,19,0.9663431711800389,0.0,False,2,
cc,1729,1.0,19,1.288457561573385,0.0,False,2,
cc,1022,0.02,20,0.030056340834801,0.0,False,1,
cc,1022,0.05,20,0.0751408520870025,0.0,False,1,
cc,1022,0.1,20,0.150281704174005,0.0,False,1,
cc,1022,0.2,20,0.30056340834801,0.0033333333333333335,False,1,
cc,1022,0.35,20,0.5259859646090175,0.0,False,1,
cc,1022,0.5,20,0.751408520870025,0.0,False,1,
cc,1022,0.75,20,1.1271127813050374,0.0033333333333333335,False,2,
cc,1022,1.0,20,1.50281704174005,0.0033333333333333335,False,2,
cc,851,0.02,18,0.027263442182627547,0.0,False,2,
cc,851,0.05,18,0.06815860545656886,0.0,False,2,
cc,851,0.1,18,0.13631721091313773,0.0,False,2,
cc,851,0.2,18,0.27263442182627545,0.0,False,2,
cc,851,0.35,18,0.47711023819598203,0.0,False,2,
cc,851,0.5,18,0.6815860545656887,0.0,False,2,
cc,851,0.75,18,1.022379081848533,0.0,False,2,
cc,851,1.0,18,1.3631721091313773,0.0,False,2,
cc,1716,0.02,17,0.033473067674691076,0.0,False,2,
cc,1716,0.05,17,0.08368266918672769,0.0,False,2,
cc,1716,0.1,17,0.16736533837345538,0.0,False,2,
cc,1716,0.2,17,0.33473067674691076,0.0,False,2,
cc,1716,0.35,17,0.5857786843070938,0.0,False,2,
cc,1716,0.5,17,0.8368266918672769,0.0,False,2,
cc,1716,0.75,17,1.2552400378009152,0.0,False,2,
cc,1716,1.0,17,1.6736533837345537,0.0,False,2,
cc,1794,0.02,19,0.024570541550648462,0.0,False,1,
cc,1794,0.05,19,0.06142635387662116,0.0,False,1,
cc,1794,0.1,19,0.12285270775324232,0.0,False,1,
cc,1794,0.2,19,0.24570541550648464,0.0,False,1,
cc,1794,0.35,19,0.429984477136348,0.0,False,1,
cc,1794,0.5,19,0.6142635387662115,0.0,False,1,
cc,1794,0.75,19,0.9213953081493172,0.0,False,2,
cc,1794,1.0,19,1.228527077532423,0.0,False,2,
cc,429,0.02,19,0.02879353014587112,0.013333333333333334,False,1,
cc,429,0.05,19,0.07198382536467779,0.013333333333333334,False,1,
cc,429,0.1,19,0.14396765072935558,0.01,False,1,
cc,429,0.2,19,0.28793530145871116,0.01,False,1,
cc,429,0.35,19,0.5038867775527446,0.02,True,1,
cc,429,0.5,19,0.7198382536467779,0.01,False,2,
cc,429,0.75,19,1.079757380470167,0.006666666666666667,False,2,
cc,429,1.0,19,1.4396765072935558,0.0033333333333333335,False,2,
cc,1140,0.02,17,0.025386374531290803,0.006666666666666667,False,2,
cc,1140,0.05,17,0.06346593632822702,0.0,False,2,
cc,1140,0.1,17,0.12693187265645403,0.0,False,2,
cc,1140,0.2,17,0.25386374531290806,0.0,False,2,
cc,1140,0.35,17,0.444261554297589,0.0,False,2,
cc,1140,0.5,17,0.63465936328227,0.0,False,2,
cc,1140,0.75,17,0.9519890449234051,0.0,False,2,
cc,1140,1.0,17,1.26931872656454,0.0,False,2,
cc,1295,0.02,13,0.031909348448509844,0.0,False,1,
cc,1295,0.05,13,0.07977337112127461,0.0,False,1,
cc,1295,0.1,13,0.15954674224254922,0.0,False,1,
cc,1295,0.2,13,0.31909348448509844,0.0,False,1,
cc,1295,0.35,13,0.5584135978489222,0.0,False,1,
cc,1295,0.5,13,0.797733711212746,0.0,False,1,
cc,1295,0.75,13,1.196600566819119,0.0,False,2,
cc,1295,1.0,13,1.595467422425492,0.0,False,2,
cc,209,0.02,14,0.03325337315659898,0.0,False,1,
cc,209,0.05,14,0.08313343289149744,0.0,False,1,
cc,209,0.1,14,0.16626686578299488,0.0,False,1,
cc,209,0.2,14,0.33253373156598975,0.0,False,1,
cc,209,0.35,14,0.5819340302404821,0.0,False,2,
cc,209,0.5,14,0.8313343289149744,0.0,False,1,
cc,209,0.75,14,1.2470014933724616,0.0,False,2,
cc,209,1.0,14,1.6626686578299488,0.0,False,2,
cc,1174,0.02,18,0.025274928392865246,0.0,False,1,
cc,1174,0.05,18,0.06318732098216312,0.0033333333333333335,False,1,
cc,1174,0.1,18,0.12637464196432624,0.0033333333333333335,False,1,
cc,1174,0.2,18,0.2527492839286525,0.0,False,1,
cc,1174,0.35,18,0.4423112468751418,0.0,False,1,
cc,1174,0.5,18,0.6318732098216312,0.0,False,1,
cc,1174,0.75,18,0.9478098147324467,0.0,False,2,
cc,1174,1.0,18,1.2637464196432624,0.0,False,2,
cc,1891,0.02,18,0.029606697537229252,0.0,False,1,
cc,1891,0.05,18,0.07401674384307314,0.0,False,1,
cc,1891,0.1,18,0.14803348768614627,0.0,False,1,
cc,1891,0.2,18,0.29606697537229254,0.0,False,1,
cc,1891,0.35,18,0.5181172069015119,0.0,False,1,
cc,1891,0.5,18,0.7401674384307313,0.0,False,2,
cc,1891,0.75,18,1.110251157646097,0.0,False,2,
cc,1891,1.0,18,1.4803348768614626,0.0,False,2,
cc,249,0.02,18,0.029425157758715594,0.0,False,1,
cc,249,0.05,18,0.073562894396789,0.0,False,1,
cc,249,0.1,18,0.147125788793578,0.0,False,1,
cc,249,0.2,18,0.294251577587156,0.0,False,1,
cc,249,0.35,18,0.5149402607775228,0.0,False,1,
cc,249,0.5,18,0.7356289439678898,0.0,False,2,
cc,249,0.75,18,1.1034434159518347,0.0,False,2,
cc,249,1.0,18,1.4712578879357796,0.0,False,2,
cc,1595,0.02,15,0.04784363914298651,0.0,False,1,
cc,1595,0.05,15,0.11960909785746628,0.0,False,1,
cc,1595,0.1,15,0.23921819571493255,0.0,False,1,
cc,1595,0.2,15,0.4784363914298651,0.0,False,1,
cc,1595,0.35,15,0.8372636850022638,0.0,False,2,
cc,1595,0.5,15,1.1960909785746627,0.0,False,2,
cc,1595,0.75,15,1.794136467861994,0.0,False,2,
cc,1595,1.0,15,2.3921819571493255,0.0,False,2,
cc,1833,0.02,19,0.027894502000117272,0.0033333333333333335,False,2,
cc,1833,0.05,19,0.06973625500029318,0.0,False,2,
cc,1833,0.1,19,0.13947251000058636,0.0,False,2,
cc,1833,0.2,19,0.2789450200011727,0.0,False,2,
cc,1833,0.35,19,0.48815378500205214,0.0,False,2,
cc,1833,0.5,19,0.6973625500029317,0.0,False,2,
cc,1833,0.75,19,1.0460438250043975,0.0,False,2,
cc,1833,1.0,19,1.3947251000058634,0.0,False,2,
cc,864,0.02,18,0.025432965635502684,0.35,True,1,0.0
cc,864,0.05,18,0.06358241408875671,0.32,True,1,0.0
cc,864,0.1,18,0.12716482817751343,0.36666666666666664,True,1,0.0
cc,864,0.2,18,0.25432965635502686,0.28,True,1,0.0
cc,864,0.35,18,0.4450768986212969,0.29333333333333333,True,1,0.0
cc,864,0.5,18,0.6358241408875671,0.24,True,1,0.0
cc,864,0.75,18,0.9537362113313507,0.22,True,2,0.008547008547008548
cc,864,1.0,18,1.2716482817751342,0.12,True,2,0.056818181818181816
cc,1852,0.02,14,0.030905374998731538,0.0,False,2,
cc,1852,0.05,14,0.07726343749682886,0.0,False,2,
cc,1852,0.1,14,0.15452687499365772,0.0,False,2,
cc,1852,0.2,14,0.30905374998731544,0.0,False,2,
cc,1852,0.35,14,0.5408440624778019,0.0,False,2,
cc,1852,0.5,14,0.7726343749682885,0.0,False,2,
cc,1852,0.75,14,1.1589515624524327,0.0,False,2,
cc,1852,1.0,14,1.545268749936577,0.0,False,2,
cc,1564,0.02,17,0.0281592288084734,0.0,False,2,
cc,1564,0.05,17,0.0703980720211835,0.0,False,2,
cc,1564,0.1,17,0.140796144042367,0.0,False,2,
cc,1564,0.2,17,0.281592288084734,0.0,False,2,
cc,1564,0.35,17,0.49278650414828445,0.0,False,2,
cc,1564,0.5,17,0.703980720211835,0.0,False,2,
cc,1564,0.75,17,1.0559710803177524,0.0,False,2,
cc,1564,1.0,17,1.40796144042367,0.0,False,2,
cc,1220,0.02,19,0.02303574834442972,0.18666666666666668,True,1,0.0
cc,1220,0.05,19,0.05758937086107429,0.13333333333333333,True,1,0.0
cc,1220,0.1,19,0.11517874172214858,0.11666666666666667,True,1,0.0
cc,1220,0.2,19,0.23035748344429716,0.12,True,1,0.0
cc,1220,0.35,19,0.40312559602752,0.06,True,1,0.0
cc,1220,0.5,19,0.5758937086107428,0.08666666666666667,True,1,0.0
cc,1220,0.75,19,0.8638405629161143,0.06666666666666667,True,2,0.0035714285714285713
cc,1220,1.0,19,1.1517874172214857,0.056666666666666664,True,2,0.04946996466431095
cc,522,0.02,18,0.0286480110464159,0.0,False,1,
cc,522,0.05,18,0.07162002761603976,0.0,False,1,
cc,522,0.1,18,0.14324005523207953,0.0,False,1,
cc,522,0.2,18,0.28648011046415905,0.0,False,1,
cc,522,0.35,18,0.5013401933122782,0.0,False,1,
cc,522,0.5,18,0.7162002761603975,0.0,False,1,
cc,522,0.75,18,1.074300414240596,0.0,False,2,
cc,522,1.0,18,1.432400552320795,0.0,False,2,
cc,1339,0.02,18,0.024952839318625943,0.0,False,2,
cc,1339,0.05,18,0.06238209829656485,0.0,False,2,
cc,1339,0.1,18,0.1247641965931297,0.0,False,2,
cc,1339,0.2,18,0.2495283931862594,0.0,False,2,
cc,1339,0.35,18,0.4366746880759539,0.0,False,2,
cc,1339,0.5,18,0.6238209829656485,0.0,False,2,
cc,1339,0.75,18,0.9357314744484727,0.0,False,2,
cc,1339,1.0,18,1.247641965931297,0.0,False,2,
cc,720,0.02,18,0.03172807985413957,0.0,False,2,
cc,720,0.05,18,0.07932019963534893,0.0,False,2,
cc,720,0.1,18,0.15864039927069787,0.0,False,2,
cc,720,0.2,18,0.31728079854139574,0.0,False,2,
cc,720,0.35,18,0.5552413974474424,0.0,False,2,
cc,720,0.5,18,0.7932019963534892,0.0,False,2,
cc,720,0.75,18,1.1898029945302337,0.0,False,2,
cc,720,1.0,18,1.5864039927069784,0.0,False,2,
cc,507,0.02,18,0.026818425129135237,0.0033333333333333335,False,1,
cc,507,0.05,18,0.06704606282283809,0.0033333333333333335,False,1,
cc,507,0.1,18,0.13409212564567619,0.0,False,1,
cc,507,0.2,18,0.26818425129135237,0.0,False,1,
cc,507,0.35,18,0.4693224397598666,0.0,False,1,
cc,507,0.5,18,0.6704606282283809,0.0,False,1,
cc,507,0.75,18,1.0056909423425713,0.0,False,2,
cc,507,1.0,18,1.3409212564567619,0.0,False,2,
cc,1057,0.02,15,0.053070071552465965,0.0,False,2,
cc,1057,0.05,15,0.13267517888116492,0.0,False,2,
cc,1057,0.1,15,0.26535035776232985,0.0,False,2,
cc,1057,0.2,15,0.5307007155246597,0.0,False,2,
cc,1057,0.35,15,0.9287262521681543,0.0,False,2,
cc,1057,0.5,15,1.3267517888116491,0.0,False,2,
cc,1057,0.75,15,1.9901276832174737,0.0,False,2,
cc,1057,1.0,15,2.6535035776232982,0.0,False,2,
cc,325,0.02,16,0.039882072300792694,0.0,False,1,
cc,325,0.05,16,0.09970518075198173,0.0,False,1,
cc,325,0.1,16,0.19941036150396346,0.0,False,1,
cc,325,0.2,16,0.3988207230079269,0.0,False,1,
cc,325,0.35,16,0.6979362652638721,0.0,False,1,
cc,325,0.5,16,0.9970518075198173,0.0,False,2,
cc,325,0.75,16,1.495577711279726,0.0,False,2,
cc,325,1.0,16,1.9941036150396345,0.0,False,2,
cc,812,0.02,13,0.07569445974090751,0.0,False,2,
cc,812,0.05,13,0.18923614935226876,0.0,False,2,
cc,812,0.1,13,0.3784722987045375,0.0,False,2,
cc,812,0.2,13,0.756944597409075,0.0,False,2,
cc,812,0.35,13,1.3246530454658814,0.0,False,2,
cc,812,0.5,13,1.8923614935226876,0.0,False,2,
cc,812,0.75,13,2.8385422402840317,0.0,False,2,
cc,812,1.0,13,3.784722987045375,0.0,False,2,
cc,289,0.02,18,0.024049851094386464,0.0,False,1,
cc,289,0.05,18,0.060124627735966156,0.0,False,1,
cc,289,0.1,18,0.12024925547193231,0.0,False,1,
cc,289,0.2,18,0.24049851094386462,0.0,False,1,
cc,289,0.35,18,0.42087239415176303,0.0,False,1,
cc,289,0.5,18,0.6012462773596615,0.0,False,1,
cc,289,0.75,18,0.9018694160394923,0.0,False,2,
cc,289,1.0,18,1.202492554719323,0.0,False,2,
cc,531,0.02,17,0.03310008619824879,0.0,False,2,
cc,531,0.05,17,0.08275021549562199,0.0,False,2,
cc,531,0.1,17,0.16550043099124398,0.0,False,2,
cc,531,0.2,17,0.33100086198248796,0.0,False,2,
cc,531,0.35,17,0.5792515084693538,0.0,False,2,
cc,531,0.5,17,0.8275021549562198,0.0,False,2,
cc,531,0.75,17,1.2412532324343297,0.0,False,2,
cc,531,1.0,17,1.6550043099124396,0.0,False,2,
cc,1239,0.02,18,0.027518494691768213,0.0,False,1,
cc,1239,0.05,18,0.06879623672942053,0.0,False,1,
cc,1239,0.1,18,0.13759247345884107,0.0,False,1,
cc,1239,0.2,18,0.27518494691768214,0.0,False,1,
cc,1239,0.35,18,0.4815736571059437,0.0,False,1,
cc,1239,0.5,18,0.6879623672942053,0.0,False,1,
cc,1239,0.75,18,1.0319435509413082,0.0,False,2,
cc,1239,1.0,18,1.3759247345884107,0.0,False,2,
cc,38,0.02,17,0.04993741581101489,0.0,False,2,
cc,38,0.05,17,0.12484353952753723,0.0,False,2,
cc,38,0.1,17,0.24968707905507445,0.0,False,2,
cc,38,0.2,17,0.4993741581101489,0.0,False,2,
cc,38,0.35,17,0.8739047766927606,0.0,False,2,
cc,38,0.5,17,1.2484353952753724,0.0,False,2,
cc,38,0.75,17,1.8726530929130585,0.0,False,2,
cc,38,1.0,17,2.496870790550745,0.0,False,2,
cc,1272,0.02,16,0.03848587880487544,0.0,False,1,
cc,1272,0.05,16,0.0962146970121886,0.0,False,1,
cc,1272,0.1,16,0.1924293940243772,0.0,False,1,
cc,1272,0.2,16,0.3848587880487544,0.0,False,1,
cc,1272,0.35,16,0.67350287908532,0.0,False,1,
cc,1272,0.5,16,0.9621469701218859,0.0,False,2,
cc,1272,0.75,16,1.443220455182829,0.0,False,2,
cc,1272,1.0,16,1.9242939402437718,0.0,False,2,
cc,1303,0.02,18,0.024958128654693323,0.0,False,2,
cc,1303,0.05,18,0.062395321636733315,0.0,False,2,
cc,1303,0.1,18,0.12479064327346663,0.0,False,2,
cc,1303,0.2,18,0.24958128654693326,0.0,False,2,
cc,1303,0.35,18,0.43676725145713313,0.0,False,2,
cc,1303,0.5,18,0.6239532163673331,0.0,False,2,
cc,1303,0.75,18,0.9359298245509997,0.0,False,2,
cc,1303,1.0,18,1.2479064327346663,0.0,False,2,
cc,378,0.02,13,0.08042911589963724,0.006666666666666667,False,2,
cc,378,0.05,13,0.2010727897490931,0.0033333333333333335,False,2,
cc,378,0.1,13,0.4021455794981862,0.01,False,2,
cc,378,0.2,13,0.8042911589963724,0.016666666666666666,False,2,
cc,378,0.35,13,1.4075095282436516,0.0033333333333333335,False,2,
cc,378,0.5,13,2.0107278974909306,0.0,False,2,
cc,378,0.75,13,3.016091846236396,0.0,False,2,
cc,378,1.0,13,4.021455794981861,0.0,False,2,
cc,210,0.02,14,0.15580359284798825,0.0,False,2,
cc,210,0.05,14,0.38950898211997065,0.0,False,2,
cc,210,0.1,14,0.7790179642399413,0.0,False,2,
cc,210,0.2,14,1.5580359284798826,0.0,False,2,
cc,210,0.35,14,2.7265628748397943,0.0,False,2,
cc,210,0.5,14,3.8950898211997065,0.0,False,2,
cc,210,0.75,14,5.842634731799559,0.0,False,2,
cc,210,1.0,14,7.790179642399413,0.0,False,2,
cc,1201,0.02,18,0.028736968027801808,0.0,False,1,
cc,1201,0.05,18,0.07184242006950452,0.0,False,1,
cc,1201,0.1,18,0.14368484013900903,0.0,False,1,
cc,1201,0.2,18,0.28736968027801807,0.0,False,1,
cc,1201,0.35,18,0.5028969404865316,0.0,False,1,
cc,1201,0.5,18,0.7184242006950451,0.0,False,1,
cc,1201,0.75,18,1.0776363010425676,0.0,False,2,
cc,1201,1.0,18,1.4368484013900902,0.0,False,2,
cc,560,0.02,14,0.06533689649986513,0.0,False,1,
cc,560,0.05,14,0.16334224124966282,0.0,False,1,
cc,560,0.1,14,0.32668448249932563,0.0,False,1,
cc,560,0.2,14,0.6533689649986513,0.0,False,1,
cc,560,0.35,14,1.1433956887476395,0.0,False,2,
cc,560,0.5,14,1.6334224124966281,0.0,False,2,
cc,560,0.75,14,2.450133618744942,0.0,False,2,
cc,560,1.0,14,3.2668448249932562,0.0,False,2,
cc,1068,0.02,18,0.030559821606288423,0.0,False,2,
cc,1068,0.05,18,0.07639955401572106,0.0,False,2,
cc,1068,0.1,18,0.15279910803144212,0.0,False,2,
cc,1068,0.2,18,0.30559821606288423,0.0,False,2,
cc,1068,0.35,18,0.5347968781100473,0.0,False,2,
cc,1068,0.5,18,0.7639955401572105,0.0,False,2,
cc,1068,0.75,18,1.1459933102358157,0.0,False,2,
cc,1068,1.0,18,1.527991080314421,0.0,False,2,
cc,1666,0.02,10,0.051846163378110495,0.0,False,2,
cc,1666,0.05,10,0.12961540844527625,0.0,False,2,
cc,1666,0.1,10,0.2592308168905525,0.0,False,2,
cc,1666,0.2,10,0.518461633781105,0.0,False,2,
cc,1666,0.35,10,0.9073078591169335,0.0,False,2,
cc,1666,0.5,10,1.2961540844527624,0.0,False,2,
cc,1666,0.75,10,1.9442311266791434,0.0,False,2,
cc,1666,1.0,10,2.5923081689055247,0.0,False,2,
cc,1951,0.02,18,0.026442751584284982,0.0,False,2,
cc,1951,0.05,18,0.06610687896071245,0.0,False,2,
cc,1951,0.1,18,0.1322137579214249,0.0,False,2,
cc,1951,0.2,18,0.2644275158428498,0.0,False,2,
cc,1951,0.35,18,0.46274815272498715,0.0,False,2,
cc,1951,0.5,18,0.6610687896071245,0.0,False,2,
cc,1951,0.75,18,0.9916031844106866,0.0,False,2,
cc,1951,1.0,18,1.322137579214249,0.0,False,2,
cc,729,0.02,18,0.022728965783472426,0.0,False,2,
cc,729,0.05,18,0.056822414458681074,0.0,False,2,
cc,729,0.1,18,0.11364482891736215,0.0,False,2,
cc,729,0.2,18,0.2272896578347243,0.0,False,2,
cc,729,0.35,18,0.39775690121076746,0.0,False,2,
cc,729,0.5,18,0.5682241445868107,0.0,False,2,
cc,729,0.75,18,0.8523362168802161,0.0,False,2,
cc,729,1.0,18,1.1364482891736214,0.0,False,2,
