n_scales,p_min,flag,delta_med,delta_cv,pi_hat,z_hat,delta_at_pmin,pi_true_max,detectable,abstain,model,tau_obs,anchor,dist
3,0.9128,False,0.0083721176349266,0.3033298173049663,0.4993318593529401,0,,0.008,False,False,gated,0.005,0.02,0.48
3,0.861,False,0.0049043526453155,0.4528219813981868,0.451880985049041,1,,0.013,False,False,gated,0.005,0.0240167364016736,0.4759832635983264
3,0.95,False,0.0073360264076334,0.2283063162866467,0.5442232663472253,0,0.0090108875731701,0.008,False,False,gated,0.005,0.0280334728033472,0.4719665271966527
3,0.823,False,0.004926417283729,0.1354454281695075,0.4170693008421572,1,,0.013,False,False,gated,0.005,0.0320502092050209,0.467949790794979
3,0.948,False,0.0093904737303304,0.3541618914909759,0.7073012595666488,0,0.0060647257916461,0.012,False,False,gated,0.005,0.0360669456066945,0.4639330543933054
3,0.964,False,0.0059755968213232,0.0403928884919488,0.5064921437263576,0,,0.01,False,False,gated,0.005,0.0400836820083682,0.4599163179916318
3,0.7922,False,0.005656534851156,0.2629827189943405,0.5575099885939709,0,0.0041689639356497,0.013,False,False,gated,0.005,0.0441004184100418,0.4558995815899581
3,0.8028,False,0.00910513988172,0.2453266016353995,0.5458605718813927,0,0.0068714068568773,0.016,False,False,gated,0.005,0.0481171548117154,0.4518828451882845
3,0.9722,False,0.0036900697677887,0.5978257823761346,0.4535888883936386,0,,0.015,False,False,gated,0.005,0.0521338912133891,0.4478661087866109
3,0.4052,False,0.0049352736403447,0.955938873693608,0.4942649099703845,0,0.0002174537142678,0.011,False,False,gated,0.005,0.0561506276150627,0.4438493723849372
3,0.6772,False,0.0056840250314192,0.4736082971466037,0.2725559441035595,1,0.0029920236148764,0.013,False,False,gated,0.005,0.0601673640167364,0.4398326359832636
3,0.872,False,0.0073270906524545,0.2652816107544746,0.4016098871141971,0,0.005383348241762,0.011,False,False,gated,0.005,0.06418410041841,0.4358158995815899
3,0.8864,False,0.0037414563012854,0.4463424695068239,0.5055609785674707,0,0.0020714854557715,0.012,False,False,gated,0.005,0.0682008368200836,0.4317991631799163
3,0.9922,False,0.0063266673003043,0.5576870986047279,0.4829796369079054,0,0.0098549680314061,0.017,False,False,gated,0.005,0.0722175732217573,0.4277824267782427
3,0.7584,False,0.006482573714178,1.3454095217163906,0.3310501071920549,1,0.2219918858396824,0.021,False,False,gated,0.005,0.0762343096234309,0.423765690376569
3,0.7972,False,0.0049326617408025,0.2137478954653812,0.6241688958071296,1,0.0059870078071554,0.018,False,False,gated,0.005,0.0802510460251046,0.4197489539748954
3,0.936,False,0.0056737071215274,1.3294946206054306,0.4485464037505128,1,0.0037366802735316,0.016,False,False,gated,0.005,0.0842677824267782,0.4157322175732217
3,0.5484,False,0.0095023659967306,1.3081797456727742,0.4252574986876378,1,0.2263866024369923,0.028,False,False,gated,0.005,0.0882845188284519,0.4117154811715481
3,0.988,False,0.0086177699191038,0.341106159974749,0.5763758057748086,0,0.0056781955141113,0.019,False,False,gated,0.005,0.0923012552301255,0.4076987447698744
3,0.9356,False,0.0095768199198418,0.313840218459864,0.4853810034758252,1,,0.023,False,False,gated,0.005,0.0963179916317991,0.4036820083682008
3,0.9284,False,0.0077138019014258,0.3292538833871691,0.4935020686925152,0,0.0051740026693728,0.021,False,False,gated,0.005,0.1003347280334728,0.3996652719665272
3,0.781,False,0.0024977539099818,0.914394899115638,0.5139610230726893,0,0.0002138204745339,0.021,False,False,gated,0.005,0.1043514644351464,0.3956485355648536
3,0.607,False,0.0068373513903841,1.3058656769438908,0.4909274456656947,1,0.2267032902686203,0.03,False,False,gated,0.005,0.1083682008368201,0.3916317991631799
3,0.6242,False,0.0060209943566744,1.3263267306079247,0.4976304417999052,0,0.2278840411366623,0.019,False,False,gated,0.005,0.1123849372384937,0.3876150627615062
3,0.7376,False,0.0086859539019957,1.3124928255679775,0.6987379673218607,0,0.2290618556395443,0.024,False,False,gated,0.005,0.1164016736401673,0.3835983263598326
3,0.8988,False,0.0072606571743956,1.2898235973817724,0.4915026329228557,1,0.2302757352299085,0.024,False,False,gated,0.005,0.120418410041841,0.379581589958159
3,0.4374,False,0.0116586290566376,1.258828197546317,0.2495975140833375,1,0.2349124892262666,0.034,False,False,gated,0.005,0.1244351464435146,0.3755648535564853
3,0.7222,False,0.012116403760503,1.2990738338938317,0.5226386515371301,0,0.2300848676246227,0.028,False,False,gated,0.005,0.1284518828451883,0.3715481171548117
3,0.6294,False,0.0047041494011921,1.3446035818957869,0.2517737949253865,1,0.2277628340429425,0.029,False,False,gated,0.005,0.1324686192468619,0.367531380753138
3,0.203,False,0.010788082097972,1.272843702843543,0.5104705901377011,1,0.2298513472802036,0.035,False,False,gated,0.005,0.1364853556485355,0.3635146443514644
3,0.1694,False,0.0099565535590149,1.2768297559264394,0.3271120432633925,1,0.2334271285981139,0.041,False,False,gated,0.005,0.1405020920502092,0.3594979079497907
3,0.7496,False,0.0070675939970657,1.3479188904885495,0.2806593183721021,1,0.2295491643245969,0.028,False,False,gated,0.005,0.1445188284518828,0.3554811715481171
3,0.1214,False,0.008543287548453,1.2893948315088932,0.5065643249536718,0,0.233695784185,0.046,False,False,gated,0.005,0.1485355648535564,0.3514644351464435
3,0.1542,False,0.0116151616304663,1.2789595585910905,0.3544388275456561,1,0.2332299214790961,0.04,False,False,gated,0.005,0.1525523012552301,0.3474476987447699
3,0.0686,False,0.0057219658069412,1.3486983566010575,0.5119018891121108,1,0.2318874957827061,0.044,False,False,gated,0.005,0.1565690376569037,0.3434309623430962
3,0.2624,False,0.006311080051713,1.3101370875253937,0.4913471276633613,1,0.2327458715499402,0.038,False,False,gated,0.005,0.1605857740585774,0.3394142259414225
3,0.0168,False,0.0064988519181143,1.3265713478137944,0.4949649394174955,1,0.2382583826779052,0.052,True,False,gated,0.005,0.164602510460251,0.3353974895397489
3,0.0202,False,0.0031916731415165,1.3854079680726572,0.4820431853666893,1,0.2351357747189252,0.053,True,False,gated,0.005,0.1686192468619247,0.3313807531380753
3,0.0384,False,0.0114089355752832,1.3045503479808225,0.5188241679665603,1,0.2358596394553224,0.052,True,False,gated,0.005,0.1726359832635983,0.3273640167364017
3,0.0396,False,0.0125361029637728,1.2635808698418338,0.501881759805472,1,0.2386092291425435,0.046,False,False,gated,0.005,0.1766527196652719,0.323347280334728
3,0.0232,False,0.0111653725589437,1.2964677917097178,0.430250087084452,1,0.2359403433540757,0.05,True,False,gated,0.005,0.1806694560669456,0.3193305439330544
3,0.009,True,0.010807204825625,1.282840068569127,0.505630018414491,1,0.2380071452493115,0.052,True,False,gated,0.005,0.1846861924686192,0.3153138075313807
3,0.0064,True,0.0094696878192383,1.312654227172154,0.3797284965198295,1,0.2356179977091197,0.055,True,False,gated,0.005,0.1887029288702928,0.3112970711297071
3,0.0002,True,0.0079118248333342,1.2893202004242783,0.4122546675645194,1,0.238397159691523,0.073,True,False,gated,0.005,0.1927196652719665,0.3072803347280335
3,0.0006,True,0.0067855963257683,1.306928893207056,0.2352817763357466,1,0.2358895491629724,0.065,True,False,gated,0.005,0.1967364016736401,0.3032635983263598
3,0.0008,True,0.0106337737926644,1.2753788748987176,0.4970468146354497,1,0.2390498159858175,0.064,True,False,gated,0.005,0.2007531380753138,0.2992468619246862
3,0.0014,True,0.0099624849637631,1.280384724137935,0.5008061781172128,1,0.24205548627062,0.063,True,False,gated,0.005,0.2047698744769874,0.2952301255230125
3,0.0004,True,0.010448299260339,1.2691528195249566,0.2882442813150003,1,0.2396754068191125,0.075,True,False,gated,0.005,0.2087866108786611,0.2912133891213389
3,0.0014,True,0.0110139258076043,1.271786330104191,0.500264425141618,1,0.2383876270874776,0.061,True,False,gated,0.005,0.2128033472803347,0.2871966527196652
3,0.0044,True,0.0097108082488301,1.2819371602573475,0.4939877195001206,0,0.2403332444977417,0.061,True,False,gated,0.005,0.2168200836820083,0.2831799163179916
3,0.0002,True,0.012271513747177,1.294070699583413,0.4235902628047611,1,0.2365110937170053,0.088,True,False,gated,0.005,0.220836820083682,0.279163179916318
3,0.0002,True,0.0107983564471834,1.3007858396636078,0.4090802545298247,1,0.2403321667618992,0.079,True,False,gated,0.005,0.2248535564853556,0.2751464435146443
3,0.0002,True,0.0097391947333004,1.3249373231847692,0.5058465527470688,1,0.2405608423907836,0.084,True,False,gated,0.005,0.2288702928870293,0.2711297071129707
3,0.0002,True,0.0087611846127392,1.3015427530104735,0.6909692087147691,0,0.2386130483397906,0.086,True,False,gated,0.005,0.2328870292887029,0.267112970711297
3,0.0002,True,0.012174976475186,1.2609758716900796,0.4943472060176138,1,0.2403605202310461,0.091,True,False,gated,0.005,0.2369037656903765,0.2630962343096234
3,0.0002,True,0.0116677213018441,1.2709520940750307,0.5044832448351182,0,0.2425149140005549,0.088,True,False,gated,0.005,0.2409205020920502,0.2590794979079498
3,0.0002,True,0.0107237895466854,1.2671536498459348,0.2320017247114713,1,0.240468564451976,0.08,True,False,gated,0.005,0.2449372384937238,0.2550627615062761
3,0.0002,True,0.0066278641301122,1.3061561336520326,0.5003761033926232,1,0.2439512535796172,0.105,True,False,gated,0.005,0.2489539748953975,0.2510460251046025
3,0.0002,True,0.0036516016578705,1.3771223243231054,0.4530087412746926,1,0.2415109857934752,0.113,True,False,gated,0.005,0.2529707112970711,0.2470292887029288
3,0.0002,True,0.008236325563147,1.298440101995734,0.5905969997690629,0,0.2418102662376376,0.095,True,False,gated,0.005,0.2569874476987447,0.2430125523012552
3,0.0002,True,0.0093254085825885,1.3365346486093646,0.4319539532415462,1,0.2443744598417881,0.109,True,False,gated,0.005,0.2610041841004184,0.2389958158995815
3,0.0002,True,0.0063420952195262,1.3313395481478496,0.5079919780083116,1,0.2441017635121859,0.103,True,False,gated,0.005,0.2650209205020921,0.2349790794979079
3,0.0002,True,0.0041670152101741,1.3590336443903006,0.4778998859000436,1,0.2445704668998994,0.118,True,False,gated,0.005,0.2690376569037657,0.2309623430962343
3,0.0002,True,0.0022995530649185,1.3812132463528453,0.2819617270481128,1,0.24629588044988,0.121,True,False,gated,0.005,0.2730543933054393,0.2269456066945606
3,0.0002,True,0.1229148550692754,0.9919296362118096,0.3069298428235522,1,0.2448377425441611,0.114,True,False,gated,0.005,0.277071129707113,0.222928870292887
3,0.0002,True,0.008686819227059,1.3075976672685947,0.5045242298373602,1,0.2462041133234861,0.132,True,False,gated,0.005,0.2810878661087866,0.2189121338912133
3,0.0002,True,0.0101543433272682,1.2686487273543292,0.3632463176870103,1,0.2443532633712198,0.131,True,False,gated,0.005,0.2851046025104602,0.2148953974895397
3,0.0002,True,0.0084354372156197,1.3049779290364985,0.483584461175165,1,0.2432230120667394,0.149,True,False,gated,0.005,0.2891213389121339,0.210878661087866
3,0.0002,True,0.0046399071903669,1.3533776062850802,0.4366318883120896,0,0.2450590689756144,0.163,True,False,gated,0.005,0.2931380753138076,0.2068619246861924
3,0.0002,True,0.1258501298090365,0.9398365038588576,0.240412573757717,1,0.2441286758198846,0.136,True,False,gated,0.005,0.2971548117154812,0.2028451882845188
3,0.0002,True,0.0135161997004251,1.2660764254187271,0.4998374286758101,1,0.2470078067852237,0.164,True,False,gated,0.005,0.3011715481171548,0.1988284518828451
3,0.0002,True,0.1251399690540096,0.9573029692847932,0.2227275476800692,1,0.2449368330065774,0.168,True,False,gated,0.005,0.3051882845188285,0.1948117154811715
3,0.0002,True,0.1252979260411099,0.9777104378427026,0.381582914945037,0,0.2478030161725238,0.181,True,False,gated,0.005,0.3092050209205021,0.1907949790794978
3,0.0002,True,0.0093547427499743,1.2851957748310752,0.4094906255140664,1,0.2446150567942965,0.189,True,False,gated,0.005,0.3132217573221758,0.1867782426778242
3,0.0002,True,0.1265850486888213,0.9505197677787464,0.3411054950795787,0,0.2469066397737316,0.17,True,False,gated,0.005,0.3172384937238494,0.1827615062761505
3,0.0002,True,0.1237679421690074,0.999887388942617,0.449503306235138,0,0.247521946700177,0.182,True,False,gated,0.005,0.321255230125523,0.1787447698744769
3,0.0002,True,0.1232058033244859,0.9992347011710456,0.3395557676964757,1,0.2463173173929664,0.207,True,False,gated,0.005,0.3252719665271967,0.1747280334728033
3,0.0002,True,0.125052723821986,0.9699244253297212,0.3184700194896747,0,0.246344415111912,0.206,True,False,gated,0.005,0.3292887029288703,0.1707112970711296
3,0.0002,True,0.1246433242898472,0.979154722293144,0.4873965916749896,0,0.2466884238715461,0.195,True,False,gated,0.005,0.3333054393305439,0.166694560669456
3,0.0002,True,0.1250058857352177,0.967704069912451,0.2582311339923044,0,0.2459745901251664,0.228,True,False,gated,0.005,0.3373221757322176,0.1626778242677823
3,0.0002,True,0.1274268823115694,0.9634188792027696,0.280935028971244,1,0.2501923464494483,0.226,True,False,gated,0.005,0.3413389121338912,0.1586610878661087
3,0.0002,True,0.1249314950317834,0.9713831172978274,0.4350721216620921,0,0.2462878401254066,0.218,True,False,gated,0.005,0.3453556485355649,0.1546443514644351
3,0.0002,True,0.1273659584814919,0.9639405561776628,0.4416686140103862,0,0.2501391713392063,0.228,True,False,gated,0.005,0.3493723849372385,0.1506276150627614
3,0.0002,True,0.1271253906972511,0.9548077996301588,0.3869352401913843,1,0.2485057052669726,0.23,True,False,gated,0.005,0.3533891213389121,0.1466108786610878
3,0.0002,True,0.1273891385823745,0.9500798250304786,0.3787236932008266,0,0.2484189890784504,0.256,True,False,gated,0.005,0.3574058577405858,0.1425941422594142
3,0.0002,True,0.1243023994502083,0.990414152891508,0.4008436098037762,0,0.2474132551050588,0.226,True,False,gated,0.005,0.3614225941422594,0.1385774058577405
3,0.0002,True,0.2488913242873857,0.7093866530711335,0.263,1,0.2488913242873857,0.274,True,False,gated,0.005,0.365439330543933,0.1345606694560669
3,0.0002,True,0.1266423260166859,0.9601182613610312,0.5139183214195209,0,0.2482339358875035,0.25,True,False,gated,0.005,0.3694560669456067,0.1305439330543932
3,0.0002,True,0.2497761949005596,0.7032621161381719,0.275,1,0.2497761949005596,0.27,True,False,gated,0.005,0.3734728033472804,0.1265271966527196
3,0.0002,True,0.2496787647067914,0.6959039833217351,0.2849999999999964,1,0.2496787647067914,0.296,True,False,gated,0.005,0.377489539748954,0.122510460251046
3,0.0002,True,0.2494106142643335,0.6962553846978677,0.271,1,0.2494106142643335,0.286,True,False,gated,0.005,0.3815062761506276,0.1184937238493723
3,0.0002,True,0.2506852737568344,0.709434358106824,0.275,1,0.2506852737568344,0.307,True,False,gated,0.005,0.3855230125523013,0.1144769874476986
3,0.0002,True,0.2506901832858288,0.6824316609364909,0.2959999999999997,1,0.2506901832858288,0.301,True,False,gated,0.005,0.3895397489539749,0.110460251046025
3,0.0002,True,0.2502819948441495,0.6863779701021633,0.2959999999995795,1,0.2502819948441495,0.304,True,False,gated,0.005,0.3935564853556486,0.1064435146443514
3,0.0002,True,0.2511318120335534,0.6825176220865597,0.293,1,0.2511318120335534,0.306,True,False,gated,0.005,0.3975732217573222,0.1024267782426777
3,0.0002,True,0.2517820260482833,0.6898060143888114,0.2979999999999984,1,0.2517820260482833,0.321,True,False,gated,0.005,0.4015899581589958,0.0984100418410041
3,0.0002,True,0.2501462467006267,0.6878948323511042,0.3220424782250388,1,0.2791452700039694,0.322,True,False,gated,0.005,0.4056066945606695,0.0943933054393305
3,0.0002,True,0.2488799051590602,0.7005020645592571,0.3039999999999952,1,0.2810543871126292,0.344,True,False,gated,0.005,0.4096234309623431,0.0903765690376568
3,0.0002,True,0.2509629262523764,0.6851126388932646,0.0929651134985711,1,0.2815862761876845,0.347,True,False,gated,0.005,0.4136401673640167,0.0863598326359832
3,0.0002,True,0.2497464953245167,0.699246733750701,0.2404140660342287,1,0.2822347517948969,0.345,True,False,gated,0.005,0.4176569037656904,0.0823430962343095
3,0.0002,True,0.2512667539659816,0.7039667138586191,0.341,1,0.281463833464334,0.349,True,False,gated,0.005,0.4216736401673641,0.0783263598326359
3,0.0002,True,0.2529751651999758,0.6938348762383124,0.2232726216792186,1,0.2816166442150269,0.357,True,False,gated,0.005,0.4256903765690377,0.0743096234309623
3,0.0002,True,0.2504206608310908,0.6847284312005105,0.3569999999999999,1,0.2825495395379394,0.351,True,False,gated,0.005,0.4297071129707113,0.0702928870292886
3,0.0002,True,0.252870718948674,0.6891021620490253,0.349,1,0.2815116690845589,0.346,True,False,gated,0.005,0.433723849372385,0.066276150627615
3,0.0002,True,0.266893136172364,0.0606015188880637,0.2565,1,0.2830672656052687,0.382,True,False,gated,0.005,0.4377405857740586,0.0622594142259413
3,0.0002,True,0.268801969941559,0.0558422633671925,0.289499999999915,1,0.2838124803407116,0.376,True,False,gated,0.005,0.4417573221757322,0.0582426778242677
3,0.0002,True,0.2679166460007558,0.0606374580629089,0.29,1,0.2841624303870425,0.4,True,False,gated,0.005,0.4457740585774059,0.054225941422594
3,0.0002,True,0.2667518523627618,0.0610953066317436,0.3214999999999999,1,0.2830491385775114,0.407,True,False,gated,0.005,0.4497907949790795,0.0502092050209204
3,0.0002,True,0.269514345618247,0.0532607539871264,0.3279999999999543,1,0.2838688828762751,0.423,True,False,gated,0.005,0.4538075313807532,0.0461924686192468
3,0.0002,True,0.2847966118940127,0.0640213591348236,0.234,1,0.2847966118940127,0.413,True,False,gated,0.005,0.4578242677824268,0.0421757322175731
3,0.0002,True,0.2849033164403661,0.0646126896597714,0.303,1,0.2849033164403661,0.425,True,False,gated,0.005,0.4618410041841004,0.0381589958158995
3,0.0002,True,0.2838027599585289,0.0637791948470396,0.307,1,0.2838027599585289,0.447,True,False,gated,0.005,0.4658577405857741,0.0341422594142258
3,0.0002,True,0.2837664335045257,0.060818861912158,0.302,1,0.2944136595565295,0.441,True,False,gated,0.005,0.4698744769874478,0.0301255230125522
3,0.0002,True,0.2847782990152062,0.0678082295392048,0.367,1,0.2940949458035258,0.439,True,False,gated,0.005,0.4738912133891214,0.0261087866108786
3,0.0002,True,0.2845816327446585,0.0636940074941966,0.356,1,0.2939475649757653,0.443,True,False,gated,0.005,0.477907949790795,0.0220920502092049
3,0.0002,True,0.284829873258768,0.0657039787711406,0.385,1,0.2943086877305282,0.457,True,False,gated,0.005,0.4819246861924686,0.0180753138075313
3,0.0002,True,0.284524900348726,0.0643978792042349,0.394,1,0.2950950299907619,0.464,True,False,gated,0.005,0.4859414225941423,0.0140585774058576
3,0.0002,True,0.2855212962220542,0.0681143664202837,0.44,1,0.2951047277255126,0.464,True,False,gated,0.005,0.4899581589958159,0.010041841004184
3,0.0002,True,0.284767237899098,0.0664247332667066,0.49,1,0.2947438319920216,0.488,True,False,gated,0.005,0.4939748953974895,0.0060251046025104
3,0.0002,True,0.2858751242933446,0.0690840295466221,0.478,1,0.2949457239757313,0.495,True,False,gated,0.005,0.4979916317991632,0.0020083682008367
3,0.0002,True,0.2845516806755704,0.0643603636752059,0.534,0,0.2956989319763696,0.495,True,False,gated,0.005,0.5020083682008368,0.0020083682008368
3,0.0002,True,0.2848454699163112,0.0670299734159254,0.526,0,0.2951363673859637,0.484,True,False,gated,0.005,0.5060251046025105,0.0060251046025104
3,0.0002,True,0.285951855718124,0.0639787920515905,0.549,0,0.2949224818598846,0.49,True,False,gated,0.005,0.5100418410041841,0.0100418410041841
3,0.0002,True,0.2848284726728974,0.0651187451574676,0.596,0,0.2939628269872621,0.491,True,False,gated,0.005,0.5140585774058578,0.0140585774058578
3,0.0002,True,0.2839189840781426,0.0635492159757568,0.645,0,0.2945334526059319,0.4529999999999999,True,False,gated,0.005,0.5180753138075314,0.0180753138075313
3,0.0002,True,0.2841680915554538,0.0659861737401271,0.626,0,0.2951508159467223,0.477,True,False,gated,0.005,0.5220920502092051,0.0220920502092051
3,0.0002,True,0.2845456804331776,0.0633002180574686,0.666,0,0.294218072083223,0.4559999999999999,True,False,gated,0.005,0.5261087866108787,0.0261087866108786
3,0.0002,True,0.2841207403178275,0.0640525769723287,0.676,0,0.2943146362838365,0.4519999999999999,True,False,gated,0.005,0.5301255230125523,0.0301255230125523
3,0.0002,True,0.2852651640352401,0.0660391439562237,0.704,0,0.2852651640352401,0.4529999999999999,True,False,gated,0.005,0.534142259414226,0.0341422594142259
3,0.0002,True,0.2847659503475355,0.0674847515521278,0.728,0,0.2847659503475355,0.474,True,False,gated,0.005,0.5381589958158997,0.0381589958158996
3,0.0002,True,0.2680264424063577,0.0589176316780963,0.6695000000000002,0,0.2838179256201049,0.418,True,False,gated,0.005,0.5421757322175733,0.0421757322175733
3,0.0002,True,0.267317941506859,0.0618869822469864,0.6680000000000138,0,0.2838614422072568,0.405,True,False,gated,0.005,0.5461924686192469,0.0461924686192468
3,0.0002,True,0.2673664630516904,0.0599409113784784,0.7079999992198971,0,0.283392652519109,0.386,True,False,gated,0.005,0.5502092050209205,0.0502092050209205
3,0.0002,True,0.2667821978949611,0.0640008184507064,0.7035,0,0.283856476908381,0.396,True,False,gated,0.005,0.5542259414225942,0.0542259414225941
3,0.0002,True,0.2511167798032823,0.703287726294975,0.5929999999997994,0,0.2823745383947602,0.377,True,False,gated,0.005,0.5582426778242678,0.0582426778242678
3,0.0002,True,0.2670528461203365,0.0556297399445487,0.738,0,0.281908926501518,0.356,True,False,gated,0.005,0.5622594142259415,0.0622594142259415
3,0.0002,True,0.25142700580983,0.709845471056177,0.6,0,0.2822956741248292,0.361,True,False,gated,0.005,0.5662761506276152,0.0662761506276151
3,0.0002,True,0.2496949422910893,0.6874729003128891,0.642,0,0.2817106831462966,0.3249999999999999,True,False,gated,0.005,0.5702928870292887,0.0702928870292887
3,0.0002,True,0.2497500565748237,0.6883432626349409,0.643,0,0.2827270255871858,0.346,True,False,gated,0.005,0.5743096234309624,0.0743096234309623
3,0.0002,True,0.2667148082759049,0.0556393209215476,0.774,0,0.2815546390881527,0.3409999999999999,True,False,gated,0.005,0.578326359832636,0.078326359832636
3,0.0002,True,0.251694249877425,0.6975033547139164,0.664,0,0.2825237217744463,0.3319999999999999,True,False,gated,0.005,0.5823430962343097,0.0823430962343096
3,0.0002,True,0.251609071779472,0.7082699205216084,0.678,0,0.281966578781314,0.306,True,False,gated,0.005,0.5863598326359833,0.0863598326359833
3,0.0002,True,0.2509423739550562,0.7032775628977604,0.6560000000001014,0,0.2818693499220812,0.3319999999999999,True,False,gated,0.005,0.590376569037657,0.090376569037657
3,0.0002,True,0.2496395549441424,0.7056852183821193,0.6530000062166642,0,0.2806350679038518,0.3309999999999999,True,False,gated,0.005,0.5943933054393306,0.0943933054393305
3,0.0002,True,0.2504888614655402,0.6844424296758759,0.6938984674161728,0,0.2797377102431062,0.3149999999999999,True,False,gated,0.005,0.5984100418410042,0.0984100418410042
3,0.0002,True,0.2501341039559873,0.7015759962968594,0.7090000000000002,0,0.2501341039559873,0.303,True,False,gated,0.005,0.6024267782426779,0.1024267782426778
3,0.0002,True,0.2511272460899281,0.7037269841751689,0.701000000000011,0,0.2511272460899281,0.277,True,False,gated,0.005,0.6064435146443515,0.1064435146443515
3,0.0002,True,0.2500158935717061,0.6899591725838615,0.716,0,0.2500158935717061,0.289,True,False,gated,0.005,0.6104602510460252,0.1104602510460251
3,0.0002,True,0.2497322877250343,0.7003852273566322,0.73,0,0.2497322877250343,0.265,True,False,gated,0.005,0.6144769874476989,0.1144769874476988
3,0.0002,True,0.2527779610977931,0.6802405125996394,0.7080000000000016,0,0.2527779610977931,0.261,True,False,gated,0.005,0.6184937238493724,0.1184937238493724
3,0.0002,True,0.2495684829500286,0.6861464711122809,0.726,0,0.2495684829500286,0.299,True,False,gated,0.005,0.6225104602510461,0.122510460251046
3,0.0002,True,0.2498489098429174,0.6872160076902708,0.7280000000000177,0,0.2498489098429174,0.271,True,False,gated,0.005,0.6265271966527197,0.1265271966527197
3,0.0002,True,0.1251599945388398,0.98172305965229,0.607010002073302,0,0.2480324473245553,0.275,True,False,gated,0.005,0.6305439330543934,0.1305439330543933
3,0.0002,True,0.2490696605884269,0.6954877697485051,0.7570000000000007,0,0.2490696605884269,0.257,True,False,gated,0.005,0.634560669456067,0.134560669456067
3,0.0002,True,0.2465904454021726,0.6755198874505878,0.7350000000002335,0,0.2465904454021726,0.2189999999999999,True,False,gated,0.005,0.6385774058577407,0.1385774058577407
3,0.0002,True,0.1250089863030233,0.98544896259645,0.6390961944045714,0,0.2481989621715569,0.243,True,False,gated,0.005,0.6425941422594142,0.1425941422594142
3,0.0002,True,0.1255614839144423,0.985414801853517,0.6822684075752672,0,0.2492916287074115,0.2249999999999999,True,False,gated,0.005,0.6466108786610879,0.1466108786610879
3,0.0002,True,0.1256498025763577,0.9838058430588844,0.6461979349212503,0,0.2492648125311575,0.2289999999999999,True,False,gated,0.005,0.6506276150627616,0.1506276150627615
3,0.0002,True,0.1241083770090615,0.9955149201245506,0.5701950597191473,0,0.2476601180350205,0.2239999999999999,True,False,gated,0.005,0.6546443514644352,0.1546443514644352
3,0.0002,True,0.1261852280913481,0.9832781281196856,0.5573220571894448,0,0.2502604029663478,0.183,True,False,gated,0.005,0.6586610878661089,0.1586610878661088
3,0.0002,True,0.1281789922584374,0.9315466614432444,0.4637515053134526,0,0.2475837045648759,0.2169999999999999,True,False,gated,0.005,0.6626778242677824,0.1626778242677824
3,0.0002,True,0.1271892496783956,0.94900051549313,0.7188226762771339,0,0.2478919131893264,0.2109999999999999,True,False,gated,0.005,0.6666945606694561,0.1666945606694561
3,0.0002,True,0.0140322282483184,1.2630190425547516,0.6789574007181447,0,0.2492765505029661,0.1949999999999999,True,False,gated,0.005,0.6707112970711298,0.1707112970711297
3,0.0002,True,0.1233063644578233,0.991784606891954,0.679226456191836,0,0.2455997186598935,0.1939999999999999,True,False,gated,0.005,0.6747280334728034,0.1747280334728034
3,0.0002,True,0.0114428631804221,1.302370973897964,0.5063834140675356,1,0.2463026597610237,0.2049999999999999,True,False,gated,0.005,0.6787447698744771,0.178744769874477
3,0.0002,True,0.1270349884710893,0.9505448474997914,0.626168418063983,0,0.2477874422154293,0.1879999999999999,True,False,gated,0.005,0.6827615062761507,0.1827615062761507
3,0.0002,True,0.1250200101585557,0.9555787189305972,0.6576912105126212,0,0.2444864713075143,0.166,True,False,gated,0.005,0.6867782426778243,0.1867782426778242
3,0.0002,True,0.0115486832397273,1.2637855547704289,0.7377376812054566,0,0.2462273612286746,0.159,True,False,gated,0.005,0.6907949790794979,0.1907949790794979
3,0.0002,True,0.1230577419123098,0.9886393393438502,0.5953065751492093,0,0.2447174665786304,0.166,True,False,gated,0.005,0.6948117154811716,0.1948117154811716
3,0.0002,True,0.0056725527580202,1.322253321656614,0.5335301748559271,0,0.2452255716797228,0.153,True,False,gated,0.005,0.6988284518828453,0.1988284518828452
3,0.0002,True,0.1257536408558153,0.9563030915027744,0.6749916487378157,0,0.2460122363749174,0.153,True,False,gated,0.005,0.7028451882845189,0.2028451882845189
3,0.0002,True,0.0061472966536915,1.3565144600255412,0.6824645829240115,0,0.2446833382476688,0.162,True,False,gated,0.005,0.7068619246861926,0.2068619246861925
3,0.0002,True,0.125131292647497,0.948872695936974,0.7063218165858318,0,0.2438649596489548,0.142,True,False,gated,0.005,0.7108786610878661,0.2108786610878661
3,0.0002,True,0.0093148970621005,1.332062274431825,0.4892689010068033,0,0.2475384785303563,0.139,True,False,gated,0.005,0.7148953974895398,0.2148953974895397
3,0.0002,True,0.0117006188590046,1.266362786853218,0.7316190297599503,0,0.2413050511747035,0.142,True,False,gated,0.005,0.7189121338912134,0.2189121338912134
3,0.0002,True,0.0065045345733777,1.3101726047560562,0.4777119238169103,1,0.2449096166324677,0.136,True,False,gated,0.005,0.7229288702928871,0.2229288702928871
3,0.0002,True,0.0052488158895058,1.3551663721002358,0.5454206758081472,0,0.2437054330279235,0.14,True,False,gated,0.005,0.7269456066945608,0.2269456066945607
3,0.0002,True,0.1223150797480417,0.97351885651909,0.6814843514871043,0,0.2413911163203701,0.1119999999999999,True,False,gated,0.005,0.7309623430962344,0.2309623430962344
3,0.0002,True,0.0079118819395565,1.2992162490946195,0.8890003162784151,0,0.2425475193203838,0.121,True,False,gated,0.005,0.734979079497908,0.2349790794979079
3,0.0002,True,0.0053193274287358,1.3451514721975502,0.5278266296015772,0,0.2442158097317678,0.1119999999999999,True,False,gated,0.005,0.7389958158995816,0.2389958158995816
3,0.0002,True,0.0046009973098052,1.3573261759747497,0.4953481677761667,1,0.2431748852021887,0.1149999999999999,True,False,gated,0.005,0.7430125523012553,0.2430125523012553
3,0.0002,True,0.0099353583344801,1.3151140313566203,0.5003401966274394,0,0.2428123898750073,0.0859999999999999,True,False,gated,0.005,0.747029288702929,0.2470292887029289
3,0.0002,True,0.011270204856846,1.3002948269166987,0.5012222094450758,0,0.2439687979533553,0.1079999999999999,True,False,gated,0.005,0.7510460251046026,0.2510460251046026
3,0.0002,True,0.0102989722569218,1.3026540969298193,0.4931933096386928,0,0.2406859216385753,0.1059999999999999,True,False,gated,0.005,0.7550627615062763,0.2550627615062762
3,0.0002,True,0.0115037196087616,1.255635903400055,0.4955094462121494,1,0.2433894052352608,0.0829999999999999,True,False,gated,0.005,0.7590794979079498,0.2590794979079498
3,0.0002,True,0.0054573950343317,1.3541158558287116,0.6351709168094684,0,0.2414295941360166,0.0969999999999999,True,False,gated,0.005,0.7630962343096235,0.2630962343096235
3,0.0002,True,0.0072358877179712,1.2935902169877085,0.8582270715310929,0,0.2381646001593512,0.0839999999999999,True,False,gated,0.005,0.7671129707112971,0.2671129707112971
3,0.0002,True,0.0021390685357664,1.3879808489865593,0.5513429309678234,0,0.2378753594991709,0.0829999999999999,True,False,gated,0.005,0.7711297071129708,0.2711297071129708
3,0.0002,True,0.0051710083175153,1.3392514091455516,0.4415861950602248,1,0.2380421372246221,0.0969999999999999,True,False,gated,0.005,0.7751464435146445,0.2751464435146444
3,0.0002,True,0.0112035537618687,1.2652561525559092,0.6965306457739014,0,0.2398037690842517,0.0779999999999999,True,False,gated,0.005,0.7791631799163181,0.2791631799163181
3,0.0004,True,0.0062961025273307,1.3552946847461294,0.6174981934751212,1,0.2367460270956371,0.0719999999999999,True,False,gated,0.005,0.7831799163179917,0.2831799163179916
3,0.0004,True,0.008880009119232,1.3031022297087484,0.4951135087716911,1,0.2394927854051794,0.0769999999999999,True,False,gated,0.005,0.7871966527196653,0.2871966527196653
3,0.0002,True,0.0027510780644415,1.3792216021080372,0.521675936389128,0,0.2400656097820224,0.0849999999999999,True,False,gated,0.005,0.791213389121339,0.291213389121339
3,0.0004,True,0.013658852077551,1.247787883834688,0.5906299353968975,1,0.2368470122157513,0.0699999999999999,True,False,gated,0.005,0.7952301255230126,0.2952301255230126
3,0.0004,True,0.0117033702327914,1.2673112170767715,0.6349165009039168,1,0.2362146953566917,0.0639999999999999,True,False,gated,0.005,0.7992468619246863,0.2992468619246863
3,0.0004,True,0.0119067320937592,1.2683864461029108,0.492210382090887,1,0.2351122649234567,0.0689999999999999,True,False,gated,0.005,0.8032635983263599,0.3032635983263598
3,0.0126,True,0.0031438846266755,1.37202937281369,0.4872083405989478,0,0.2365368719291024,0.056,True,False,gated,0.005,0.8072803347280335,0.3072803347280335
3,0.0054,True,0.0108168514675855,1.2909056138992672,0.5262431770140116,0,0.2359291744248368,0.06,True,False,gated,0.005,0.8112970711297072,0.3112970711297071
3,0.0038,True,0.0127780709347724,1.2625684045255272,0.5409637215815825,0,0.2370853819518129,0.0639999999999999,True,False,gated,0.005,0.8153138075313808,0.3153138075313808
3,0.001,True,0.0133216669958964,1.2427973351934891,0.5285501078666888,0,0.234605584407132,0.0649999999999999,True,False,gated,0.005,0.8193305439330545,0.3193305439330545
3,0.0468,False,0.0131550132212725,1.257453866967852,0.6081512850108245,0,0.2365194732920735,0.049,False,False,gated,0.005,0.8233472803347281,0.3233472803347281
3,0.1132,False,0.0091756930282867,1.2821218364790312,0.5249554436652097,0,0.23002487636798,0.044,False,False,gated,0.005,0.8273640167364017,0.3273640167364017
3,0.0058,True,0.0062919055616774,1.347145255874233,0.5886751993526151,0,0.2356038949476947,0.057,True,False,gated,0.005,0.8313807531380754,0.3313807531380753
3,0.1008,False,0.0108326330271154,1.2529723140557596,0.5066411523876236,0,0.2341052676658013,0.043,False,False,gated,0.005,0.835397489539749,0.335397489539749
3,0.2332,False,0.012260726893156,1.262187981200143,0.6345976101355671,0,0.2338438596309348,0.038,False,False,gated,0.005,0.8394142259414227,0.3394142259414227
3,0.236,False,0.0053828824029385,1.3367194749184992,0.4910772601007623,1,0.2386691715524461,0.037,False,False,gated,0.005,0.8434309623430963,0.3434309623430963
3,0.212,False,0.0031529508567204,1.3761226869559176,0.4772852392683868,0,0.2336437948619982,0.04,False,False,gated,0.005,0.84744769874477,0.34744769874477
3,0.7052,False,0.0117758613600757,1.2658498095460513,0.5025915235360855,1,0.2308385171802528,0.03,False,False,gated,0.005,0.8514644351464435,0.3514644351464435
3,0.3062,False,0.0110142171802432,1.2691221240947468,0.5867681510181316,0,0.2287721385811142,0.035,False,False,gated,0.005,0.8554811715481172,0.3554811715481172
3,0.4666,False,0.0038110250505122,1.3686632005119015,0.4475643203022215,0,0.2322438588491032,0.031,False,False,gated,0.005,0.8594979079497909,0.3594979079497908
3,0.3104,False,0.0112210194384963,1.2559112260815948,0.5029632571945399,0,0.228330287732909,0.037,False,False,gated,0.005,0.8635146443514645,0.3635146443514645
3,0.1304,False,0.009980389360864,1.2821577211473456,0.4947963256147437,0,0.2295593813640963,0.041,False,False,gated,0.005,0.8675313807531382,0.3675313807531382
3,0.3108,False,0.0074796488419083,1.3371959293876154,0.5021396904228916,1,0.2305053600145496,0.032,False,False,gated,0.005,0.8715481171548118,0.3715481171548118
3,0.9468,False,0.0104417307252535,1.3019349424060471,0.6251416057904128,0,0.2291907662956802,0.026,False,False,gated,0.005,0.8755648535564854,0.3755648535564854
3,0.6774,False,0.0126949305961926,1.244853698105806,0.6960951653087366,0,0.230259092562307,0.024,False,False,gated,0.005,0.879581589958159,0.379581589958159
3,0.2292,False,0.0064449472417296,1.334831293367914,0.5175778618637247,0,0.2308715770064293,0.039,False,False,gated,0.005,0.8835983263598327,0.3835983263598327
3,0.5458,False,0.0117226355867532,1.281893019795501,0.4555329943064078,0,0.2308746487904708,0.03,False,False,gated,0.005,0.8876150627615064,0.3876150627615063
3,0.7756,False,0.0120425132325637,1.306341355481259,0.5815562385180478,0,0.2278507386790335,0.026,False,False,gated,0.005,0.89163179916318,0.39163179916318
3,0.9134,False,0.0075263730112939,0.2527712901339608,0.5693889505200043,0,,0.024,False,False,gated,0.005,0.8956485355648537,0.3956485355648537
3,0.9428,False,0.0069812207730906,1.3255578102141174,0.48955087359048,0,0.2301704063512304,0.022,False,False,gated,0.005,0.8996652719665272,0.3996652719665272
3,0.8072,False,0.0030182403128709,1.361356745998079,0.7264575901966749,0,0.229234641612403,0.024,False,False,gated,0.005,0.9036820083682008,0.4036820083682009
3,0.9786,False,0.0100118266909416,1.261532035218946,0.5956777853485764,0,0.2288292267622318,0.015,False,False,gated,0.005,0.9076987447698746,0.4076987447698745
3,0.8182,False,0.0101371717396728,1.3121580334906586,0.7373888647007039,0,0.0013974829564441,0.024,False,False,gated,0.005,0.9117154811715482,0.4117154811715482
3,0.9716,False,0.0036068189713215,0.5026236900381746,0.4965680971223999,0,,0.023,False,False,gated,0.005,0.915732217573222,0.4157322175732219
3,0.8414,False,0.0061673714162805,0.1112236677339822,0.5137859845103476,0,0.0068533290855881,0.02,False,False,gated,0.005,0.9197489539748956,0.4197489539748955
3,0.8266,False,0.0080586536611688,0.3515077068839931,0.5163700218860002,0,0.0052259747918076,0.015,False,False,gated,0.005,0.9237656903765692,0.4237656903765691
3,0.9704,False,0.0090546953769934,0.0989952189145603,0.3303532588715444,1,,0.011,False,False,gated,0.005,0.9277824267782429,0.4277824267782427
3,0.987,False,0.00307277808958,0.5866154654635611,0.4758416214449069,0,0.0048753172394519,0.014,False,False,gated,0.005,0.9317991631799164,0.4317991631799164
3,0.8396,False,0.0016840466658522,0.3314241301415448,0.4236593878757671,0,,0.02,False,False,gated,0.005,0.93581589958159,0.43581589958159
3,0.9738,False,0.0057592044306176,0.2267809376839717,0.3815167950123157,1,0.0044531266493016,0.015,False,False,gated,0.005,0.9398326359832636,0.4398326359832637
3,0.7566,False,0.007560977578308,0.2720408437314398,0.3059799843472388,0,,0.014,False,False,gated,0.005,0.9438493723849372,0.4438493723849372
3,0.8982,False,0.0059237775273786,0.8536175663107005,0.5105152113772949,0,0.000867136970238,0.012,False,False,gated,0.005,0.9478661087866108,0.4478661087866109
3,0.8096,False,0.0046875563947952,0.4035511410563857,0.5579494527094551,0,0.0027958876625059,0.011,False,False,gated,0.005,0.9518828451882846,0.4518828451882846
3,0.982,False,0.0039099937037808,0.3623627868965275,0.520669511264592,0,0.0024931574881685,0.005,False,False,gated,0.005,0.9558995815899582,0.4558995815899582
3,0.9988,False,0.0091000458922749,0.3517358662860534,0.5804784384145001,1,,0.009,False,False,gated,0.005,0.959916317991632,0.4599163179916319
3,0.7576,False,0.0041341395124858,0.6561459417116057,0.3966918191475815,1,,0.008,False,False,gated,0.005,0.9639330543933056,0.4639330543933055
3,0.8966,False,0.0058404210648613,0.0350888606273096,0.4994891773979993,0,0.0056354873440765,0.009,False,False,gated,0.005,0.9679497907949792,0.4679497907949791
3,0.8648,False,0.0056162901229429,0.0442188970875121,0.2856499932767319,1,0.0058646362779471,0.004,False,False,gated,0.005,0.9719665271966528,0.4719665271966528
3,0.9094,False,0.0053156535338794,0.5047449763839601,0.4062594730356645,1,0.0026326041159513,0.011,False,False,gated,0.005,0.9759832635983264,0.4759832635983264
3,0.9626,False,0.0056534289403374,0.064565203084452,0.4816721202673703,0,0.0052884141526164,0.009,False,False,gated,0.005,0.98,0.48
3,0.8028,False,0.0034503017711021,0.6535664657293803,0.4280120361824549,1,0.0034503017711021,0.006,False,False,honest,0.005,0.02,0.48
3,0.8424,False,0.0095954111103993,0.704368832001725,0.5588816244693599,0,0.0095954111103993,0.01,False,False,honest,0.005,0.0240167364016736,0.4759832635983264
3,0.9808,False,0.0122774858812276,0.5009384899806184,0.4906289405324313,1,0.0033676818515945,0.014,False,False,honest,0.005,0.0280334728033472,0.4719665271966527
3,0.8368,False,0.0057293124170753,0.94304333435402,0.4984778211008824,1,0.0031838309840735,0.011,False,False,honest,0.005,0.0320502092050209,0.467949790794979
3,0.8546,False,0.013117656564408,0.5985802053950413,0.5006382448360394,0,0.0014840796710918,0.015,False,False,honest,0.005,0.0360669456066945,0.4639330543933054
3,0.983,False,0.0053799432267854,0.2881702874965778,0.5556097011904787,1,0.0086294278489963,0.01,False,False,honest,0.005,0.0400836820083682,0.4599163179916318
3,0.882,False,0.0055158816598951,0.4682093472064702,0.5719142932010036,0,0.0130040086573168,0.013,False,False,honest,0.005,0.0441004184100418,0.4558995815899581
3,0.9098,False,0.0105315700877266,0.879982406631476,0.5047889819269179,1,0.0105315700877266,0.014,False,False,honest,0.005,0.0481171548117154,0.4518828451882845
3,0.7632,False,0.009411888175473,0.7014604560750601,0.4933692046307534,1,0.0333009823332454,0.01,False,False,honest,0.005,0.0521338912133891,0.4478661087866109
3,0.9168,False,0.0060911465647964,0.910076212454088,0.4982703208789055,0,0.036471416281204,0.013,False,False,honest,0.005,0.0561506276150627,0.4438493723849372
3,0.733,False,0.0103168234651266,0.8672594493353409,0.5003628050139212,1,0.0290071919576484,0.018,False,False,honest,0.005,0.0601673640167364,0.4398326359832636
3,0.9526,False,0.0104431083521188,0.7052058261747838,0.5345689025303683,0,0.0265702197279635,0.02,False,False,honest,0.005,0.06418410041841,0.4358158995815899
3,0.985,False,0.0104385555616698,0.7989698751598922,0.4965442821144762,1,0.0104385555616698,0.017,False,False,honest,0.005,0.0682008368200836,0.4317991631799163
3,0.74,False,0.0106527632104139,0.805464920591289,0.4481291412430062,1,0.0106527632104139,0.019,False,False,honest,0.005,0.0722175732217573,0.4277824267782427
3,0.6828,False,0.0090635454244183,0.972105964359816,0.4897354479765372,0,0.0090635454244183,0.022,False,False,honest,0.005,0.0762343096234309,0.423765690376569
3,0.9902,False,0.0131135671979535,0.6831329715144603,0.5609333140480606,0,0.0131135671979535,0.02,False,False,honest,0.005,0.0802510460251046,0.4197489539748954
3,0.6898,False,0.0059295103567007,0.8153053151755402,0.4524555004912563,0,0.0059295103567007,0.02,False,False,honest,0.005,0.0842677824267782,0.4157322175732217
3,0.9856,False,0.0058865528159925,0.7838997344161599,0.4790588823885519,0,0.0026569014389939,0.019,False,False,honest,0.005,0.0882845188284519,0.4117154811715481
3,0.9778,False,0.0104985498837458,0.5058921539762851,0.4169761194423956,1,0.0110355766018513,0.019,False,False,honest,0.005,0.0923012552301255,0.4076987447698744
3,0.9584,False,0.0084077723619906,0.7098612026461888,0.298469845986165,1,0.0084077723619906,0.024,False,False,honest,0.005,0.0963179916317991,0.4036820083682008
3,0.7658,False,0.006692332907107,0.7724643511260174,0.5021693770111315,0,0.0255899400610921,0.021,False,False,honest,0.005,0.1003347280334728,0.3996652719665272
3,0.9942,False,0.0100299441358346,0.8484995170186085,0.3278297492367739,1,0.0100299441358346,0.025,False,False,honest,0.005,0.1043514644351464,0.3956485355648536
3,0.968,False,0.0045509421941377,0.91391607140272,0.50656158194814,0,0.0045509421941377,0.02,False,False,honest,0.005,0.1083682008368201,0.3916317991631799
3,0.929,False,0.0075649404765506,0.8388064243312112,0.7007961782235507,0,0.0234561743740826,0.022,False,False,honest,0.005,0.1123849372384937,0.3876150627615062
3,0.9024,False,0.0104265293478335,0.7135558012191945,0.523012268137774,0,0.0104265293478335,0.029,False,False,honest,0.005,0.1164016736401673,0.3835983263598326
3,0.9424,False,0.0063050756773444,0.6837407982772885,0.565265708054822,0,0.0018241445319181,0.032,False,False,honest,0.005,0.120418410041841,0.379581589958159
3,0.7394,False,0.0128160711788623,0.5898542489264911,0.4967654286816324,0,0.0275354267037889,0.04,False,False,honest,0.005,0.1244351464435146,0.3755648535564853
3,0.7034,False,0.0126734540801306,0.747449335782445,0.3899401006827638,1,0.029074416937136,0.031,False,False,honest,0.005,0.1284518828451883,0.3715481171548117
3,0.966,False,0.0080428132850904,0.7265156429165516,0.4143452134302206,1,0.0080428132850904,0.029,False,False,honest,0.005,0.1324686192468619,0.367531380753138
3,0.6942,False,0.0017336518185321,0.8002949267763406,0.4797589866575752,1,0.0012384684837287,0.04,False,False,honest,0.005,0.1364853556485355,0.3635146443514644
3,0.9936,False,0.0122664215267189,0.6825427795261717,0.5914310768308787,0,0.0071607209489277,0.029,False,False,honest,0.005,0.1405020920502092,0.3594979079497907
3,0.8128,False,0.0012904452216845,0.8796818195006006,0.4934419008420413,1,0.0012904452216845,0.028,False,False,honest,0.005,0.1445188284518828,0.3554811715481171
3,0.968,False,0.0094154937653524,0.2337020773890603,0.4802139877053828,1,0.0094154937653524,0.041,False,False,honest,0.005,0.1485355648535564,0.3514644351464435
3,0.8916,False,0.0113178209164621,0.8461271935401365,0.4879323704347474,1,0.0011358479446132,0.035,False,False,honest,0.005,0.1525523012552301,0.3474476987447699
3,0.9882,False,0.0030957796652615,0.6450943334850667,0.4811653786899724,0,0.0030957796652615,0.041,False,False,honest,0.005,0.1565690376569037,0.3434309623430962
3,0.936,False,0.0071662560548379,0.0902128539394574,0.4585083816378335,0,0.0086016481995856,0.033,False,False,honest,0.005,0.1605857740585774,0.3394142259414225
3,0.986,False,0.0025358248574249,0.680526057206619,0.4410620512766041,1,0.0025358248574249,0.047,False,False,honest,0.005,0.164602510460251,0.3353974895397489
3,0.3718,False,0.0033701115095375,1.056885766067804,0.4710457745348104,1,0.0017559711368326,0.049,False,False,honest,0.005,0.1686192468619247,0.3313807531380753
3,0.9504,False,0.0141916610031802,0.58803147954311,0.495880343600635,1,0.0141916610031802,0.05,True,False,honest,0.005,0.1726359832635983,0.3273640167364017
3,0.8598,False,0.0065608255501478,0.5363700670070612,0.3803083512731436,1,0.0065608255501478,0.062,True,False,honest,0.005,0.1766527196652719,0.323347280334728
3,0.9098,False,0.0060460445008423,1.0256567443815292,0.5081914777510034,0,0.0060460445008423,0.051,True,False,honest,0.005,0.1806694560669456,0.3193305439330544
3,0.8504,False,0.0123768282946576,0.6931424881372531,0.5098949795509727,0,0.0055649985798759,0.045,False,False,honest,0.005,0.1846861924686192,0.3153138075313807
3,0.5646,False,0.0104544667104412,0.5724228828366106,0.5070689845569515,1,0.0022962657277666,0.058,True,False,honest,0.005,0.1887029288702928,0.3112970711297071
3,0.3978,False,0.0114979045433378,0.3622528366982414,0.503900285704042,0,0.0049755340769575,0.058,True,False,honest,0.005,0.1927196652719665,0.3072803347280335
3,0.9858,False,0.0038455012850172,0.8817850765281947,0.6161575843433463,0,0.0038455012850172,0.066,True,False,honest,0.005,0.1967364016736401,0.3032635983263598
3,0.9538,False,0.0063353357102805,0.506796095877134,0.5027985942866444,0,0.0063353357102805,0.07,True,False,honest,0.005,0.2007531380753138,0.2992468619246862
3,0.9454,False,0.0044683744463661,1.0269035155206805,0.4840176546347305,1,0.0025806027076426,0.053,True,False,honest,0.005,0.2047698744769874,0.2952301255230125
3,0.7154,False,0.006525437121095,0.4278797261455663,0.3548706911749325,1,0.0130942378732234,0.082,True,False,honest,0.005,0.2087866108786611,0.2912133891213389
3,0.9366,False,0.0084005794235499,0.7583770485790512,0.4912995026025462,1,0.0052785169778469,0.061,True,False,honest,0.005,0.2128033472803347,0.2871966527196652
3,0.9722,False,0.009935570328338,0.6090827595286024,0.5209783570641612,0,0.0118530212107255,0.087,True,False,honest,0.005,0.2168200836820083,0.2831799163179916
3,0.955,False,0.0114411665646176,0.7693145548819454,0.4987281527172609,1,0.0030145123092084,0.075,True,False,honest,0.005,0.220836820083682,0.279163179916318
3,0.4466,False,0.0030604851784002,1.2109913887140895,0.4333568347123255,1,0.0004191527620951,0.088,True,False,honest,0.005,0.2248535564853556,0.2751464435146443
3,0.7764,False,0.0122699984528389,0.6725475459533224,0.4229220836930401,1,0.0122699984528389,0.092,True,False,honest,0.005,0.2288702928870293,0.2711297071129707
3,0.8556,False,0.0101644307777337,0.9030515174024482,0.6789895297000189,0,0.0008005475170525,0.097,True,False,honest,0.005,0.2328870292887029,0.267112970711297
3,0.985,False,0.0040658339694351,0.3518919437618051,0.4906075604930759,1,0.0040658339694351,0.103,True,False,honest,0.005,0.2369037656903765,0.2630962343096234
3,0.9748,False,0.0138607812678144,0.7395128511421173,0.3956410645449326,1,0.0293147909663279,0.097,True,False,honest,0.005,0.2409205020920502,0.2590794979079498
3,0.9994,False,0.0067798624846592,0.3053193413262399,0.3410722129504688,1,0.0067798624846592,0.11,True,False,honest,0.005,0.2449372384937238,0.2550627615062761
3,0.8602,False,0.0048863283362673,0.5782918952118083,0.5120057555368713,0,0.0120969732953614,0.089,True,False,honest,0.005,0.2489539748953975,0.2510460251046025
3,0.583,False,0.0056653345314046,0.4244665290579033,0.4268841566759185,1,0.0056653345314046,0.105,True,False,honest,0.005,0.2529707112970711,0.2470292887029288
3,0.6744,False,0.0128952082064288,0.3495169528073615,0.496274305320333,0,0.0061680881318148,0.121,True,False,honest,0.005,0.2569874476987447,0.2430125523012552
3,0.7364,False,0.0118016875462295,0.5839455961450531,0.4819973595381841,1,0.0240353074780237,0.106,True,False,honest,0.005,0.2610041841004184,0.2389958158995815
3,0.8096,False,0.0046522654550818,0.8668040680213929,0.5109971580155984,0,0.0127397018185711,0.106,True,False,honest,0.005,0.2650209205020921,0.2349790794979079
3,0.7302,False,0.0024013986538089,1.1582244473836505,0.5101959016644246,1,0.0019945176238677,0.112,True,False,honest,0.005,0.2690376569037657,0.2309623430962343
3,0.9974,False,0.0025902518335526,1.2054105777269055,0.3952532338377946,1,0.0025902518335526,0.137,True,False,honest,0.005,0.2730543933054393,0.2269456066945606
3,0.9398,False,0.0103413498884007,0.383270372086224,0.4735882857060055,1,0.0103413498884007,0.134,True,False,honest,0.005,0.277071129707113,0.222928870292887
3,0.9496,False,0.0051847411349941,1.024901638874714,0.4673945338446237,1,0.002246653515386,0.135,True,False,honest,0.005,0.2810878661087866,0.2189121338912133
3,0.9398,False,0.005450674517855,0.1682818622305023,0.4893747577776957,0,0.0041363039395955,0.147,True,False,honest,0.005,0.2851046025104602,0.2148953974895397
3,0.8784,False,0.0044426747690344,0.8636228375296826,0.470811263083155,1,0.0110055052194085,0.135,True,False,honest,0.005,0.2891213389121339,0.210878661087866
3,0.6022,False,0.0101206983099636,0.8216303757013416,0.511861665697542,0,0.0008993325343202,0.144,True,False,honest,0.005,0.2931380753138076,0.2068619246861924
3,0.8154,False,0.013237919585959,0.6534354119155777,0.4474559724404823,1,0.007107381898307,0.156,True,False,honest,0.005,0.2971548117154812,0.2028451882845188
3,0.6586,False,0.0041537971062824,1.1222558068470363,0.3150476850939511,1,0.0363509806066065,0.156,True,False,honest,0.005,0.3011715481171548,0.1988284518828451
3,0.9002,False,0.0039387551847609,1.0224621306441173,0.331603166519545,1,0.0039387551847609,0.166,True,False,honest,0.005,0.3051882845188285,0.1948117154811715
3,0.8556,False,0.0076713738578402,0.7327197513405956,0.5663576836032245,0,0.0076713738578402,0.149,True,False,honest,0.005,0.3092050209205021,0.1907949790794978
3,0.556,False,0.0069262600133337,0.4817801501280164,0.6403196180785838,0,0.0069262600133337,0.163,True,False,honest,0.005,0.3132217573221758,0.1867782426778242
3,0.9798,False,0.0024151132380997,1.2083105036746808,0.5032450256907934,1,0.0365564960992122,0.155,True,False,honest,0.005,0.3172384937238494,0.1827615062761505
3,0.7676,False,0.0062606442183729,0.7334360377343948,0.5050108172557738,1,0.0062606442183729,0.177,True,False,honest,0.005,0.321255230125523,0.1787447698744769
3,0.9586,False,0.009202768269254,0.6607851706947936,0.5590812589513796,0,0.0026863429465606,0.207,True,False,honest,0.005,0.3252719665271967,0.1747280334728033
3,0.964,False,0.0067479850412597,0.2022208349913451,0.6344023847266044,0,0.0067479850412597,0.212,True,False,honest,0.005,0.3292887029288703,0.1707112970711296
3,0.9442,False,0.0067598111946633,0.3312291356644691,0.4466243207578169,1,0.0129422916991651,0.21,True,False,honest,0.005,0.3333054393305439,0.166694560669456
3,0.953,False,0.0044082443464338,1.0671071860041244,0.491294679597856,1,0.0032357408164348,0.204,True,False,honest,0.005,0.3373221757322176,0.1626778242677823
3,0.96,False,0.0135919493641283,0.6274028151739235,0.491415234066991,1,0.0058581882033226,0.236,True,False,honest,0.005,0.3413389121338912,0.1586610878661087
3,0.979,False,0.0114216301062166,0.347898272314378,0.5938377941901394,0,0.005512641302395,0.201,True,False,honest,0.005,0.3453556485355649,0.1546443514644351
3,0.9042,False,0.0156264945852184,0.6250378437895124,0.5707713894806622,1,0.0361241543874007,0.245,True,False,honest,0.005,0.3493723849372385,0.1506276150627614
3,0.9462,False,0.01064125736227,0.2364848891037809,0.5652088711780111,0,0.01064125736227,0.216,True,False,honest,0.005,0.3533891213389121,0.1466108786610878
3,0.941,False,0.0109201623833859,0.633536650942397,0.2993300108146853,1,0.0109201623833859,0.236,True,False,honest,0.005,0.3574058577405858,0.1425941422594142
3,0.8598,False,0.0074241690454257,0.2361567150580746,0.3129849064141738,1,0.0074241690454257,0.263,True,False,honest,0.005,0.3614225941422594,0.1385774058577405
3,0.9576,False,0.0078949944877546,0.3114301808171311,0.3517968547322213,1,0.0123648364419842,0.239,True,False,honest,0.005,0.365439330543933,0.1345606694560669
3,0.9356,False,0.0088000717520543,0.7354476368051415,0.5883053137817525,0,0.0294429106314251,0.253,True,False,honest,0.005,0.3694560669456067,0.1305439330543932
3,0.9828,False,0.0052592054759474,0.5562381473337817,0.5053507959513994,0,0.0010050473800055,0.248,True,False,honest,0.005,0.3734728033472804,0.1265271966527196
3,0.9854,False,0.0073889817144534,0.8881325646095763,0.3178934238154284,1,0.0396420460339262,0.276,True,False,honest,0.005,0.377489539748954,0.122510460251046
3,0.939,False,0.0034827551253435,1.109231015366794,0.626880707952427,0,0.0034827551253435,0.29,True,False,honest,0.005,0.3815062761506276,0.1184937238493723
3,0.7062,False,0.0056527248734709,0.5307945079194221,0.4991064835647146,1,0.0098831173743512,0.287,True,False,honest,0.005,0.3855230125523013,0.1144769874476986
3,0.9704,False,0.008860464238511,0.8134266849749817,0.414203541058543,1,0.0303274064030266,0.301,True,False,honest,0.005,0.3895397489539749,0.110460251046025
3,0.9432,False,0.0119636446482258,0.504292786765895,0.4839379012718225,1,0.003550068823106,0.31,True,False,honest,0.005,0.3935564853556486,0.1064435146443514
3,0.7462,False,0.0084015373982661,0.8654381246323759,0.5740776205431268,0,0.0084015373982661,0.286,True,False,honest,0.005,0.3975732217573222,0.1024267782426777
3,0.9934,False,0.0027336870036481,1.204817474802292,0.4867294533721972,0,0.0027336870036481,0.308,True,False,honest,0.005,0.4015899581589958,0.0984100418410041
3,0.9806,False,0.0047616455313003,0.6694596920480093,0.5291291193245556,0,0.0087302854991183,0.302,True,False,honest,0.005,0.4056066945606695,0.0943933054393305
3,0.3426,False,0.0043693328093154,1.136869476093441,0.4926782683527388,0,0.0280193419146637,0.328,True,False,honest,0.005,0.4096234309623431,0.0903765690376568
3,0.691,False,0.0063228877563003,0.4958922865445359,0.4057359993103554,1,0.001512392396593,0.333,True,False,honest,0.005,0.4136401673640167,0.0863598326359832
3,0.9494,False,0.0124998466539587,0.6432962542911992,0.4379027116218592,1,0.0316705681554179,0.328,True,False,honest,0.005,0.4176569037656904,0.0823430962343095
3,0.9424,False,0.0060357081612374,0.6056375328063952,0.3777852700537944,0,0.0150588684351275,0.361,True,False,honest,0.005,0.4216736401673641,0.0783263598326359
3,0.9422,False,0.0080520394292896,0.6966327582187192,0.5249507285275684,0,0.030714569827201,0.346,True,False,honest,0.005,0.4256903765690377,0.0743096234309623
3,0.9468,False,0.0053610933947084,0.4621652237341406,0.4968281399902149,1,0.0054551836014549,0.37,True,False,honest,0.005,0.4297071129707113,0.0702928870292886
3,0.9562,False,0.0021922903419866,1.212245779792404,0.5548459295866516,0,0.0012181363139387,0.348,True,False,honest,0.005,0.433723849372385,0.066276150627615
3,0.9428,False,0.0140567043316098,0.8056409015103865,0.287298149166155,1,0.0140567043316098,0.385,True,False,honest,0.005,0.4377405857740586,0.0622594142259413
3,0.9392,False,0.0134862152704107,0.7115460629092334,0.5031541580069002,0,0.0047237196020406,0.365,True,False,honest,0.005,0.4417573221757322,0.0582426778242677
3,0.966,False,0.0132544144376176,0.8435798425060064,0.5078735349168898,0,0.0366922296419807,0.395,True,False,honest,0.005,0.4457740585774059,0.054225941422594
3,0.974,False,0.0060062131461464,0.3191445437136544,0.4041442131520542,1,0.0046025159453847,0.396,True,False,honest,0.005,0.4497907949790795,0.0502092050209204
3,0.9726,False,0.0079333201795362,0.8092554450524572,0.4452371869252398,1,0.0079333201795362,0.4,True,False,honest,0.005,0.4538075313807532,0.0461924686192468
3,0.9796,False,0.0070017332208034,0.9955360297649958,0.5591827353087698,1,0.0070017332208034,0.434,True,False,honest,0.005,0.4578242677824268,0.0421757322175731
3,0.9992,False,0.0103580698458537,0.160382800729033,0.2682233541623381,1,0.0103580698458537,0.443,True,False,honest,0.005,0.4618410041841004,0.0381589958158995
3,0.9194,False,0.011464041041608,0.5795295202242373,0.5034305011518478,1,0.0280469621905028,0.448,True,False,honest,0.005,0.4658577405857741,0.0341422594142258
3,0.7676,False,0.0042541104307455,0.983900888611188,0.5630365929150655,0,0.0042541104307455,0.432,True,False,honest,0.005,0.4698744769874478,0.0301255230125522
3,0.795,False,0.0014189073716571,1.2782030379322284,0.4989074133546348,1,0.0318482537424046,0.458,True,False,honest,0.005,0.4738912133891214,0.0261087866108786
3,0.9926,False,0.0095798148782636,0.6913151835156416,0.3870834234000267,1,0.0095798148782636,0.466,True,False,honest,0.005,0.477907949790795,0.0220920502092049
3,0.8874,False,0.0133847405711206,0.4080107759952654,0.5900656545466699,1,0.0133847405711206,0.48,True,False,honest,0.005,0.4819246861924686,0.0180753138075313
3,0.9428,False,0.0112605795953705,0.2614340554307969,0.4181232632380987,1,0.0112605795953705,0.47,True,False,honest,0.005,0.4859414225941423,0.0140585774058576
3,0.7028,False,0.0108140028081008,0.9197493328448844,0.4563152817471584,1,0.0365857808052994,0.5,True,False,honest,0.005,0.4899581589958159,0.010041841004184
3,0.8376,False,0.0067751789698609,0.8072167113369908,0.5718216077473552,0,0.0067751789698609,0.475,True,False,honest,0.005,0.4939748953974895,0.0060251046025104
3,0.9754,False,0.0054662853898014,0.8982274532208689,0.4868661977169917,1,0.0307695647636406,0.49,True,False,honest,0.005,0.4979916317991632,0.0020083682008367
3,0.815,False,0.0031564816596676,0.9274595409194532,0.3392104453778726,1,0.000393556662164,0.495,True,False,honest,0.005,0.5020083682008368,0.0020083682008368
3,0.4314,False,0.0114316438021995,0.5562336441851573,0.3896929103243631,1,0.0114316438021995,0.491,True,False,honest,0.005,0.5060251046025105,0.0060251046025104
3,0.8128,False,0.0118398055489072,0.8089533245899662,0.4113940208432643,1,0.0118398055489072,0.488,True,False,honest,0.005,0.5100418410041841,0.0100418410041841
3,0.9704,False,0.0106613482816259,0.6243409416660345,0.4993459093206354,1,0.0271052348444046,0.4559999999999999,True,False,honest,0.005,0.5140585774058578,0.0140585774058578
3,0.9854,False,0.0052585170468303,0.227526424259699,0.5063401972558886,0,0.0049418924106027,0.4599999999999999,True,False,honest,0.005,0.5180753138075314,0.0180753138075313
3,0.96,False,0.0001963636654889,1.392100952140544,0.522145534237316,1,0.028254457207084,0.4639999999999999,True,False,honest,0.005,0.5220920502092051,0.0220920502092051
3,0.9942,False,0.0046400083140045,0.1448299838624522,0.4685647527072386,1,0.0035633820722395,0.4399999999999999,True,False,honest,0.005,0.5261087866108787,0.0261087866108786
3,0.946,False,0.0074191766126975,0.4741965219479572,0.7334795339751485,0,0.0074191766126975,0.425,True,False,honest,0.005,0.5301255230125523,0.0301255230125523
3,0.9518,False,0.0124880736222074,0.3745701418745924,0.4936050854293174,0,0.0124880736222074,0.417,True,False,honest,0.005,0.534142259414226,0.0341422594142259
3,0.801,False,0.0081623172956713,0.9087165795495706,0.1999113238748464,1,0.0081623172956713,0.405,True,False,honest,0.005,0.5381589958158997,0.0381589958158996
3,0.8652,False,0.0023374756509941,1.2180195503814029,0.5521276990474859,0,0.0333063568549145,0.4399999999999999,True,False,honest,0.005,0.5421757322175733,0.0421757322175733
3,0.9166,False,0.0127682410073337,0.4721404864411915,0.4195874403588569,1,0.02312998037878,0.406,True,False,honest,0.005,0.5461924686192469,0.0461924686192468
3,0.9354,False,0.0057201167168774,0.3555821149746777,0.4977441897298101,0,0.0050077820145207,0.397,True,False,honest,0.005,0.5502092050209205,0.0502092050209205
3,0.8138,False,0.0120342539831725,0.6824859417498326,0.4352441286636129,1,0.0120342539831725,0.4,True,False,honest,0.005,0.5542259414225942,0.0542259414225941
3,0.834,False,0.0095947751250818,0.8315144209421735,0.5791683043842061,0,0.0095947751250818,0.367,True,False,honest,0.005,0.5582426778242678,0.0582426778242678
3,0.2544,False,0.0048098760404483,0.4599998792836461,0.4509300732717248,1,0.0058176654614131,0.388,True,False,honest,0.005,0.5622594142259415,0.0622594142259415
3,0.8556,False,0.0068362844618611,0.9796342780335704,0.4866845746658255,1,0.0267869424219035,0.3419999999999999,True,False,honest,0.005,0.5662761506276152,0.0662761506276151
3,0.2856,False,0.0044814195748732,0.90116246926414,0.5150701596334692,1,0.0186769127587314,0.381,True,False,honest,0.005,0.5702928870292887,0.0702928870292887
3,0.8122,False,0.0016387772982932,0.8246217645615228,0.4516829701798831,1,0.0050879869169336,0.3279999999999999,True,False,honest,0.005,0.5743096234309624,0.0743096234309623
3,0.9178,False,0.0043315448108717,0.7826581874154028,0.6295980387865757,0,0.0032671712973565,0.373,True,False,honest,0.005,0.578326359832636,0.078326359832636
3,0.779,False,0.0099739428293565,0.8393440867647592,0.2639266221909092,1,0.0038172338952112,0.3429999999999999,True,False,honest,0.005,0.5823430962343097,0.0823430962343096
3,0.5442,False,0.007314515418082,1.0041750172591473,0.3795319061912997,1,0.007314515418082,0.308,True,False,honest,0.005,0.5863598326359833,0.0863598326359833
3,0.9948,False,0.0093249938785386,0.3416411272815047,0.5851915111505995,0,0.0059698338890487,0.3419999999999999,True,False,honest,0.005,0.590376569037657,0.090376569037657
3,0.8588,False,0.0099343056082704,0.9158525632922324,0.596081780352061,0,0.000156474926696,0.3419999999999999,True,False,honest,0.005,0.5943933054393306,0.0943933054393305
3,0.9004,False,0.0098698667444429,0.714530973359859,0.4817521198023028,0,0.0098698667444429,0.3159999999999999,True,False,honest,0.005,0.5984100418410042,0.0984100418410042
3,0.4792,False,0.0126269493106832,0.6307530811285014,0.5410930046305834,1,0.0126269493106832,0.297,True,False,honest,0.005,0.6024267782426779,0.1024267782426778
3,0.9942,False,0.0061591967499427,0.8001132403268962,0.4829931654132647,1,0.0051957721652255,0.293,True,False,honest,0.005,0.6064435146443515,0.1064435146443515
3,0.7092,False,0.0057993615465776,1.0315464264647567,0.486195084509651,1,0.0357080165719202,0.308,True,False,honest,0.005,0.6104602510460252,0.1104602510460251
3,0.9424,False,0.0068620275879052,0.632654008266953,0.484092821037352,1,0.0068620275879052,0.293,True,False,honest,0.005,0.6144769874476989,0.1144769874476988
3,0.9586,False,0.0087871435636933,0.9690126294490958,0.6144306556579129,0,0.0019504939153563,0.28,True,False,honest,0.005,0.6184937238493724,0.1184937238493724
3,0.9206,False,0.0041815758629148,1.1160985753261097,0.5280952919257724,0,0.0041815758629148,0.25,True,False,honest,0.005,0.6225104602510461,0.122510460251046
3,0.945,False,0.0053685129263952,1.1276973249910058,0.5065084166311267,0,0.0009996049302469,0.251,True,False,honest,0.005,0.6265271966527197,0.1265271966527197
3,0.245,False,0.0053871653700945,0.982869137735875,0.4700738875513636,1,0.0053871653700945,0.246,True,False,honest,0.005,0.6305439330543934,0.1305439330543933
3,0.6934,False,0.0093718439379219,0.0617368313524385,0.1860987677096228,1,0.0084834311472067,0.248,True,False,honest,0.005,0.634560669456067,0.134560669456067
3,0.6366,False,0.0055717801641275,0.8349551165523114,0.5026319428855492,1,0.0055016515005226,0.2309999999999999,True,False,honest,0.005,0.6385774058577407,0.1385774058577407
3,0.7348,False,0.006139154235897,0.9394375602666416,0.4899036810596644,1,0.0278212300268721,0.2329999999999999,True,False,honest,0.005,0.6425941422594142,0.1425941422594142
3,0.5024,False,0.0054466360590043,1.07236327751677,0.3974023569392957,1,0.0054466360590043,0.2289999999999999,True,False,honest,0.005,0.6466108786610879,0.1466108786610879
3,0.9796,False,0.0094014877661467,0.7125572983586911,0.4897457745408949,0,3.653245406506911e-06,0.2039999999999999,True,False,honest,0.005,0.6506276150627616,0.1506276150627615
3,0.96,False,0.0063658745860801,0.3331673479616451,0.4774479286003107,0,0.0058171647293659,0.2059999999999999,True,False,honest,0.005,0.6546443514644352,0.1546443514644352
3,0.8958,False,0.0095921127658543,0.7537485627762788,0.498127445851893,0,0.0095921127658543,0.2299999999999999,True,False,honest,0.005,0.6586610878661089,0.1586610878661088
3,0.7824,False,0.0024271606970607,1.1994326060207454,0.5123049575044452,0,2.9893279769918624e-05,0.2049999999999999,True,False,honest,0.005,0.6626778242677824,0.1626778242677824
3,0.3238,False,0.0058187974181049,0.3394738280464845,0.500581546875168,1,0.0046983153957227,0.178,True,False,honest,0.005,0.6666945606694561,0.1666945606694561
3,0.6674,False,0.0105530996764451,0.635916630148654,0.5051122845641401,0,0.0241093040305684,0.183,True,False,honest,0.005,0.6707112970711298,0.1707112970711297
3,0.8102,False,0.0039312294731426,0.475088630018017,0.6241186799138414,0,0.0071555657063143,0.1979999999999999,True,False,honest,0.005,0.6747280334728034,0.1747280334728034
3,0.9636,False,0.0118943985731232,0.6574345173476385,0.499679729357059,1,0.0329634386781578,0.1909999999999999,True,False,honest,0.005,0.6787447698744771,0.178744769874477
3,0.9732,False,0.0104147743495741,0.2882339546334881,0.511038875670567,0,0.0117478389512443,0.186,True,False,honest,0.005,0.6827615062761507,0.1827615062761507
3,0.991,False,0.0110814178141184,0.7256360696587327,0.5056967344092541,1,0.0304789701953101,0.185,True,False,honest,0.005,0.6867782426778243,0.1867782426778242
3,0.7882,False,0.0064207325741815,0.2518612610112109,0.5598763402540444,0,0.0052668429301841,0.178,True,False,honest,0.005,0.6907949790794979,0.1907949790794979
3,0.6688,False,0.0031806429518602,0.5473330027509138,0.5534440651885503,0,0.0013594312988248,0.161,True,False,honest,0.005,0.6948117154811716,0.1948117154811716
3,0.8446,False,0.0123965043974435,0.4797249293706191,0.2639454292576296,1,0.0062559623727291,0.162,True,False,honest,0.005,0.6988284518828453,0.1988284518828452
3,0.966,False,0.0066961710145846,0.2431406177121514,0.5096861749003658,0,0.0078841756480217,0.147,True,False,honest,0.005,0.7028451882845189,0.2028451882845189
3,0.5872,False,0.0133483251908485,0.6786745318673881,0.5059561640029876,0,0.0313078070701187,0.16,True,False,honest,0.005,0.7068619246861926,0.2068619246861925
3,0.9994,False,0.0103707406989016,0.4863204218026298,0.4572902691744863,1,0.0103707406989016,0.148,True,False,honest,0.005,0.7108786610878661,0.2108786610878661
3,0.991,False,0.0073265310791663,0.6863967859194376,0.5019374987820283,1,0.0254024246343765,0.132,True,False,honest,0.005,0.7148953974895398,0.2148953974895397
3,0.7824,False,0.0114402156329368,0.4632541504081772,0.4974086013400768,0,0.0222174883057481,0.129,True,False,honest,0.005,0.7189121338912134,0.2189121338912134
3,0.865,False,0.0079553579492106,0.5208579616691371,0.4768022814545973,0,0.0027717276892686,0.142,True,False,honest,0.005,0.7229288702928871,0.2229288702928871
3,0.7934,False,0.0046281097219078,0.9518700228980332,0.4936838323930156,1,0.0046281097219078,0.12,True,False,honest,0.005,0.7269456066945608,0.2269456066945607
3,0.9324,False,0.0069725828185965,0.6325137139079141,0.4808344018795287,0,0.009048835685613,0.134,True,False,honest,0.005,0.7309623430962344,0.2309623430962344
3,0.9718,False,0.005042827135422,0.9548639691672522,0.5722308325996212,0,0.0246952976068692,0.1159999999999999,True,False,honest,0.005,0.734979079497908,0.2349790794979079
3,0.9986,False,0.0029131492779571,0.8038506137173284,0.5165827132252357,0,0.0003308005268052,0.141,True,False,honest,0.005,0.7389958158995816,0.2389958158995816
3,0.8492,False,0.0100135570685186,0.7175637038008431,0.5065201021003001,0,0.0100135570685186,0.123,True,False,honest,0.005,0.7430125523012553,0.2430125523012553
3,0.778,False,0.006577614175672,0.7818517927546353,0.7793735625014467,0,0.0291649420990207,0.119,True,False,honest,0.005,0.747029288702929,0.2470292887029289
3,0.8436,False,0.0096329706842459,0.4739144386907329,0.5295643209994662,0,0.0056450034241212,0.0929999999999999,True,False,honest,0.005,0.7510460251046026,0.2510460251046026
3,0.982,False,0.0072419192861707,0.5802015677674014,0.5920282347462542,1,0.0072419192861707,0.0859999999999999,True,False,honest,0.005,0.7550627615062763,0.2550627615062762
3,0.8722,False,0.0140487939642503,0.6379529268460155,0.5009238040185666,1,0.0324491554261054,0.0999999999999999,True,False,honest,0.005,0.7590794979079498,0.2590794979079498
3,0.619,False,0.0041639484376592,0.8791515332555179,0.5149595036853946,0,0.0041639484376592,0.0869999999999999,True,False,honest,0.005,0.7630962343096235,0.2630962343096235
3,0.992,False,0.0068064367713835,0.116678951132052,0.4915928816719103,0,0.0068064367713835,0.0869999999999999,True,False,honest,0.005,0.7671129707112971,0.2671129707112971
3,0.8992,False,0.0072065563735177,0.8807574515826272,0.4860871121239069,1,0.0072065563735177,0.0869999999999999,True,False,honest,0.005,0.7711297071129708,0.2711297071129708
3,0.7206,False,0.0034204732567873,1.1953477893907023,0.4544218675110492,1,0.0010611353673978,0.0839999999999999,True,False,honest,0.005,0.7751464435146445,0.2751464435146444
3,0.3088,False,0.007911589015795,0.7687638800479524,0.568349986646155,0,0.0235602625502646,0.0769999999999999,True,False,honest,0.005,0.7791631799163181,0.2791631799163181
3,0.9468,False,0.0064125331782551,0.5239891868349884,0.4202243358326807,0,0.0165594417471932,0.0779999999999999,True,False,honest,0.005,0.7831799163179917,0.2831799163179916
3,0.9944,False,0.0132916503675157,0.8307453593931832,0.5010582579778821,0,0.0358177348912139,0.0729999999999999,True,False,honest,0.005,0.7871966527196653,0.2871966527196653
3,0.9226,False,0.0129337608957396,0.6068203043435848,0.2773407586155284,1,0.0056407306590315,0.0649999999999999,True,False,honest,0.005,0.791213389121339,0.291213389121339
3,0.775,False,0.0040938581784547,0.9936762783564244,0.369081643032805,1,0.0040938581784547,0.0699999999999999,True,False,honest,0.005,0.7952301255230126,0.2952301255230126
3,0.934,False,0.0062251827516061,0.8591290894225816,0.5039530108836617,0,0.0062251827516061,0.0649999999999999,True,False,honest,0.005,0.7992468619246863,0.2992468619246863
3,0.996,False,0.0054972394289056,0.2836391387576609,0.7025345323307469,0,0.0086048484690134,0.0759999999999999,True,False,honest,0.005,0.8032635983263599,0.3032635983263598
3,0.1966,False,0.0103959405338749,0.719298818722681,0.504444905279418,0,0.0103959405338749,0.0699999999999999,True,False,honest,0.005,0.8072803347280335,0.3072803347280335
3,0.5606,False,0.0113450619509447,0.6923024412841168,0.501001028881576,0,0.0113450619509447,0.054,True,False,honest,0.005,0.8112970711297072,0.3112970711297071
3,0.7668,False,0.00556354945125,0.4491413775517471,0.5065639935169985,0,0.0112951247080463,0.046,False,False,honest,0.005,0.8153138075313808,0.3153138075313808
3,0.9922,False,0.0066074266943125,0.7646677240251676,0.5123887853448342,0,0.0061204805399087,0.053,True,False,honest,0.005,0.8193305439330545,0.3193305439330545
3,0.968,False,0.0071914302438394,0.65869555344121,0.4544893939826441,1,0.0253975194955848,0.051,True,False,honest,0.005,0.8233472803347281,0.3233472803347281
3,0.9802,False,0.0074758499174549,0.26210687668655,0.4342870880294493,1,0.0050010136666215,0.056,True,False,honest,0.005,0.8273640167364017,0.3273640167364017
3,0.9902,False,0.0104099228403641,0.6379520216312826,0.3818170349153331,1,0.0104099228403641,0.045,False,False,honest,0.005,0.8313807531380754,0.3313807531380753
3,0.8894,False,0.0105499559923213,0.2871137469428679,0.4249787001006997,1,0.0068649155509959,0.032,False,False,honest,0.005,0.835397489539749,0.335397489539749
3,0.9248,False,0.0038650960108691,1.07330578986353,0.5033656472347441,1,0.0038650960108691,0.048,False,False,honest,0.005,0.8394142259414227,0.3394142259414227
3,0.7638,False,0.0104678809136479,0.5494581395245232,0.4111292037366303,1,0.0140260124629439,0.036,False,False,honest,0.005,0.8434309623430963,0.3434309623430963
3,0.9496,False,0.008056994814161,0.6299785674042959,0.4714982354031047,1,0.008056994814161,0.046,False,False,honest,0.005,0.84744769874477,0.34744769874477
3,0.9892,False,0.0032378178503886,0.9692435145687458,0.4957206633759314,1,0.0032378178503886,0.048,False,False,honest,0.005,0.8514644351464435,0.3514644351464435
3,0.9702,False,0.0025045311656215,0.8824328358581318,0.4901245009982492,1,0.011038866056323,0.03,False,False,honest,0.005,0.8554811715481172,0.3554811715481172
3,0.9956,False,0.0118748308511171,0.7587748259606579,0.4981523459308353,1,0.0118748308511171,0.034,False,False,honest,0.005,0.8594979079497909,0.3594979079497908
3,0.7758,False,0.009155235394645,0.706566031905953,0.4984194596552381,1,0.030237372963426,0.039,False,False,honest,0.005,0.8635146443514645,0.3635146443514645
3,0.7984,False,0.0071557110671615,0.7933015354594473,0.4945294637848715,0,0.027664534277688,0.031,False,False,honest,0.005,0.8675313807531382,0.3675313807531382
3,0.9614,False,0.0132884330397294,0.6230732595961354,0.3166867398353816,1,0.0132884330397294,0.034,False,False,honest,0.005,0.8715481171548118,0.3715481171548118
3,0.9298,False,0.0123067504114058,0.5594873527476569,0.4952936128130184,0,0.0270661808114107,0.026,False,False,honest,0.005,0.8755648535564854,0.3755648535564854
3,0.9694,False,0.0117125371923107,0.7633947988177526,0.5041083090101001,0,0.0389496163456236,0.024,False,False,honest,0.005,0.879581589958159,0.379581589958159
3,0.9986,False,0.0016370487665476,1.120507603164554,0.4657397249882541,1,0.0005726657430902,0.024,False,False,honest,0.005,0.8835983263598327,0.3835983263598327
3,0.565,False,0.0031977220642453,1.0471972931063598,0.5183290488384723,1,0.0031977220642453,0.027,False,False,honest,0.005,0.8876150627615064,0.3876150627615063
3,0.9946,False,0.0115563929909234,0.9461913627935736,0.3980262560523137,1,0.0006150497134246,0.03,False,False,honest,0.005,0.89163179916318,0.39163179916318
3,0.972,False,0.0120563743577078,0.7895298536843701,0.4726724359864664,0,0.0395324139790742,0.023,False,False,honest,0.005,0.8956485355648537,0.3956485355648537
3,0.9298,False,0.0048635689924432,0.2161624146861492,0.5065099911752138,0,0.0035595692443812,0.02,False,False,honest,0.005,0.8996652719665272,0.3996652719665272
3,0.9214,False,0.0039985948791981,0.765656647760697,0.4949007987400011,0,0.0007225464904025,0.02,False,False,honest,0.005,0.9036820083682008,0.4036820083682009
3,0.9902,False,0.0132459678629281,0.5621276611839555,0.3903354819472793,1,0.0132459678629281,0.022,False,False,honest,0.005,0.9076987447698746,0.4076987447698745
3,0.9816,False,0.0065049205565831,0.5188015583633411,0.4980135860332123,0,0.0099018249936015,0.017,False,False,honest,0.005,0.9117154811715482,0.4117154811715482
3,0.9274,False,0.006387286660128,0.8103314244439345,0.5080605903609176,0,0.006387286660128,0.019,False,False,honest,0.005,0.915732217573222,0.4157322175732219
3,0.8934,False,0.0121377221054764,0.5769282765203161,0.5010607271782432,0,0.0247975599015373,0.015,False,False,honest,0.005,0.9197489539748956,0.4197489539748955
3,0.9002,False,0.0086423197952716,0.3655097272828011,0.4780802170349371,1,0.0105821546420522,0.012,False,False,honest,0.005,0.9237656903765692,0.4237656903765691
3,0.987,False,0.0077909211796753,0.1883631044851138,0.4899619748722864,1,0.0077909211796753,0.021,False,False,honest,0.005,0.9277824267782429,0.4277824267782427
3,0.7814,False,0.0008463437588362,1.2064366252434235,0.4401711185596686,1,0.0005290276075712,0.021,False,False,honest,0.005,0.9317991631799164,0.4317991631799164
3,0.9968,False,0.00821009960812,0.234756852978289,0.6262242140551157,0,0.0105943326221689,0.012,False,False,honest,0.005,0.93581589958159,0.43581589958159
3,0.9098,False,0.0022278344111107,1.2342373885251976,0.502427476183803,0,0.0022278344111107,0.01,False,False,honest,0.005,0.9398326359832636,0.4398326359832637
3,0.9576,False,0.0045415949575321,0.4180367973219648,0.4200384936336404,1,0.0045415949575321,0.016,False,False,honest,0.005,0.9438493723849372,0.4438493723849372
3,0.9688,False,0.0085134476425162,0.9802978692593384,0.4840354037626517,1,0.0308952615946707,0.011,False,False,honest,0.005,0.9478661087866108,0.4478661087866109
3,0.7852,False,0.0076687813988897,0.6822734379732808,0.501801640911105,1,0.0076687813988897,0.023,False,False,honest,0.005,0.9518828451882846,0.4518828451882846
3,0.345,False,0.0111111977824424,0.6043148099394946,0.6221510400953346,0,0.0281216073616738,0.012,False,False,honest,0.005,0.9558995815899582,0.4558995815899582
3,0.5838,False,0.0131925961459426,0.6863625191382186,0.2977379803801377,1,0.0355750952458883,0.008,False,False,honest,0.005,0.959916317991632,0.4599163179916319
3,0.961,False,0.0085337085439606,0.7491069392305156,0.4982753518921442,1,0.0058640639580131,0.011,False,False,honest,0.005,0.9639330543933056,0.4639330543933055
3,0.935,False,0.0021461247162411,1.2780817457724571,0.5932516145404302,0,0.0021461247162411,0.014,False,False,honest,0.005,0.9679497907949792,0.4679497907949791
3,0.8912,False,0.0065992258369946,0.8398299023983985,0.4875543232447244,0,0.0059426832043792,0.014,False,False,honest,0.005,0.9719665271966528,0.4719665271966528
3,0.7652,False,0.0053122088537144,1.051820281379405,0.251983616535425,1,0.0011054510414006,0.008,False,False,honest,0.005,0.9759832635983264,0.4759832635983264
3,0.8956,False,0.0095398551948733,0.7964544632288536,0.495980966378364,1,0.0047850287162166,0.014,False,False,honest,0.005,0.98,0.48
3,0.9974,False,0.0080552455864227,0.3461437850471424,0.5097431936428922,0,,0.008,False,False,gated,0.01,0.02,0.48
3,0.758,False,0.0074440085265344,0.0889059508027137,0.1842755912980311,1,0.0067821918706104,0.008,False,False,gated,0.01,0.0240167364016736,0.4759832635983264
2,0.988,False,0.0075413621110259,,0.2804575425847364,1,0.0075413621110259,0.008,False,False,gated,0.01,0.0280334728033472,0.4719665271966527
3,0.63,False,0.0082355564321471,0.4379057272511875,0.4467127542012613,0,0.0046291591029716,0.014,False,False,gated,0.01,0.0320502092050209,0.467949790794979
3,0.7878,False,0.0138752413144621,0.0425133917032373,0.3797813893664637,0,0.0144651248834833,0.013,False,False,gated,0.01,0.0360669456066945,0.4639330543933054
2,0.8886,False,0.0120042626074618,,0.4888392133800926,0,0.0120042626074618,0.014,False,False,gated,0.01,0.0400836820083682,0.4599163179916318
2,0.8264,False,0.0145406565265787,,0.6643184033590025,0,,0.011,False,False,gated,0.01,0.0441004184100418,0.4558995815899581
2,0.9968,False,0.0102626473647077,,0.4948059167922489,1,0.0102626473647077,0.013,False,False,gated,0.01,0.0481171548117154,0.4518828451882845
3,0.9452,False,0.0109841503179467,0.1556934987240328,0.4774690317556378,1,,0.015,False,False,gated,0.01,0.0521338912133891,0.4478661087866109
3,0.8598,False,0.0073928222412113,0.6080387034296784,0.4269051836750018,1,0.0118879442920515,0.011,False,False,gated,0.01,0.0561506276150627,0.4438493723849372
2,0.9284,False,0.0173631064865463,,0.4510827266581578,1,,0.017,False,False,gated,0.01,0.0601673640167364,0.4398326359832636
3,0.9892,False,0.0144362688455053,0.0847363029373773,0.53858079922535,1,,0.014,False,False,gated,0.01,0.06418410041841,0.4358158995815899
2,0.9802,False,0.0071926552944079,,0.3366748253183823,1,0.0071926552944079,0.012,False,False,gated,0.01,0.0682008368200836,0.4317991631799163
2,0.901,False,0.0153204903675345,,0.1319302648285835,1,0.0153204903675345,0.015,False,False,gated,0.01,0.0722175732217573,0.4277824267782427
3,0.9964,False,0.0042147919486318,0.7327030610285318,0.5508959530922034,0,0.0011266009855381,0.016,False,False,gated,0.01,0.0762343096234309,0.423765690376569
3,0.901,False,0.0087570111182302,0.4505741345330603,0.2979225560832012,0,,0.023,False,False,gated,0.01,0.0802510460251046,0.4197489539748954
3,0.7472,False,0.0076293849122074,0.1575714043517318,0.590746199262693,0,,0.029,False,False,gated,0.01,0.0842677824267782,0.4157322175732217
3,0.6426,False,0.0137740440366611,1.275106549867136,0.2951565141509044,1,0.2207801604099352,0.03,False,False,gated,0.01,0.0882845188284519,0.4117154811715481
3,0.5342,False,0.0105340860143151,0.0479826816564905,0.4861405431857687,1,0.01103953971013,0.018,False,False,gated,0.01,0.0923012552301255,0.4076987447698744
3,0.8264,False,0.0032526059887956,0.9562491419206548,0.4160365590193513,1,0.0001423043020475,0.03,False,False,gated,0.01,0.0963179916317991,0.4036820083682008
3,0.9506,False,0.0150925154203604,1.2695356785317922,0.688259471625161,0,0.0150925154203604,0.02,False,False,gated,0.01,0.1003347280334728,0.3996652719665272
2,0.857,False,0.1240364159035326,0.8841196216219132,0.2611712987293997,0,0.2336994450003863,0.014,False,False,gated,0.01,0.1043514644351464,0.3956485355648536
3,0.6566,False,0.0130513982768158,1.236934211693725,0.4955348542419772,0,0.2286094471259948,0.031,False,False,gated,0.01,0.1083682008368201,0.3916317991631799
3,0.8826,False,0.0065997443999555,1.337940205250848,0.288888382351272,1,0.2305171867348941,0.025,False,False,gated,0.01,0.1123849372384937,0.3876150627615062
3,0.937,False,0.0096462839583945,1.326873598805055,0.3789214806430128,1,0.2307076619640641,0.024,False,False,gated,0.01,0.1164016736401673,0.3835983263598326
3,0.3742,False,0.0144603662417147,1.2348561346428577,0.4561669340331997,0,0.2325046723286542,0.038,False,False,gated,0.01,0.120418410041841,0.379581589958159
3,0.55,False,0.0132641668441384,1.2958128113295648,0.6980719505693035,0,0.2307311081238614,0.032,False,False,gated,0.01,0.1244351464435146,0.3755648535564853
3,0.2522,False,0.0055788175972321,1.3340373049016718,0.5152601745684707,0,0.2261347009619036,0.038,False,False,gated,0.01,0.1284518828451883,0.3715481171548117
3,0.9232,False,0.009678798759048,1.313607414699119,0.5630329575392227,0,0.2378390665941895,0.024,False,False,gated,0.01,0.1324686192468619,0.367531380753138
3,0.0248,False,0.0048451653361841,1.3643255434623167,0.3648244457277802,0,0.2330908165071662,0.055,True,False,gated,0.01,0.1364853556485355,0.3635146443514644
3,0.5168,False,0.0171705150499709,1.2354874450982112,0.1992844193352777,1,0.0171705150499709,0.026,False,False,gated,0.01,0.1405020920502092,0.3594979079497907
3,0.4064,False,0.0082517512964598,1.2855109607130908,0.6009076720315508,0,0.2325457733402615,0.039,False,False,gated,0.01,0.1445188284518828,0.3554811715481171
3,0.5314,False,0.0137919551949603,1.2131672587920312,0.4799583457045869,1,0.2349076495510543,0.034,False,False,gated,0.01,0.1485355648535564,0.3514644351464435
3,0.2474,False,0.0123188975082404,1.291883138437388,0.3647596809058676,1,0.2408203984827657,0.045,False,False,gated,0.01,0.1525523012552301,0.3474476987447699
3,0.18,False,0.0143692085773994,1.1954294137321335,0.2336491103438921,1,0.2336340293058711,0.046,False,False,gated,0.01,0.1565690376569037,0.3434309623430962
3,0.2732,False,0.0024424683932565,1.3912024676621786,0.4917373973520931,0,0.2318417240508652,0.038,False,False,gated,0.01,0.1605857740585774,0.3394142259414225
3,0.09,False,0.0090111712159446,1.321632786915487,0.4806512716266015,0,0.2393342499831906,0.045,False,False,gated,0.01,0.164602510460251,0.3353974895397489
3,0.031,False,0.0091020338461257,1.2820137601714483,0.5197163348911954,0,0.229727193453335,0.055,True,False,gated,0.01,0.1686192468619247,0.3313807531380753
3,0.0076,True,0.0146830096185411,1.2045857126159552,0.4300564847196104,1,0.2339796324021476,0.058,True,False,gated,0.01,0.1726359832635983,0.3273640167364017
2,0.0186,True,0.1250698516686782,0.8944876541307554,0.3567266126759118,0,0.2369432898911702,0.054,True,False,gated,0.01,0.1766527196652719,0.323347280334728
3,0.0054,True,0.0084122805876086,1.292084180707045,0.5562533041460465,1,0.2352989602762434,0.063,True,False,gated,0.01,0.1806694560669456,0.3193305439330544
2,0.0064,True,0.1258877606262581,0.8908233534756985,0.1899745002797795,1,0.2380315177097783,0.063,True,False,gated,0.01,0.1846861924686192,0.3153138075313807
3,0.0128,True,0.0104670250852974,1.3232697418232426,0.4735180491147609,1,0.2337521103743153,0.061,True,False,gated,0.01,0.1887029288702928,0.3112970711297071
3,0.0014,True,0.0105079117650527,1.2720532614150095,0.477727434233453,1,0.2356897795765765,0.067,True,False,gated,0.01,0.1927196652719665,0.3072803347280335
2,0.001,True,0.12590072438538,0.8932749527014822,0.3579870002652578,0,0.2383646880067059,0.067,True,False,gated,0.01,0.1967364016736401,0.3032635983263598
3,0.0166,True,0.0132424622593281,1.222767614906374,0.4986841787848716,0,0.2362980570971984,0.055,True,False,gated,0.01,0.2007531380753138,0.2992468619246862
3,0.0004,True,0.0118197814109309,1.2617053225429922,0.5211907426202118,1,0.2404421194440434,0.075,True,False,gated,0.01,0.2047698744769874,0.2952301255230125
3,0.082,False,0.0044626136764696,1.360092917776463,0.2676311909326773,1,0.2382095732085014,0.047,False,False,gated,0.01,0.2087866108786611,0.2912133891213389
2,0.0006,True,0.1274814929539249,0.8717951369074374,0.2347930718813007,1,0.2386192385577283,0.072,True,False,gated,0.01,0.2128033472803347,0.2871966527196652
2,0.0002,True,0.1248911098772436,0.8959346537025851,0.1344655632861814,1,0.2367853831565392,0.086,True,False,gated,0.01,0.2168200836820083,0.2831799163179916
3,0.0002,True,0.0140792383872522,1.274366715645256,0.6366180919853409,0,0.2420372335128707,0.087,True,False,gated,0.01,0.220836820083682,0.279163179916318
3,0.0002,True,0.0134588470842601,1.2109476870925764,0.3248747093319048,1,0.2391523893520578,0.085,True,False,gated,0.01,0.2248535564853556,0.2751464435146443
3,0.0002,True,0.0131071980884779,1.2956308289199006,0.4849258803690166,0,0.2392460870078348,0.096,True,False,gated,0.01,0.2288702928870293,0.2711297071129707
2,0.0002,True,0.1264999608212003,0.9039013186164556,0.29726104799979,1,0.2408434422133172,0.098,True,False,gated,0.01,0.2328870292887029,0.267112970711297
2,0.0002,True,0.1236630311212083,0.9593027831512168,0.3642940276352709,0,0.2422933210496583,0.106,True,False,gated,0.01,0.2369037656903765,0.2630962343096234
2,0.0002,True,0.1284402010908364,0.8972749332460679,0.2620970274952498,1,0.2436863739516255,0.099,True,False,gated,0.01,0.2409205020920502,0.2590794979079498
3,0.0002,True,0.015888727729773,1.215244453637801,0.4646553391413507,0,0.2420400168373227,0.111,True,False,gated,0.01,0.2449372384937238,0.2550627615062761
2,0.0002,True,0.1242912657892291,0.9427147562792044,0.132779060421736,1,0.2414624761262987,0.105,True,False,gated,0.01,0.2489539748953975,0.2510460251046025
3,0.0002,True,0.0134841223929337,1.2195379939710462,0.4992476078963675,0,0.2432172943094803,0.106,True,False,gated,0.01,0.2529707112970711,0.2470292887029288
2,0.0002,True,0.1237661867401263,0.971927467876938,0.4002510972673203,0,0.2440579432282135,0.122,True,False,gated,0.01,0.2569874476987447,0.2430125523012552
3,0.0002,True,0.0059304974831145,1.3523283098119128,0.52337476983644,0,0.2466795458031187,0.104,True,False,gated,0.01,0.2610041841004184,0.2389958158995815
2,0.0002,True,0.1276697781183725,0.9036669248693256,0.3953000301377354,0,0.2430407339102549,0.131,True,False,gated,0.01,0.2650209205020921,0.2349790794979079
2,0.0002,True,0.1282553766511938,0.895932378079384,0.3079255650216273,0,0.243163521256661,0.117,True,False,gated,0.01,0.2690376569037657,0.2309623430962343
3,0.0002,True,0.1242817040781527,0.9611627569626964,0.3075676139515964,0,0.2437366494108932,0.125,True,False,gated,0.01,0.2730543933054393,0.2269456066945606
2,0.0002,True,0.1241041918123778,0.9794573334248065,0.2661538708508596,1,0.2456589525927497,0.137,True,False,gated,0.01,0.277071129707113,0.222928870292887
3,0.0002,True,0.0106505212539458,1.2870917798310746,0.4155668683485866,0,0.2450146328812036,0.139,True,False,gated,0.01,0.2810878661087866,0.2189121338912133
3,0.0002,True,0.0116208618147285,1.230468131595794,0.511686952656765,1,0.2443858941730536,0.139,True,False,gated,0.01,0.2851046025104602,0.2148953974895397
3,0.0002,True,0.1290259996684807,0.9103146791324228,0.3811195894616356,0,0.2464802611573442,0.152,True,False,gated,0.01,0.2891213389121339,0.210878661087866
3,0.0002,True,0.1239449653510423,0.98354593516175,0.3004321041311014,1,0.2458505322068075,0.149,True,False,gated,0.01,0.2931380753138076,0.2068619246861924
3,0.0002,True,0.0073947020379003,1.3505508924981486,0.4926191055427755,1,0.2461632151250633,0.151,True,False,gated,0.01,0.2971548117154812,0.2028451882845188
3,0.0002,True,0.0166963171235524,1.1901406937936905,0.3464093121041049,1,0.2448005980289394,0.173,True,False,gated,0.01,0.3011715481171548,0.1988284518828451
2,0.0002,True,0.2450604695068932,,0.1959999999999315,1,0.2450604695068932,0.185,True,False,gated,0.01,0.3051882845188285,0.1948117154811715
3,0.0002,True,0.0131328099955525,1.2301736030166963,0.5024420512882183,0,0.2473320654289186,0.139,True,False,gated,0.01,0.3092050209205021,0.1907949790794978
2,0.0002,True,0.1226826950315089,0.996222556711732,0.276833516118369,1,0.2449019631410807,0.153,True,False,gated,0.01,0.3132217573221758,0.1867782426778242
3,0.0002,True,0.12700121258681,0.945317601077312,0.3549328888563441,0,0.2470576942042282,0.191,True,False,gated,0.01,0.3172384937238494,0.1827615062761505
3,0.0002,True,0.1287913315189258,0.9272250641913388,0.3460528326748031,0,0.248209882154777,0.185,True,False,gated,0.01,0.321255230125523,0.1787447698744769
3,0.0002,True,0.1303965260826188,0.9178393808290212,0.3441575564415995,1,0.2500795928454629,0.196,True,False,gated,0.01,0.3252719665271967,0.1747280334728033
3,0.0002,True,0.1239472628120778,0.9915309951617708,0.3704036750221262,0,0.2468448156567065,0.168,True,False,gated,0.01,0.3292887029288703,0.1707112970711296
3,0.0002,True,0.1285297520635379,0.9303685456377544,0.3425842116243592,1,0.2481097905630033,0.213,True,False,gated,0.01,0.3333054393305439,0.166694560669456
3,0.0002,True,0.1274440045202574,0.96317606601183,0.351203764406337,0,0.250195019431836,0.214,True,False,gated,0.01,0.3373221757322176,0.1626778242677823
2,0.0002,True,0.2480249992283552,,0.2079999996822174,1,0.2480249992283552,0.197,True,False,gated,0.01,0.3413389121338912,0.1586610878661087
2,0.0002,True,0.2478322599845739,,0.2189999997470525,1,0.2478322599845739,0.229,True,False,gated,0.01,0.3453556485355649,0.1546443514644351
2,0.0002,True,0.2496974840902579,,0.2549999999999827,1,0.2496974840902579,0.225,True,False,gated,0.01,0.3493723849372385,0.1506276150627614
2,0.0002,True,0.2466050149880851,,0.2029999997612367,1,0.2466050149880851,0.222,True,False,gated,0.01,0.3533891213389121,0.1466108786610878
3,0.0002,True,0.1268329787204547,0.9649270141370648,0.2705585426906502,1,0.249217546172258,0.243,True,False,gated,0.01,0.3574058577405858,0.1425941422594142
3,0.0002,True,0.1285212349435686,0.941204519394342,0.3611229186397127,1,0.2494860021115386,0.236,True,False,gated,0.01,0.3614225941422594,0.1385774058577405
3,0.0002,True,0.24909706568589,0.6932940760016857,0.2339999998237915,1,0.24909706568589,0.269,True,False,gated,0.01,0.365439330543933,0.1345606694560669
2,0.0002,True,0.2504712997860315,,0.2699999999994001,1,0.2504712997860315,0.252,True,False,gated,0.01,0.3694560669456067,0.1305439330543932
2,0.0002,True,0.2496010928177634,,0.2639999999999767,1,0.2496010928177634,0.253,True,False,gated,0.01,0.3734728033472804,0.1265271966527196
3,0.0002,True,0.2488975933064821,0.6835219578668724,0.2709999999999995,1,0.2488975933064821,0.244,True,False,gated,0.01,0.377489539748954,0.122510460251046
3,0.0002,True,0.2513347071216985,0.670376627633053,0.2669999999999916,1,0.2513347071216985,0.285,True,False,gated,0.01,0.3815062761506276,0.1184937238493723
3,0.0002,True,0.2508461908029228,0.6971567985841454,0.2609999999999999,1,0.2508461908029228,0.277,True,False,gated,0.01,0.3855230125523013,0.1144769874476986
3,0.0002,True,0.248026784089054,0.6820904400907634,0.3239999999999948,1,0.248026784089054,0.295,True,False,gated,0.01,0.3895397489539749,0.110460251046025
3,0.0002,True,0.2500286457669087,0.6955196678598445,0.2319613605445272,1,0.2500286457669087,0.311,True,False,gated,0.01,0.3935564853556486,0.1064435146443514
3,0.0002,True,0.2509179334840936,0.6898708972308264,0.2859999999999984,1,0.2509179334840936,0.33,True,False,gated,0.01,0.3975732217573222,0.1024267782426777
3,0.0002,True,0.2504854807956788,0.6645424688666377,0.3129999999995748,1,0.2504854807956788,0.334,True,False,gated,0.01,0.4015899581589958,0.0984100418410041
2,0.0002,True,0.2670508318210108,0.0535360669789571,0.202,1,0.2527539806018014,0.317,True,False,gated,0.01,0.4056066945606695,0.0943933054393305
3,0.0002,True,0.2501916383585113,0.6717869782806413,0.3219979753750649,1,0.278568442038389,0.316,True,False,gated,0.01,0.4096234309623431,0.0903765690376568
3,0.0002,True,0.2518029171520962,0.6795909762361535,0.3399999999998793,1,0.2840875788774686,0.328,True,False,gated,0.01,0.4136401673640167,0.0863598326359832
3,0.0002,True,0.2513318374306399,0.6654383349761217,0.3510000002467848,1,0.2808364149892547,0.356,True,False,gated,0.01,0.4176569037656904,0.0823430962343095
2,0.0002,True,0.2675878413288575,0.0614097580027682,0.2274999999756036,1,0.2840203459094071,0.364,True,False,gated,0.01,0.4216736401673641,0.0783263598326359
3,0.0002,True,0.2507070073293845,0.6977774727691038,0.3079999999999998,1,0.2814606970806399,0.391,True,False,gated,0.01,0.4256903765690377,0.0743096234309623
3,0.0002,True,0.2534221483948424,0.6690531473985871,0.3529999999999995,1,0.2840988943671373,0.373,True,False,gated,0.01,0.4297071129707113,0.0702928870292886
2,0.0002,True,0.2664088050631706,0.0608087913313263,0.2434999999997089,1,0.2826088024991458,0.349,True,False,gated,0.01,0.433723849372385,0.066276150627615
2,0.0002,True,0.266443515129836,0.0648243737228847,0.2725,1,0.2837155491307164,0.387,True,False,gated,0.01,0.4377405857740586,0.0622594142259413
3,0.0002,True,0.2665749567128791,0.0591249198142668,0.2800001925593431,1,0.2823361796530789,0.37,True,False,gated,0.01,0.4417573221757322,0.0582426778242677
3,0.0002,True,0.2666163829989333,0.0582024904375806,0.2974999999997222,1,0.2821341204809892,0.387,True,False,gated,0.01,0.4457740585774059,0.054225941422594
3,0.0002,True,0.2685347433566522,0.0601727820492543,0.3094999994236446,1,0.2846932259413646,0.395,True,False,gated,0.01,0.4497907949790795,0.0502092050209204
3,0.0002,True,0.2683416388053332,0.0600109873885803,0.329499999999999,1,0.284445085507571,0.41,True,False,gated,0.01,0.4538075313807532,0.0461924686192468
3,0.0002,True,0.2688500393865842,0.0531533010392384,0.313,1,0.2831403064645635,0.41,True,False,gated,0.01,0.4578242677824268,0.0421757322175731
3,0.0002,True,0.2845577834770125,0.0614030379687235,0.288,1,0.2845577834770125,0.41,True,False,gated,0.01,0.4618410041841004,0.0381589958158995
3,0.0002,True,0.2843630693144051,0.063241250271875,0.292,1,0.2843630693144051,0.431,True,False,gated,0.01,0.4658577405857741,0.0341422594142258
3,0.0002,True,0.2839451236242987,0.0677781472184647,0.295,1,0.2939921886725039,0.425,True,False,gated,0.01,0.4698744769874478,0.0301255230125522
3,0.0002,True,0.2845257031822826,0.069068351711017,0.311,1,0.2942505456915347,0.465,True,False,gated,0.01,0.4738912133891214,0.0261087866108786
3,0.0002,True,0.2839513585521992,0.0653179842996083,0.33,1,0.2945367299393362,0.489,True,False,gated,0.01,0.477907949790795,0.0220920502092049
3,0.0002,True,0.2843754086590349,0.0698728410075241,0.395,1,0.2956403558084085,0.465,True,False,gated,0.01,0.4819246861924686,0.0180753138075313
3,0.0002,True,0.2849974653429996,0.0675210823272807,0.413,1,0.2944495442046481,0.449,True,False,gated,0.01,0.4859414225941423,0.0140585774058576
3,0.0002,True,0.2853580747450387,0.0619778231069201,0.422,1,0.2936512324399667,0.464,True,False,gated,0.01,0.4899581589958159,0.010041841004184
3,0.0002,True,0.2851410862948502,0.0678686097988062,0.461,1,0.2959591182775636,0.488,True,False,gated,0.01,0.4939748953974895,0.0060251046025104
3,0.0002,True,0.2843130505844843,0.0629079134464524,0.479,1,0.2950644051636343,0.489,True,False,gated,0.01,0.4979916317991632,0.0020083682008367
3,0.0002,True,0.2842238735665195,0.0633238944021498,0.498999999999819,0,0.2949642798401312,0.497,True,False,gated,0.01,0.5020083682008368,0.0020083682008368
3,0.0002,True,0.2850392109708042,0.063038803984523,0.533,0,0.2948596743359672,0.472,True,False,gated,0.01,0.5060251046025105,0.0060251046025104
3,0.0002,True,0.2856419367033849,0.0689308003395942,0.571,0,0.2951267628245433,0.4669999999999999,True,False,gated,0.01,0.5100418410041841,0.0100418410041841
3,0.0002,True,0.2851200084993514,0.0660131806830433,0.621,0,0.2934083025552296,0.4609999999999999,True,False,gated,0.01,0.5140585774058578,0.0140585774058578
3,0.0002,True,0.2855011959397488,0.0639572130921723,0.571,0,0.2952044814390313,0.4429999999999999,True,False,gated,0.01,0.5180753138075314,0.0180753138075313
3,0.0002,True,0.285483717683932,0.0621599830573493,0.659,0,0.2946744511328273,0.469,True,False,gated,0.01,0.5220920502092051,0.0220920502092051
3,0.0002,True,0.2837133053802119,0.060968470659667,0.67,0,0.293057321879379,0.48,True,False,gated,0.01,0.5261087866108787,0.0261087866108786
3,0.0002,True,0.2827249569827326,0.0622702763227261,0.655,0,0.2827249569827326,0.4459999999999999,True,False,gated,0.01,0.5301255230125523,0.0301255230125523
3,0.0002,True,0.2843509416044456,0.0649963908917873,0.716,0,0.2843509416044456,0.4439999999999999,True,False,gated,0.01,0.534142259414226,0.0341422594142259
3,0.0002,True,0.2831433371870621,0.0650602165582256,0.724,0,0.2831433371870621,0.437,True,False,gated,0.01,0.5381589958158997,0.0381589958158996
3,0.0002,True,0.2668595567792838,0.0631443626668351,0.6395000066088774,0,0.2837102334137289,0.413,True,False,gated,0.01,0.5421757322175733,0.0421757322175733
3,0.0002,True,0.2676710676605848,0.0597212462077538,0.6700000000000004,0,0.2836567173950947,0.435,True,False,gated,0.01,0.5461924686192469,0.0461924686192468
3,0.0002,True,0.2678758449556918,0.0578736459082485,0.6855000004470435,0,0.2833787967540883,0.393,True,False,gated,0.01,0.5502092050209205,0.0502092050209205
3,0.0002,True,0.2692020985263484,0.0563461450979333,0.7114999999999997,0,0.2843705990306385,0.369,True,False,gated,0.01,0.5542259414225942,0.0542259414225941
3,0.0002,True,0.2668310915561891,0.0632758699603698,0.7105000000051787,0,0.2837150610069454,0.386,True,False,gated,0.01,0.5582426778242678,0.0582426778242678
3,0.0002,True,0.2532968430521793,0.7094389364877369,0.6309999999998699,0,0.2832323527210025,0.384,True,False,gated,0.01,0.5622594142259415,0.0622594142259415
3,0.0002,True,0.2525026731476452,0.6744740024481231,0.6240000000000124,0,0.284082423704644,0.392,True,False,gated,0.01,0.5662761506276152,0.0662761506276151
3,0.0002,True,0.2510507705022414,0.6655553747239655,0.639,0,0.280717875655036,0.374,True,False,gated,0.01,0.5702928870292887,0.0702928870292887
2,0.0002,True,0.265002413185546,0.0554091377960863,0.750500000000195,0,0.2796859684140948,0.347,True,False,gated,0.01,0.5743096234309624,0.0743096234309623
2,0.0002,True,0.2678934949174439,0.0532134810156627,0.7875000000000001,0,0.2821490403235061,0.356,True,False,gated,0.01,0.578326359832636,0.078326359832636
3,0.0002,True,0.2502507325617608,0.6840432377583558,0.6820000000000012,0,0.2805452402287996,0.354,True,False,gated,0.01,0.5823430962343097,0.0823430962343096
2,0.0002,True,0.2645153718112414,0.0571848223055158,0.7945000002444782,0,0.2796416363454019,0.3409999999999999,True,False,gated,0.01,0.5863598326359833,0.0863598326359833
3,0.0002,True,0.2493033200990968,0.6672421248148204,0.6999999406403915,0,0.2797285432037976,0.289,True,False,gated,0.01,0.590376569037657,0.090376569037657
3,0.0002,True,0.2509343157604339,0.6743943323480737,0.6970000000001375,0,0.2802627992376085,0.3399999999999999,True,False,gated,0.01,0.5943933054393306,0.0943933054393305
2,0.0002,True,0.2648469979533276,0.0563405173981828,0.823000000000877,0,0.2499253810572253,0.3329999999999999,True,False,gated,0.01,0.5984100418410042,0.0984100418410042
3,0.0002,True,0.2498931185495181,0.6696274095799802,0.6900000000374341,0,0.2819453156438999,0.286,True,False,gated,0.01,0.6024267782426779,0.1024267782426778
3,0.0002,True,0.2485384944574659,0.6831075152566183,0.7260000000000008,0,0.2485384944574659,0.293,True,False,gated,0.01,0.6064435146443515,0.1064435146443515
3,0.0002,True,0.2492392775742802,0.7001219511650936,0.693000000000314,0,0.2492392775742802,0.265,True,False,gated,0.01,0.6104602510460252,0.1104602510460251
2,0.0002,True,0.2636836971962248,0.0518703936243715,0.8440000000000535,0,0.2500063200302752,0.281,True,False,gated,0.01,0.6144769874476989,0.1144769874476988
2,0.0002,True,0.2642119936936035,0.0526633002898353,0.8420000000000498,0,0.2502977181294885,0.256,True,False,gated,0.01,0.6184937238493724,0.1184937238493724
3,0.0002,True,0.2512953059829529,0.6775062720143599,0.7470000000021886,0,0.2512953059829529,0.269,True,False,gated,0.01,0.6225104602510461,0.122510460251046
2,0.0002,True,0.2626710601131962,0.0554999062493907,0.8525000000037539,0,0.2480928409024302,0.254,True,False,gated,0.01,0.6265271966527197,0.1265271966527197
2,0.0002,True,0.2633300801468615,0.0523976272144705,0.8555000433000506,0,0.2495322087729171,0.24,True,False,gated,0.01,0.6305439330543934,0.1305439330543933
3,0.0002,True,0.1312554254764901,0.8942920564223766,0.6257074396843689,0,0.2486361098433488,0.257,True,False,gated,0.01,0.634560669456067,0.134560669456067
3,0.0002,True,0.1251396215431766,0.9510794247689972,0.6218994947877108,0,0.2441573408172222,0.2299999999999999,True,False,gated,0.01,0.6385774058577407,0.1385774058577407
3,0.0002,True,0.1263710590029426,0.9676999403029142,0.7000704954331571,0,0.248660325257074,0.2229999999999999,True,False,gated,0.01,0.6425941422594142,0.1425941422594142
3,0.0002,True,0.1285258583686049,0.9585570038555424,0.673612891230601,0,0.2517252200853351,0.2309999999999999,True,False,gated,0.01,0.6466108786610879,0.1466108786610879
3,0.0002,True,0.1283020321329614,0.919148985598868,0.6346780698248751,0,0.2462307148191654,0.235,True,False,gated,0.01,0.6506276150627616,0.1506276150627615
3,0.0002,True,0.1288621658708541,0.9189917558358052,0.6224879893117767,0,0.2472854339462341,0.2119999999999999,True,False,gated,0.01,0.6546443514644352,0.1546443514644352
2,0.0002,True,0.2483036568693337,,0.7869999116897092,0,0.2483036568693337,0.2029999999999999,True,False,gated,0.01,0.6586610878661089,0.1586610878661088
3,0.0002,True,0.1250028261626197,0.992743342598156,0.7253779551826327,0,0.2490985496425077,0.2039999999999999,True,False,gated,0.01,0.6626778242677824,0.1626778242677824
2,0.0002,True,0.2461682660754471,,0.7760000000001203,0,0.2461682660754471,0.2029999999999999,True,False,gated,0.01,0.6666945606694561,0.1666945606694561
3,0.0002,True,0.1287975688535726,0.9217742711948532,0.6522484437348338,0,0.2475198540161653,0.1939999999999999,True,False,gated,0.01,0.6707112970711298,0.1707112970711297
3,0.0002,True,0.1251996714864451,0.9863773398453576,0.6486165300262307,0,0.2486937903977438,0.1879999999999999,True,False,gated,0.01,0.6747280334728034,0.1747280334728034
3,0.0002,True,0.1246424152062139,0.9775144352024954,0.7448314560947222,0,0.2464821753097686,0.184,True,False,gated,0.01,0.6787447698744771,0.178744769874477
3,0.0002,True,0.1331072593190758,0.8713675623726709,0.4251957128620995,0,0.2490926074069173,0.1919999999999999,True,False,gated,0.01,0.6827615062761507,0.1827615062761507
3,0.0002,True,0.1277406712727616,0.9273660518919022,0.659790052169041,0,0.2462030332579313,0.178,True,False,gated,0.01,0.6867782426778243,0.1867782426778242
3,0.0002,True,0.1292200019055254,0.923344443474524,0.6762577961692992,0,0.248534572651683,0.153,True,False,gated,0.01,0.6907949790794979,0.1907949790794979
3,0.0002,True,0.0092570159280655,1.2923010277538398,0.5871704942598767,0,0.2451866517025176,0.147,True,False,gated,0.01,0.6948117154811716,0.1948117154811716
3,0.0002,True,0.1261325188852362,0.9548389181105248,0.5254576053322179,0,0.2465687567571252,0.155,True,False,gated,0.01,0.6988284518828453,0.1988284518828452
3,0.0002,True,0.1258115339744593,0.9476625397757322,0.8592934720508685,0,0.2450384117947239,0.141,True,False,gated,0.01,0.7028451882845189,0.2028451882845189
3,0.0002,True,0.0103764023321022,1.2730404235478034,0.7978793972399103,0,0.2469786974847262,0.136,True,False,gated,0.01,0.7068619246861926,0.2068619246861925
2,0.0002,True,0.2411217034091227,,0.8830000000000023,0,0.2411217034091227,0.127,True,False,gated,0.01,0.7108786610878661,0.2108786610878661
3,0.0002,True,0.0076937390244968,1.3037465449329533,0.7083615973558017,0,0.2451125682525915,0.144,True,False,gated,0.01,0.7148953974895398,0.2148953974895397
3,0.0002,True,0.0109420501944542,1.292547409369797,0.5007374300328472,0,0.2447082705010372,0.128,True,False,gated,0.01,0.7189121338912134,0.2189121338912134
2,0.0002,True,0.1262400650923265,0.8967915704027928,0.6938971667157524,0,0.2394510913151216,0.125,True,False,gated,0.01,0.7229288702928871,0.2229288702928871
3,0.0002,True,0.1259920457153636,0.9177787330176383,0.6903039743129937,0,0.2416248658032281,0.124,True,False,gated,0.01,0.7269456066945608,0.2269456066945607
2,0.0002,True,0.1288705170039764,0.8978565458120267,0.6817241694128724,0,0.2445777542590745,0.125,True,False,gated,0.01,0.7309623430962344,0.2309623430962344
3,0.0002,True,0.0091334833012259,1.3149560091696235,0.4981444275595079,0,0.2416198644584171,0.1039999999999999,True,False,gated,0.01,0.734979079497908,0.2349790794979079
3,0.0002,True,0.0126967426412838,1.2339449434944374,0.3342724659861272,1,0.2445213492267439,0.124,True,False,gated,0.01,0.7389958158995816,0.2389958158995816
3,0.0002,True,0.0135106237881473,1.2273287834181996,0.7127850784242482,0,0.238014192863408,0.127,True,False,gated,0.01,0.7430125523012553,0.2430125523012553
2,0.0002,True,0.1277926501010117,0.8902898401122852,0.6645249034435613,0,0.2415651481278569,0.0979999999999999,True,False,gated,0.01,0.747029288702929,0.2470292887029289
3,0.0002,True,0.0114793664798377,1.252892360325408,0.5036042068830763,0,0.2447475654724273,0.1009999999999999,True,False,gated,0.01,0.7510460251046026,0.2510460251046026
3,0.0002,True,0.0089160686260507,1.3068386039439794,0.6280893249146586,0,0.2375704081584276,0.1009999999999999,True,False,gated,0.01,0.7550627615062763,0.2550627615062762
3,0.0002,True,0.0129818653594108,1.23061954121965,0.5006709553144663,0,0.2417422779482345,0.0929999999999999,True,False,gated,0.01,0.7590794979079498,0.2590794979079498
2,0.0004,True,0.1262300872888054,0.908617500719688,0.7195315815678287,0,0.2409249537176964,0.0779999999999999,True,False,gated,0.01,0.7630962343096235,0.2630962343096235
2,0.0002,True,0.1262133915434365,0.9135082878054116,0.7580808922340851,0,0.2415103707513088,0.0789999999999999,True,False,gated,0.01,0.7671129707112971,0.2671129707112971
3,0.0002,True,0.0088241855869475,1.3083195678062365,0.5847351058520239,0,0.2417292038557662,0.1009999999999999,True,False,gated,0.01,0.7711297071129708,0.2711297071129708
3,0.0014,True,0.0129697899054922,1.237652137209416,0.5157511070812614,0,0.2384927155045542,0.0679999999999999,True,False,gated,0.01,0.7751464435146445,0.2751464435146444
3,0.0004,True,0.01609131513665,1.204089951885412,0.6891527731234525,0,0.2387773649246145,0.0859999999999999,True,False,gated,0.01,0.7791631799163181,0.2791631799163181
2,0.0002,True,0.1241641919177029,0.9166697162318224,0.6957169929730023,0,0.2379817464899738,0.0789999999999999,True,False,gated,0.01,0.7831799163179917,0.2831799163179916
2,0.0016,True,0.126801991273627,0.8874777521631295,0.7029093509296326,0,0.2393359374598417,0.0669999999999999,True,False,gated,0.01,0.7871966527196653,0.2871966527196653
2,0.0004,True,0.1257488886537903,0.8769328253479455,0.8407442400661638,0,0.2360222168661998,0.0779999999999999,True,False,gated,0.01,0.791213389121339,0.291213389121339
2,0.079,False,0.1199929367584068,0.9800408899890324,0.6050943430423792,0,0.2375909212924936,0.05,True,False,gated,0.01,0.7952301255230126,0.2952301255230126
2,0.0002,True,0.124953554246624,0.9098701724225412,0.8079423026513186,0,0.238645066194719,0.0989999999999999,True,False,gated,0.01,0.7992468619246863,0.2992468619246863
2,0.0058,True,0.1259797432052161,0.8646299293394606,0.6467436185284143,0,0.2349055996718102,0.059,True,False,gated,0.01,0.8032635983263599,0.3032635983263598
2,0.0014,True,0.1195831976400652,0.982838193672644,0.7275727472661346,0,0.2371141316032086,0.0679999999999999,True,False,gated,0.01,0.8072803347280335,0.3072803347280335
2,0.0138,True,0.1252179745564243,0.9075726771783228,0.752896600436425,0,0.2388623869563531,0.061,True,False,gated,0.01,0.8112970711297072,0.3112970711297071
2,0.0688,False,0.126082979309987,0.8696435954122597,0.7675475596943677,0,0.2357302347582834,0.051,True,False,gated,0.01,0.8153138075313808,0.3153138075313808
2,0.0392,False,0.1252823888771187,0.8575869609024808,0.7216557767960273,0,0.2327229320097073,0.053,True,False,gated,0.01,0.8193305439330545,0.3193305439330545
2,0.017,True,0.1214545428713237,0.9343223284100944,0.8183449355198971,0,0.2349322341637769,0.055,True,False,gated,0.01,0.8233472803347281,0.3233472803347281
2,0.085,False,0.1165620565390484,0.9653973445185432,0.7585653086515345,0,0.2290907563944315,0.048,False,False,gated,0.01,0.8273640167364017,0.3273640167364017
3,0.3506,False,0.0160517600639649,1.1856850322372576,0.4546289851109959,0,0.2334641031777575,0.039,False,False,gated,0.01,0.8313807531380754,0.3313807531380753
2,0.275,False,0.1230422818486015,0.9020905637981276,0.7298737827388511,0,0.2340375632533166,0.04,False,False,gated,0.01,0.835397489539749,0.335397489539749
3,0.135,False,0.0121042453312168,1.2651968255392965,0.5091817998370036,1,0.23243513957062,0.044,False,False,gated,0.01,0.8394142259414227,0.3394142259414227
3,0.0716,False,0.0022777323532278,1.3833396397954516,0.8225542884167726,0,0.2354682111968979,0.045,False,False,gated,0.01,0.8434309623430963,0.3434309623430963
3,0.0514,False,0.0057933464619076,1.3553994050505669,0.5122627282555363,0,0.2317764916051549,0.052,True,False,gated,0.01,0.84744769874477,0.34744769874477
3,0.2094,False,0.0096188225087325,1.2775301838021214,0.6151573168702263,0,0.2349560988056605,0.036,False,False,gated,0.01,0.8514644351464435,0.3514644351464435
3,0.7246,False,0.0142682261646394,1.266910154853644,0.5180974313084923,1,0.0030823330855351,0.03,False,False,gated,0.01,0.8554811715481172,0.3554811715481172
3,0.7162,False,0.009654628115954,1.314767477603378,0.8246206115435041,0,0.2312627207121978,0.032,False,False,gated,0.01,0.8594979079497909,0.3594979079497908
3,0.5306,False,0.0070287599476174,1.3275559986887184,0.5128243115405061,0,0.2306591683492327,0.034,False,False,gated,0.01,0.8635146443514645,0.3635146443514645
3,0.2192,False,0.0189044231017233,1.210901432234761,0.9660000000073669,0,0.2307379540873212,0.041,False,False,gated,0.01,0.8675313807531382,0.3675313807531382
2,0.209,False,0.1170802571747805,0.9344477665663172,0.802200105616528,0,0.2264856420016986,0.04,False,False,gated,0.01,0.8715481171548118,0.3715481171548118
2,0.8026,False,0.1195242197543922,0.9486098531084112,0.7215870517089876,0,0.0061423672093321,0.028,False,False,gated,0.01,0.8755648535564854,0.3755648535564854
3,0.838,False,0.0096770870853925,1.2529697913760711,0.5065037248963987,1,0.2278598731791133,0.028,False,False,gated,0.01,0.879581589958159,0.379581589958159
3,0.8076,False,0.0074115276552595,1.3144710589498536,0.4845169923848516,0,0.0074115276552595,0.028,False,False,gated,0.01,0.8835983263598327,0.3835983263598327
3,0.9572,False,0.0117524185563958,1.27392469010486,0.6123686069294261,1,0.0046564815740913,0.024,False,False,gated,0.01,0.8876150627615064,0.3876150627615063
3,0.8712,False,0.0056147295452246,0.9664334131195272,0.2276274265541497,1,0.0001884673061237,0.018,False,False,gated,0.01,0.89163179916318,0.39163179916318
2,0.5812,False,0.1230887415085804,0.8924069970338593,0.727355803742549,0,0.232933995687822,0.03,False,False,gated,0.01,0.8956485355648537,0.3956485355648537
3,0.9956,False,0.0120387633176259,1.302174357946637,0.4750072664156317,1,0.0008376013799939,0.023,False,False,gated,0.01,0.8996652719665272,0.3996652719665272
2,0.7342,False,0.1206626137923195,0.8791081092498155,0.7336370273527257,0,0.0145871315233336,0.017,False,False,gated,0.01,0.9036820083682008,0.4036820083682009
3,0.3138,False,0.0126890431561668,0.0969406285788664,0.6183594105327195,0,,0.016,False,False,gated,0.01,0.9076987447698746,0.4076987447698745
3,0.316,False,0.0092827812478491,0.1207393612640517,0.4225997321658777,1,,0.02,False,False,gated,0.01,0.9117154811715482,0.4117154811715482
3,0.9204,False,0.0069290949285746,1.3018475957028195,0.4616094374886415,0,0.0069290949285746,0.021,False,False,gated,0.01,0.915732217573222,0.4157322175732219
2,0.8228,False,0.0114708724039421,,0.4963330534476404,1,,0.015,False,False,gated,0.01,0.9197489539748956,0.4197489539748955
3,0.926,False,0.0110300495515399,0.3353371366362104,0.4336904583964377,0,,0.013,False,False,gated,0.01,0.9237656903765692,0.4237656903765691
3,0.8078,False,0.0064038847338671,1.3490485038584314,0.5022122651211138,1,0.2192358681486204,0.015,False,False,gated,0.01,0.9277824267782429,0.4277824267782427
3,0.6924,False,0.0101474670938721,0.2489840159550316,0.5295552377920237,1,0.0126740242029249,0.014,False,False,gated,0.01,0.9317991631799164,0.4317991631799164
3,0.7392,False,0.0037335851288523,0.8935041268899571,0.5245456295237911,0,0.0003976114072342,0.012,False,False,gated,0.01,0.93581589958159,0.43581589958159
2,0.993,False,0.0049238832078698,,0.5239112575923079,1,0.0049238832078698,0.01,False,False,gated,0.01,0.9398326359832636,0.4398326359832637
2,0.9512,False,0.0162060139458104,,0.5571787828323218,1,0.0162060139458104,0.014,False,False,gated,0.01,0.9438493723849372,0.4438493723849372
2,0.9048,False,0.0055732533133774,,0.4401191283625128,1,,0.016,False,False,gated,0.01,0.9478661087866108,0.4478661087866109
3,0.9048,False,0.0108145402795535,0.0291722725727128,0.3413973078537717,1,0.0104990555627406,0.008,False,False,gated,0.01,0.9518828451882846,0.4518828451882846
3,0.7584,False,0.0068196914695877,0.3797394399249518,0.5427624082107185,0,0.0094093972890897,0.007,False,False,gated,0.01,0.9558995815899582,0.4558995815899582
2,0.9996,False,0.0020558077782793,,0.5221383072472472,0,,0.015,False,False,gated,0.01,0.959916317991632,0.4599163179916319
3,0.9554,False,0.0065315026462141,0.5830572282847217,0.6207280877761236,0,,0.014,False,False,gated,0.01,0.9639330543933056,0.4639330543933055
2,0.2306,False,0.0117563620737488,,0.2574087729415821,1,,0.011,False,False,gated,0.01,0.9679497907949792,0.4679497907949791
2,0.7584,False,0.013744907892345,,0.6688944967216585,0,,0.012,False,False,gated,0.01,0.9719665271966528,0.4719665271966528
3,0.944,False,0.012319975412446,0.2741691300138019,0.6550032631406681,0,,0.007,False,False,gated,0.01,0.9759832635983264,0.4759832635983264
2,0.657,False,0.0006459846064322,,0.4708337566352852,1,0.0006459846064322,0.009,False,False,gated,0.01,0.98,0.48
2,0.9934,False,0.0143593872776009,0.1291574561902485,0.52854019373493,0,0.0125047653442462,0.007,False,False,honest,0.01,0.02,0.48
2,0.9962,False,0.01692388142205,0.6194738656022527,0.4288985843338559,0,0.006439979175919,0.005,False,False,honest,0.01,0.0240167364016736,0.4759832635983264
3,0.887,False,0.0059396319174053,0.5556954462690283,0.4761190936630383,1,0.006614971287773,0.006,False,False,honest,0.01,0.0280334728033472,0.4719665271966527
3,0.96,False,0.0049281995593224,0.6930952293887187,0.4951138357200657,0,0.0049281995593224,0.01,False,False,honest,0.01,0.0320502092050209,0.467949790794979
3,0.9056,False,0.0132948466241005,0.595475188770768,0.5160955784508009,1,0.0361841938290969,0.005,False,False,honest,0.01,0.0360669456066945,0.4639330543933054
2,0.9722,False,0.0082736230499014,0.1120973112248304,0.4954859570582952,0,0.0073461721518075,0.011,False,False,honest,0.01,0.0400836820083682,0.4599163179916318
3,0.9556,False,0.0085342353104714,0.5766312313091607,0.5218267441509763,0,0.0017412898526111,0.014,False,False,honest,0.01,0.0441004184100418,0.4558995815899581
2,0.868,False,0.0193910052655628,0.4019069758263617,0.4949171507814238,1,0.0271843855504801,0.007,False,False,honest,0.01,0.0481171548117154,0.4518828451882845
3,0.655,False,0.0102120890530885,0.7074273448331185,0.4394110570197039,1,0.0004764062782877,0.01,False,False,honest,0.01,0.0521338912133891,0.4478661087866109
2,0.5764,False,0.0206667749340437,0.5240734954113652,0.5268757635307011,0,0.0098358659549553,0.013,False,False,honest,0.01,0.0561506276150627,0.4438493723849372
3,0.9892,False,0.0122450176797892,0.7438160428701729,0.5085728560934271,1,0.019092868484703,0.013,False,False,honest,0.01,0.0601673640167364,0.4398326359832636
3,0.9196,False,0.0058842885867047,0.5052929914128703,0.5809432223724593,0,0.0058842885867047,0.013,False,False,honest,0.01,0.06418410041841,0.4358158995815899
2,0.9936,False,0.0173120847030444,0.0391501635883392,0.5754612002162147,0,0.0166343137548258,0.012,False,False,honest,0.01,0.0682008368200836,0.4317991631799163
3,0.961,False,0.0101847598824271,0.441288382240303,0.3941380800069361,1,0.0070370607526851,0.021,False,False,honest,0.01,0.0722175732217573,0.4277824267782427
3,0.9834,False,0.0183717788930016,0.5893349008441264,0.8288763979521926,0,0.007251979448223,0.013,False,False,honest,0.01,0.0762343096234309,0.423765690376569
3,0.9428,False,0.021042994962676,0.4664611543651664,0.5004607417559575,1,0.0086097171046929,0.019,False,False,honest,0.01,0.0802510460251046,0.4197489539748954
2,0.8106,False,0.0092529640474354,,0.5281665796249131,0,0.0092529640474354,0.02,False,False,honest,0.01,0.0842677824267782,0.4157322175732217
2,0.991,False,0.0204149845799484,0.2336450221043797,0.693685530605997,0,0.0251848441036247,0.02,False,False,honest,0.01,0.0882845188284519,0.4117154811715481
3,0.4284,False,0.005438154185756,0.4602745996732034,0.5033895119300866,1,0.0101762044711311,0.029,False,False,honest,0.01,0.0923012552301255,0.4076987447698744
2,0.977,False,0.0257405463908562,0.3182928557515764,0.616265397372191,0,0.0339335784105261,0.019,False,False,honest,0.01,0.0963179916317991,0.4036820083682008
2,0.997,False,0.0189522913774401,0.3979763361403603,0.5017842821939069,1,0.0114097278931839,0.021,False,False,honest,0.01,0.1003347280334728,0.3996652719665272
2,0.953,False,0.0154574576431419,0.7761793382817574,0.5632335049632159,0,0.0034596983973935,0.028,False,False,honest,0.01,0.1043514644351464,0.3956485355648536
2,0.838,False,0.0078675740058426,0.7866813182643333,0.5063752740492445,0,0.0016783005145974,0.013,False,False,honest,0.01,0.1083682008368201,0.3916317991631799
3,0.781,False,0.0093899975789469,0.4758932607167304,0.5162648732295839,1,0.0185505815504917,0.021,False,False,honest,0.01,0.1123849372384937,0.3876150627615062
3,0.8844,False,0.0097269105305949,0.686985692347116,0.5055171349714447,1,0.0070605562259143,0.022,False,False,honest,0.01,0.1164016736401673,0.3835983263598326
3,0.9762,False,0.004009098243156,0.838651541767983,0.4989308566399378,0,0.004009098243156,0.029,False,False,honest,0.01,0.120418410041841,0.379581589958159
2,0.9572,False,0.0137451697155355,0.0044907790024158,0.4130920035409908,0,0.0138068962350832,0.026,False,False,honest,0.01,0.1244351464435146,0.3755648535564853
2,0.993,False,0.0131780535917362,0.8813680817397825,0.5105113226577054,0,0.0247927694078301,0.041,False,False,honest,0.01,0.1284518828451883,0.3715481171548117
3,0.4814,False,0.0067382802995764,0.548278585952318,0.4898156203383686,0,0.0067382802995764,0.03,False,False,honest,0.01,0.1324686192468619,0.367531380753138
2,0.9938,False,0.0141942050469074,0.7567602304726585,0.5125455748834202,0,0.0034525951634768,0.035,False,False,honest,0.01,0.1364853556485355,0.3635146443514644
3,0.9904,False,0.0135773096365685,0.8560060015437373,0.478197012961515,1,0.0006317220261821,0.035,False,False,honest,0.01,0.1405020920502092,0.3594979079497907
3,0.9236,False,0.0112609687697309,0.3651987781632207,0.5124802397139917,1,0.0088746384145361,0.046,False,False,honest,0.01,0.1445188284518828,0.3554811715481171
3,0.908,False,0.0122852745472152,0.5161100245297552,0.4930051040299681,1,0.0112649282311977,0.05,True,False,honest,0.01,0.1485355648535564,0.3514644351464435
2,0.9298,False,0.0178059728009285,0.2759644578432115,0.4862249256857335,0,0.0128921571702733,0.055,True,False,honest,0.01,0.1525523012552301,0.3474476987447699
3,0.9738,False,0.0131605200713535,0.3892819952163561,0.3972259132896692,0,0.0093672509960535,0.051,True,False,honest,0.01,0.1565690376569037,0.3434309623430962
3,0.8438,False,0.0146850854951046,0.6902861812776458,0.7193797015391126,0,0.0409400673841141,0.046,False,False,honest,0.01,0.1605857740585774,0.3394142259414225
3,0.8228,False,0.0109027674901452,0.7079823534369907,0.5017672514974583,1,0.0132856151370195,0.057,True,False,honest,0.01,0.164602510460251,0.3353974895397489
3,0.7376,False,0.0117588322386381,0.4444182076798503,0.545249549222503,0,0.0057868610395304,0.041,False,False,honest,0.01,0.1686192468619247,0.3313807531380753
3,0.9994,False,0.0058633053237874,0.6514643619239681,0.6288327703707098,0,0.0058633053237874,0.047,False,False,honest,0.01,0.1726359832635983,0.3273640167364017
2,0.8934,False,0.0297704190751406,0.4433816819414269,0.7789144207883809,0,0.0165707605930602,0.053,True,False,honest,0.01,0.1766527196652719,0.323347280334728
3,0.9622,False,0.0139555857481717,0.7485272840304072,0.4129124397529742,1,0.0019048304048699,0.048,False,False,honest,0.01,0.1806694560669456,0.3193305439330544
3,0.7852,False,0.009005851095675,0.9367139746954494,0.5289106859959518,0,0.0006832430075919,0.062,True,False,honest,0.01,0.1846861924686192,0.3153138075313807
2,0.8264,False,0.0173791763496122,0.8956703140574758,0.5139085648210991,1,0.0018131640095991,0.051,True,False,honest,0.01,0.1887029288702928,0.3112970711297071
3,0.9364,False,0.015471170150753,0.4861389756633905,0.5011877654153466,1,0.0309119610711737,0.053,True,False,honest,0.01,0.1927196652719665,0.3072803347280335
3,0.9806,False,0.0160556216515538,0.3547410088373665,0.5587361770765472,0,0.0072906123681412,0.068,True,False,honest,0.01,0.1967364016736401,0.3032635983263598
2,0.987,False,0.0151078627541497,0.7699804173223451,0.4718343217335179,0,0.0034751042850908,0.077,True,False,honest,0.01,0.2007531380753138,0.2992468619246862
3,0.965,False,0.0010334873634661,1.306316195091035,0.4293161910226012,1,0.0010334873634661,0.066,True,False,honest,0.01,0.2047698744769874,0.2952301255230125
3,0.7202,False,0.0043422104546978,0.5460284200716179,0.5002992713658463,1,0.0037054688534161,0.088,True,False,honest,0.01,0.2087866108786611,0.2912133891213389
2,0.3478,False,0.0226557264557158,0.160949615090041,0.396650478680084,0,0.0190092960029221,0.066,True,False,honest,0.01,0.2128033472803347,0.2871966527196652
3,0.9236,False,0.0131488868341092,0.4313277253971325,0.4271329690466338,0,0.0131488868341092,0.082,True,False,honest,0.01,0.2168200836820083,0.2831799163179916
2,0.9816,False,0.0194354183831846,0.0661141174758554,0.4916540451427255,0,0.0181504628489402,0.078,True,False,honest,0.01,0.220836820083682,0.279163179916318
2,0.9504,False,0.0186687891190719,0.3243031265500427,0.3432340774059284,0,0.0126144424385291,0.086,True,False,honest,0.01,0.2248535564853556,0.2751464435146443
2,0.7852,False,0.0210860646526534,0.3638489780669908,0.5066177180607611,0,0.0134139215769671,0.083,True,False,honest,0.01,0.2288702928870293,0.2711297071129707
3,0.953,False,0.0112110839127128,0.7589191633760187,0.6207684822238939,0,0.0112110839127128,0.098,True,False,honest,0.01,0.2328870292887029,0.267112970711297
2,0.9994,False,0.0114640976162665,0.5859525523304939,0.514709143208788,0,0.0181815148752698,0.094,True,False,honest,0.01,0.2369037656903765,0.2630962343096234
2,0.998,False,0.0111001136509851,0.0406881443525935,0.5950537391685616,1,0.010648470624383,0.095,True,False,honest,0.01,0.2409205020920502,0.2590794979079498
2,0.9934,False,0.0129245047495391,0.9545724782967604,0.385351136217317,1,0.0005871282190587,0.101,True,False,honest,0.01,0.2449372384937238,0.2550627615062761
3,0.9976,False,0.0138532602539864,0.746151342469617,0.5015633481775005,0,0.0045651924836467,0.115,True,False,honest,0.01,0.2489539748953975,0.2510460251046025
3,0.9688,False,0.0146561674396015,0.2599694542317216,0.416486823263008,1,0.0196465988887178,0.091,True,False,honest,0.01,0.2529707112970711,0.2470292887029288
2,0.6476,False,0.01612571644287,0.8470913141826262,0.5176195257919867,0,0.0024657621082957,0.098,True,False,honest,0.01,0.2569874476987447,0.2430125523012552
2,0.9132,False,0.0124718927711623,0.0192177849759023,0.47015948855617,1,0.0122322106176244,0.128,True,False,honest,0.01,0.2610041841004184,0.2389958158995815
3,0.9476,False,0.0126333181133366,0.077750296397429,0.4339997114723251,1,0.012608217508298,0.103,True,False,honest,0.01,0.2650209205020921,0.2349790794979079
3,0.4852,False,0.0037147118602065,1.1437403797009904,0.5121411202468971,1,0.0302366335506799,0.123,True,False,honest,0.01,0.2690376569037657,0.2309623430962343
3,0.9754,False,0.0061459405015326,0.2845408878403858,0.6014936367551341,0,0.0034625623095034,0.122,True,False,honest,0.01,0.2730543933054393,0.2269456066945606
3,0.9694,False,0.0138505135676999,0.6507277397535451,0.5485984998741507,0,0.0138505135676999,0.115,True,False,honest,0.01,0.277071129707113,0.222928870292887
3,0.9542,False,0.0104943893412871,0.4947584714721548,0.4990779694845029,0,0.0027213391520651,0.126,True,False,honest,0.01,0.2810878661087866,0.2189121338912133
2,0.8162,False,0.0122824466247536,0.3061890845042778,0.5875371599605436,0,0.0160431977125658,0.116,True,False,honest,0.01,0.2851046025104602,0.2148953974895397
3,0.84,False,0.009926631934644,0.8759827345691777,0.4509835736934716,1,0.0336704134031825,0.138,True,False,honest,0.01,0.2891213389121339,0.210878661087866
2,0.9168,False,0.0108307519902926,0.6741529653648918,0.6287123671142125,0,0.0181323355623543,0.163,True,False,honest,0.01,0.2931380753138076,0.2068619246861924
3,0.9934,False,0.0114925976180842,0.5384424133559166,0.5222358624338875,1,0.0145249233933908,0.156,True,False,honest,0.01,0.2971548117154812,0.2028451882845188
3,0.7842,False,0.0143355587087396,0.6651025247332225,0.50135162392823,1,0.0057320206741179,0.143,True,False,honest,0.01,0.3011715481171548,0.1988284518828451
3,0.8708,False,0.0055287223525145,0.4228337829787169,0.5308949659479143,0,0.0055287223525145,0.167,True,False,honest,0.01,0.3051882845188285,0.1948117154811715
3,0.9722,False,0.0048163964850839,0.9680132679577488,0.5042516538745461,1,0.030513690458433,0.186,True,False,honest,0.01,0.3092050209205021,0.1907949790794978
2,0.9796,False,0.0067370702405097,0.5443732205807621,0.5511257339809355,0,0.0104045508651591,0.174,True,False,honest,0.01,0.3132217573221758,0.1867782426778242
3,0.966,False,0.006469684392567,0.3276976872507069,0.5645619829903065,0,0.006469684392567,0.169,True,False,honest,0.01,0.3172384937238494,0.1827615062761505
3,0.8828,False,0.0027056046581624,1.089997585697439,0.496774617753535,1,0.0244715580587991,0.203,True,False,honest,0.01,0.321255230125523,0.1787447698744769
3,0.7612,False,0.0055513244136639,0.4581910667240269,0.4855953531733499,1,0.0048108479542905,0.208,True,False,honest,0.01,0.3252719665271967,0.1747280334728033
2,0.9996,False,0.019151824251046,0.5546889992486471,0.5055037180111388,0,0.0297751304791994,0.192,True,False,honest,0.01,0.3292887029288703,0.1707112970711296
3,0.39,False,0.0144453409393766,0.5995560016375516,0.4437823663122056,1,0.0360228475980381,0.196,True,False,honest,0.01,0.3333054393305439,0.166694560669456
2,0.953,False,0.0163245417041169,0.7990637946635338,0.505986628126964,0,0.003280191463083,0.204,True,False,honest,0.01,0.3373221757322176,0.1626778242677823
3,0.9084,False,0.0108681907709057,0.6061368891966603,0.5090999845254486,1,0.010749460232434,0.222,True,False,honest,0.01,0.3413389121338912,0.1586610878661087
2,0.9896,False,0.0082927143013836,0.0262548037275553,0.6210706576592897,0,0.0085104378877613,0.193,True,False,honest,0.01,0.3453556485355649,0.1546443514644351
2,0.944,False,0.0180866689864208,0.6064192238268489,0.5487226459111785,1,0.0290547727553856,0.225,True,False,honest,0.01,0.3493723849372385,0.1506276150627614
2,0.7638,False,0.0218050132741138,0.3682634253058273,0.425698644984157,1,0.0298350021516462,0.231,True,False,honest,0.01,0.3533891213389121,0.1466108786610878
3,0.9994,False,0.0089748351041754,0.7893139901162598,0.3571188209756044,1,0.0038301846004571,0.225,True,False,honest,0.01,0.3574058577405858,0.1425941422594142
3,0.9868,False,0.0052616103852026,0.974477822594422,0.6178819580857194,0,0.0046526896805645,0.244,True,False,honest,0.01,0.3614225941422594,0.1385774058577405
2,0.9902,False,0.0085613954739477,0.5682157583378242,0.5251230768099775,1,0.0036966756517202,0.236,True,False,honest,0.01,0.365439330543933,0.1345606694560669
3,0.9722,False,0.0144847116848966,0.788400457502064,0.5838767864968609,0,0.0019722587417648,0.247,True,False,honest,0.01,0.3694560669456067,0.1305439330543932
3,0.992,False,0.0054882025395887,0.5327659557408609,0.4906413164351584,1,0.0129557940899507,0.257,True,False,honest,0.01,0.3734728033472804,0.1265271966527196
3,0.9174,False,0.0023659171995157,1.080717826474312,0.5065713427941709,0,0.001780034193083,0.277,True,False,honest,0.01,0.377489539748954,0.122510460251046
2,0.7764,False,0.0153291250349679,0.2511795144579897,0.5174508443818556,0,0.0191794872185681,0.302,True,False,honest,0.01,0.3815062761506276,0.1184937238493723
2,0.9366,False,0.0209104142969458,0.3270058200544646,0.5754976593241341,0,0.0140725871217674,0.295,True,False,honest,0.01,0.3855230125523013,0.1144769874476986
3,0.9902,False,0.0138033401012612,0.5358855932563352,0.5019556743445123,0,0.0093439030779239,0.27,True,False,honest,0.01,0.3895397489539749,0.110460251046025
2,0.9934,False,0.0096148918560382,0.4022454623753431,0.6034378607332878,0,0.0134824384767614,0.309,True,False,honest,0.01,0.3935564853556486,0.1064435146443514
2,0.8828,False,0.0164682513218872,0.9237294993010884,0.5684360846056834,0,0.0012560417730321,0.293,True,False,honest,0.01,0.3975732217573222,0.1024267782426777
3,0.4174,False,0.009645090117431,0.2947962215323412,0.5132329622692268,1,0.009645090117431,0.313,True,False,honest,0.01,0.4015899581589958,0.0984100418410041
3,0.9466,False,0.0045330692459469,0.7949799672091287,0.5371286811628591,1,0.021569282246426,0.344,True,False,honest,0.01,0.4056066945606695,0.0943933054393305
3,0.9946,False,0.007431285973391,0.6443802583014026,0.5123444892529233,1,0.0038016731883881,0.332,True,False,honest,0.01,0.4096234309623431,0.0903765690376568
2,0.9854,False,0.0274570688105329,0.463721715555839,0.5671019204570715,0,0.0401895078639517,0.356,True,False,honest,0.01,0.4136401673640167,0.0863598326359832
2,0.8928,False,0.0203294385995499,0.3060243721738166,0.3561539231534348,1,0.0141081349151705,0.329,True,False,honest,0.01,0.4176569037656904,0.0823430962343095
3,0.687,False,0.0115008771117108,0.5181920813139955,0.3236548566724193,1,0.0053006391361317,0.346,True,False,honest,0.01,0.4216736401673641,0.0783263598326359
3,0.8652,False,0.0108098332756293,0.546225222877403,0.6005079496598013,0,0.0107352161591997,0.33,True,False,honest,0.01,0.4256903765690377,0.0743096234309623
3,0.9778,False,0.0113908542005937,0.9696630328070944,0.4817592291842338,1,0.0393863968875055,0.369,True,False,honest,0.01,0.4297071129707113,0.0702928870292886
3,0.7898,False,0.0131475417902411,0.2521971252846682,0.508521460323162,0,0.0131475417902411,0.367,True,False,honest,0.01,0.433723849372385,0.066276150627615
2,0.9508,False,0.0209071901230686,0.363320269775892,0.6950846976954452,0,0.0133111841669361,0.38,True,False,honest,0.01,0.4377405857740586,0.0622594142259413
3,0.927,False,0.0172369358109485,0.6855968443487656,0.4661424692658059,1,0.026005258317184,0.382,True,False,honest,0.01,0.4417573221757322,0.0582426778242677
2,0.7556,False,0.013622298448353,0.0722009897487751,0.5776044431428712,0,0.0126387550176565,0.392,True,False,honest,0.01,0.4457740585774059,0.054225941422594
3,0.6578,False,0.0102679022279759,0.382149825252239,0.4244180509945699,1,0.0137946137107691,0.404,True,False,honest,0.01,0.4497907949790795,0.0502092050209204
3,0.9712,False,0.0139950992538214,0.6744853928851823,0.3936725396041928,1,0.0139950992538214,0.406,True,False,honest,0.01,0.4538075313807532,0.0461924686192468
3,0.8672,False,0.0155175364436479,0.6357239740016728,0.443766741232075,1,0.0069819019274316,0.411,True,False,honest,0.01,0.4578242677824268,0.0421757322175731
3,0.9162,False,0.0094403221401328,0.9394335495160342,0.3563450639017649,1,0.0038106195605194,0.417,True,False,honest,0.01,0.4618410041841004,0.0381589958158995
2,0.9742,False,0.014373339266261,0.0200532126708135,0.5284517745755791,0,0.0146615708953772,0.464,True,False,honest,0.01,0.4658577405857741,0.0341422594142258
3,0.901,False,0.0119441499716769,0.7929270923662748,0.564723751754311,0,0.0339955923372452,0.433,True,False,honest,0.01,0.4698744769874478,0.0301255230125522
2,0.9996,False,0.021647114816407,0.2899581835590833,0.3729601303077267,1,0.0153703567246567,0.444,True,False,honest,0.01,0.4738912133891214,0.0261087866108786
2,0.991,False,0.0187444872707781,0.7096096780162614,0.6328579813383886,0,0.0054432176932717,0.45,True,False,honest,0.01,0.477907949790795,0.0220920502092049
3,0.8182,False,0.0106404080243251,0.6383465628152191,0.5430777295986133,0,0.0106404080243251,0.452,True,False,honest,0.01,0.4819246861924686,0.0180753138075313
3,0.9128,False,0.0100527607976004,0.2130603013538346,0.4940635806791023,1,0.0078371624711141,0.48,True,False,honest,0.01,0.4859414225941423,0.0140585774058576
3,0.9232,False,0.0116172461635522,0.6602475923366988,0.5060488142438629,1,0.0172524403103741,0.474,True,False,honest,0.01,0.4899581589958159,0.010041841004184
2,0.9752,False,0.0251616536449182,0.4895522914910274,0.4540432727567224,0,0.0128437084448553,0.476,True,False,honest,0.01,0.4939748953974895,0.0060251046025104
3,0.9678,False,0.0045152448621661,0.9686701835938074,0.4950353139987536,0,0.0325666185120382,0.491,True,False,honest,0.01,0.4979916317991632,0.0020083682008367
3,0.9892,False,0.0104558180590123,0.3808519341317672,0.5026353027058258,1,0.0144379365900978,0.49,True,False,honest,0.01,0.5020083682008368,0.0020083682008368
2,0.9896,False,0.0197625209514491,0.8267734996246688,0.377822886300038,0,0.0034233923421869,0.495,True,False,honest,0.01,0.5060251046025105,0.0060251046025104
3,0.9586,False,0.0100216518575863,0.3014608415618685,0.5048810596199943,1,0.0100216518575863,0.491,True,False,honest,0.01,0.5100418410041841,0.0100418410041841
3,0.8786,False,0.0129522785160085,0.2575084164337708,0.511071762050385,0,0.0129522785160085,0.497,True,False,honest,0.01,0.5140585774058578,0.0140585774058578
3,0.9618,False,0.0102623187398521,0.5340916808136859,0.4988616427782692,1,0.0078492466358164,0.4529999999999999,True,False,honest,0.01,0.5180753138075314,0.0180753138075313
2,0.9996,False,0.0181186438496467,0.9352254160534056,0.4911907147914973,0,0.0350636600831912,0.437,True,False,honest,0.01,0.5220920502092051,0.0220920502092051
3,0.6084,False,0.0098572930758647,0.8285685051504325,0.5293534209522781,0,0.0039182130492549,0.4399999999999999,True,False,honest,0.01,0.5261087866108787,0.0261087866108786
3,0.6112,False,0.0107057211235993,0.2867295741946172,0.6017251141110886,0,0.0165503367954796,0.4579999999999999,True,False,honest,0.01,0.5301255230125523,0.0301255230125523
3,0.8938,False,0.002081786203593,1.3386793968337198,0.8132604171201802,0,0.0638869172474641,0.418,True,False,honest,0.01,0.534142259414226,0.0341422594142259
3,0.9564,False,0.0130379941893696,0.5904960330356411,0.4938602905699152,0,0.0333679167108748,0.436,True,False,honest,0.01,0.5381589958158997,0.0381589958158996
2,0.9854,False,0.0233991508111751,0.8075966904511817,0.7861173682306464,0,0.0045020740558944,0.415,True,False,honest,0.01,0.5421757322175733,0.0421757322175733
3,0.998,False,0.0077009371567426,0.1615474678063904,0.3369759789885455,1,0.0077009371567426,0.4469999999999999,True,False,honest,0.01,0.5461924686192469,0.0461924686192468
2,0.9224,False,0.0176747312973411,0.6930097892099306,0.425022369606961,1,0.0054259694859355,0.399,True,False,honest,0.01,0.5502092050209205,0.0502092050209205
3,0.325,False,0.0129318015410946,0.7529296048474247,0.5105838222816069,1,0.0018566342139393,0.404,True,False,honest,0.01,0.5542259414225942,0.0542259414225941
3,0.9974,False,0.0131144924798488,0.8478848290429063,0.5750191543775127,0,0.0131144924798488,0.387,True,False,honest,0.01,0.5582426778242678,0.0582426778242678
3,0.9986,False,0.013395436745058,0.2732474207747295,0.4163482186498816,0,0.013395436745058,0.379,True,False,honest,0.01,0.5622594142259415,0.0622594142259415
2,0.905,False,0.0133199389503927,0.0164060412481805,0.4811163103739962,1,0.0135384664182525,0.381,True,False,honest,0.01,0.5662761506276152,0.0662761506276151
3,0.9166,False,0.0127015319933533,0.3110079631332678,0.5010935570061708,0,0.0059843228409415,0.365,True,False,honest,0.01,0.5702928870292887,0.0702928870292887
3,0.936,False,0.0058515558813993,0.9836961971428354,0.5422555216905255,0,0.0023502010483546,0.346,True,False,honest,0.01,0.5743096234309624,0.0743096234309623
2,0.9956,False,0.0326451541624107,0.6019906446904509,0.2810037871573575,1,0.0522972315632615,0.3269999999999999,True,False,honest,0.01,0.578326359832636,0.078326359832636
2,0.913,False,0.019225562899852,0.7477395525536503,0.4587312797512629,0,0.0336012767009272,0.344,True,False,honest,0.01,0.5823430962343097,0.0823430962343096
3,0.7316,False,0.0059302060273822,1.046994032808777,0.5273330742028198,1,0.0002186923272069,0.3149999999999999,True,False,honest,0.01,0.5863598326359833,0.0863598326359833
3,0.9796,False,0.0162651338764638,0.5332086344512411,0.2927058783910012,1,0.0306531523843582,0.3209999999999999,True,False,honest,0.01,0.590376569037657,0.090376569037657
3,0.4198,False,0.0134166928886709,0.5720763160417321,0.6481434510298602,0,0.0134166928886709,0.312,True,False,honest,0.01,0.5943933054393306,0.0943933054393305
3,0.913,False,0.0108057725720256,0.6085202525100092,0.5037950359850085,1,0.0331229296302188,0.297,True,False,honest,0.01,0.5984100418410042,0.0984100418410042
3,0.5748,False,0.014399190248569,0.4507098435367471,0.4144637271607187,0,0.014399190248569,0.303,True,False,honest,0.01,0.6024267782426779,0.1024267782426778
2,0.9598,False,0.0222819175711974,0.4515893978076168,0.5978250959237723,0,0.0122196398327698,0.271,True,False,honest,0.01,0.6064435146443515,0.1064435146443515
3,0.9128,False,0.0114613564250467,0.8833549449010004,0.4420240968638486,1,0.0018467050171469,0.299,True,False,honest,0.01,0.6104602510460252,0.1104602510460251
2,0.9372,False,0.0242470754613181,0.4269415083724852,0.5000528859691261,1,0.0345991584328217,0.293,True,False,honest,0.01,0.6144769874476989,0.1144769874476988
2,0.4284,False,0.0069148152672006,0.8015330798732946,0.5125499136813468,0,0.0124572684458763,0.259,True,False,honest,0.01,0.6184937238493724,0.1184937238493724
3,0.9206,False,0.0051037633306275,0.7910928527515183,0.309614095146162,1,,0.263,True,False,honest,0.01,0.6225104602510461,0.122510460251046
3,0.987,False,0.0139989413576641,0.5923913907404766,0.4986986317109043,1,0.0350682606029221,0.293,True,False,honest,0.01,0.6265271966527197,0.1265271966527197
3,0.8268,False,0.007001869510022,0.2267884837063453,0.3848900917447462,1,0.007001869510022,0.24,True,False,honest,0.01,0.6305439330543934,0.1305439330543933
3,0.9424,False,0.010679302925867,0.6455634154439747,0.4968467023689094,0,0.0130400521336182,0.25,True,False,honest,0.01,0.634560669456067,0.134560669456067
3,0.9618,False,0.0046406769642998,1.01442605949793,0.4975324785683586,0,0.0046406769642998,0.238,True,False,honest,0.01,0.6385774058577407,0.1385774058577407
3,0.913,False,0.0043049623410424,1.051800065572733,0.4601203781734175,0,0.0043049623410424,0.235,True,False,honest,0.01,0.6425941422594142,0.1425941422594142
2,0.9712,False,0.0146622208866393,0.5559238589387037,0.4759568112559522,0,0.0228132993031075,0.2289999999999999,True,False,honest,0.01,0.6466108786610879,0.1466108786610879
2,0.9938,False,0.0114987795336649,0.0822438952114616,0.4931529299451185,0,0.0105530751145562,0.2189999999999999,True,False,honest,0.01,0.6506276150627616,0.1506276150627615
2,0.9902,False,0.0154988502419232,0.0652380945409516,0.4148384951086453,0,0.0144877347844993,0.244,True,False,honest,0.01,0.6546443514644352,0.1546443514644352
3,0.8452,False,0.0055743937217577,0.7994656352065147,0.5157452699652441,0,0.0137785183547061,0.2069999999999999,True,False,honest,0.01,0.6586610878661089,0.1586610878661088
2,0.987,False,0.0070021170506112,0.9907540973781374,0.4798882994765797,0,0.0139394932098164,0.2029999999999999,True,False,honest,0.01,0.6626778242677824,0.1626778242677824
3,0.8556,False,0.0066962825162295,0.7550975152818121,0.4997526294568487,1,0.0194922388431992,0.24,True,False,honest,0.01,0.6666945606694561,0.1666945606694561
2,0.4696,False,0.0090054464243669,0.421564083713548,0.7204030138277042,0,0.0052090736536256,0.1889999999999999,True,False,honest,0.01,0.6707112970711298,0.1707112970711297
3,0.9968,False,0.0132393818422117,0.7738801151159652,0.5844691068521931,0,0.0132393818422117,0.182,True,False,honest,0.01,0.6747280334728034,0.1747280334728034
3,0.5188,False,0.0059967255030803,0.9804324248243492,0.5993727302944385,0,0.0046054095130391,0.171,True,False,honest,0.01,0.6787447698744771,0.178744769874477
2,0.901,False,0.0187730926345465,0.5316813074006748,0.5622440303157358,0,0.0287543950709679,0.176,True,False,honest,0.01,0.6827615062761507,0.1827615062761507
3,0.9994,False,0.0138105527704045,0.6590943114866039,0.4362267115457233,0,0.0138105527704045,0.185,True,False,honest,0.01,0.6867782426778243,0.1867782426778242
2,0.9188,False,0.0177063128572562,0.9760836426951144,0.5962301643206339,0,0.0349891552106423,0.167,True,False,honest,0.01,0.6907949790794979,0.1907949790794979
3,0.9964,False,0.0053979815719055,0.9909760179642476,0.6427226256262072,0,0.0030845693160323,0.186,True,False,honest,0.01,0.6948117154811716,0.1948117154811716
2,0.9278,False,0.0173954906533956,0.5567400034560458,0.4841653270640316,0,0.0270802561804434,0.169,True,False,honest,0.01,0.6988284518828453,0.1988284518828452
2,0.9616,False,0.016080106231665,0.8791433224660458,0.5627888640881907,0,0.0302168242506571,0.158,True,False,honest,0.01,0.7028451882845189,0.2028451882845189
2,0.9128,False,0.0265587923075606,0.5361780277399781,0.5333713374084212,0,0.0407990331867203,0.161,True,False,honest,0.01,0.7068619246861926,0.2068619246861925
3,0.9506,False,0.0121788489611077,0.7209559475152559,0.5003968358833415,1,0.0426718101765744,0.137,True,False,honest,0.01,0.7108786610878661,0.2108786610878661
3,0.903,False,0.007786879099605,0.2926649759699809,0.4828903636541616,0,0.007786879099605,0.136,True,False,honest,0.01,0.7148953974895398,0.2148953974895397
2,0.8276,False,0.0071244504721603,0.0475638465466529,0.5176958584901634,0,0.0074633167411949,0.146,True,False,honest,0.01,0.7189121338912134,0.2189121338912134
3,0.9584,False,0.0126692238157684,0.8030549998816466,0.4502013311557465,1,0.0126692238157684,0.1019999999999999,True,False,honest,0.01,0.7229288702928871,0.2229288702928871
3,0.9992,False,0.0152665596949978,0.6905678594548614,0.4994855236523514,0,0.0300428567084226,0.127,True,False,honest,0.01,0.7269456066945608,0.2269456066945607
2,0.9988,False,0.0189093120249774,0.8746732888077828,0.495843914137542,1,0.0023698418861232,0.128,True,False,honest,0.01,0.7309623430962344,0.2309623430962344
3,0.6216,False,0.0168177349685087,0.456588817508629,0.5267713749390427,1,0.0087838914213042,0.133,True,False,honest,0.01,0.734979079497908,0.2349790794979079
2,0.9994,False,0.0112242756095895,0.3218670143694432,0.5081699476393852,0,0.0148369996888297,0.141,True,False,honest,0.01,0.7389958158995816,0.2389958158995816
3,0.9354,False,0.0095127815303852,0.0854455205696584,0.5993808942758515,0,0.0110440273577778,0.1099999999999999,True,False,honest,0.01,0.7430125523012553,0.2430125523012553
2,0.5168,False,0.0166050998521814,0.8722945363609425,0.4881604272232511,0,0.0310896377298395,0.118,True,False,honest,0.01,0.747029288702929,0.2470292887029289
3,0.9934,False,0.0034066455382412,0.7768481131921358,0.5602871031807881,1,0.0024209922550992,0.1159999999999999,True,False,honest,0.01,0.7510460251046026,0.2510460251046026
3,0.9996,False,0.0112655783001174,0.7895435293726976,0.5092164846685322,0,0.0028508671404325,0.0909999999999999,True,False,honest,0.01,0.7550627615062763,0.2550627615062762
3,0.7064,False,0.0134790041794165,0.6592110124146244,0.5136075656551061,0,0.0134790041794165,0.1009999999999999,True,False,honest,0.01,0.7590794979079498,0.2590794979079498
3,0.9634,False,0.0101127925402516,0.465751857953335,0.547899121753643,0,0.0152407549656313,0.0859999999999999,True,False,honest,0.01,0.7630962343096235,0.2630962343096235
3,0.9722,False,0.0067368401010635,0.4823549549970291,0.495044638875095,1,0.0067368401010635,0.0979999999999999,True,False,honest,0.01,0.7671129707112971,0.2671129707112971
2,0.7002,False,0.0114073378844712,0.2707790666967418,0.3020192791604116,1,0.0083184695783489,0.0859999999999999,True,False,honest,0.01,0.7711297071129708,0.2711297071129708
3,0.9924,False,0.0045535599731063,0.3356237845073856,0.435958790431383,1,0.0088035859898692,0.0809999999999999,True,False,honest,0.01,0.7751464435146445,0.2751464435146444
2,0.978,False,0.0140964579174893,0.7559201885375791,0.563128446661749,0,0.0034406607900328,0.0669999999999999,True,False,honest,0.01,0.7791631799163181,0.2791631799163181
2,0.968,False,0.0121497804441332,0.0488527758907891,0.5816223699416636,0,0.0127433309453415,0.0799999999999999,True,False,honest,0.01,0.7831799163179917,0.2831799163179916
3,0.993,False,0.0147889529653333,0.4829857887777002,0.6029346802000989,1,0.0080518095289751,0.0699999999999999,True,False,honest,0.01,0.7871966527196653,0.2871966527196653
3,0.7848,False,0.0114445538513451,0.8818008450955507,0.7122344387029446,0,0.0322330190823813,0.06,True,False,honest,0.01,0.791213389121339,0.291213389121339
3,0.9964,False,0.0094371988415068,0.6782263299299436,0.4848288730102009,1,0.0063400041770373,0.055,True,False,honest,0.01,0.7952301255230126,0.2952301255230126
3,0.759,False,0.0126163284809317,0.6622837085534086,0.5277061266617948,1,0.006871612435963,0.0779999999999999,True,False,honest,0.01,0.7992468619246863,0.2992468619246863
2,0.9802,False,0.0146957063359139,0.1576894505707625,0.5629137655814721,0,0.0123783484778967,0.061,True,False,honest,0.01,0.8032635983263599,0.3032635983263598
2,0.986,False,0.0230378265790959,0.4811804925466394,0.6194597664233528,0,0.0119524738380813,0.06,True,False,honest,0.01,0.8072803347280335,0.3072803347280335
3,0.9128,False,0.0109371203084789,0.1306912121320346,0.4999005528172195,1,0.0091250630748727,0.062,True,False,honest,0.01,0.8112970711297072,0.3112970711297071
2,0.8488,False,0.0212210839250936,0.3073178637055143,0.401179118688042,1,0.014699465747411,0.052,True,False,honest,0.01,0.8153138075313808,0.3153138075313808
3,0.8098,False,0.0051658860879367,1.065614931773464,0.4297214852670384,1,0.002190311127182,0.054,True,False,honest,0.01,0.8193305439330545,0.3193305439330545
3,0.9526,False,0.0128531572453329,0.1670190923689471,0.5420169407632076,0,0.0128531572453329,0.055,True,False,honest,0.01,0.8233472803347281,0.3233472803347281
2,0.8596,False,0.0182430695976627,0.4105693407021695,0.6200205373701836,0,0.010753024540156,0.038,False,False,honest,0.01,0.8273640167364017,0.3273640167364017
3,0.9234,False,0.0070862791415844,0.8202033539243548,0.554974562684202,0,0.0034435626655293,0.057,True,False,honest,0.01,0.8313807531380754,0.3313807531380753
2,0.9376,False,0.0099845516673353,0.4963528645550176,0.5553223856837495,0,0.0149404124892111,0.046,False,False,honest,0.01,0.835397489539749,0.335397489539749
3,0.989,False,0.0061573930225803,0.897395809725122,0.4678005496050565,0,0.0061235932242096,0.041,False,False,honest,0.01,0.8394142259414227,0.3394142259414227
2,0.8484,False,0.0177064555715004,0.5843886278105699,0.6425557890822421,0,0.0280539068469028,0.042,False,False,honest,0.01,0.8434309623430963,0.3434309623430963
3,0.936,False,0.0026412199696244,1.1419547741831657,0.5006571838902518,0,0.0021477648526074,0.034,False,False,honest,0.01,0.84744769874477,0.34744769874477
2,0.9046,False,0.0098498619370331,0.651238487742478,0.4943374083090851,1,0.0034352527440362,0.044,False,False,honest,0.01,0.8514644351464435,0.3514644351464435
2,0.978,False,0.0234272977982024,0.3833934296601309,0.4854037571659124,0,0.0144454257472969,0.045,False,False,honest,0.01,0.8554811715481172,0.3554811715481172
2,0.7472,False,0.0284041471967141,0.4112093303212903,0.5149800910019293,0,0.0167240968491947,0.042,False,False,honest,0.01,0.8594979079497909,0.3594979079497908
2,0.6472,False,0.0248655306161015,0.4720745140854751,0.4994451927782097,0,0.0131271473325558,0.048,False,False,honest,0.01,0.8635146443514645,0.3635146443514645
3,0.8492,False,0.0047575776033542,0.9964789891172636,0.6000635068543361,0,0.0019129314901886,0.034,False,False,honest,0.01,0.8675313807531382,0.3675313807531382
3,0.9136,False,0.0105330157218268,0.9314132957352532,0.2712799229632853,1,0.001756760574333,0.034,False,False,honest,0.01,0.8715481171548118,0.3715481171548118
2,0.9896,False,0.0083162728314372,0.780002271157697,0.5333807452025189,0,0.0018295611345691,0.029,False,False,honest,0.01,0.8755648535564854,0.3755648535564854
3,0.8606,False,0.0109488997786707,0.7858427887937705,0.2767404815902614,1,0.0109488997786707,0.029,False,False,honest,0.01,0.879581589958159,0.379581589958159
2,0.937,False,0.0211846198175853,0.8695774151310973,0.4562117684775211,0,0.0027629528752048,0.022,False,False,honest,0.01,0.8835983263598327,0.3835983263598327
2,0.7924,False,0.0181795317532081,0.7697416881309775,0.5223846909375484,0,0.0321730752151231,0.035,False,False,honest,0.01,0.8876150627615064,0.3876150627615063
3,0.9494,False,0.0108550980612203,0.1744418161736832,0.4152668361968317,1,0.0108550980612203,0.028,False,False,honest,0.01,0.89163179916318,0.39163179916318
2,0.9842,False,0.0251019520297623,0.3274339917738085,0.4972820302792377,0,0.0168827196750151,0.02,False,False,honest,0.01,0.8956485355648537,0.3956485355648537
3,0.9886,False,0.0093336815390521,0.6632378998189966,0.4968822828004041,1,0.0005145547131002,0.029,False,False,honest,0.01,0.8996652719665272,0.3996652719665272
2,0.938,False,0.0056176708046083,0.1040814554907293,0.4853077899592194,0,0.0050329754506928,0.025,False,False,honest,0.01,0.9036820083682008,0.4036820083682009
2,0.9398,False,0.023539000724631,0.5186613221403282,0.5303985248568287,0,0.0113302314864131,0.018,False,False,honest,0.01,0.9076987447698746,0.4076987447698745
2,0.9886,False,0.0227373804367727,0.4818924329674098,0.5683459356876913,0,0.0117804088583088,0.019,False,False,honest,0.01,0.9117154811715482,0.4117154811715482
3,0.9114,False,0.0103419814731758,0.9568261029941943,0.5170697931419229,0,0.0358340447365634,0.02,False,False,honest,0.01,0.915732217573222,0.4157322175732219
2,0.9894,False,0.01532661449533,0.0047171656369777,0.3506001960771147,1,0.0153989126745633,0.018,False,False,honest,0.01,0.9197489539748956,0.4197489539748955
3,0.8768,False,0.0113487195668672,0.5636327096206595,0.5023046100074703,0,0.013196294524865,0.025,False,False,honest,0.01,0.9237656903765692,0.4237656903765691
3,0.8242,False,0.0123343772502164,0.9167209056689104,0.6236200452485154,1,0.0123343772502164,0.016,False,False,honest,0.01,0.9277824267782429,0.4277824267782427
3,0.889,False,0.0129617421150044,0.1942553130674476,0.6552349212002964,0,0.0086142704897056,0.018,False,False,honest,0.01,0.9317991631799164,0.4317991631799164
2,0.9898,False,0.0200495048563377,0.3197024213232626,0.5020530045875866,0,0.0136396296071143,0.012,False,False,honest,0.01,0.93581589958159,0.43581589958159
3,0.992,False,0.0078098301813258,0.2276973447168913,0.4916996919411425,1,0.0078098301813258,0.018,False,False,honest,0.01,0.9398326359832636,0.4398326359832637
3,0.9576,False,0.0120303335235931,0.356723648894059,0.5243025930969684,1,0.0059526972606886,0.013,False,False,honest,0.01,0.9438493723849372,0.4438493723849372
3,0.9514,False,0.0132622272576705,0.691128220354695,0.5917160901835892,0,0.0132622272576705,0.01,False,False,honest,0.01,0.9478661087866108,0.4478661087866109
3,0.97,False,0.0072736241973009,0.5887691277042088,0.4644844121472709,1,0.0072736241973009,0.012,False,False,honest,0.01,0.9518828451882846,0.4518828451882846
3,0.9594,False,0.0117982405264527,0.3015154401312411,0.6294275271121772,0,0.0123945129001968,0.011,False,False,honest,0.01,0.9558995815899582,0.4558995815899582
3,0.5336,False,0.0117137110736124,0.6379551505181515,0.5003984708468479,0,0.0053324814004676,0.009,False,False,honest,0.01,0.959916317991632,0.4599163179916319
2,0.9958,False,0.0241209668851601,0.4891666741884208,0.522912022104945,0,0.0359201400350721,0.012,False,False,honest,0.01,0.9639330543933056,0.4639330543933055
3,0.7052,False,0.0124854310906965,0.4300003013349107,0.5000287742227433,0,0.027531692845071,0.004,False,False,honest,0.01,0.9679497907949792,0.4679497907949791
2,0.9974,False,0.0195587578369344,0.7925499525642932,0.4702706102619496,0,0.0350600504336059,0.011,False,False,honest,0.01,0.9719665271966528,0.4719665271966528
2,0.96,False,0.0100831887611704,0.0420443435110637,0.4930107885793227,0,0.0096592477091668,0.012,False,False,honest,0.01,0.9759832635983264,0.4759832635983264
3,0.9608,False,0.0105719108895837,0.678368355602864,0.5032528182732233,0,0.0285629481171388,0.008,False,False,honest,0.01,0.98,0.48
2,0.8752,False,0.0276770944984029,,0.5508782299059175,0,0.0276770944984029,0.005,False,False,gated,0.02,0.02,0.48
2,1.0,False,0.021900768119797,,0.5082030485554475,1,0.021900768119797,0.01,False,False,gated,0.02,0.0240167364016736,0.4759832635983264
2,1.0,False,0.0233355563760456,,0.3710776194515937,1,0.0233355563760456,0.009,False,False,gated,0.02,0.0280334728033472,0.4719665271966527
2,0.9988,False,0.0155587274299574,,0.7382846057954068,0,0.0155587274299574,0.007,False,False,gated,0.02,0.0320502092050209,0.467949790794979
2,0.9066,False,0.0181562955454528,,0.6577574096479184,0,,0.01,False,False,gated,0.02,0.0360669456066945,0.4639330543933054
2,0.6202,False,0.0171751662099847,,0.3131269642210267,1,,0.007,False,False,gated,0.02,0.0400836820083682,0.4599163179916318
2,0.9114,False,0.023719448985527,,0.487279236700248,1,0.023719448985527,0.017,False,False,gated,0.02,0.0441004184100418,0.4558995815899581
2,0.9312,False,0.0277634539214113,,0.4262932337180799,1,0.0277634539214113,0.011,False,False,gated,0.02,0.0481171548117154,0.4518828451882845
2,0.7256,False,0.1098064532503261,0.9968077574057014,0.2726881917280256,1,0.2192623776644546,0.011,False,False,gated,0.02,0.0521338912133891,0.4478661087866109
2,0.861,False,0.0263439829886866,,0.1832195727046281,1,,0.009,False,False,gated,0.02,0.0561506276150627,0.4438493723849372
2,0.8842,False,0.0023240803845219,,0.6642764520543971,0,,0.015,False,False,gated,0.02,0.0601673640167364,0.4398326359832636
2,0.9974,False,0.0120719300656341,,0.6037878989850994,0,0.0120719300656341,0.013,False,False,gated,0.02,0.06418410041841,0.4358158995815899
2,0.9922,False,0.0054417137436298,,0.5518667630635049,1,,0.009,False,False,gated,0.02,0.0682008368200836,0.4317991631799163
2,0.8794,False,0.0199170578443918,,0.4036673030097428,1,,0.016,False,False,gated,0.02,0.0722175732217573,0.4277824267782427
2,0.8936,False,0.000208657942375,,0.4233708827809076,0,,0.016,False,False,gated,0.02,0.0762343096234309,0.423765690376569
2,0.9794,False,0.0301879255349229,,0.7776441686767079,0,0.0301879255349229,0.016,False,False,gated,0.02,0.0802510460251046,0.4197489539748954
3,0.9858,False,0.012250743510875,0.6994271703473919,0.5094990313311911,0,0.0208192463800375,0.014,False,False,gated,0.02,0.0842677824267782,0.4157322175732217
2,0.9726,False,0.1175503973546109,0.86181195739071,0.0707243952894057,1,0.2188567353917057,0.015,False,False,gated,0.02,0.0882845188284519,0.4117154811715481
2,0.7996,False,0.0221073981037911,,0.6344743865232504,0,0.0221073981037911,0.02,False,False,gated,0.02,0.0923012552301255,0.4076987447698744
2,0.8982,False,0.0100849215132369,,0.5184506742731083,1,,0.02,False,False,gated,0.02,0.0963179916317991,0.4036820083682008
2,0.9024,False,0.0215316362461159,,0.4951069815988977,1,0.0215316362461159,0.027,False,False,gated,0.02,0.1003347280334728,0.3996652719665272
2,0.7264,False,0.1227993520428817,0.8019176866172784,0.2450891884114936,0,0.2212743243520122,0.018,False,False,gated,0.02,0.1043514644351464,0.3956485355648536
2,0.856,False,0.1249884142558364,0.8155485953985981,0.2148317215298857,1,0.0230542885675753,0.023,False,False,gated,0.02,0.1083682008368201,0.3916317991631799
3,0.6644,False,0.019516350007651,1.2423120508610392,0.4981563340121164,1,0.0013024322195911,0.024,False,False,gated,0.02,0.1123849372384937,0.3876150627615062
2,0.9152,False,0.1158345837681809,0.918257313959188,0.156869835598122,1,0.0094686300127123,0.017,False,False,gated,0.02,0.1164016736401673,0.3835983263598326
2,0.9926,False,0.1179511149804859,0.8650191807634982,0.2588537566715708,1,0.0159211381290597,0.025,False,False,gated,0.02,0.120418410041841,0.379581589958159
3,0.8484,False,0.0193025549854073,1.121232184837623,0.4836817848772252,1,0.2290313714875418,0.031,False,False,gated,0.02,0.1244351464435146,0.3755648535564853
2,0.9026,False,0.1131709440505018,0.9703413690211176,0.3716573154891913,0,0.2229853928348484,0.036,False,False,gated,0.02,0.1284518828451883,0.3715481171548117
2,0.9592,False,0.1238810226020479,0.8428900738404043,0.4235174188282437,0,0.2282991068913558,0.029,False,False,gated,0.02,0.1324686192468619,0.367531380753138
3,0.8342,False,0.0265016894684996,1.0151882931991292,0.3170369002620633,0,0.2284642710882843,0.033,False,False,gated,0.02,0.1364853556485355,0.3635146443514644
2,0.8922,False,0.1262245153802344,0.8114033305496373,0.2717105760845555,0,0.0238055232028868,0.034,False,False,gated,0.02,0.1405020920502092,0.3594979079497907
2,0.4098,False,0.1232408390014354,0.8242958127572649,0.2443835847691803,1,0.2248277465518351,0.051,True,False,gated,0.02,0.1445188284518828,0.3554811715481171
2,0.8912,False,0.1202598879369276,0.9372737805705718,0.2140478401948032,1,0.2329763277555024,0.039,False,False,gated,0.02,0.1485355648535564,0.3514644351464435
2,0.3892,False,0.1259963539294845,0.8490598222851284,0.254318116202453,0,0.2329747958062759,0.048,False,False,gated,0.02,0.1525523012552301,0.3474476987447699
2,0.6512,False,0.1268036868793164,0.8018791157005261,0.317237955201474,0,0.2284849151824709,0.039,False,False,gated,0.02,0.1565690376569037,0.3434309623430962
2,0.288,False,0.129317000032051,0.8024694002552814,0.3259724523735036,0,0.2330899354913856,0.048,False,False,gated,0.02,0.1605857740585774,0.3394142259414225
2,0.2572,False,0.1219975471463237,0.8997669593325839,0.273095846841125,0,0.2317669091891047,0.057,True,False,gated,0.02,0.164602510460251,0.3353974895397489
2,0.263,False,0.126629968638603,0.8398965825277895,0.2759007770765979,1,0.2329860465446067,0.056,True,False,gated,0.02,0.1686192468619247,0.3313807531380753
2,0.1248,False,0.1265066843985184,0.8461114771538665,0.0561270246824072,1,0.2335454420056329,0.057,True,False,gated,0.02,0.1726359832635983,0.3273640167364017
2,0.1918,False,0.1266051293515507,0.8683132471816334,0.2725475189272812,0,0.2365380403295147,0.058,True,False,gated,0.02,0.1766527196652719,0.323347280334728
2,0.3732,False,0.1237341521317479,0.9012514134162032,0.3850235398314109,0,0.2352497316292426,0.051,True,False,gated,0.02,0.1806694560669456,0.3193305439330544
2,0.0486,False,0.1318955815262225,0.8128607036820072,0.2754778641892504,1,0.2391083167389881,0.063,True,False,gated,0.02,0.1846861924686192,0.3153138075313807
2,0.1568,False,0.1180137552394307,0.988728443459343,0.2581377736624541,0,0.2346973117650936,0.052,True,False,gated,0.02,0.1887029288702928,0.3112970711297071
2,0.0014,True,0.125437513578317,0.851625032063012,0.2913446440477061,1,0.2322632401022074,0.08,True,False,gated,0.02,0.1927196652719665,0.3072803347280335
2,0.0384,False,0.1348147107683252,0.7967145217369306,0.1583797488033047,1,0.2422235485820108,0.063,True,False,gated,0.02,0.1967364016736401,0.3032635983263598
2,0.0904,False,0.1230966928112066,0.9699173306989723,0.2079496024790243,1,0.2424903085214935,0.061,True,False,gated,0.02,0.2007531380753138,0.2992468619246862
2,0.0064,True,0.1354075671061332,0.807782481482984,0.3793059031309649,0,0.2447874276755069,0.072,True,False,gated,0.02,0.2047698744769874,0.2952301255230125
2,0.0008,True,0.1208691249741282,0.965213665001628,0.1411800384581099,1,0.2375336560769116,0.089,True,False,gated,0.02,0.2087866108786611,0.2912133891213389
2,0.0056,True,0.1319241752512416,0.8438153468430558,0.2742377165534241,1,0.2432438189486959,0.076,True,False,gated,0.02,0.2128033472803347,0.2871966527196652
2,0.008,True,0.1279540436889271,0.8656838091904909,0.2967694906356294,0,0.2387217876317497,0.067,True,False,gated,0.02,0.2168200836820083,0.2831799163179916
2,0.1966,False,0.1312677279891972,0.8135370132784343,0.2855388584493787,0,0.2380588833581883,0.056,True,False,gated,0.02,0.220836820083682,0.279163179916318
2,0.0016,True,0.1333325397024013,0.7731518953157666,0.1883064818978899,1,0.2364188454813508,0.081,True,False,gated,0.02,0.2248535564853556,0.2751464435146443
2,0.002,True,0.1238770652944405,0.9530020039616994,0.1461918036363916,1,0.2419321567658896,0.083,True,False,gated,0.02,0.2288702928870293,0.2711297071129707
2,0.0002,True,0.1308052672391576,0.8547154789513005,0.3027202511726988,0,0.2426065538776819,0.094,True,False,gated,0.02,0.2328870292887029,0.267112970711297
2,0.0002,True,0.1233686689405162,0.9350088653668412,0.1911091874339151,1,0.2387194681093407,0.107,True,False,gated,0.02,0.2369037656903765,0.2630962343096234
2,0.0002,True,0.1260024044005011,0.9232739451971432,0.1745358703924182,1,0.2423371414166009,0.108,True,False,gated,0.02,0.2409205020920502,0.2590794979079498
2,0.0004,True,0.1282906374613798,0.8706104180230368,0.3113390814335954,0,0.2399818029709442,0.093,True,False,gated,0.02,0.2449372384937238,0.2550627615062761
2,0.0004,True,0.1286710428870135,0.8915604459309256,0.3464543419908452,1,0.2433890552626482,0.089,True,False,gated,0.02,0.2489539748953975,0.2510460251046025
2,0.0002,True,0.1298288442501178,0.8259303013701441,0.239946470057293,1,0.237058420708981,0.112,True,False,gated,0.02,0.2529707112970711,0.2470292887029288
3,0.0002,True,0.0110427481879948,1.277746075707783,0.4838577104689573,1,0.2402861217606381,0.108,True,False,gated,0.02,0.2569874476987447,0.2430125523012552
3,0.0002,True,0.0091026188351318,1.3256575336060787,0.2221764851572509,1,0.2412555918443333,0.1,True,False,gated,0.02,0.2610041841004184,0.2389958158995815
2,0.0002,True,0.1327805242445811,0.8346491527551463,0.2563657796714384,0,0.2436056763085396,0.115,True,False,gated,0.02,0.2650209205020921,0.2349790794979079
2,0.0004,True,0.1283121366633878,0.8743391358749889,0.4572584819955432,0,0.2405004593568022,0.109,True,False,gated,0.02,0.2690376569037657,0.2309623430962343
2,0.0002,True,0.1224254443182494,0.9870563727244196,0.3064353950112068,0,0.2432662593171832,0.123,True,False,gated,0.02,0.2730543933054393,0.2269456066945606
2,0.0002,True,0.1342084576104684,0.8100318296121436,0.3163515851327963,0,0.24292158007891,0.117,True,False,gated,0.02,0.277071129707113,0.222928870292887
2,0.0002,True,0.1221476973290436,0.9956535118265174,0.3182365035902689,1,0.243764481137224,0.126,True,False,gated,0.02,0.2810878661087866,0.2189121338912133
2,0.0002,True,0.1342555593138171,0.8156192362850111,0.3240635296747803,0,0.2437569760691853,0.15,True,False,gated,0.02,0.2851046025104602,0.2148953974895397
2,0.0002,True,0.2467984071555151,,0.1409988903743049,1,0.2467984071555151,0.149,True,False,gated,0.02,0.2891213389121339,0.210878661087866
3,0.0002,True,0.0206551033713993,1.127154233391132,0.4952960114219517,1,0.2454050040126257,0.151,True,False,gated,0.02,0.2931380753138076,0.2068619246861924
2,0.0002,True,0.2492216199554437,,0.1500503463402532,1,0.2492216199554437,0.128,True,False,gated,0.02,0.2971548117154812,0.2028451882845188
2,0.0002,True,0.1325961822783085,0.8784458716600627,0.331303681385946,1,0.2490747511994523,0.144,True,False,gated,0.02,0.3011715481171548,0.1988284518828451
2,0.0002,True,0.2451982099337451,,0.1720136556789778,1,0.2451982099337451,0.146,True,False,gated,0.02,0.3051882845188285,0.1948117154811715
2,0.0002,True,0.2454608015309748,,0.1829999898033701,1,0.2454608015309748,0.193,True,False,gated,0.02,0.3092050209205021,0.1907949790794978
2,0.0002,True,0.2470169076271207,,0.1770001800041057,1,0.2470169076271207,0.167,True,False,gated,0.02,0.3132217573221758,0.1867782426778242
3,0.0002,True,0.1368887965833412,0.8068897148893421,0.5121076961788626,0,0.2473429586308254,0.177,True,False,gated,0.02,0.3172384937238494,0.1827615062761505
2,0.0002,True,0.2458404223303192,,0.1939999165878118,1,0.2458404223303192,0.192,True,False,gated,0.02,0.321255230125523,0.1787447698744769
2,0.0002,True,0.2490543590120459,,0.1949972971158303,1,0.2490543590120459,0.194,True,False,gated,0.02,0.3252719665271967,0.1747280334728033
2,0.0002,True,0.2444067470306334,,0.2140000960923556,1,0.2444067470306334,0.174,True,False,gated,0.02,0.3292887029288703,0.1707112970711296
2,0.0002,True,0.2455270215788663,,0.19900008698291,1,0.2455270215788663,0.217,True,False,gated,0.02,0.3333054393305439,0.166694560669456
2,0.0002,True,0.2502056962035658,,0.2060000029682588,1,0.2502056962035658,0.229,True,False,gated,0.02,0.3373221757322176,0.1626778242677823
3,0.0002,True,0.1253854331538144,0.9807908417824024,0.3610253683797343,0,0.2483623176849761,0.204,True,False,gated,0.02,0.3413389121338912,0.1586610878661087
2,0.0002,True,0.2472786783810702,,0.2300000000364792,1,0.2472786783810702,0.205,True,False,gated,0.02,0.3453556485355649,0.1546443514644351
3,0.0002,True,0.1348276490845499,0.8424305816372896,0.2531025564586454,1,0.2484105839244782,0.246,True,False,gated,0.02,0.3493723849372385,0.1506276150627614
2,0.0002,True,0.2480805522692772,,0.2399999527886707,1,0.2480805522692772,0.21,True,False,gated,0.02,0.3533891213389121,0.1466108786610878
2,0.0002,True,0.2465647514129128,,0.247000884333087,1,0.2465647514129128,0.253,True,False,gated,0.02,0.3574058577405858,0.1425941422594142
2,0.0002,True,0.2514084288323632,,0.2449999054324332,1,0.2514084288323632,0.23,True,False,gated,0.02,0.3614225941422594,0.1385774058577405
2,0.0002,True,0.2478827952272946,,0.2510002658339432,1,0.2478827952272946,0.247,True,False,gated,0.02,0.365439330543933,0.1345606694560669
2,0.0002,True,0.260036752656031,0.0465214356795989,0.1469987619932125,1,0.2479394695929651,0.262,True,False,gated,0.02,0.3694560669456067,0.1305439330543932
2,0.0002,True,0.2626615890305804,0.055233326449207,0.1480000001206231,1,0.2481539157379317,0.249,True,False,gated,0.02,0.3734728033472804,0.1265271966527196
2,0.0002,True,0.2639988159420037,0.0583437401122273,0.1569999993514527,1,0.2485961376346893,0.254,True,False,gated,0.02,0.377489539748954,0.122510460251046
2,0.0002,True,0.2643982168703662,0.0585982794082252,0.1504999951329317,1,0.2489049362831013,0.278,True,False,gated,0.02,0.3815062761506276,0.1184937238493723
2,0.0002,True,0.2637372583498664,0.0555218810654178,0.1775009562300635,1,0.2490940696591901,0.288,True,False,gated,0.02,0.3855230125523013,0.1144769874476986
3,0.0002,True,0.2492249264416577,0.6664086544233374,0.2610014131829743,1,0.2492249264416577,0.291,True,False,gated,0.02,0.3895397489539749,0.110460251046025
2,0.0002,True,0.2628441869638818,0.0507259211207041,0.1769999991323625,1,0.2495111734688656,0.299,True,False,gated,0.02,0.3935564853556486,0.1064435146443514
2,0.0002,True,0.2631899920419485,0.0538789376202122,0.1990307488211214,1,0.2490095948784023,0.311,True,False,gated,0.02,0.3975732217573222,0.1024267782426777
2,0.0002,True,0.2636281089500746,0.0584769963111302,0.1919999978413134,1,0.2482119289954323,0.288,True,False,gated,0.02,0.4015899581589958,0.0984100418410041
2,0.0002,True,0.2649395293251521,0.0549245141496871,0.1909999999669015,1,0.2503878543978664,0.314,True,False,gated,0.02,0.4056066945606695,0.0943933054393305
2,0.0002,True,0.2630711263801029,0.043358640637174,0.2045002418560411,1,0.251664719949328,0.323,True,False,gated,0.02,0.4096234309623431,0.0903765690376568
2,0.0002,True,0.2660721893759226,0.0567910121303198,0.212999979844493,1,0.2811826983103681,0.319,True,False,gated,0.02,0.4136401673640167,0.0863598326359832
3,0.0002,True,0.2521647261064608,0.686012347424527,0.3229999967833039,1,0.2795830053512476,0.346,True,False,gated,0.02,0.4176569037656904,0.0823430962343095
2,0.0002,True,0.2663345775948533,0.0456694976384442,0.2319999964648344,1,0.2784979439574032,0.353,True,False,gated,0.02,0.4216736401673641,0.0783263598326359
2,0.0002,True,0.2678950448786602,0.058905502116363,0.2490001488588168,1,0.2836755370117822,0.345,True,False,gated,0.02,0.4256903765690377,0.0743096234309623
2,0.0002,True,0.2681033531677067,0.0570440584412505,0.2440000144069358,1,0.2833970565141576,0.355,True,False,gated,0.02,0.4297071129707113,0.0702928870292886
2,0.0002,True,0.2641341289587317,0.0541641582617856,0.2594890260754677,1,0.2784407317220455,0.374,True,False,gated,0.02,0.433723849372385,0.066276150627615
3,0.0002,True,0.2683187058100795,0.0533774011317676,0.2775001103154222,1,0.2826408610013142,0.363,True,False,gated,0.02,0.4377405857740586,0.0622594142259413
3,0.0002,True,0.2673212200856797,0.0545087028601978,0.2715000009805882,1,0.2818925530396101,0.387,True,False,gated,0.02,0.4417573221757322,0.0582426778242677
2,0.0002,True,0.2675151038065332,0.058109710768523,0.3004998577215814,1,0.2830603291150004,0.411,True,False,gated,0.02,0.4457740585774059,0.054225941422594
3,0.0002,True,0.2673806181704508,0.0567167227701122,0.2974999999551204,1,0.2825455705653822,0.402,True,False,gated,0.02,0.4497907949790795,0.0502092050209204
3,0.0002,True,0.2671989192411865,0.0573499214984463,0.3314999962456458,1,0.2825227562841956,0.417,True,False,gated,0.02,0.4538075313807532,0.0461924686192468
3,0.0002,True,0.2667625170964776,0.0600620659740367,0.336341461960962,1,0.2827848249977864,0.409,True,False,gated,0.02,0.4578242677824268,0.0421757322175731
3,0.0002,True,0.2843849839670478,0.0661820510542163,0.313,1,0.2843849839670478,0.465,True,False,gated,0.02,0.4618410041841004,0.0381589958158995
3,0.0002,True,0.2850636883750952,0.0682511066494133,0.305,1,0.2850636883750952,0.421,True,False,gated,0.02,0.4658577405857741,0.0341422594142258
3,0.0002,True,0.2850697851181798,0.0648472305647344,0.319,1,0.2850697851181798,0.424,True,False,gated,0.02,0.4698744769874478,0.0301255230125522
3,0.0002,True,0.2827633364909049,0.0605186654674874,0.319,1,0.2922469598906601,0.425,True,False,gated,0.02,0.4738912133891214,0.0261087866108786
3,0.0002,True,0.2830024222840778,0.0657194873021798,0.362,1,0.2958691665809993,0.492,True,False,gated,0.02,0.477907949790795,0.0220920502092049
3,0.0002,True,0.2842463670026945,0.0655029710492448,0.412,1,0.2955987500175756,0.475,True,False,gated,0.02,0.4819246861924686,0.0180753138075313
3,0.0002,True,0.2852092289528845,0.0672851518111525,0.428,1,0.2937699190577016,0.454,True,False,gated,0.02,0.4859414225941423,0.0140585774058576
3,0.0002,True,0.2856820675010355,0.0688026022066592,0.425,1,0.2984333323018819,0.468,True,False,gated,0.02,0.4899581589958159,0.010041841004184
3,0.0002,True,0.2831808848881996,0.0715220306714994,0.47,1,0.2969820180188211,0.496,True,False,gated,0.02,0.4939748953974895,0.0060251046025104
3,0.0002,True,0.2872289192865594,0.0657394360392414,0.4779999997785732,1,0.2960343700601267,0.485,True,False,gated,0.02,0.4979916317991632,0.0020083682008367
3,0.0002,True,0.2849292870770231,0.0704615786164931,0.509,0,0.2950036967115619,0.5,True,False,gated,0.02,0.5020083682008368,0.0020083682008368
3,0.0002,True,0.2850842542148225,0.0685693067942667,0.508,0,0.2956763346925077,0.474,True,False,gated,0.02,0.5060251046025105,0.0060251046025104
3,0.0002,True,0.2869584943563758,0.0642585365448326,0.578,0,0.2951577529971235,0.492,True,False,gated,0.02,0.5100418410041841,0.0100418410041841
3,0.0002,True,0.2868391012463931,0.0642938453543689,0.593,0,0.2960494428707391,0.4559999999999999,True,False,gated,0.02,0.5140585774058578,0.0140585774058578
3,0.0002,True,0.2852572799660935,0.0670139170905921,0.597,0,0.2951105161853861,0.4579999999999999,True,False,gated,0.02,0.5180753138075314,0.0180753138075313
3,0.0002,True,0.2861801682918591,0.0630584036544525,0.641,0,0.2952494443738503,0.4669999999999999,True,False,gated,0.02,0.5220920502092051,0.0220920502092051
3,0.0002,True,0.2840589134164908,0.0673298241651764,0.66,0,0.291991326847183,0.4449999999999999,True,False,gated,0.02,0.5261087866108787,0.0261087866108786
3,0.0002,True,0.2832190055226309,0.0590785326743202,0.655,0,0.2832190055226309,0.433,True,False,gated,0.02,0.5301255230125523,0.0301255230125523
3,0.0002,True,0.2838394349513031,0.0637828441319516,0.727,0,0.2838394349513031,0.424,True,False,gated,0.02,0.534142259414226,0.0341422594142259
3,0.0002,True,0.2838292002671471,0.0681283743187862,0.752,0,0.2838292002671471,0.411,True,False,gated,0.02,0.5381589958158997,0.0381589958158996
3,0.0002,True,0.2672209189665834,0.0599130760487341,0.6515000040231124,0,0.2832309462065009,0.409,True,False,gated,0.02,0.5421757322175733,0.0421757322175733
3,0.0002,True,0.2675453825807095,0.0586054358977841,0.6665000000294019,0,0.28322499634935,0.414,True,False,gated,0.02,0.5461924686192469,0.0461924686192468
3,0.0002,True,0.2674150374590495,0.0621318208449552,0.7095000182737359,0,0.2840300206577643,0.395,True,False,gated,0.02,0.5502092050209205,0.0502092050209205
3,0.0002,True,0.2685738713353559,0.0538059844783099,0.7010559952311555,0,0.2830247528877594,0.366,True,False,gated,0.02,0.5542259414225942,0.0542259414225941
3,0.0002,True,0.2649469833208965,0.0599990349747336,0.7204998964403321,0,0.2808435466396771,0.404,True,False,gated,0.02,0.5582426778242678,0.0582426778242678
3,0.0002,True,0.2675921136699632,0.0659977808464298,0.7449999975940399,0,0.2852525993442524,0.383,True,False,gated,0.02,0.5622594142259415,0.0622594142259415
3,0.0002,True,0.2679757662284854,0.0676694756812279,0.7604999727553909,0,0.28610954582451,0.372,True,False,gated,0.02,0.5662761506276152,0.0662761506276151
2,0.0002,True,0.2682785524735004,0.0445012405525804,0.7524999994719526,0,0.2802172808722662,0.368,True,False,gated,0.02,0.5702928870292887,0.0702928870292887
2,0.0002,True,0.2656869208638495,0.0578842469957406,0.7600013416255204,0,0.2810660082147282,0.354,True,False,gated,0.02,0.5743096234309624,0.0743096234309623
2,0.0002,True,0.2658096436793498,0.0616211923657601,0.7790037225022183,0,0.2821891508652508,0.351,True,False,gated,0.02,0.578326359832636,0.078326359832636
3,0.0002,True,0.2513335967529887,0.6880210894338236,0.6699997529886673,0,0.2803767902650879,0.369,True,False,gated,0.02,0.5823430962343097,0.0823430962343096
2,0.0002,True,0.2635353391456685,0.0582928093687677,0.7709999991093515,0,0.2788975544324789,0.3299999999999999,True,False,gated,0.02,0.5863598326359833,0.0863598326359833
2,0.0002,True,0.2637040732660771,0.0582149493460115,0.8049993216888034,0,0.2483525539984973,0.3319999999999999,True,False,gated,0.02,0.590376569037657,0.090376569037657
2,0.0002,True,0.2659858619385985,0.0542117748088289,0.8039995573643522,0,0.2515662962887967,0.312,True,False,gated,0.02,0.5943933054393306,0.0943933054393305
2,0.0002,True,0.2680374720410443,0.0588004938917771,0.8074997694149246,0,0.2522767363034687,0.3149999999999999,True,False,gated,0.02,0.5984100418410042,0.0984100418410042
3,0.0002,True,0.2506152014592406,0.6237469767043091,0.7039994986674242,0,0.2506152014592406,0.286,True,False,gated,0.02,0.6024267782426779,0.1024267782426778
2,0.0002,True,0.263381521889879,0.0534567922194735,0.8245013169232593,0,0.2493019905997095,0.3,True,False,gated,0.02,0.6064435146443515,0.1064435146443515
3,0.0002,True,0.2493671783597652,0.6631964349768031,0.723000021883223,0,0.2493671783597652,0.281,True,False,gated,0.02,0.6104602510460252,0.1104602510460251
2,0.0002,True,0.2646400246682678,0.0523556055013747,0.83050011258357,0,0.2507846359368095,0.291,True,False,gated,0.02,0.6144769874476989,0.1144769874476988
2,0.0002,True,0.2643308521389637,0.0501465443920897,0.8569999982497161,0,0.251075573327928,0.306,True,False,gated,0.02,0.6184937238493724,0.1184937238493724
2,0.0002,True,0.2641542593033267,0.0479853700510386,0.8430000025427622,0,0.2514787194200506,0.289,True,False,gated,0.02,0.6225104602510461,0.122510460251046
2,0.0002,True,0.2645414652758188,0.0714633408419473,0.8504999934016351,0,0.2456364483759133,0.268,True,False,gated,0.02,0.6265271966527197,0.1265271966527197
2,0.0002,True,0.2483068451441558,,0.7460000002706872,0,0.2483068451441558,0.278,True,False,gated,0.02,0.6305439330543934,0.1305439330543933
2,0.0002,True,0.2532320470232571,,0.7379336874294257,0,0.2532320470232571,0.264,True,False,gated,0.02,0.634560669456067,0.134560669456067
2,0.0002,True,0.2492813309554015,,0.7629239720435259,0,0.2492813309554015,0.265,True,False,gated,0.02,0.6385774058577407,0.1385774058577407
2,0.0002,True,0.2471936587090053,,0.7652609347773884,0,0.2471936587090053,0.246,True,False,gated,0.02,0.6425941422594142,0.1425941422594142
2,0.0002,True,0.2455671824585725,,0.7769997489526315,0,0.2455671824585725,0.2239999999999999,True,False,gated,0.02,0.6466108786610879,0.1466108786610879
2,0.0002,True,0.2489626929765148,,0.7700007375433514,0,0.2489626929765148,0.2049999999999999,True,False,gated,0.02,0.6506276150627616,0.1506276150627615
2,0.0002,True,0.1261594570168632,0.963740228141716,0.5094812425620763,0,0.2477444009054937,0.2089999999999999,True,False,gated,0.02,0.6546443514644352,0.1546443514644352
2,0.0002,True,0.2507650306319531,,0.7949999880072054,0,0.2507650306319531,0.1959999999999999,True,False,gated,0.02,0.6586610878661089,0.1586610878661088
2,0.0002,True,0.2451057406353279,,0.7970018047371004,0,0.2451057406353279,0.2229999999999999,True,False,gated,0.02,0.6626778242677824,0.1626778242677824
2,0.0002,True,0.2487361844367251,,0.7800000062609974,0,0.2487361844367251,0.1979999999999999,True,False,gated,0.02,0.6666945606694561,0.1666945606694561
2,0.0002,True,0.2469343492713352,,0.8182600328907271,0,0.2469343492713352,0.2239999999999999,True,False,gated,0.02,0.6707112970711298,0.1707112970711297
2,0.0002,True,0.2452087973254501,,0.823998461483947,0,0.2452087973254501,0.183,True,False,gated,0.02,0.6747280334728034,0.1747280334728034
2,0.0002,True,0.2510645832186599,,0.8389982812292547,0,0.2510645832186599,0.1889999999999999,True,False,gated,0.02,0.6787447698744771,0.178744769874477
2,0.0002,True,0.2473643321390611,,0.8230001017227501,0,0.2473643321390611,0.164,True,False,gated,0.02,0.6827615062761507,0.1827615062761507
2,0.0002,True,0.132413933392364,0.8364847207689988,0.7345518688506414,0,0.243176165492837,0.174,True,False,gated,0.02,0.6867782426778243,0.1867782426778242
2,0.0002,True,0.244621502713769,,0.8310068627526251,0,0.244621502713769,0.1879999999999999,True,False,gated,0.02,0.6907949790794979,0.1907949790794979
2,0.0002,True,0.2459053221767023,,0.8420000718913991,0,0.2459053221767023,0.174,True,False,gated,0.02,0.6948117154811716,0.1948117154811716
2,0.0002,True,0.244871467380977,,0.8520000104734033,0,0.244871467380977,0.156,True,False,gated,0.02,0.6988284518828453,0.1988284518828452
2,0.0002,True,0.2405979270611329,,0.8389705552745493,0,0.2405979270611329,0.156,True,False,gated,0.02,0.7028451882845189,0.2028451882845189
2,0.0002,True,0.1242059059000292,0.9841832382522908,0.66313913240111,0,0.2464472765797634,0.155,True,False,gated,0.02,0.7068619246861926,0.2068619246861925
2,0.0002,True,0.1262123942368269,0.9754093674100832,0.7116534201190318,0,0.2493211458596577,0.153,True,False,gated,0.02,0.7108786610878661,0.2108786610878661
2,0.0002,True,0.1355929831515403,0.8179167625289815,0.8134786636265788,0,0.2464967569533128,0.155,True,False,gated,0.02,0.7148953974895398,0.2148953974895397
2,0.0002,True,0.1326484554708144,0.8521804162150383,0.7303017439606722,0,0.2456888714650672,0.152,True,False,gated,0.02,0.7189121338912134,0.2189121338912134
2,0.0002,True,0.1292915420330948,0.8968600701403818,0.7405416912538063,0,0.2452479634903512,0.13,True,False,gated,0.02,0.7229288702928871,0.2229288702928871
2,0.0002,True,0.1323063635546013,0.8370982329991761,0.5800648808780102,0,0.2430597867015418,0.14,True,False,gated,0.02,0.7269456066945608,0.2269456066945607
2,0.0006,True,0.1274950750765391,0.9259642099736688,0.6733419718012874,0,0.2455509515462462,0.1049999999999999,True,False,gated,0.02,0.7309623430962344,0.2309623430962344
2,0.0002,True,0.1299426504370947,0.8462484091463209,0.691713891451059,0,0.2399064116505888,0.1159999999999999,True,False,gated,0.02,0.734979079497908,0.2349790794979079
2,0.0002,True,0.1295866011095367,0.8716896411857766,0.6410032203885092,0,0.2425458989340649,0.0989999999999999,True,False,gated,0.02,0.7389958158995816,0.2389958158995816
2,0.0002,True,0.1279898779596697,0.8927514598485814,0.6823777931130789,0,0.2422530283548993,0.1129999999999999,True,False,gated,0.02,0.7430125523012553,0.2430125523012553
2,0.0002,True,0.1268512461694564,0.9571236417427036,0.7126942689466291,0,0.2482635728637239,0.1129999999999999,True,False,gated,0.02,0.747029288702929,0.2470292887029289
2,0.0004,True,0.1272506340535131,0.9259773944034212,0.7164335098173129,0,0.2450818446114945,0.0979999999999999,True,False,gated,0.02,0.7510460251046026,0.2510460251046026
2,0.0002,True,0.1285919864806048,0.9052672634032498,0.6441681961520416,0,0.245002102178395,0.1009999999999999,True,False,gated,0.02,0.7550627615062763,0.2550627615062762
3,0.0004,True,0.0322312389740389,1.010249730596992,0.6615732066216796,0,0.2405492252732226,0.0949999999999999,True,False,gated,0.02,0.7590794979079498,0.2590794979079498
3,0.0002,True,0.0045070554200173,1.354394216063631,0.5128724099662393,1,0.2428002628370172,0.1089999999999999,True,False,gated,0.02,0.7630962343096235,0.2630962343096235
2,0.001,True,0.1214055275967218,0.9717405337081952,0.6153933272582937,0,0.239380199779657,0.0839999999999999,True,False,gated,0.02,0.7671129707112971,0.2671129707112971
2,0.0002,True,0.1226937454399998,0.9147974024394844,0.6393653360685786,0,0.2349336650649978,0.0999999999999999,True,False,gated,0.02,0.7711297071129708,0.2711297071129708
2,0.001,True,0.1262746037074992,0.9589417501069027,0.7167770994620022,0,0.2473645931817831,0.0849999999999999,True,False,gated,0.02,0.7751464435146445,0.2751464435146444
2,0.001,True,0.1236304193336335,0.979049940362212,0.7267856044493028,0,0.2446707740101618,0.0879999999999999,True,False,gated,0.02,0.7791631799163181,0.2791631799163181
2,0.0322,False,0.1292271190573471,0.8456684126645063,0.7750230380014655,0,0.2385104117046268,0.0719999999999999,True,False,gated,0.02,0.7831799163179917,0.2831799163179916
2,0.0022,True,0.1297513494378277,0.8304045666627903,0.7082748083562824,0,0.2374974625424897,0.0789999999999999,True,False,gated,0.02,0.7871966527196653,0.2871966527196653
2,0.0008,True,0.1305653682008037,0.80755322900349,0.7833908278654693,0,0.2360038528881999,0.0839999999999999,True,False,gated,0.02,0.791213389121339,0.291213389121339
2,0.0912,False,0.1207729362357525,0.9137524555592026,0.7118969250426512,0,0.2311295032871801,0.061,True,False,gated,0.02,0.7952301255230126,0.2952301255230126
2,0.2966,False,0.1248790468481796,0.919016293602436,0.7919563589955876,0,0.2396449256321177,0.046,False,False,gated,0.02,0.7992468619246863,0.2992468619246863
2,0.009,True,0.1320325390290581,0.806803876665837,0.7409519706107248,0,0.2385569033645425,0.0709999999999999,True,False,gated,0.02,0.8032635983263599,0.3032635983263598
2,0.1376,False,0.1298171719808734,0.8052420657360557,0.7381698522532812,0,0.2343514197155699,0.056,True,False,gated,0.02,0.8072803347280335,0.3072803347280335
3,0.0048,True,0.0086274952236771,1.311619099803478,0.5903418898001389,0,0.236099652928467,0.0739999999999999,True,False,gated,0.02,0.8112970711297072,0.3112970711297071
2,0.1244,False,0.1179637030283638,0.9975900834855786,0.7305841356269203,0,0.2356431233816949,0.0649999999999999,True,False,gated,0.02,0.8153138075313808,0.3153138075313808
2,0.3624,False,0.1255222740274171,0.8809480041327409,0.7719027971100308,0,0.2361008708069541,0.046,False,False,gated,0.02,0.8193305439330545,0.3193305439330545
2,0.1404,False,0.1226670799740873,0.9500139681964928,0.812134036457091,0,0.2392025193882966,0.057,True,False,gated,0.02,0.8233472803347281,0.3233472803347281
2,0.1584,False,0.130010731000959,0.8329756961365784,0.6466342700205842,0,0.2383065101625412,0.053,True,False,gated,0.02,0.8273640167364017,0.3273640167364017
2,0.277,False,0.129444027334844,0.8315432916808692,0.7353995797263009,0,0.2370823399141202,0.047,False,False,gated,0.02,0.8313807531380754,0.3313807531380753
3,0.262,False,0.0229909402848403,1.0833121983779457,0.498637752364351,0,0.2376595057251988,0.049,False,False,gated,0.02,0.835397489539749,0.335397489539749
2,0.3706,False,0.1232050393896645,0.8816126288002579,0.7251486880017801,0,0.2318241580483077,0.043,False,False,gated,0.02,0.8394142259414227,0.3394142259414227
3,0.1876,False,0.0182969849283141,1.2265384049775874,0.4951600624498529,0,0.2335600316193639,0.051,True,False,gated,0.02,0.8434309623430963,0.3434309623430963
2,0.7898,False,0.1186116759297261,0.9666171172291091,0.7370371004997323,0,0.2332637521875979,0.041,False,False,gated,0.02,0.84744769874477,0.34744769874477
2,0.6968,False,0.1222823393589771,0.8449773588243105,0.7096108226196775,0,0.2256081475022286,0.033,False,False,gated,0.02,0.8514644351464435,0.3514644351464435
2,0.8858,False,0.1305764513431459,0.7923048191582625,0.7971553897387431,0,0.2340328030116971,0.041,False,False,gated,0.02,0.8554811715481172,0.3554811715481172
2,0.5042,False,0.1312641629568227,0.8389768534799448,0.7383861237129197,0,0.2413917573698555,0.043,False,False,gated,0.02,0.8594979079497909,0.3594979079497908
2,0.9576,False,0.1152237420748117,0.9508980165047668,0.8502063428507267,0,0.0056577142806654,0.03,False,False,gated,0.02,0.8635146443514645,0.3635146443514645
2,0.924,False,0.127434348586568,0.8442934936632221,0.731042625391338,0,0.0198423572048733,0.034,False,False,gated,0.02,0.8675313807531382,0.3675313807531382
2,0.8864,False,0.1278348833192827,0.8275424213010741,0.7338292656217325,0,0.0220460944496756,0.029,False,False,gated,0.02,0.8715481171548118,0.3715481171548118
2,0.8308,False,0.1275036726429643,0.8090288547256134,0.6479252973899291,0,0.2306578228954203,0.032,False,False,gated,0.02,0.8755648535564854,0.3755648535564854
2,0.9874,False,0.1217799662392893,0.8177870446683038,0.7360078670594048,0,0.0221898875478373,0.028,False,False,gated,0.02,0.879581589958159,0.379581589958159
2,0.7358,False,0.1253310286587328,0.7993314919172163,0.7551394224370873,0,0.2255120667808365,0.026,False,False,gated,0.02,0.8835983263598327,0.3835983263598327
2,0.7874,False,0.1163158750414104,0.9945755515064518,0.7247393665202285,0,0.0006309494721495,0.02,False,False,gated,0.02,0.8876150627615064,0.3876150627615063
2,0.3436,False,0.0235486648047065,,0.706956831358995,0,0.0235486648047065,0.016,False,False,gated,0.02,0.89163179916318,0.39163179916318
2,0.8694,False,0.1239404487038003,0.7940514168112063,0.7360089025121623,0,0.2223555375980636,0.021,False,False,gated,0.02,0.8956485355648537,0.3956485355648537
2,0.8178,False,0.0162861706562411,,0.487231919638832,0,0.0162861706562411,0.015,False,False,gated,0.02,0.8996652719665272,0.3996652719665272
2,0.9674,False,0.1164527075273504,0.8831357082020664,0.7316136038445504,0,0.0136091631922525,0.022,False,False,gated,0.02,0.9036820083682008,0.4036820083682009
3,0.9896,False,0.0197007489748665,1.0994624581262635,0.754395626730585,0,0.2255878482874892,0.024,False,False,gated,0.02,0.9076987447698746,0.4076987447698745
2,0.9556,False,0.1266966883983362,0.7957434565117226,0.7368967532724005,0,0.2275147491538126,0.015,False,False,gated,0.02,0.9117154811715482,0.4117154811715482
2,0.8668,False,0.1186657564929569,0.9249814509851044,0.7937034527437,0,0.0089021328689315,0.016,False,False,gated,0.02,0.915732217573222,0.4157322175732219
3,0.938,False,0.0097764079446245,0.6878547085235329,0.5551485093318166,0,0.0030516597067798,0.024,False,False,gated,0.02,0.9197489539748956,0.4197489539748955
2,0.7204,False,0.0223053300386307,,0.2274366475300966,1,0.0223053300386307,0.015,False,False,gated,0.02,0.9237656903765692,0.4237656903765691
2,0.9974,False,0.0241070289449631,,0.5138993710227503,1,0.0241070289449631,0.018,False,False,gated,0.02,0.9277824267782429,0.4277824267782427
3,0.8678,False,0.0079186655883726,0.6967995604705156,0.5187511579727717,0,0.0134363882905604,0.018,False,False,gated,0.02,0.9317991631799164,0.4317991631799164
2,0.9622,False,0.0073077209754072,,0.5300372565917542,0,0.0073077209754072,0.016,False,False,gated,0.02,0.93581589958159,0.43581589958159
2,0.794,False,0.0070862117663575,,0.4917880276363274,1,,0.014,False,False,gated,0.02,0.9398326359832636,0.4398326359832637
2,0.9882,False,0.0226397712235323,,0.4925204530673903,0,0.0226397712235323,0.012,False,False,gated,0.02,0.9438493723849372,0.4438493723849372
2,0.9454,False,0.0060429667118333,,0.4056309250039043,1,0.0060429667118333,0.01,False,False,gated,0.02,0.9478661087866108,0.4478661087866109
2,0.9994,False,0.0242371754799531,,0.7672235197471414,0,,0.009,False,False,gated,0.02,0.9518828451882846,0.4518828451882846
2,0.9804,False,0.0215883876875911,,0.5030144852118027,0,0.0215883876875911,0.006,False,False,gated,0.02,0.9558995815899582,0.4558995815899582
2,0.71,False,0.0245659558680896,,0.4862339205554598,0,0.0245659558680896,0.008,False,False,gated,0.02,0.959916317991632,0.4599163179916319
2,0.9994,False,0.0204560351267065,,0.5037174863424045,0,,0.009,False,False,gated,0.02,0.9639330543933056,0.4639330543933055
2,0.961,False,0.0078752868561914,,0.5451958534222048,0,0.0078752868561914,0.006,False,False,gated,0.02,0.9679497907949792,0.4679497907949791
2,0.8618,False,0.002466822687142,,0.6925042200480362,0,0.002466822687142,0.006,False,False,gated,0.02,0.9719665271966528,0.4719665271966528
2,0.9956,False,0.0122545282700782,,0.2539086704409063,1,,0.009,False,False,gated,0.02,0.9759832635983264,0.4759832635983264
2,0.9748,False,0.0069927770511817,,0.4731587060567065,0,,0.012,False,False,gated,0.02,0.98,0.48
2,0.7988,False,0.0234650140072272,0.4922110710656579,0.636902576861216,0,0.0350147536847874,0.009,False,False,honest,0.02,0.02,0.48
3,0.8346,False,0.0149809260939239,0.4670840262484874,0.5057715113908919,0,0.0066777915054671,0.009,False,False,honest,0.02,0.0240167364016736,0.4759832635983264
2,0.9412,False,0.0334137911847664,0.423366236266801,0.3738666434347388,1,0.0192675201710437,0.011,False,False,honest,0.02,0.0280334728033472,0.4719665271966527
2,0.953,False,0.0203855935535223,0.0784449720472661,0.6614665871833294,0,0.0219847408700737,0.009,False,False,honest,0.02,0.0320502092050209,0.467949790794979
2,0.947,False,0.0203816074689219,0.2529890077149148,0.3646453010073124,0,0.0255379301183723,0.006,False,False,honest,0.02,0.0360669456066945,0.4639330543933054
2,0.9004,False,0.012996527550934,0.1965481135877234,0.539609267368844,0,0.0155509705244576,0.013,False,False,honest,0.02,0.0400836820083682,0.4599163179916318
2,0.9864,False,0.0038040384255972,0.0067295795778127,0.425953961043116,1,0.0037784388462883,0.01,False,False,honest,0.02,0.0441004184100418,0.4558995815899581
2,0.9948,False,0.0271800479432851,0.2614048279385491,0.4992124200540552,0,0.0200750521870477,0.006,False,False,honest,0.02,0.0481171548117154,0.4518828451882845
2,0.9416,False,0.0086458729199253,0.1126751948320108,0.5082869799818492,1,0.0096200483357833,0.014,False,False,honest,0.02,0.0521338912133891,0.4478661087866109
2,0.9396,False,0.0094098025066453,0.9904622975130408,0.4026869442892321,1,0.0187298571175116,0.019,False,False,honest,0.02,0.0561506276150627,0.4438493723849372
2,0.9738,False,0.0213482418509289,0.8645217739747273,0.5986246912437191,0,0.0028922219338578,0.012,False,False,honest,0.02,0.0601673640167364,0.4398326359832636
2,0.8818,False,0.0225220155293285,0.5642903246107235,0.4672855390564289,1,0.0098130600748316,0.01,False,False,honest,0.02,0.06418410041841,0.4358158995815899
2,0.9254,False,0.0020205348596713,0.8926900889012738,0.4685166821088778,0,0.0038242463040721,0.019,False,False,honest,0.02,0.0682008368200836,0.4317991631799163
2,0.5994,False,0.0253202493182055,0.6573739395253301,0.5789106310785674,0,0.0086753772734758,0.016,False,False,honest,0.02,0.0722175732217573,0.4277824267782427
2,0.8942,False,0.0245947699003419,0.5363610161083969,0.5327775075574696,0,0.0377864456755779,0.013,False,False,honest,0.02,0.0762343096234309,0.423765690376569
2,0.9928,False,0.0164120869654129,0.5926956951050608,0.4082932604665731,0,0.0066847136727301,0.02,False,False,honest,0.02,0.0802510460251046,0.4197489539748954
2,0.8652,False,0.0259114035909854,0.2350368335533439,0.5091904706298378,1,0.0320015378441684,0.019,False,False,honest,0.02,0.0842677824267782,0.4157322175732217
2,0.9302,False,0.01343140169411,0.6004588276990931,0.5378969654048245,0,0.0053663979779086,0.02,False,False,honest,0.02,0.0882845188284519,0.4117154811715481
2,0.7976,False,0.0168403094188916,0.9938276454369348,0.4647300124913954,0,0.0335766744780919,0.016,False,False,honest,0.02,0.0923012552301255,0.4076987447698744
2,0.9208,False,0.0097858633370838,0.0451661622136497,0.6711863277624188,0,0.0093438734461553,0.021,False,False,honest,0.02,0.0963179916317991,0.4036820083682008
2,0.5606,False,0.0198328837312578,0.9550051868548688,0.6755474692193589,0,0.000892376896662,0.019,False,False,honest,0.02,0.1003347280334728,0.3996652719665272
3,0.7772,False,0.011392468332998,0.4898788545546252,0.4875176449104461,0,0.0280819055932281,0.024,False,False,honest,0.02,0.1043514644351464,0.3956485355648536
2,0.6398,False,0.0151970926260491,0.3864202948561265,0.5408586456923914,0,0.0093246276121489,0.027,False,False,honest,0.02,0.1083682008368201,0.3916317991631799
2,0.9722,False,0.0162228893810543,0.5372848729912456,0.5396824936148705,0,0.0249392024422425,0.023,False,False,honest,0.02,0.1123849372384937,0.3876150627615062
2,0.5408,False,0.0211975837507743,0.9040674325445204,0.4958060642053358,1,0.0020335386321602,0.025,False,False,honest,0.02,0.1164016736401673,0.3835983263598326
2,0.9346,False,0.0207487670646409,0.4820823069573722,0.3863713990782007,1,0.0107461535711156,0.027,False,False,honest,0.02,0.120418410041841,0.379581589958159
2,0.9738,False,0.0177559181712855,0.926639300666974,0.5317875975271513,0,0.0013025865734188,0.036,False,False,honest,0.02,0.1244351464435146,0.3755648535564853
2,0.9892,False,0.0158719523438203,0.7116824614517533,0.4624482283428194,0,0.0045761622310136,0.035,False,False,honest,0.02,0.1284518828451883,0.3715481171548117
2,0.9496,False,0.0175552767057449,0.972092392895492,0.6496971085399128,0,0.0004899257639427,0.036,False,False,honest,0.02,0.1324686192468619,0.367531380753138
2,0.6192,False,0.0114502488398792,0.7497188486425725,0.6080992807713028,0,0.0028657814622243,0.036,False,False,honest,0.02,0.1364853556485355,0.3635146443514644
2,0.3846,False,0.0166645565723271,0.3216508595837771,0.5350184993187903,0,0.0220247255187203,0.026,False,False,honest,0.02,0.1405020920502092,0.3594979079497907
2,1.0,False,0.015291715801655,0.4752361624292129,0.2904590494180972,1,0.022558892136667,0.038,False,False,honest,0.02,0.1445188284518828,0.3554811715481171
2,0.8392,False,0.0217547975622248,0.5725431363918293,0.4696448628047754,0,0.0342103575906429,0.038,False,False,honest,0.02,0.1485355648535564,0.3514644351464435
2,0.9674,False,0.0127234258744722,0.3967482951582077,0.4273804516584857,0,0.0177714233991377,0.037,False,False,honest,0.02,0.1525523012552301,0.3474476987447699
2,1.0,False,0.0181921166706739,0.5657964809179877,0.4605227331838559,1,0.0078990810773913,0.034,False,False,honest,0.02,0.1565690376569037,0.3434309623430962
2,0.987,False,0.008323756229859,0.1458775072995966,0.4230459466464039,1,0.0095380050401862,0.038,False,False,honest,0.02,0.1605857740585774,0.3394142259414225
2,0.9162,False,0.0279924204932724,0.3526463470085448,0.5201881060999674,0,0.0378638453245047,0.063,True,False,honest,0.02,0.164602510460251,0.3353974895397489
2,0.9802,False,0.0329172829327755,0.203735905514404,0.4497543567247885,0,0.0262108504871889,0.043,False,False,honest,0.02,0.1686192468619247,0.3313807531380753
3,0.9892,False,0.0260060065758773,0.6852365211059881,0.5010439197124056,0,0.0260060065758773,0.048,False,False,honest,0.02,0.1726359832635983,0.3273640167364017
2,0.9416,False,0.0300842725699474,0.2769722249509502,0.5459990714886909,0,0.0217517646599412,0.056,True,False,honest,0.02,0.1766527196652719,0.323347280334728
3,0.535,False,0.0205195971869158,0.2127733903550689,0.5243695102758845,0,0.0167112869211964,0.043,False,False,honest,0.02,0.1806694560669456,0.3193305439330544
2,0.6048,False,0.0259110646737166,0.1191643894131327,0.5003315145477901,0,0.0289987408747234,0.053,True,False,honest,0.02,0.1846861924686192,0.3153138075313807
2,0.9496,False,0.009382958137977,0.2849734564171977,0.5407327803823136,0,0.0120568521502592,0.057,True,False,honest,0.02,0.1887029288702928,0.3112970711297071
2,0.992,False,0.0246362971743339,0.8114529205014078,0.4605605854365845,0,0.0046451018810686,0.05,True,False,honest,0.02,0.1927196652719665,0.3072803347280335
3,0.987,False,0.0066868537500918,0.935109928447436,0.5142783758145515,1,0.0204904378753557,0.057,True,False,honest,0.02,0.1967364016736401,0.3032635983263598
2,0.9994,False,0.0042085081800601,0.6518272104213515,0.3909692081780085,1,0.006951728327756,0.074,True,False,honest,0.02,0.2007531380753138,0.2992468619246862
2,0.8714,False,0.0280898257548067,0.1076291646580498,0.4966216361984089,0,0.0311131102362943,0.081,True,False,honest,0.02,0.2047698744769874,0.2952301255230125
2,0.959,False,0.0195145474839569,0.0090353319043402,0.4302804449461962,0,0.0193382270704673,0.071,True,False,honest,0.02,0.2087866108786611,0.2912133891213389
2,0.4598,False,0.0206519631908862,0.4814829037693571,0.5659969792244148,0,0.0305955303970535,0.08,True,False,honest,0.02,0.2128033472803347,0.2871966527196652
2,0.9988,False,0.0236343510620269,0.4119232477590904,0.4407259650564328,0,0.0138988124134663,0.077,True,False,honest,0.02,0.2168200836820083,0.2831799163179916
2,0.8774,False,0.0344504190823771,0.2470233117798652,0.6401175204474938,0,0.0429604756965572,0.083,True,False,honest,0.02,0.220836820083682,0.279163179916318
2,0.9902,False,0.0217449458715961,0.9385304223733832,0.4249815611352684,0,0.0421532391058902,0.095,True,False,honest,0.02,0.2248535564853556,0.2751464435146443
2,0.9882,False,0.0279066328373831,0.2888655074385376,0.430301493377886,0,0.0198453691816226,0.085,True,False,honest,0.02,0.2288702928870293,0.2711297071129707
2,1.0,False,0.0174212511389087,0.1102300412382984,0.5494563928330145,0,0.0193415963704835,0.105,True,False,honest,0.02,0.2328870292887029,0.267112970711297
2,0.9784,False,0.0227068777477412,0.3536081650528329,0.4343843248805402,0,0.0307362151225526,0.098,True,False,honest,0.02,0.2369037656903765,0.2630962343096234
2,0.8956,False,0.0211488924080186,0.9016832354108254,0.5635518526959934,0,0.0402184941407379,0.096,True,False,honest,0.02,0.2409205020920502,0.2590794979079498
2,0.6332,False,0.036158957185182,0.3288986888056257,0.7522765666300055,0,0.0480515907922961,0.116,True,False,honest,0.02,0.2449372384937238,0.2550627615062761
2,0.512,False,0.0147056759078365,0.2284921618026492,0.3803980239061747,1,0.0113455442286573,0.116,True,False,honest,0.02,0.2489539748953975,0.2510460251046025
2,0.9722,False,0.018933118402451,0.2853377262602324,0.4488438307614399,0,0.0135307854461945,0.11,True,False,honest,0.02,0.2529707112970711,0.2470292887029288
2,0.9994,False,0.0237923712972265,0.2414316622417766,0.4890360584723927,0,0.0295366030484308,0.113,True,False,honest,0.02,0.2569874476987447,0.2430125523012552
2,0.9718,False,0.0141975000219911,0.4045785600147938,0.5238075922026324,0,0.0199415041371029,0.116,True,False,honest,0.02,0.2610041841004184,0.2389958158995815
2,0.9926,False,0.0298396627376372,0.31035598533315,0.2297960561463043,1,0.0205787448063786,0.117,True,False,honest,0.02,0.2650209205020921,0.2349790794979079
2,0.8468,False,0.0221673360055819,0.1761815386348859,0.3395226842626973,1,0.0182618606405058,0.132,True,False,honest,0.02,0.2690376569037657,0.2309623430962343
2,1.0,False,0.0218806450011341,0.0127961411184316,0.5876215312177255,0,0.0216006571799245,0.13,True,False,honest,0.02,0.2730543933054393,0.2269456066945606
2,0.945,False,0.0155967133954288,0.8699460855388799,0.357317897932575,1,0.0020284136289337,0.125,True,False,honest,0.02,0.277071129707113,0.222928870292887
2,0.9566,False,0.0223387064904319,0.166667670125734,0.430405937421028,0,0.0260618466549815,0.141,True,False,honest,0.02,0.2810878661087866,0.2189121338912133
2,0.6774,False,0.0303761324471679,0.3429422959943567,0.6266220104310359,0,0.0407933930523712,0.154,True,False,honest,0.02,0.2851046025104602,0.2148953974895397
2,0.9324,False,0.0300469555889013,0.2106440773160292,0.49085342669645,0,0.0237177423525108,0.139,True,False,honest,0.02,0.2891213389121339,0.210878661087866
2,0.9942,False,0.0296692943179574,0.3429942115834541,0.4940381055333527,0,0.0194928981047891,0.161,True,False,honest,0.02,0.2931380753138076,0.2068619246861924
2,0.9802,False,0.0284071864008324,0.3647837968980239,0.5053024808578978,0,0.0387696677156828,0.167,True,False,honest,0.02,0.2971548117154812,0.2028451882845188
3,0.9852,False,0.0121186253366391,0.6772938275106349,0.4794224870066101,1,0.0121186253366391,0.139,True,False,honest,0.02,0.3011715481171548,0.1988284518828451
2,0.9936,False,0.0156098622360865,0.1059133212600306,0.4984531654397659,0,0.0172631545900278,0.166,True,False,honest,0.02,0.3051882845188285,0.1948117154811715
2,0.9784,False,0.0252279691430894,0.6386045853423877,0.5623589973980967,0,0.0091172723687976,0.176,True,False,honest,0.02,0.3092050209205021,0.1907949790794978
2,0.999,False,0.0318537445013659,0.1737969812255486,0.4984718817979291,0,0.0263176598661248,0.168,True,False,honest,0.02,0.3132217573221758,0.1867782426778242
2,0.8806,False,0.0158113687093855,0.3594189311243723,0.2992761355144694,0,0.0214942739508857,0.161,True,False,honest,0.02,0.3172384937238494,0.1827615062761505
2,0.944,False,0.0323133321931765,0.3366342838364431,0.4881780395513158,0,0.0431911076347322,0.184,True,False,honest,0.02,0.321255230125523,0.1787447698744769
2,0.9356,False,0.0323942953815989,0.0738042501615694,0.7105875881998678,0,0.0300034587013738,0.177,True,False,honest,0.02,0.3252719665271967,0.1747280334728033
3,0.9554,False,0.0179378169689484,0.0218666507951888,0.5169107222875955,0,0.0181845717115722,0.199,True,False,honest,0.02,0.3292887029288703,0.1707112970711296
2,0.7748,False,0.0229759174842311,0.2386053099969112,0.3694669723593198,0,0.0284580933982582,0.212,True,False,honest,0.02,0.3333054393305439,0.166694560669456
2,0.9944,False,0.007546761750583,0.0064923235074127,0.6404048951509409,0,0.0074977657318584,0.188,True,False,honest,0.02,0.3373221757322176,0.1626778242677823
2,0.9976,False,0.0190484912924164,0.2881274524770036,0.8465182313353801,0,0.0245368845623188,0.219,True,False,honest,0.02,0.3413389121338912,0.1586610878661087
2,0.933,False,0.0183060270172549,0.968261822781009,0.534749274752687,0,0.000580999928681,0.237,True,False,honest,0.02,0.3453556485355649,0.1546443514644351
2,0.7224,False,0.0264574724619307,0.1686375470189358,0.2890884456834726,0,0.0309191957184004,0.243,True,False,honest,0.02,0.3493723849372385,0.1506276150627614
2,0.9938,False,0.0259877195696265,0.3132975311657304,0.3990753463073079,1,0.0178458311875219,0.234,True,False,honest,0.02,0.3533891213389121,0.1466108786610878
2,0.9726,False,0.0197488639589997,0.814262431185795,0.7423766376690029,0,0.0036681059777728,0.219,True,False,honest,0.02,0.3574058577405858,0.1425941422594142
3,0.8966,False,0.0224482104055427,0.5231650225865782,0.4846245863215279,1,0.0371032384757899,0.231,True,False,honest,0.02,0.3614225941422594,0.1385774058577405
2,0.8852,False,0.0093778879774364,0.8746831556824491,0.4483691939082773,1,0.0175805686280518,0.28,True,False,honest,0.02,0.365439330543933,0.1345606694560669
2,0.9232,False,0.023912859132166,0.3700151378383231,0.4914838530795288,0,0.0150647392638992,0.225,True,False,honest,0.02,0.3694560669456067,0.1305439330543932
2,0.968,False,0.0228814069586556,0.4319346698388326,0.2193673323058315,1,0.0327646799192225,0.247,True,False,honest,0.02,0.3734728033472804,0.1265271966527196
3,0.7958,False,0.0153271855799522,0.7319267383435293,0.3821245535347495,1,8.76049768146897e-06,0.286,True,False,honest,0.02,0.377489539748954,0.122510460251046
2,0.9738,False,0.0196310475085104,0.3514747572823662,0.5270241785655552,0,0.0265308651671141,0.233,True,False,honest,0.02,0.3815062761506276,0.1184937238493723
2,0.903,False,0.0292694725362653,0.2384795565895704,0.5005323679397431,0,0.0222893017039676,0.267,True,False,honest,0.02,0.3855230125523013,0.1144769874476986
2,0.9956,False,0.0172909081640457,0.7302083123812039,0.5180822774763854,0,0.0299168730347821,0.279,True,False,honest,0.02,0.3895397489539749,0.110460251046025
2,0.9502,False,0.0128687571424592,0.6858930351965924,0.498340460497737,0,0.0216953480387943,0.309,True,False,honest,0.02,0.3935564853556486,0.1064435146443514
2,1.0,False,0.03614667983775,0.3453181643178399,0.4013178998968969,1,0.0236645747096482,0.313,True,False,honest,0.02,0.3975732217573222,0.1024267782426777
2,0.9852,False,0.018281335392228,0.6985332317901238,0.4896767817358354,0,0.0055112150985572,0.318,True,False,honest,0.02,0.4015899581589958,0.0984100418410041
2,0.5786,False,0.0182584615364617,0.4037074127020313,0.3924988771101361,0,0.0108873852692534,0.32,True,False,honest,0.02,0.4056066945606695,0.0943933054393305
2,0.8428,False,0.0098513329109805,0.4210329602053295,0.4764452849023756,1,0.0139990687688799,0.34,True,False,honest,0.02,0.4096234309623431,0.0903765690376568
2,0.8342,False,0.0260131360667733,0.0933748054845368,0.4487081787523265,1,0.0284421075871444,0.342,True,False,honest,0.02,0.4136401673640167,0.0863598326359832
3,0.7806,False,0.0168012230465098,0.6026110564998508,0.4932285433412312,0,0.0168012230465098,0.349,True,False,honest,0.02,0.4176569037656904,0.0823430962343095
2,0.9824,False,0.0246484643914137,0.2580264524431008,0.5966386856780038,0,0.0182885085660691,0.36,True,False,honest,0.02,0.4216736401673641,0.0783263598326359
2,0.5064,False,0.0094433845737501,0.8385713656806228,0.4836225345167598,0,0.0015244326742545,0.364,True,False,honest,0.02,0.4256903765690377,0.0743096234309623
2,0.981,False,0.0078678521847626,0.2454707651357164,0.4481045911713432,0,0.0097991798807764,0.392,True,False,honest,0.02,0.4297071129707113,0.0702928870292886
2,0.712,False,0.0215551606907688,0.1773289027908905,0.6646454580374076,0,0.0177328076958161,0.362,True,False,honest,0.02,0.433723849372385,0.066276150627615
3,0.4488,False,0.0259318052957817,0.1719914950566031,0.6878098860578935,1,0.0259318052957817,0.38,True,False,honest,0.02,0.4377405857740586,0.0622594142259413
2,0.983,False,0.0280186475158318,0.16750304916858,0.4911771858295536,0,0.0233254386231828,0.385,True,False,honest,0.02,0.4417573221757322,0.0582426778242677
2,0.955,False,0.0303302336257764,0.23994274215366,0.443662239989784,0,0.0376077530523462,0.399,True,False,honest,0.02,0.4457740585774059,0.054225941422594
2,0.817,False,0.0200880252536755,0.3488322597326055,0.4932058806138583,0,0.0270953764968296,0.393,True,False,honest,0.02,0.4497907949790795,0.0502092050209204
2,0.9398,False,0.0141582368823724,0.5872235695068798,0.540959945818186,0,0.0058441864817945,0.39,True,False,honest,0.02,0.4538075313807532,0.0461924686192468
2,1.0,False,0.0080672470774403,0.684396693075359,0.4875110585424314,1,0.0025460498547339,0.413,True,False,honest,0.02,0.4578242677824268,0.0421757322175731
2,0.9942,False,0.0306493389795155,0.2876169300152268,0.3930047784391491,0,0.0394646077640874,0.408,True,False,honest,0.02,0.4618410041841004,0.0381589958158995
2,0.9942,False,0.0205553700030598,0.3147435528832673,0.3410515628753634,0,0.0270250401889678,0.431,True,False,honest,0.02,0.4658577405857741,0.0341422594142258
2,0.9726,False,0.0167016710501457,0.226655138430515,0.5291380289074903,0,0.0129161514860273,0.439,True,False,honest,0.02,0.4698744769874478,0.0301255230125522
2,0.9634,False,0.0135981887498511,0.5453128533471203,0.6868923010715571,0,0.0210134558579305,0.453,True,False,honest,0.02,0.4738912133891214,0.0261087866108786
2,0.909,False,0.0122216633815586,0.9024771907545128,0.4740765640181453,1,0.0232514358173974,0.437,True,False,honest,0.02,0.477907949790795,0.0220920502092049
2,0.9994,False,0.0124885415852052,0.6733732892283331,0.4565253944267495,0,0.0040790912596373,0.468,True,False,honest,0.02,0.4819246861924686,0.0180753138075313
2,0.8408,False,0.0257465161929279,0.1580870682951002,0.497065253735038,0,0.0216763249290175,0.474,True,False,honest,0.02,0.4859414225941423,0.0140585774058576
2,0.8224,False,0.0171320728798357,0.2341783929387249,0.482907706855659,0,0.0211440341747789,0.438,True,False,honest,0.02,0.4899581589958159,0.010041841004184
2,0.9248,False,0.0101977585736588,0.2505370614620024,0.5401430861964598,0,0.0127526750404528,0.486,True,False,honest,0.02,0.4939748953974895,0.0060251046025104
2,0.9946,False,0.0292870839917461,0.2925359626014223,0.6575556671831988,0,0.0207195586841394,0.494,True,False,honest,0.02,0.4979916317991632,0.0020083682008367
2,0.982,False,0.0103979034536357,0.0043778748202178,0.4834141672954877,0,0.0103523827339186,0.485,True,False,honest,0.02,0.5020083682008368,0.0020083682008368
3,0.966,False,0.009626370779954,0.4328177924196125,0.6132134356529106,0,0.0034647992377536,0.497,True,False,honest,0.02,0.5060251046025105,0.0060251046025104
2,0.6722,False,0.0211135358845362,0.145781108530652,0.4959680576812945,0,0.0241914905509314,0.498,True,False,honest,0.02,0.5100418410041841,0.0100418410041841
2,0.9998,False,0.0167853776462773,0.9168525105046688,0.5017930506511064,1,0.0013956620106021,0.487,True,False,honest,0.02,0.5140585774058578,0.0140585774058578
2,0.3748,False,0.0165387973818893,0.2155363073890129,0.4856135393160354,0,0.0129740860653262,0.471,True,False,honest,0.02,0.5180753138075314,0.0180753138075313
2,0.9862,False,0.030003572066798,0.2284844546963493,0.4955883650250393,0,0.0368589218696515,0.4419999999999999,True,False,honest,0.02,0.5220920502092051,0.0220920502092051
2,0.953,False,0.0339479036252891,0.232127295771372,0.4033443947514842,0,0.0260676685594114,0.4579999999999999,True,False,honest,0.02,0.5261087866108787,0.0261087866108786
2,0.9232,False,0.0248682279698307,0.2307270715645725,0.404271027819437,1,0.0191304545551207,0.436,True,False,honest,0.02,0.5301255230125523,0.0301255230125523
2,0.8054,False,0.0185809073810695,0.0252662776493597,0.6044289368172104,0,0.0190503777459619,0.433,True,False,honest,0.02,0.534142259414226,0.0341422594142259
2,0.997,False,0.0177022422070387,0.176914824437585,0.4513800087619729,1,0.0208340312794255,0.424,True,False,honest,0.02,0.5381589958158997,0.0381589958158996
2,0.9684,False,0.015050382340051,0.4427377700015957,0.5434114628594554,0,0.0083870096247026,0.399,True,False,honest,0.02,0.5421757322175733,0.0421757322175733
2,0.9356,False,0.027451336842272,0.256050887735989,0.447141133090547,0,0.0204223976740126,0.404,True,False,honest,0.02,0.5461924686192469,0.0461924686192468
2,0.7542,False,0.0194354559460467,0.830554193390104,0.5878452640971372,0,0.0355776553833149,0.404,True,False,honest,0.02,0.5502092050209205,0.0502092050209205
3,0.7816,False,0.0172723487624065,0.855449322471149,0.4507123638122085,1,0.0012701915419754,0.392,True,False,honest,0.02,0.5542259414225942,0.0542259414225941
3,0.9024,False,0.0197522642434428,0.3377440833131801,0.5666954418320582,0,0.0089007518932392,0.393,True,False,honest,0.02,0.5582426778242678,0.0582426778242678
2,0.9472,False,0.0124368789890257,0.3766959770481568,0.5048021786993317,0,0.0171218012716031,0.392,True,False,honest,0.02,0.5622594142259415,0.0622594142259415
2,0.9998,False,0.0319642383082036,0.1356721598833054,0.5657353172311139,0,0.0276275810577692,0.365,True,False,honest,0.02,0.5662761506276152,0.0662761506276151
2,0.9206,False,0.0135068571354581,0.2284854328007234,0.653337255777739,0,0.0104207370368569,0.357,True,False,honest,0.02,0.5702928870292887,0.0702928870292887
2,0.8632,False,0.0172563908376118,0.6410376578866123,0.576683187622274,0,0.0061943944708521,0.357,True,False,honest,0.02,0.5743096234309624,0.0743096234309623
2,0.7794,False,0.0125886881358787,0.9596650335997507,0.4317452058595985,1,0.0005077643120242,0.351,True,False,honest,0.02,0.578326359832636,0.078326359832636
2,0.988,False,0.0267199268274706,0.310430998268436,0.5451353591042443,0,0.0350146203864923,0.3269999999999999,True,False,honest,0.02,0.5823430962343097,0.0823430962343096
2,0.966,False,0.0234110765064389,0.8399858893432522,0.7374118502738861,0,0.0037461025858549,0.3149999999999999,True,False,honest,0.02,0.5863598326359833,0.0863598326359833
2,0.9614,False,0.0339374232904094,0.2308333422142056,0.4932728274966872,0,0.0417713121349037,0.298,True,False,honest,0.02,0.590376569037657,0.090376569037657
2,0.77,False,0.014502334806839,0.4134511543008858,0.4854811184925277,0,0.0204983418731979,0.3359999999999999,True,False,honest,0.02,0.5943933054393306,0.0943933054393305
2,0.8072,False,0.0237597876661345,0.4116953588859822,0.4127296043768727,0,0.0139779933554588,0.308,True,False,honest,0.02,0.5984100418410042,0.0984100418410042
2,0.7998,False,0.0113573386242446,0.6195505487196478,0.5153526963410807,0,0.0043208932469794,0.312,True,False,honest,0.02,0.6024267782426779,0.1024267782426778
2,0.9592,False,0.0107601166933963,0.8424542039730573,0.4857169032308104,1,0.0198250222378312,0.3129999999999999,True,False,honest,0.02,0.6064435146443515,0.1064435146443515
3,0.8592,False,0.0217991177321397,0.1272417309940771,0.519944008902347,1,0.0188700620910731,0.307,True,False,honest,0.02,0.6104602510460252,0.1104602510460251
2,0.961,False,0.0199242992162405,0.488284525074082,0.3633861011706495,1,0.0296530261969647,0.293,True,False,honest,0.02,0.6144769874476989,0.1144769874476988
2,0.612,False,0.023176081659388,0.3928522912860086,0.543604196662417,0,0.0140713048760729,0.292,True,False,honest,0.02,0.6184937238493724,0.1184937238493724
2,0.9398,False,0.0303215894672029,0.3812684270785878,0.3889771767635382,1,0.0418822541902673,0.26,True,False,honest,0.02,0.6225104602510461,0.122510460251046
2,0.7472,False,0.0190000944222692,0.662890057226326,0.2548747196591888,0,0.0315950681018158,0.257,True,False,honest,0.02,0.6265271966527197,0.1265271966527197
2,0.937,False,0.0226261114594407,0.4383224845817768,0.4908246917026937,1,0.0325436448512053,0.253,True,False,honest,0.02,0.6305439330543934,0.1305439330543933
2,0.8912,False,0.0317126124189873,0.3911946445749567,0.3593530091336452,0,0.019306808274807,0.266,True,False,honest,0.02,0.634560669456067,0.134560669456067
2,0.9958,False,0.0271300162786997,0.0295696965944344,0.3737835638370615,1,0.0279322426286924,0.261,True,False,honest,0.02,0.6385774058577407,0.1385774058577407
2,0.993,False,0.0303542791646507,0.1963188310866266,0.6236013294833413,0,0.024395162560373,0.236,True,False,honest,0.02,0.6425941422594142,0.1425941422594142
2,0.9828,False,0.0277416868659333,0.1826879652800826,0.4710202908403046,0,0.0226736145387761,0.2189999999999999,True,False,honest,0.02,0.6466108786610879,0.1466108786610879
2,0.8912,False,0.0049463316532671,0.239219177808585,0.308119781787365,1,0.0061295890447695,0.2289999999999999,True,False,honest,0.02,0.6506276150627616,0.1506276150627615
2,0.2354,False,0.0142434313156966,0.8615815581993425,0.6569470465541052,0,0.0265153090636413,0.2039999999999999,True,False,honest,0.02,0.6546443514644352,0.1546443514644352
2,0.958,False,0.0183747611865064,0.7389621228097747,0.4995184879205907,0,0.0319530137197488,0.2119999999999999,True,False,honest,0.02,0.6586610878661089,0.1586610878661088
2,0.8602,False,0.0110981847773232,0.6315169357580646,0.5850624194180047,0,0.0181068764210067,0.1929999999999999,True,False,honest,0.02,0.6626778242677824,0.1626778242677824
2,0.989,False,0.0215115431236234,0.645868741469399,0.5126501094000366,0,0.0354051764085887,0.2109999999999999,True,False,honest,0.02,0.6666945606694561,0.1666945606694561
3,0.9082,False,0.0202563110107236,0.4625224003577499,0.5563508121304351,0,0.0320547477313756,0.174,True,False,honest,0.02,0.6707112970711298,0.1707112970711297
2,0.996,False,0.0068298408083921,0.0553845184964804,0.713409858577245,0,0.0072081082530279,0.1929999999999999,True,False,honest,0.02,0.6747280334728034,0.1747280334728034
2,0.955,False,0.0193914159512408,0.0061398424300593,0.2991207996710324,0,0.0192723557127983,0.167,True,False,honest,0.02,0.6787447698744771,0.178744769874477
2,0.9934,False,0.0166183383196666,0.198109019365332,0.4976598596179566,0,0.013326095611478,0.175,True,False,honest,0.02,0.6827615062761507,0.1827615062761507
3,0.6294,False,0.0158324486756393,0.2268572175085061,0.5704184172131961,0,0.0244559309668392,0.1969999999999999,True,False,honest,0.02,0.6867782426778243,0.1867782426778242
2,0.9128,False,0.0289332488733078,0.3265063790045275,0.5707804178246345,1,0.0383801391960949,0.1889999999999999,True,False,honest,0.02,0.6907949790794979,0.1907949790794979
2,0.9844,False,0.0099941132617581,0.1275096946656637,0.4882818306777921,1,0.0112684595923465,0.171,True,False,honest,0.02,0.6948117154811716,0.1948117154811716
2,0.2308,False,0.0224633337831954,0.2142775326845919,0.3869143299862951,1,0.0176499460440476,0.167,True,False,honest,0.02,0.6988284518828453,0.1988284518828452
2,0.9784,False,0.0183244459090897,0.9399218634192296,0.4881336267475716,0,0.0355479932550262,0.165,True,False,honest,0.02,0.7028451882845189,0.2028451882845189
2,0.935,False,0.0275445137473885,0.2953203677385742,0.2082829777449331,1,0.0356789696767428,0.153,True,False,honest,0.02,0.7068619246861926,0.2068619246861925
2,0.979,False,0.0089633116750919,0.4345815897298738,0.6540506383444762,0,0.0050680214376515,0.137,True,False,honest,0.02,0.7108786610878661,0.2108786610878661
2,0.9936,False,0.0288833856665774,0.350421973109081,0.6440136138260959,0,0.0187620126708743,0.133,True,False,honest,0.02,0.7148953974895398,0.2148953974895397
3,0.8476,False,0.0117683813488622,0.5149297325719501,0.507045656705056,0,0.0139046599305384,0.148,True,False,honest,0.02,0.7189121338912134,0.2189121338912134
2,0.9268,False,0.0035628386150702,0.727896189640985,0.3427519028585352,0,0.0061562152680136,0.136,True,False,honest,0.02,0.7229288702928871,0.2229288702928871
2,0.9956,False,0.0270991320999728,0.4111714182044703,0.4849545517080052,1,0.0159567435219055,0.142,True,False,honest,0.02,0.7269456066945608,0.2269456066945607
2,0.998,False,0.0180669221217616,0.0820207355770394,0.4747145034785102,0,0.0165850598796396,0.14,True,False,honest,0.02,0.7309623430962344,0.2309623430962344
2,0.979,False,0.0159762015760084,0.2938658381329892,0.4915942913837452,0,0.0112813417093993,0.127,True,False,honest,0.02,0.734979079497908,0.2349790794979079
2,0.7838,False,0.0282772029792952,0.0864154006437748,0.4221903317330211,0,0.0258336171546677,0.13,True,False,honest,0.02,0.7389958158995816,0.2389958158995816
2,0.912,False,0.0261066586283078,0.2694475701684948,0.4969778497586984,0,0.0331410343611932,0.1169999999999999,True,False,honest,0.02,0.7430125523012553,0.2430125523012553
2,0.419,False,0.0322225990061217,0.2742637587474823,0.5320043359013418,0,0.0233851078858156,0.1069999999999999,True,False,honest,0.02,0.747029288702929,0.2470292887029289
2,0.9342,False,0.0060309974914714,0.7721611784591979,0.4128826244358083,0,0.0013740953604002,0.118,True,False,honest,0.02,0.7510460251046026,0.2510460251046026
2,0.5506,False,0.0217035914353823,0.652218485338018,0.6384936823465699,0,0.0358590749684147,0.0989999999999999,True,False,honest,0.02,0.7550627615062763,0.2550627615062762
2,0.991,False,0.0156572989933119,0.1185630833810178,0.6169924311758035,0,0.0138009213471278,0.0959999999999999,True,False,honest,0.02,0.7590794979079498,0.2590794979079498
2,0.9128,False,0.0310694885442113,0.2653733235986018,0.3996175510164312,1,0.0228244751064599,0.0919999999999999,True,False,honest,0.02,0.7630962343096235,0.2630962343096235
3,0.985,False,0.0178056453714542,0.4764501158721296,0.4868187864937829,0,0.0309471540291307,0.0809999999999999,True,False,honest,0.02,0.7671129707112971,0.2671129707112971
2,0.7656,False,0.0051821333095379,0.0934286591264438,0.5058687377526221,0,0.0046979735429199,0.0869999999999999,True,False,honest,0.02,0.7711297071129708,0.2711297071129708
2,0.8376,False,0.0304941987774395,0.2349504683473047,0.4688083823362819,0,0.0376588250623097,0.0939999999999999,True,False,honest,0.02,0.7751464435146445,0.2751464435146444
2,0.998,False,0.0298520826038927,0.1232653756178455,0.5810658177453092,0,0.0335318107791598,0.0839999999999999,True,False,honest,0.02,0.7791631799163181,0.2791631799163181
2,0.9996,False,0.0041791763431291,0.7337452977234534,0.4279700482320642,1,0.0072456273339909,0.06,True,False,honest,0.02,0.7831799163179917,0.2831799163179916
3,0.8362,False,0.0079537112761106,0.8863304285436059,0.5416667620757839,0,0.0058860370670426,0.0699999999999999,True,False,honest,0.02,0.7871966527196653,0.2871966527196653
2,0.993,False,0.0236754174036205,0.7589347687015154,0.3146903933890247,1,0.0416435148355081,0.0629999999999999,True,False,honest,0.02,0.791213389121339,0.291213389121339
2,0.9974,False,0.0285370705105457,0.309908914409841,0.5469647795693661,0,0.0373809630532159,0.0769999999999999,True,False,honest,0.02,0.7952301255230126,0.2952301255230126
2,0.9582,False,0.0298009181829446,0.4423806297522507,0.2443133621585702,1,0.0166175692295358,0.0659999999999999,True,False,honest,0.02,0.7992468619246863,0.2992468619246863
2,0.9856,False,0.0272560454681185,0.1390010758420388,0.496503881444766,0,0.0310446651115255,0.0709999999999999,True,False,honest,0.02,0.8032635983263599,0.3032635983263598
2,0.956,False,0.0200461077390957,0.444400965513877,0.5400411019101965,0,0.011137598104602,0.0669999999999999,True,False,honest,0.02,0.8072803347280335,0.3072803347280335
2,0.9136,False,0.0213626328698788,0.3670854135974324,0.4372608090615729,1,0.0292045437928155,0.062,True,False,honest,0.02,0.8112970711297072,0.3112970711297071
2,0.9494,False,0.0248576166437521,0.7944456313940395,0.4354299164379562,0,0.0446056415940431,0.055,True,False,honest,0.02,0.8153138075313808,0.3153138075313808
2,0.953,False,0.0361040663999084,0.1849753793019455,0.5242544494311308,0,0.0427824297767591,0.059,True,False,honest,0.02,0.8193305439330545,0.3193305439330545
2,0.9748,False,0.0053463468548156,0.4663226237618663,0.6001402601481135,0,0.0028532243614706,0.058,True,False,honest,0.02,0.8233472803347281,0.3233472803347281
2,0.9874,False,0.0227985519579873,0.513591718151849,0.4902990844454403,0,0.0345076994299778,0.053,True,False,honest,0.02,0.8273640167364017,0.3273640167364017
2,0.955,False,0.0091588574458953,0.5006499894626573,0.6310598505581166,0,0.0137442393301734,0.044,False,False,honest,0.02,0.8313807531380754,0.3313807531380753
2,0.9536,False,0.023794841792292,0.2767441131285945,0.5056092345175138,0,0.0303799241814118,0.049,False,False,honest,0.02,0.835397489539749,0.335397489539749
2,0.8876,False,0.0148375556730301,0.529523651062773,0.4665809394369561,0,0.0226943923263897,0.054,True,False,honest,0.02,0.8394142259414227,0.3394142259414227
2,0.9574,False,0.0312541254108392,0.3269378242331642,0.5056337963889225,0,0.021035969650382,0.03,False,False,honest,0.02,0.8434309623430963,0.3434309623430963
2,0.964,False,0.0221722672966754,0.4962388698333936,0.3116500443399949,1,0.011169526431233,0.05,True,False,honest,0.02,0.84744769874477,0.34744769874477
3,0.9506,False,0.0069555591397474,1.0288769727228768,0.4838176964797906,1,0.0309858378905318,0.038,False,False,honest,0.02,0.8514644351464435,0.3514644351464435
2,0.64,False,0.0343944577392956,0.3712749062925836,0.4270024960109219,0,0.0471642568138081,0.034,False,False,honest,0.02,0.8554811715481172,0.3554811715481172
2,0.947,False,0.0319961898871693,0.0921621160436381,0.6411743055857086,0,0.034945026452597,0.046,False,False,honest,0.02,0.8594979079497909,0.3594979079497908
2,0.821,False,0.027842966023318,0.0978244927667912,0.4988975613808591,0,0.0251192419948661,0.03,False,False,honest,0.02,0.8635146443514645,0.3635146443514645
2,0.9802,False,0.024348062309426,0.7072351427589983,0.4584199150437329,0,0.0415678676334451,0.022,False,False,honest,0.02,0.8675313807531382,0.3675313807531382
2,0.9956,False,0.0176796581813886,0.597185099792584,0.7332227355448215,0,0.00712162974544,0.038,False,False,honest,0.02,0.8715481171548118,0.3715481171548118
2,0.9136,False,0.0344818899227691,0.6260671108813486,0.6438697511714415,0,0.0128939127204663,0.029,False,False,honest,0.02,0.8755648535564854,0.3755648535564854
2,0.9902,False,0.0052671425097741,0.0582759955171062,0.456540970702015,1,0.00557409048312,0.027,False,False,honest,0.02,0.879581589958159,0.379581589958159
2,1.0,False,0.0138530304436172,0.3307758872117398,0.4790721447487005,1,0.0184352788795067,0.031,False,False,honest,0.02,0.8835983263598327,0.3835983263598327
2,0.9536,False,0.0305782715776955,0.139113056334457,0.5298458183784199,0,0.0263244347609581,0.029,False,False,honest,0.02,0.8876150627615064,0.3876150627615063
2,0.844,False,0.0129345110767736,0.0971057716661202,0.5864287668083369,0,0.0116784953974424,0.025,False,False,honest,0.02,0.89163179916318,0.39163179916318
2,0.767,False,0.0250012636768833,0.4953815281055266,0.492854092006458,1,0.0126160994715642,0.024,False,False,honest,0.02,0.8956485355648537,0.3956485355648537
2,0.9498,False,0.0196895303777822,0.0731484121356199,0.4099494102294913,1,0.0211297882606862,0.025,False,False,honest,0.02,0.8996652719665272,0.3996652719665272
2,0.9496,False,0.0074949714741098,0.5272221310597501,0.6031768178304241,0,0.0035434566407704,0.02,False,False,honest,0.02,0.9036820083682008,0.4036820083682009
2,0.956,False,0.0075091960557718,0.7578186067987666,0.4896002871724059,0,0.0018185875618502,0.019,False,False,honest,0.02,0.9076987447698746,0.4076987447698745
2,0.8046,False,0.0236980161440785,0.2582588170573374,0.5335350984770517,0,0.0298182377603121,0.015,False,False,honest,0.02,0.9117154811715482,0.4117154811715482
2,0.9718,False,0.008704087017031,0.6674029790369778,0.6500477833815227,0,0.0145132206226621,0.017,False,False,honest,0.02,0.915732217573222,0.4157322175732219
3,0.801,False,0.021576554100274,0.3243401854416668,0.4862517453123426,1,0.017850662877775,0.016,False,False,honest,0.02,0.9197489539748956,0.4197489539748955
2,0.9812,False,0.0364135348419368,0.7532980454143279,0.6410762682148493,0,0.0638437794657476,0.017,False,False,honest,0.02,0.9237656903765692,0.4237656903765691
2,0.9224,False,0.018838514074312,0.744942828078554,0.5475114919869701,0,0.0328721300263725,0.019,False,False,honest,0.02,0.9277824267782429,0.4277824267782427
2,0.9694,False,0.0199051437845052,0.2940143243373445,0.5051325013885319,0,0.0140527463835722,0.01,False,False,honest,0.02,0.9317991631799164,0.4317991631799164
2,0.9848,False,0.0167044027584641,0.1884548619492866,0.5108426787904575,0,0.013556376842484,0.015,False,False,honest,0.02,0.93581589958159,0.43581589958159
2,0.9946,False,0.0140528573577614,0.4367829192295267,0.7017067704994286,0,0.0201909054184373,0.018,False,False,honest,0.02,0.9398326359832636,0.4398326359832637
2,0.966,False,0.0190671629608356,0.2603644921368589,0.5835696667188621,0,0.0141027507597865,0.008,False,False,honest,0.02,0.9438493723849372,0.4438493723849372
2,0.604,False,0.0145481738189484,0.3946364647356588,0.4538317118366671,1,0.0202894137036127,0.013,False,False,honest,0.02,0.9478661087866108,0.4478661087866109
2,0.8534,False,0.0105939127604394,0.237337907749922,0.5028346048088534,0,0.0131082498501246,0.015,False,False,honest,0.02,0.9518828451882846,0.4518828451882846
2,0.9856,False,0.0239074805271542,0.2871712495018343,0.5906262351754985,0,0.030773021582865,0.013,False,False,honest,0.02,0.9558995815899582,0.4558995815899582
2,0.9824,False,0.0332499194573867,0.7609749665384435,0.7788638347701823,0,0.0585522758046385,0.014,False,False,honest,0.02,0.959916317991632,0.4599163179916319
2,0.8802,False,0.0233365394527693,0.5740860662246968,0.364472530918642,1,0.0099393573184574,0.011,False,False,honest,0.02,0.9639330543933056,0.4639330543933055
2,0.813,False,0.0311683374175837,0.0745714032635571,0.5339462800596241,0,0.0288440707588878,0.007,False,False,honest,0.02,0.9679497907949792,0.4679497907949791
2,0.8342,False,0.013457176862845,0.5142500471136286,0.460151121479148,1,0.0065368230265962,0.007,False,False,honest,0.02,0.9719665271966528,0.4719665271966528
2,0.9946,False,0.0157763703340663,0.0892816905060359,0.5078544173189208,0,0.0143678293205023,0.011,False,False,honest,0.02,0.9759832635983264,0.4759832635983264
2,0.9742,False,0.0213570734543178,0.806761959869584,0.5034946765794974,1,0.0041269990164269,0.013,False,False,honest,0.02,0.98,0.48
2,0.9294,False,0.02805131736739,0.989008335861018,0.3694142201185694,0,0.0557943040766107,0.012,False,False,gated,0.05,0.02,0.48
1,0.9476,False,0.1418879517753124,,0.0265486618393097,1,0.1418879517753124,0.009,False,False,gated,0.05,0.0240167364016736,0.4759832635983264
1,0.9954,False,0.0667898727652635,,0.0293864608685187,1,0.0667898727652635,0.008,False,False,gated,0.05,0.0280334728033472,0.4719665271966527
1,0.962,False,,,,-1,,0.006,False,False,gated,0.05,0.0320502092050209,0.467949790794979
2,0.8438,False,0.0566668273859644,,0.6623325539224888,1,0.0566668273859644,0.011,False,False,gated,0.05,0.0360669456066945,0.4639330543933054
1,0.9454,False,0.0627684744494088,,0.0904334021629845,1,0.0627684744494088,0.01,False,False,gated,0.05,0.0400836820083682,0.4599163179916318
1,0.993,False,0.1145057479051886,,0.0334785702645245,1,0.1145057479051886,0.011,False,False,gated,0.05,0.0441004184100418,0.4558995815899581
1,0.983,False,0.0504145075268689,,0.143699658674504,1,0.0504145075268689,0.015,False,False,gated,0.05,0.0481171548117154,0.4518828451882845
1,1.0,False,0.1589209494256047,,0.0345858560039365,1,0.1589209494256047,0.017,False,False,gated,0.05,0.0521338912133891,0.4478661087866109
1,0.993,False,0.0591195046548047,,0.0578783155031963,1,0.0591195046548047,0.011,False,False,gated,0.05,0.0561506276150627,0.4438493723849372
2,0.991,False,0.0621604324838478,0.3221615942707828,0.233038242795956,0,0.0821861365137278,0.014,False,False,gated,0.05,0.0601673640167364,0.4398326359832636
1,1.0,False,0.1690713493879807,,0.0213890169103485,1,0.1690713493879807,0.015,False,False,gated,0.05,0.06418410041841,0.4358158995815899
1,0.8984,False,0.2177126841987808,,0.020786203823418,1,0.2177126841987808,0.011,False,False,gated,0.05,0.0682008368200836,0.4317991631799163
1,0.8178,False,0.2327182532738733,,0.0217206519951964,1,0.2327182532738733,0.016,False,False,gated,0.05,0.0722175732217573,0.4277824267782427
1,0.7666,False,,,,-1,,0.017,False,False,gated,0.05,0.0762343096234309,0.423765690376569
2,0.9938,False,0.0617523975780297,0.9977778491868377,0.1997693944858166,1,0.1233675720165645,0.022,False,False,gated,0.05,0.0802510460251046,0.4197489539748954
1,1.0,False,0.2268156353367124,,0.0235010914041566,1,0.2268156353367124,0.016,False,False,gated,0.05,0.0842677824267782,0.4157322175732217
1,1.0,False,0.1210529402042953,,0.0235713789300629,1,0.1210529402042953,0.019,False,False,gated,0.05,0.0882845188284519,0.4117154811715481
1,0.9944,False,0.0636032010514934,,0.0948689320755807,1,0.0636032010514934,0.022,False,False,gated,0.05,0.0923012552301255,0.4076987447698744
2,0.9902,False,0.0337689070786397,0.9925824262319934,0.1490437535417715,1,0.0672873307989513,0.023,False,False,gated,0.05,0.0963179916317991,0.4036820083682008
1,0.9452,False,0.2316420856688062,,0.0300889671372946,1,0.2316420856688062,0.019,False,False,gated,0.05,0.1003347280334728,0.3996652719665272
1,0.9204,False,,,,-1,,0.028,False,False,gated,0.05,0.1043514644351464,0.3956485355648536
1,0.9726,False,0.2117837511802821,,0.0224718881578274,1,0.2117837511802821,0.021,False,False,gated,0.05,0.1083682008368201,0.3916317991631799
1,0.9804,False,0.2358411090892765,,0.0240916051356836,1,0.2358411090892765,0.029,False,False,gated,0.05,0.1123849372384937,0.3876150627615062
1,0.9946,False,0.2406856241186504,,0.0302512198481167,1,0.2406856241186504,0.016,False,False,gated,0.05,0.1164016736401673,0.3835983263598326
1,0.9988,False,0.1699493920318144,,0.064883883506828,1,0.1699493920318144,0.03,False,False,gated,0.05,0.120418410041841,0.379581589958159
1,0.9984,False,0.2401437530854051,,0.0300500902044069,1,0.2401437530854051,0.03,False,False,gated,0.05,0.1244351464435146,0.3755648535564853
2,0.9698,False,0.1527460411134456,0.6829091401945581,0.2632359513681274,1,0.0484343735078569,0.027,False,False,gated,0.05,0.1284518828451883,0.3715481171548117
1,0.7346,False,0.229504044494981,,0.0345102936466784,1,0.229504044494981,0.041,False,False,gated,0.05,0.1324686192468619,0.367531380753138
2,0.968,False,0.1524147530494254,0.6595788683471295,0.2655326847003684,1,0.0518852027130185,0.029,False,False,gated,0.05,0.1364853556485355,0.3635146443514644
2,0.972,False,0.1391700270030254,0.7332491683430801,0.1265316933508071,1,0.241216333562011,0.036,False,False,gated,0.05,0.1405020920502092,0.3594979079497907
1,0.7416,False,0.1106339875995967,,0.1324064524976138,1,0.1106339875995967,0.028,False,False,gated,0.05,0.1445188284518828,0.3554811715481171
2,0.9778,False,0.1403756525856807,0.6400842263062759,0.2712632887765141,0,0.2302278935638649,0.034,False,False,gated,0.05,0.1485355648535564,0.3514644351464435
2,0.7264,False,0.113741672712311,0.5988131281566823,0.2831810736096998,1,0.0456316658730796,0.036,False,False,gated,0.05,0.1525523012552301,0.3474476987447699
2,0.9546,False,0.136242085879357,0.6737264475208622,0.268223852488848,0,0.2280319824023622,0.044,False,False,gated,0.05,0.1565690376569037,0.3434309623430962
1,0.9834,False,0.2338173530502269,,0.0502081273989333,1,0.2338173530502269,0.036,False,False,gated,0.05,0.1605857740585774,0.3394142259414225
2,0.7128,False,0.0591848158539313,0.744432200609446,0.4234320248888697,0,0.0151257331443799,0.042,False,False,gated,0.05,0.164602510460251,0.3353974895397489
1,0.9248,False,0.2367719498852672,,0.0480936308019405,1,0.2367719498852672,0.046,False,False,gated,0.05,0.1686192468619247,0.3313807531380753
1,0.9998,False,0.2442741509476866,,0.0358342767087575,1,0.2442741509476866,0.052,True,False,gated,0.05,0.1726359832635983,0.3273640167364017
1,0.9994,False,0.2452835472488239,,0.0462948710642399,1,0.2452835472488239,0.044,False,False,gated,0.05,0.1766527196652719,0.323347280334728
1,0.9832,False,0.2276021587929235,,0.0529353458621895,1,0.2276021587929235,0.066,True,False,gated,0.05,0.1806694560669456,0.3193305439330544
1,1.0,False,0.2439608243312395,,0.0437721587338217,1,0.2439608243312395,0.058,True,False,gated,0.05,0.1846861924686192,0.3153138075313807
2,0.9554,False,0.1446978796689039,0.6739685118996944,0.3493100068598577,0,0.2422196943050701,0.058,True,False,gated,0.05,0.1887029288702928,0.3112970711297071
2,0.9946,False,0.1388728537829331,0.6434715895108448,0.2536231201979724,1,0.0495121178186785,0.076,True,False,gated,0.05,0.1927196652719665,0.3072803347280335
1,0.9898,False,0.2398989016199848,,0.0494924312331343,1,0.2398989016199848,0.078,True,False,gated,0.05,0.1967364016736401,0.3032635983263598
1,0.9994,False,0.1087062218897196,,0.1758893798580247,1,0.1087062218897196,0.071,True,False,gated,0.05,0.2007531380753138,0.2992468619246862
2,0.5878,False,0.139553035679329,0.5800113885847477,0.2139276331584015,0,0.0586106856731645,0.082,True,False,gated,0.05,0.2047698744769874,0.2952301255230125
1,0.8652,False,0.2180693267594077,,0.0840062552811003,1,0.2180693267594077,0.058,True,False,gated,0.05,0.2087866108786611,0.2912133891213389
1,0.9996,False,0.227730477035263,,0.0938337932415764,1,0.227730477035263,0.083,True,False,gated,0.05,0.2128033472803347,0.2871966527196652
1,0.8316,False,0.2217577245617762,,0.0798876371200132,1,0.2217577245617762,0.095,True,False,gated,0.05,0.2168200836820083,0.2831799163179916
1,0.9934,False,0.2482967688231932,,0.0897958775480094,1,0.2482967688231932,0.071,True,False,gated,0.05,0.220836820083682,0.279163179916318
2,0.8452,False,0.1257864163079212,0.8360877875925937,0.2708238071833662,1,0.230954902828848,0.104,True,False,gated,0.05,0.2248535564853556,0.2751464435146443
1,0.8778,False,0.2518723633099908,,0.0911914555132003,1,0.2518723633099908,0.093,True,False,gated,0.05,0.2288702928870293,0.2711297071129707
2,0.9202,False,0.1452663121951448,0.6309077333760498,0.323728249354284,1,0.0536166724315775,0.076,True,False,gated,0.05,0.2328870292887029,0.267112970711297
1,0.8224,False,0.2320536094143256,,0.1070221123540599,1,0.2320536094143256,0.095,True,False,gated,0.05,0.2369037656903765,0.2630962343096234
2,0.8492,False,0.149274969584749,0.6790948308972392,0.344080081239604,0,0.0479031093567242,0.094,True,False,gated,0.05,0.2409205020920502,0.2590794979079498
2,0.8636,False,0.1346967007116369,0.7728782670800747,0.390678879884111,0,0.2388008533398233,0.098,True,False,gated,0.05,0.2449372384937238,0.2550627615062761
2,1.0,False,0.1329766969514232,0.826007195505991,0.2214579615088421,1,0.023136988434102,0.086,True,False,gated,0.05,0.2489539748953975,0.2510460251046025
1,0.5186,False,0.2422081070329847,,0.0946297663267873,1,0.2422081070329847,0.116,True,False,gated,0.05,0.2529707112970711,0.2470292887029288
1,0.641,False,0.2426706159835215,,0.131351655017457,1,0.2426706159835215,0.11,True,False,gated,0.05,0.2569874476987447,0.2430125523012552
2,0.9514,False,0.1468336666505421,0.6098392593058687,0.4731833654895266,0,0.2363786011624834,0.11,True,False,gated,0.05,0.2610041841004184,0.2389958158995815
1,0.7724,False,0.2501813510281455,,0.1180151069616635,1,0.2501813510281455,0.123,True,False,gated,0.05,0.2650209205020921,0.2349790794979079
1,0.5932,False,0.2474825773105217,,0.1249834717905205,1,0.2474825773105217,0.126,True,False,gated,0.05,0.2690376569037657,0.2309623430962343
1,0.633,False,0.2360568221122143,,0.1314731532216913,1,0.2360568221122143,0.138,True,False,gated,0.05,0.2730543933054393,0.2269456066945606
1,0.2706,False,0.2361457311448861,,0.1381356618609422,1,0.2361457311448861,0.136,True,False,gated,0.05,0.277071129707113,0.222928870292887
2,0.73,False,0.127534033126588,0.876532878936418,0.3073688901334372,1,0.0157462599068907,0.118,True,False,gated,0.05,0.2810878661087866,0.2189121338912133
1,0.1018,False,0.2470056731429633,,0.137911560370521,1,0.2470056731429633,0.162,True,False,gated,0.05,0.2851046025104602,0.2148953974895397
2,0.3122,False,0.1256043934303106,0.9742661103255676,0.3157727860428652,1,0.2479764972584359,0.141,True,False,gated,0.05,0.2891213389121339,0.210878661087866
2,0.5204,False,0.1373749726126384,0.8112757594135942,0.1533577054744418,1,0.2488239578441896,0.149,True,False,gated,0.05,0.2931380753138076,0.2068619246861924
1,0.0766,False,0.2494789452650434,,0.1282338910663185,1,0.2494789452650434,0.175,True,False,gated,0.05,0.2971548117154812,0.2028451882845188
1,0.0314,True,0.247524163606867,,0.1655570758299995,1,0.247524163606867,0.178,True,False,gated,0.05,0.3011715481171548,0.1988284518828451
2,0.1356,False,0.1358023137761722,0.7601128660168209,0.2128794619907928,1,0.2390273997130542,0.148,True,False,gated,0.05,0.3051882845188285,0.1948117154811715
2,0.0378,False,0.1459397968261201,0.6390760843467884,0.4248515131837987,1,0.2392064307327619,0.174,True,False,gated,0.05,0.3092050209205021,0.1907949790794978
2,0.0036,True,0.1244332452544193,0.9617328235976146,0.4692924635588219,0,0.2441047815633283,0.192,True,False,gated,0.05,0.3132217573221758,0.1867782426778242
2,0.0044,True,0.1418063634604747,0.7389246421004453,0.2569410864980909,1,0.2465905798288105,0.188,True,False,gated,0.05,0.3172384937238494,0.1827615062761505
1,0.0426,True,0.2502589783156984,,0.2170698142408565,1,0.2502589783156984,0.184,True,False,gated,0.05,0.321255230125523,0.1787447698744769
2,0.0312,False,0.2468259542264725,,0.1812868296490332,1,0.2468259542264725,0.175,True,False,gated,0.05,0.3252719665271967,0.1747280334728033
2,0.0348,False,0.1343780702138246,0.9042678718147886,0.1770737300840238,1,0.2558918417855623,0.197,True,False,gated,0.05,0.3292887029288703,0.1707112970711296
2,0.0002,True,0.2396623483342684,,0.2220551645686201,1,0.2396623483342684,0.247,True,False,gated,0.05,0.3333054393305439,0.166694560669456
2,0.0004,True,0.2465355050781386,,0.191728898070199,1,0.2465355050781386,0.205,True,False,gated,0.05,0.3373221757322176,0.1626778242677823
2,0.0004,True,0.2563382987683099,,0.2223018302267751,1,0.2563382987683099,0.214,True,False,gated,0.05,0.3413389121338912,0.1586610878661087
2,0.0114,True,0.2512752017901177,,0.2148481065909155,1,0.2512752017901177,0.206,True,False,gated,0.05,0.3453556485355649,0.1546443514644351
2,0.0002,True,0.252314928469896,,0.2243572588824804,1,0.252314928469896,0.232,True,False,gated,0.05,0.3493723849372385,0.1506276150627614
3,0.0004,True,0.1318673698864825,0.8993157182281716,0.4074126855330033,1,0.2504577683477038,0.231,True,False,gated,0.05,0.3533891213389121,0.1466108786610878
2,0.0004,True,0.2419239738164472,,0.2441346994794577,1,0.2419239738164472,0.248,True,False,gated,0.05,0.3574058577405858,0.1425941422594142
2,0.0004,True,0.2478571373319225,,0.2474981466441085,1,0.2478571373319225,0.246,True,False,gated,0.05,0.3614225941422594,0.1385774058577405
3,0.0002,True,0.1462244977648963,0.7212658464011084,0.4647333087272191,0,0.2516912339105926,0.266,True,False,gated,0.05,0.365439330543933,0.1345606694560669
2,0.0004,True,0.2594342258119881,0.0524531762772586,0.1364650680227739,1,0.2458260766330653,0.255,True,False,gated,0.05,0.3694560669456067,0.1305439330543932
2,0.0004,True,0.26725244940582,0.0757875962077425,0.1486865536120807,1,0.2469980286846458,0.254,True,False,gated,0.05,0.3734728033472804,0.1265271966527196
2,0.0002,True,0.2604835119579749,0.0458505631234027,0.1577311046321222,1,0.2485401962502942,0.248,True,False,gated,0.05,0.377489539748954,0.122510460251046
2,0.0002,True,0.2651329857469773,0.049610835865566,0.1482622915988554,1,0.2519795167084869,0.27,True,False,gated,0.05,0.3815062761506276,0.1184937238493723
2,0.0002,True,0.2566068690668883,0.0496732607628463,0.1645803312609917,1,0.2438603691461415,0.279,True,False,gated,0.05,0.3855230125523013,0.1144769874476986
2,0.0002,True,0.2610604531423452,0.045152428843144,0.1815551622137061,1,0.2492729396080314,0.289,True,False,gated,0.05,0.3895397489539749,0.110460251046025
2,0.0002,True,0.2775118098505907,0.0830701303623794,0.1713880307930995,1,0.2544588676291192,0.312,True,False,gated,0.05,0.3935564853556486,0.1064435146443514
2,0.0002,True,0.2682992847442352,0.0692225819525691,0.1698509372916102,1,0.2497269155181425,0.302,True,False,gated,0.05,0.3975732217573222,0.1024267782426777
2,0.0002,True,0.2715363336049045,0.0775612946933165,0.1757935418652952,1,0.2504756240141542,0.321,True,False,gated,0.05,0.4015899581589958,0.0984100418410041
2,0.0002,True,0.2671857141304697,0.0390501749592709,0.1867430980852789,1,0.2567520652470181,0.336,True,False,gated,0.05,0.4056066945606695,0.0943933054393305
2,0.0002,True,0.2586730685850935,0.0469308972115529,0.1937610805486975,1,0.2465333093918826,0.294,True,False,gated,0.05,0.4096234309623431,0.0903765690376568
2,0.0002,True,0.2639299059895938,0.0526854014290536,0.2131799602776563,1,0.2500246529433471,0.327,True,False,gated,0.05,0.4136401673640167,0.0863598326359832
3,0.0002,True,0.2516963507648072,0.7026122051492433,0.3402139275014169,1,0.2516963507648072,0.329,True,False,gated,0.05,0.4176569037656904,0.0823430962343095
2,0.0002,True,0.270808182553556,0.0777747876228583,0.2213851948673948,1,0.2497461336688432,0.355,True,False,gated,0.05,0.4216736401673641,0.0783263598326359
2,0.0002,True,0.2661336850675233,0.0575427146814706,0.227307551319762,1,0.2508196303604968,0.353,True,False,gated,0.05,0.4256903765690377,0.0743096234309623
2,0.0002,True,0.2711825454153319,0.070337712371426,0.2481309599081382,1,0.2521081855356867,0.349,True,False,gated,0.05,0.4297071129707113,0.0702928870292886
2,0.0002,True,0.2625709844201281,0.0606590347326063,0.2648949863041289,1,0.2466436819563522,0.383,True,False,gated,0.05,0.433723849372385,0.066276150627615
2,0.0002,True,0.2662913833370816,0.0558370742579478,0.2869426710956668,1,0.2514224515913814,0.379,True,False,gated,0.05,0.4377405857740586,0.0622594142259413
2,0.0002,True,0.2674264564111362,0.075839374751979,0.2881851604024327,1,0.28770791165757,0.393,True,False,gated,0.05,0.4417573221757322,0.0582426778242677
2,0.0002,True,0.266999146767762,0.072859072468831,0.2702491943063209,1,0.2864524569513033,0.383,True,False,gated,0.05,0.4457740585774059,0.054225941422594
3,0.0002,True,0.2679488847649837,0.0495515438676615,0.3042012981349545,1,0.2812261656827564,0.377,True,False,gated,0.05,0.4497907949790795,0.0502092050209204
3,0.0002,True,0.2721615991902326,0.057160452848134,0.3258768890865268,1,0.2877184794478758,0.392,True,False,gated,0.05,0.4538075313807532,0.0461924686192468
3,0.0002,True,0.2647227819744935,0.0641141340425421,0.3265942597378715,1,0.2816952539021849,0.435,True,False,gated,0.05,0.4578242677824268,0.0421757322175731
3,0.0002,True,0.2796128422498021,0.059862288813488,0.2674749404192771,1,0.2796128422498021,0.414,True,False,gated,0.05,0.4618410041841004,0.0381589958158995
3,0.0002,True,0.2885241451741899,0.0578100315118247,0.2949067803331193,1,0.2885241451741899,0.423,True,False,gated,0.05,0.4658577405857741,0.0341422594142258
3,0.0002,True,0.2818074494449576,0.0695086968684823,0.3021843140604791,1,0.2818074494449576,0.42,True,False,gated,0.05,0.4698744769874478,0.0301255230125522
3,0.0002,True,0.285112374516651,0.0651140601839256,0.3445952481764993,1,0.285112374516651,0.454,True,False,gated,0.05,0.4738912133891214,0.0261087866108786
3,0.0002,True,0.2835832831893899,0.0650229233140565,0.3437583861205949,1,0.2835832831893899,0.437,True,False,gated,0.05,0.477907949790795,0.0220920502092049
3,0.0002,True,0.279824285938377,0.0473845161130895,0.3837168883637152,1,0.2888117622973833,0.48,True,False,gated,0.05,0.4819246861924686,0.0180753138075313
3,0.0002,True,0.2833179637373934,0.0735902240632131,0.4125980434216373,1,0.3025421015946278,0.45,True,False,gated,0.05,0.4859414225941423,0.0140585774058576
3,0.0002,True,0.2812276728128369,0.0518438162933427,0.4320459052693046,1,0.2860357597398047,0.486,True,False,gated,0.05,0.4899581589958159,0.010041841004184
3,0.0002,True,0.28586880498398,0.0639613964681352,0.4739656762218919,1,0.2941532283559046,0.49,True,False,gated,0.05,0.4939748953974895,0.0060251046025104
3,0.0002,True,0.2829301843093844,0.0639348342418845,0.4770044300162138,1,0.2940118598195493,0.499,True,False,gated,0.05,0.4979916317991632,0.0020083682008367
3,0.0002,True,0.2841516286320009,0.0533929032912181,0.5101584432707823,0,0.2930923196829846,0.489,True,False,gated,0.05,0.5020083682008368,0.0020083682008368
3,0.0002,True,0.2856174055987804,0.0683794291768202,0.5281735216017258,0,0.2985010213620597,0.49,True,False,gated,0.05,0.5060251046025105,0.0060251046025104
3,0.0002,True,0.288128932602021,0.0719735063299427,0.5578783369728181,0,0.2922036548080962,0.478,True,False,gated,0.05,0.5100418410041841,0.0100418410041841
3,0.0002,True,0.2851544112050562,0.0734297607534545,0.5592520543766052,0,0.2962283051045549,0.4579999999999999,True,False,gated,0.05,0.5140585774058578,0.0140585774058578
3,0.0002,True,0.2912947073136305,0.0767850867580952,0.636111935742495,0,0.3031361867273562,0.477,True,False,gated,0.05,0.5180753138075314,0.0180753138075313
3,0.0002,True,0.2819069915902992,0.0507704810204962,0.6552721690728655,0,0.2819069915902992,0.4529999999999999,True,False,gated,0.05,0.5220920502092051,0.0220920502092051
3,0.0002,True,0.2773613466302588,0.0545824715791936,0.6796408810487073,0,0.2773613466302588,0.43,True,False,gated,0.05,0.5261087866108787,0.0261087866108786
3,0.0002,True,0.2879810667100243,0.0694166020344803,0.6822360109968866,0,0.2879810667100243,0.4399999999999999,True,False,gated,0.05,0.5301255230125523,0.0301255230125523
3,0.0002,True,0.2915681130220504,0.063291297776955,0.706488050508317,0,0.2916456118715409,0.417,True,False,gated,0.05,0.534142259414226,0.0341422594142259
3,0.0002,True,0.2781209760551342,0.0563763407119111,0.7369163950359002,0,0.2811753278696622,0.434,True,False,gated,0.05,0.5381589958158997,0.0381589958158996
3,0.0002,True,0.2616952587834792,0.0558589699338705,0.6709448848878542,0,0.2763132863757579,0.419,True,False,gated,0.05,0.5421757322175733,0.0421757322175733
3,0.0002,True,0.2638511393930277,0.0344842024239954,0.6835883463515435,0,0.2729498354936932,0.415,True,False,gated,0.05,0.5461924686192469,0.0461924686192468
3,0.0002,True,0.2626710796580894,0.0502064422601832,0.686394609009628,0,0.2758588600524134,0.387,True,False,gated,0.05,0.5502092050209205,0.0502092050209205
3,0.0002,True,0.2679756467978701,0.0601128271241974,0.7118987294582984,0,0.2840844205273856,0.397,True,False,gated,0.05,0.5542259414225942,0.0542259414225941
2,0.0002,True,0.262381776646145,0.0735275715977774,0.7203001903895778,0,0.28167407151452,0.37,True,False,gated,0.05,0.5582426778242678,0.0582426778242678
2,0.0002,True,0.2683413406671825,0.0511544283187452,0.7507357506547823,0,0.2820681885433491,0.389,True,False,gated,0.05,0.5622594142259415,0.0622594142259415
2,0.0002,True,0.2685171415080638,0.0447948804370381,0.7224073695991469,0,0.25648894825887,0.3399999999999999,True,False,gated,0.05,0.5662761506276152,0.0662761506276151
2,0.0002,True,0.270035358497691,0.0541652813099114,0.7461815964180772,0,0.2554088173409866,0.372,True,False,gated,0.05,0.5702928870292887,0.0702928870292887
2,0.0002,True,0.2693364821560163,0.0671212336237963,0.7633529797013026,0,0.2512582852137437,0.357,True,False,gated,0.05,0.5743096234309624,0.0743096234309623
2,0.0002,True,0.2648452733569583,0.0574912852421566,0.7537571732635264,0,0.2496189782012989,0.3419999999999999,True,False,gated,0.05,0.578326359832636,0.078326359832636
2,0.0002,True,0.2708568492919707,0.0608960167028845,0.7753966014712812,0,0.2543627460733353,0.354,True,False,gated,0.05,0.5823430962343097,0.0823430962343096
2,0.0002,True,0.2689064903533563,0.0519310097740779,0.7970061805658273,0,0.2549419047744513,0.3239999999999999,True,False,gated,0.05,0.5863598326359833,0.0863598326359833
2,0.0002,True,0.2641566845997858,0.0705571868549361,0.7933833501429002,0,0.2455185320454277,0.3319999999999999,True,False,gated,0.05,0.590376569037657,0.090376569037657
2,0.0002,True,0.2643341764159138,0.0494584336845695,0.8308193715147023,0,0.2512606220810325,0.299,True,False,gated,0.05,0.5943933054393306,0.0943933054393305
3,0.0002,True,0.2536001697743731,0.5235294191984203,0.7149038373963559,0,0.2536001697743731,0.3149999999999999,True,False,gated,0.05,0.5984100418410042,0.0984100418410042
2,0.0002,True,0.2734888216206745,0.0615468436785081,0.8316387405121867,0,0.2566564478685059,0.294,True,False,gated,0.05,0.6024267782426779,0.1024267782426778
2,0.0002,True,0.2606337457054318,0.0356665008274364,0.8161099991353641,0,0.2513378519985355,0.297,True,False,gated,0.05,0.6064435146443515,0.1064435146443515
2,0.0002,True,0.2634139799509403,0.036876943590572,0.8272219170618063,0,0.2537000774712845,0.294,True,False,gated,0.05,0.6104602510460252,0.1104602510460251
2,0.0002,True,0.2646031719887096,0.0641193877623384,0.8393471386592626,0,0.2476369786007567,0.26,True,False,gated,0.05,0.6144769874476989,0.1144769874476988
2,0.0002,True,0.2745848713245709,0.0824832813534314,0.8395234674196645,0,0.251936210127628,0.278,True,False,gated,0.05,0.6184937238493724,0.1184937238493724
2,0.0002,True,0.2497640424316498,,0.7227790975988794,0,0.2497640424316498,0.276,True,False,gated,0.05,0.6225104602510461,0.122510460251046
2,0.0002,True,0.2702628772952516,0.0862472852547851,0.8462138150333454,0,0.2469534378233028,0.251,True,False,gated,0.05,0.6265271966527197,0.1265271966527197
2,0.0002,True,0.2549506916106266,,0.7533003530138808,0,0.2549506916106266,0.247,True,False,gated,0.05,0.6305439330543934,0.1305439330543933
2,0.0002,True,0.2547511575236972,,0.727256867048975,0,0.2547511575236972,0.239,True,False,gated,0.05,0.634560669456067,0.134560669456067
2,0.0004,True,0.2365672503674212,,0.7455749764453319,0,0.2365672503674212,0.262,True,False,gated,0.05,0.6385774058577407,0.1385774058577407
2,0.0002,True,0.2587719330803474,,0.7503293366587886,0,0.2587719330803474,0.249,True,False,gated,0.05,0.6425941422594142,0.1425941422594142
2,0.0002,True,0.2490467507231842,,0.7439875448357199,0,0.2490467507231842,0.256,True,False,gated,0.05,0.6466108786610879,0.1466108786610879
2,0.001,True,0.247593918353362,,0.7617895739239826,0,0.247593918353362,0.2299999999999999,True,False,gated,0.05,0.6506276150627616,0.1506276150627615
2,0.0138,True,0.2438899301552007,,0.7860293799524485,0,0.2438899301552007,0.2149999999999999,True,False,gated,0.05,0.6546443514644352,0.1546443514644352
2,0.0004,True,0.2393574305698008,,0.7866262590569443,0,0.2393574305698008,0.1989999999999999,True,False,gated,0.05,0.6586610878661089,0.1586610878661088
2,0.003,True,0.1353672089138952,0.7972344190044828,0.7813828517616052,0,0.2432866070654201,0.2069999999999999,True,False,gated,0.05,0.6626778242677824,0.1626778242677824
2,0.0242,True,0.2428291450463019,,0.8021853665997235,0,0.2428291450463019,0.2009999999999999,True,False,gated,0.05,0.6666945606694561,0.1666945606694561
2,0.004,True,0.249493947628788,,0.8076945004333671,0,0.249493947628788,0.2079999999999999,True,False,gated,0.05,0.6707112970711298,0.1707112970711297
1,0.4326,False,0.2535361764799423,,0.7979673218912458,0,0.2535361764799423,0.176,True,False,gated,0.05,0.6747280334728034,0.1747280334728034
2,0.1028,False,0.2502822813243925,,0.8178312916009707,0,0.2502822813243925,0.184,True,False,gated,0.05,0.6787447698744771,0.178744769874477
2,0.0024,True,0.1299125939714896,0.8810958653124621,0.8065412577690769,0,0.2443780433726669,0.2029999999999999,True,False,gated,0.05,0.6827615062761507,0.1827615062761507
2,0.0246,True,0.2413652685554058,,0.8461662035375842,0,0.2413652685554058,0.182,True,False,gated,0.05,0.6867782426778243,0.1867782426778242
2,0.0158,True,0.1333491192367678,0.8709560211999916,0.8232186195771753,0,0.2494903375586173,0.169,True,False,gated,0.05,0.6907949790794979,0.1907949790794979
1,0.3762,False,0.2471076812833757,,0.852692337590327,0,0.2471076812833757,0.163,True,False,gated,0.05,0.6948117154811716,0.1948117154811716
2,0.4576,False,0.1509028222957134,0.5889657959217721,0.8087426113255594,0,0.2397794231365389,0.139,True,False,gated,0.05,0.6988284518828453,0.1988284518828452
1,0.019,True,0.2477582433844271,,0.8500367570856296,0,0.2477582433844271,0.154,True,False,gated,0.05,0.7028451882845189,0.2028451882845189
1,0.6974,False,0.2471421380980387,,0.8633016998520409,0,0.2471421380980387,0.133,True,False,gated,0.05,0.7068619246861926,0.2068619246861925
2,0.4978,False,0.1264782401544827,0.9695313876132068,0.816562721455624,0,0.2491028638353044,0.151,True,False,gated,0.05,0.7108786610878661,0.2108786610878661
1,0.6302,False,0.2455100586348204,,0.8705000949733716,0,0.2455100586348204,0.121,True,False,gated,0.05,0.7148953974895398,0.2148953974895397
2,0.1376,False,0.1326048845520375,0.8773075681477456,0.7460530635423919,0,0.2489401533437755,0.132,True,False,gated,0.05,0.7189121338912134,0.2189121338912134
1,0.3502,False,0.2472791788556161,,0.8553468829523174,0,0.2472791788556161,0.134,True,False,gated,0.05,0.7229288702928871,0.2229288702928871
1,0.759,False,0.2410796744147034,,0.8727442890475806,0,0.2410796744147034,0.1119999999999999,True,False,gated,0.05,0.7269456066945608,0.2269456066945607
1,0.5116,False,0.2346783614900268,,0.8788026876083633,0,0.2346783614900268,0.128,True,False,gated,0.05,0.7309623430962344,0.2309623430962344
1,0.2694,False,0.248232010462236,,0.8893400072094478,0,0.248232010462236,0.119,True,False,gated,0.05,0.734979079497908,0.2349790794979079
1,0.6638,False,0.2319580450151156,,0.8912856488505289,0,0.2319580450151156,0.12,True,False,gated,0.05,0.7389958158995816,0.2389958158995816
1,0.3674,False,0.2393347803527437,,0.87795054561697,0,0.2393347803527437,0.1069999999999999,True,False,gated,0.05,0.7430125523012553,0.2430125523012553
1,0.5342,False,0.2458433710473264,,0.8920914009354285,0,0.2458433710473264,0.1049999999999999,True,False,gated,0.05,0.747029288702929,0.2470292887029289
1,0.4974,False,0.2354041901401772,,0.9038516439977928,0,0.2354041901401772,0.1059999999999999,True,False,gated,0.05,0.7510460251046026,0.2510460251046026
1,0.9424,False,0.250485172012308,,0.897235769544237,0,0.250485172012308,0.1069999999999999,True,False,gated,0.05,0.7550627615062763,0.2550627615062762
1,0.679,False,0.2338382995796236,,0.8936067693839175,0,0.2338382995796236,0.1099999999999999,True,False,gated,0.05,0.7590794979079498,0.2590794979079498
1,0.9902,False,0.2521930228132111,,0.8957169079342695,0,0.2521930228132111,0.0829999999999999,True,False,gated,0.05,0.7630962343096235,0.2630962343096235
2,0.9954,False,0.154068437037061,0.6194740704484155,0.7818046336468647,0,0.0586270352174679,0.0989999999999999,True,False,gated,0.05,0.7671129707112971,0.2671129707112971
1,0.9508,False,0.2224332160285751,,0.9113435911460446,0,0.2224332160285751,0.0909999999999999,True,False,gated,0.05,0.7711297071129708,0.2711297071129708
1,0.9956,False,0.2399220970860121,,0.9115402293185566,0,0.2399220970860121,0.0839999999999999,True,False,gated,0.05,0.7751464435146445,0.2751464435146444
1,0.8712,False,0.2429973510531218,,0.9007179538207052,0,0.2429973510531218,0.0859999999999999,True,False,gated,0.05,0.7791631799163181,0.2791631799163181
1,0.795,False,0.2412508942591992,,0.9135476848250615,0,0.2412508942591992,0.0689999999999999,True,False,gated,0.05,0.7831799163179917,0.2831799163179916
1,0.9896,False,0.2430652628522656,,0.9285120925212468,0,0.2430652628522656,0.0889999999999999,True,False,gated,0.05,0.7871966527196653,0.2871966527196653
1,0.9738,False,0.2254410467468229,,0.927883883415965,0,0.2254410467468229,0.0649999999999999,True,False,gated,0.05,0.791213389121339,0.291213389121339
2,0.2598,False,0.1486232874633033,0.6566898943659509,0.5741181132525012,0,0.0510238765180496,0.0699999999999999,True,False,gated,0.05,0.7952301255230126,0.2952301255230126
1,1.0,False,0.2321006738794049,,0.9256602298932248,0,0.2321006738794049,0.0669999999999999,True,False,gated,0.05,0.7992468619246863,0.2992468619246863
1,1.0,False,0.2339913892904714,,0.9422523133161111,0,0.2339913892904714,0.055,True,False,gated,0.05,0.8032635983263599,0.3032635983263598
1,1.0,False,0.2391802580539164,,0.9313832842041374,0,0.2391802580539164,0.054,True,False,gated,0.05,0.8072803347280335,0.3072803347280335
1,0.9902,False,0.2389024175931054,,0.9391206087310148,0,0.2389024175931054,0.0659999999999999,True,False,gated,0.05,0.8112970711297072,0.3112970711297071
3,0.9234,False,0.0195792199239559,1.1087344076517325,0.7075912808272042,0,0.0025343263538176,0.0629999999999999,True,False,gated,0.05,0.8153138075313808,0.3153138075313808
2,0.998,False,0.1490997041747012,0.6782602758913515,0.7309173915525307,0,0.0479712976851712,0.051,True,False,gated,0.05,0.8193305439330545,0.3193305439330545
1,0.7662,False,0.2322476632171595,,0.9495912023561316,0,0.2322476632171595,0.058,True,False,gated,0.05,0.8233472803347281,0.3233472803347281
1,0.9948,False,0.2404859647867246,,0.9574217628691952,0,0.2404859647867246,0.045,False,False,gated,0.05,0.8273640167364017,0.3273640167364017
1,0.9974,False,0.2121155177881792,,0.9469637578735683,0,0.2121155177881792,0.058,True,False,gated,0.05,0.8313807531380754,0.3313807531380753
2,0.9996,False,0.1388704850581871,0.6531358200109068,0.66350599272071,0,0.0481691969237425,0.049,False,False,gated,0.05,0.835397489539749,0.335397489539749
1,0.9974,False,0.2443816307449001,,0.9543816920810956,0,0.2443816307449001,0.045,False,False,gated,0.05,0.8394142259414227,0.3394142259414227
1,1.0,False,0.243885873608799,,0.9568767359124156,0,0.243885873608799,0.052,True,False,gated,0.05,0.8434309623430963,0.3434309623430963
2,0.9874,False,0.1398196960959661,0.6219811096916048,0.7330285828590828,0,0.0528544863608321,0.045,False,False,gated,0.05,0.84744769874477,0.34744769874477
1,1.0,False,0.2316237695522529,,0.96062745083849,0,0.2316237695522529,0.031,False,False,gated,0.05,0.8514644351464435,0.3514644351464435
1,0.9794,False,0.2452747668558409,,0.9669247429751184,0,0.2452747668558409,0.043,False,False,gated,0.05,0.8554811715481172,0.3554811715481172
2,0.9274,False,0.1419851221240423,0.6839514573401305,0.8238849482733761,0,0.0448741909260032,0.038,False,False,gated,0.05,0.8594979079497909,0.3594979079497908
1,0.9324,False,0.2406200755224497,,0.963475197858534,0,0.2406200755224497,0.025,False,False,gated,0.05,0.8635146443514645,0.3635146443514645
2,0.9832,False,0.1351882707653651,0.753951862689113,0.6319234539241714,0,0.0332628222073439,0.031,False,False,gated,0.05,0.8675313807531382,0.3675313807531382
2,0.7688,False,0.1338421163468215,0.8690173215013625,0.84683725142358,0,0.0175309988941639,0.026,False,False,gated,0.05,0.8715481171548118,0.3715481171548118
2,0.9636,False,0.1409155070769942,0.6843657862053826,0.7391442018896818,0,0.0444777552870325,0.037,False,False,gated,0.05,0.8755648535564854,0.3755648535564854
1,0.993,False,0.2379775506977011,,0.9710422582975472,0,0.2379775506977011,0.028,False,False,gated,0.05,0.879581589958159,0.379581589958159
2,0.9802,False,0.1185304382419206,0.924157258444935,0.7310785700512743,0,0.0089896733930664,0.021,False,False,gated,0.05,0.8835983263598327,0.3835983263598327
2,1.0,False,0.1453039743897797,0.6588831397751546,0.7680278790723143,0,0.0495656355213741,0.023,False,False,gated,0.05,0.8876150627615064,0.3876150627615063
1,1.0,False,0.214595472041539,,0.966399528200098,0,0.214595472041539,0.021,False,False,gated,0.05,0.89163179916318,0.39163179916318
2,0.9622,False,0.1180677313380973,0.940125188047297,0.8123971068275293,0,0.0070692832106107,0.019,False,False,gated,0.05,0.8956485355648537,0.3956485355648537
1,0.9974,False,0.2418377985855159,,0.9783736601103078,0,0.2418377985855159,0.016,False,False,gated,0.05,0.8996652719665272,0.3996652719665272
1,0.9984,False,0.2302910468480157,,0.9784663159083028,0,0.2302910468480157,0.019,False,False,gated,0.05,0.9036820083682008,0.4036820083682009
2,0.8618,False,0.1424958440875815,0.7202824427694343,0.6084285775123732,0,0.0398585894229655,0.025,False,False,gated,0.05,0.9076987447698746,0.4076987447698745
2,0.9942,False,0.0097475824660526,,0.4625592701855459,1,,0.017,False,False,gated,0.05,0.9117154811715482,0.4117154811715482
3,0.9354,False,0.0198748176926349,0.7064104221010403,0.444659294203969,1,0.0339145960487768,0.018,False,False,gated,0.05,0.915732217573222,0.4157322175732219
1,1.0,False,,,,-1,,0.021,False,False,gated,0.05,0.9197489539748956,0.4197489539748955
1,0.888,False,,,,-1,,0.014,False,False,gated,0.05,0.9237656903765692,0.4237656903765691
1,0.971,False,0.1632541648206064,,0.9692766625613004,0,0.1632541648206064,0.017,False,False,gated,0.05,0.9277824267782429,0.4277824267782427
1,0.948,False,,,,-1,,0.021,False,False,gated,0.05,0.9317991631799164,0.4317991631799164
2,0.4902,False,0.1241459374204543,0.5736347140426988,0.7737012836180959,0,0.195360356732773,0.015,False,False,gated,0.05,0.93581589958159,0.43581589958159
1,0.987,False,0.0563002819708294,,0.8834178885746036,0,0.0563002819708294,0.012,False,False,gated,0.05,0.9398326359832636,0.4398326359832637
1,0.997,False,0.0707052020110198,,0.911393757170771,0,0.0707052020110198,0.012,False,False,gated,0.05,0.9438493723849372,0.4438493723849372
1,0.8154,False,0.0510829501069173,,0.9192123083742536,0,0.0510829501069173,0.007,False,False,gated,0.05,0.9478661087866108,0.4478661087866109
2,0.9944,False,0.0689196457855769,0.228507638701447,0.6913703130818575,0,0.0846683113044077,0.012,False,False,gated,0.05,0.9518828451882846,0.4518828451882846
1,1.0,False,,,,-1,,0.012,False,False,gated,0.05,0.9558995815899582,0.4558995815899582
2,0.9834,False,0.0602973338579823,0.8115679497927347,0.7170864850998497,0,0.0113619502400799,0.015,False,False,gated,0.05,0.959916317991632,0.4599163179916319
1,0.9584,False,0.0214693644268204,,0.7369700094682525,0,0.0214693644268204,0.008,False,False,gated,0.05,0.9639330543933056,0.4639330543933055
2,0.9802,False,0.0318619405075096,0.2553971860686724,0.6577263946852492,0,0.0237244905589488,0.004,False,False,gated,0.05,0.9679497907949792,0.4679497907949791
1,0.9896,False,0.0635862809246289,,0.9397406788132044,0,0.0635862809246289,0.004,False,False,gated,0.05,0.9719665271966528,0.4719665271966528
2,0.882,False,0.0589377042453647,0.0656386441374981,0.827865221533326,0,0.062806295240673,0.006,False,False,gated,0.05,0.9759832635983264,0.4759832635983264
1,0.987,False,0.0833256789626794,,0.9791997568544016,0,0.0833256789626794,0.009,False,False,gated,0.05,0.98,0.48
1,0.9002,False,0.0134972308665156,,0.5339283986776463,1,0.0134972308665156,0.008,False,False,honest,0.05,0.02,0.48
2,0.9286,False,0.0225152797198408,0.8125738423858885,0.4577847849542895,1,0.0042199523646841,0.008,False,False,honest,0.05,0.0240167364016736,0.4759832635983264
1,0.966,False,0.0481204257117238,,0.6902547251694862,0,0.0481204257117238,0.009,False,False,honest,0.05,0.0280334728033472,0.4719665271966527
2,0.7348,False,0.0158308733576391,0.2299608226770393,0.4479437764840889,0,0.0121903926963904,0.017,False,False,honest,0.05,0.0320502092050209,0.467949790794979
1,0.9726,False,0.0689164279109823,,0.6148930015189887,1,0.0689164279109823,0.008,False,False,honest,0.05,0.0360669456066945,0.4639330543933054
2,0.472,False,0.0568085249112437,0.3210059310569949,0.5486120975452136,0,0.0385726514798144,0.01,False,False,honest,0.05,0.0400836820083682,0.4599163179916318
1,0.7914,False,0.0087998451525564,,0.786730201671284,0,0.0087998451525564,0.015,False,False,honest,0.05,0.0441004184100418,0.4558995815899581
1,0.8842,False,0.0452644292527322,,0.5398189531652681,1,0.0452644292527322,0.011,False,False,honest,0.05,0.0481171548117154,0.4518828451882845
1,1.0,False,0.0031444431971881,,0.7935212145188489,0,0.0031444431971881,0.011,False,False,honest,0.05,0.0521338912133891,0.4478661087866109
1,0.9994,False,0.0249608659822459,,0.218118012351339,1,0.0249608659822459,0.015,False,False,honest,0.05,0.0561506276150627,0.4438493723849372
1,0.9844,False,0.0227356488198725,,0.4814625185663111,1,0.0227356488198725,0.015,False,False,honest,0.05,0.0601673640167364,0.4398326359832636
1,0.9128,False,0.005281146084287,,0.7225917232947431,0,0.005281146084287,0.01,False,False,honest,0.05,0.06418410041841,0.4358158995815899
1,0.929,False,0.0554125844399944,,0.5988960756597626,0,0.0554125844399944,0.019,False,False,honest,0.05,0.0682008368200836,0.4317991631799163
2,0.5994,False,0.0263860223245231,0.7141469657189318,0.4602601139101724,1,0.0452295201056874,0.016,False,False,honest,0.05,0.0722175732217573,0.4277824267782427
1,1.0,False,0.0056259541397014,,0.4950128654606212,0,0.0056259541397014,0.016,False,False,honest,0.05,0.0762343096234309,0.423765690376569
1,0.9994,False,0.0119554566714501,,0.5585046739769052,0,0.0119554566714501,0.016,False,False,honest,0.05,0.0802510460251046,0.4197489539748954
1,0.9468,False,0.0564308271029221,,0.3689928691613138,1,0.0564308271029221,0.021,False,False,honest,0.05,0.0842677824267782,0.4157322175732217
2,0.337,False,0.034747661241097,0.3501295844932482,0.4487704856167573,0,0.0225814770482894,0.021,False,False,honest,0.05,0.0882845188284519,0.4117154811715481
1,0.9774,False,0.0352228420251975,,0.3626153861188364,1,0.0352228420251975,0.012,False,False,honest,0.05,0.0923012552301255,0.4076987447698744
1,0.9996,False,0.0340362308761468,,0.3134121580208132,1,0.0340362308761468,0.023,False,False,honest,0.05,0.0963179916317991,0.4036820083682008
1,0.9956,False,0.0354737456453237,,0.3613967683003122,1,0.0354737456453237,0.021,False,False,honest,0.05,0.1003347280334728,0.3996652719665272
1,0.941,False,0.0645936021673469,,0.6469769176797875,1,0.0645936021673469,0.021,False,False,honest,0.05,0.1043514644351464,0.3956485355648536
1,1.0,False,0.0229647291577607,,0.7061050493290952,0,0.0229647291577607,0.028,False,False,honest,0.05,0.1083682008368201,0.3916317991631799
1,1.0,False,0.0610941936234912,,0.4099470143886426,1,0.0610941936234912,0.023,False,False,honest,0.05,0.1123849372384937,0.3876150627615062
1,0.9968,False,0.0739878761882428,,0.3021909893431554,1,0.0739878761882428,0.03,False,False,honest,0.05,0.1164016736401673,0.3835983263598326
1,0.9974,False,0.068497108066361,,0.3177366788864684,1,0.068497108066361,0.031,False,False,honest,0.05,0.120418410041841,0.379581589958159
3,0.8076,False,0.0453795479362948,0.2917825461003892,0.5352122248769084,1,0.0308846152146462,0.022,False,False,honest,0.05,0.1244351464435146,0.3755648535564853
2,0.7998,False,0.0151464895353011,0.654274904896645,0.4114871934327933,1,0.0052365215344197,0.04,False,False,honest,0.05,0.1284518828451883,0.3715481171548117
1,0.9934,False,0.0673453805645077,,0.3065336424943533,0,0.0673453805645077,0.033,False,False,honest,0.05,0.1324686192468619,0.367531380753138
1,0.903,False,0.0335715320075247,,0.5690159895842984,0,0.0335715320075247,0.043,False,False,honest,0.05,0.1364853556485355,0.3635146443514644
1,0.9926,False,0.0647134856635102,,0.5014121336354519,1,0.0647134856635102,0.036,False,False,honest,0.05,0.1405020920502092,0.3594979079497907
1,0.8758,False,0.0644265612135197,,0.7927542417312733,0,0.0644265612135197,0.036,False,False,honest,0.05,0.1445188284518828,0.3554811715481171
1,0.9994,False,0.0169006678328207,,0.7144245835253178,0,0.0169006678328207,0.039,False,False,honest,0.05,0.1485355648535564,0.3514644351464435
1,0.8912,False,0.0560332016249028,,0.3827630589634451,1,0.0560332016249028,0.035,False,False,honest,0.05,0.1525523012552301,0.3474476987447699
1,0.9274,False,0.052436963734462,,0.5003579361415094,1,0.052436963734462,0.05,True,False,honest,0.05,0.1565690376569037,0.3434309623430962
1,0.9958,False,0.02497361621493,,0.5226223719086754,0,0.02497361621493,0.035,False,False,honest,0.05,0.1605857740585774,0.3394142259414225
2,0.9834,False,0.0596193191848237,0.1644228766189006,0.6297783116580475,0,0.0694220991474173,0.047,False,False,honest,0.05,0.164602510460251,0.3353974895397489
2,0.9946,False,0.058150115861191,0.1702830584286267,0.563251336328705,1,0.0680520954381838,0.054,True,False,honest,0.05,0.1686192468619247,0.3313807531380753
1,0.8622,False,0.0161421878663013,,0.5624781461592429,0,0.0161421878663013,0.053,True,False,honest,0.05,0.1726359832635983,0.3273640167364017
2,0.7282,False,0.0353037505897538,0.62408315565495,0.5912083272621004,0,0.0132712745146208,0.049,False,False,honest,0.05,0.1766527196652719,0.323347280334728
1,1.0,False,0.0340908779790786,,0.3578137468055365,1,0.0340908779790786,0.05,True,False,honest,0.05,0.1806694560669456,0.3193305439330544
1,0.9696,False,0.0242404103490123,,0.5334847693018507,0,0.0242404103490123,0.05,True,False,honest,0.05,0.1846861924686192,0.3153138075313807
1,0.9784,False,0.0152900236008816,,0.4500841309877155,0,0.0152900236008816,0.06,True,False,honest,0.05,0.1887029288702928,0.3112970711297071
2,0.9424,False,0.0458835370880653,0.1062356914133811,0.2762058201770321,1,0.0410090678009169,0.064,True,False,honest,0.05,0.1927196652719665,0.3072803347280335
1,0.9722,False,0.0262868557133357,,0.7050647870976933,0,0.0262868557133357,0.068,True,False,honest,0.05,0.1967364016736401,0.3032635983263598
1,0.8452,False,0.0549894014620701,,0.6345091744700526,0,0.0549894014620701,0.054,True,False,honest,0.05,0.2007531380753138,0.2992468619246862
1,1.0,False,0.0782796020200611,,0.8468008435597407,0,0.0782796020200611,0.079,True,False,honest,0.05,0.2047698744769874,0.2952301255230125
1,0.9976,False,0.0780266391077157,,0.613443525347789,0,0.0780266391077157,0.073,True,False,honest,0.05,0.2087866108786611,0.2912133891213389
2,0.9942,False,0.01495529253963,0.2470565670196345,0.4737072382501616,1,0.0186500957734924,0.079,True,False,honest,0.05,0.2128033472803347,0.2871966527196652
1,1.0,False,0.0511753923277333,,0.4946842397289188,1,0.0511753923277333,0.069,True,False,honest,0.05,0.2168200836820083,0.2831799163179916
1,0.8598,False,0.0419742894775881,,0.6149228287081987,0,0.0419742894775881,0.077,True,False,honest,0.05,0.220836820083682,0.279163179916318
1,1.0,False,0.0535809813781574,,0.4120496078036014,1,0.0535809813781574,0.099,True,False,honest,0.05,0.2248535564853556,0.2751464435146443
1,1.0,False,0.0348614863407514,,0.2337313176577713,1,0.0348614863407514,0.075,True,False,honest,0.05,0.2288702928870293,0.2711297071129707
1,0.7404,False,0.0571825009695027,,0.5009654435575903,1,0.0571825009695027,0.079,True,False,honest,0.05,0.2328870292887029,0.267112970711297
1,0.8474,False,0.0404130220922428,,0.4911860342471292,0,0.0404130220922428,0.084,True,False,honest,0.05,0.2369037656903765,0.2630962343096234
1,0.7726,False,0.082837709877551,,0.9340646736203227,0,0.082837709877551,0.1,True,False,honest,0.05,0.2409205020920502,0.2590794979079498
1,0.8974,False,0.0145120575061902,,0.362710384279625,1,0.0145120575061902,0.109,True,False,honest,0.05,0.2449372384937238,0.2550627615062761
2,0.9956,False,0.0600258918594874,0.1636668397509694,0.2451609312487116,1,0.050201643835448,0.103,True,False,honest,0.05,0.2489539748953975,0.2510460251046025
2,0.9248,False,0.0463976851673379,0.0093212689742292,0.4532273002512683,0,0.0459651998641022,0.097,True,False,honest,0.05,0.2529707112970711,0.2470292887029288
1,0.9702,False,0.0148097079413205,,0.5059345318393642,1,0.0148097079413205,0.109,True,False,honest,0.05,0.2569874476987447,0.2430125523012552
2,0.9248,False,0.056627265928228,0.2082555984696605,0.5351192878391606,0,0.06842021108402,0.127,True,False,honest,0.05,0.2610041841004184,0.2389958158995815
1,0.8872,False,0.0778110783870094,,0.626436090594751,0,0.0778110783870094,0.121,True,False,honest,0.05,0.2650209205020921,0.2349790794979079
2,0.1776,False,0.061381632778279,0.1678640308674334,0.6092502793973262,0,0.0510778644787246,0.134,True,False,honest,0.05,0.2690376569037657,0.2309623430962343
1,0.8266,False,0.0300411243136593,,0.4936814951582677,0,0.0300411243136593,0.138,True,False,honest,0.05,0.2730543933054393,0.2269456066945606
1,0.5842,False,0.0261807524398335,,0.4678924913636547,0,0.0261807524398335,0.132,True,False,honest,0.05,0.277071129707113,0.222928870292887
1,0.979,False,0.0116795074212119,,0.5036102631428425,0,0.0116795074212119,0.139,True,False,honest,0.05,0.2810878661087866,0.2189121338912133
1,0.988,False,0.0640048670092695,,0.2949090449509513,0,0.0640048670092695,0.161,True,False,honest,0.05,0.2851046025104602,0.2148953974895397
2,0.9998,False,0.0207210521444644,0.6292542671706615,0.4335454772084582,1,0.0076822416616651,0.137,True,False,honest,0.05,0.2891213389121339,0.210878661087866
1,0.9974,False,0.0204558864464854,,0.4140723022023825,1,0.0204558864464854,0.152,True,False,honest,0.05,0.2931380753138076,0.2068619246861924
2,0.9356,False,0.0147507443600134,0.0470154384469353,0.4786363358562365,0,0.0154442570735651,0.142,True,False,honest,0.05,0.2971548117154812,0.2028451882845188
2,0.8146,False,0.0399379624980602,0.1879094092181889,0.5915978580655346,0,0.0474426814366368,0.175,True,False,honest,0.05,0.3011715481171548,0.1988284518828451
3,0.6754,False,0.0454696825180308,0.3804204954720351,0.4260932545553746,0,0.0454696825180308,0.157,True,False,honest,0.05,0.3051882845188285,0.1948117154811715
1,0.5836,False,0.013889640416013,,0.491756112106131,1,0.013889640416013,0.164,True,False,honest,0.05,0.3092050209205021,0.1907949790794978
1,0.8668,False,0.0604422098819968,,0.5009727372504702,0,0.0604422098819968,0.17,True,False,honest,0.05,0.3132217573221758,0.1867782426778242
1,0.9952,False,0.0441519913782369,,0.6807356013286407,0,0.0441519913782369,0.196,True,False,honest,0.05,0.3172384937238494,0.1827615062761505
1,1.0,False,0.0048033710180008,,0.3990047987725322,1,0.0048033710180008,0.196,True,False,honest,0.05,0.321255230125523,0.1787447698744769
1,1.0,False,0.0569189341890845,,0.5011416343269233,0,0.0569189341890845,0.208,True,False,honest,0.05,0.3252719665271967,0.1747280334728033
2,0.766,False,0.0416376580493873,0.2553316184943349,0.5407565256092571,0,0.0522690686697064,0.203,True,False,honest,0.05,0.3292887029288703,0.1707112970711296
2,0.8386,False,0.0617885891785021,0.0851531838211105,0.5556955927968502,0,0.0565270940860529,0.205,True,False,honest,0.05,0.3333054393305439,0.166694560669456
1,0.9956,False,0.0458817693439013,,0.5119507764163861,1,0.0458817693439013,0.246,True,False,honest,0.05,0.3373221757322176,0.1626778242677823
1,0.8274,False,0.0761327828383227,,0.90803890085462,0,0.0761327828383227,0.211,True,False,honest,0.05,0.3413389121338912,0.1586610878661087
1,0.9934,False,0.0235223813125445,,0.9064232376460344,0,0.0235223813125445,0.229,True,False,honest,0.05,0.3453556485355649,0.1546443514644351
1,0.9836,False,0.0678536210425055,,0.7918718217607773,1,0.0678536210425055,0.225,True,False,honest,0.05,0.3493723849372385,0.1506276150627614
1,1.0,False,0.0640730475508055,,0.3209136008326653,1,0.0640730475508055,0.248,True,False,honest,0.05,0.3533891213389121,0.1466108786610878
1,0.9996,False,0.047809914547993,,0.8966163423782575,0,0.047809914547993,0.233,True,False,honest,0.05,0.3574058577405858,0.1425941422594142
1,0.9926,False,0.0232790316254571,,0.2276699932134979,1,0.0232790316254571,0.23,True,False,honest,0.05,0.3614225941422594,0.1385774058577405
1,0.7502,False,0.0603283948539676,,0.3004217767928772,1,0.0603283948539676,0.279,True,False,honest,0.05,0.365439330543933,0.1345606694560669
1,0.9774,False,0.0269798947363354,,0.3881031509851392,1,0.0269798947363354,0.263,True,False,honest,0.05,0.3694560669456067,0.1305439330543932
1,0.9942,False,0.0468996363602688,,0.4963728263191437,1,0.0468996363602688,0.28,True,False,honest,0.05,0.3734728033472804,0.1265271966527196
1,0.9974,False,0.067934484971918,,0.520270171569111,1,0.067934484971918,0.306,True,False,honest,0.05,0.377489539748954,0.122510460251046
1,0.9968,False,0.0573284671111859,,0.5020721681630225,0,0.0573284671111859,0.28,True,False,honest,0.05,0.3815062761506276,0.1184937238493723
1,0.9432,False,0.0020918910168056,,0.8238527534728517,0,0.0020918910168056,0.249,True,False,honest,0.05,0.3855230125523013,0.1144769874476986
2,0.3758,False,0.0205522481899655,0.6030323596625642,0.5472217429486179,0,0.0081585774669969,0.289,True,False,honest,0.05,0.3895397489539749,0.110460251046025
1,0.965,False,0.0336449461185308,,0.4851206912732662,0,0.0336449461185308,0.303,True,False,honest,0.05,0.3935564853556486,0.1064435146443514
2,0.998,False,0.0503749314191839,0.2543523315234626,0.4939401647676272,1,0.0375619501621256,0.298,True,False,honest,0.05,0.3975732217573222,0.1024267782426777
1,0.9942,False,0.0058748974494344,,0.3150797649194043,1,0.0058748974494344,0.312,True,False,honest,0.05,0.4015899581589958,0.0984100418410041
1,0.9956,False,0.0153954187454083,,0.5192521253569337,1,0.0153954187454083,0.32,True,False,honest,0.05,0.4056066945606695,0.0943933054393305
1,0.9424,False,0.0658300384793471,,0.3756541200841239,1,0.0658300384793471,0.332,True,False,honest,0.05,0.4096234309623431,0.0903765690376568
1,1.0,False,0.0606560841348289,,0.4388745364272506,0,0.0606560841348289,0.31,True,False,honest,0.05,0.4136401673640167,0.0863598326359832
1,0.9472,False,0.0564273761684543,,0.4928190244831595,1,0.0564273761684543,0.37,True,False,honest,0.05,0.4176569037656904,0.0823430962343095
1,0.8844,False,0.0669489976524369,,0.4092919137273232,1,0.0669489976524369,0.368,True,False,honest,0.05,0.4216736401673641,0.0783263598326359
1,0.988,False,0.0236323032546431,,0.3084041992119934,1,0.0236323032546431,0.368,True,False,honest,0.05,0.4256903765690377,0.0743096234309623
2,0.9348,False,0.0502273068045635,0.0348031211340037,0.5104453906466324,0,0.0484792397615747,0.358,True,False,honest,0.05,0.4297071129707113,0.0702928870292886
2,0.9562,False,0.0309109613903137,0.856879475435156,0.396961553484306,1,0.0573979297724991,0.345,True,False,honest,0.05,0.433723849372385,0.066276150627615
1,0.9996,False,0.0620494668650749,,0.7711759889598521,0,0.0620494668650749,0.389,True,False,honest,0.05,0.4377405857740586,0.0622594142259413
1,0.9424,False,0.0999874145495168,,0.056606514923452,1,0.0999874145495168,0.383,True,False,honest,0.05,0.4417573221757322,0.0582426778242677
2,0.956,False,0.0439793611426008,0.5289520605827052,0.5132030655762164,0,0.0672423348426194,0.368,True,False,honest,0.05,0.4457740585774059,0.054225941422594
2,0.9942,False,0.0210882604473823,0.302780676430753,0.3737189302908543,1,0.0274733782106914,0.387,True,False,honest,0.05,0.4497907949790795,0.0502092050209204
1,0.9994,False,0.0594141088774176,,0.5019654120323437,0,0.0594141088774176,0.389,True,False,honest,0.05,0.4538075313807532,0.0461924686192468
1,0.9232,False,0.0171481087740841,,0.5098881093643036,1,0.0171481087740841,0.424,True,False,honest,0.05,0.4578242677824268,0.0421757322175731
1,0.8802,False,0.0625926730069682,,0.4950861540970662,1,0.0625926730069682,0.427,True,False,honest,0.05,0.4618410041841004,0.0381589958158995
2,0.8938,False,0.0279508881273055,0.6817446285673312,0.5740341506969759,0,0.0470062559724642,0.438,True,False,honest,0.05,0.4658577405857741,0.0341422594142258
1,0.9356,False,0.0571420464868607,,0.4962977978589645,1,0.0571420464868607,0.476,True,False,honest,0.05,0.4698744769874478,0.0301255230125522
1,0.95,False,0.034039356752759,,0.4805723132337888,1,0.034039356752759,0.454,True,False,honest,0.05,0.4738912133891214,0.0261087866108786
1,1.0,False,0.006089327904434,,0.4588926670819294,1,0.006089327904434,0.433,True,False,honest,0.05,0.477907949790795,0.0220920502092049
1,0.997,False,0.0684562307342272,,0.226208637236114,1,0.0684562307342272,0.43,True,False,honest,0.05,0.4819246861924686,0.0180753138075313
1,0.9998,False,0.056500896108637,,0.5026313199420037,0,0.056500896108637,0.466,True,False,honest,0.05,0.4859414225941423,0.0140585774058576
1,0.489,False,0.0707764218096702,,0.8406654331161596,0,0.0707764218096702,0.466,True,False,honest,0.05,0.4899581589958159,0.010041841004184
1,1.0,False,0.0114701698526342,,0.5054764701398584,0,0.0114701698526342,0.5,True,False,honest,0.05,0.4939748953974895,0.0060251046025104
1,0.616,False,0.0218919373923129,,0.630983069329888,0,0.0218919373923129,0.496,True,False,honest,0.05,0.4979916317991632,0.0020083682008367
1,0.9922,False,0.0747096237911845,,0.5595024151587437,0,0.0747096237911845,0.498,True,False,honest,0.05,0.5020083682008368,0.0020083682008368
2,0.9366,False,0.0318249268328131,0.6497253954375684,0.566495623763291,0,0.052502390004684,0.492,True,False,honest,0.05,0.5060251046025105,0.0060251046025104
1,1.0,False,0.0713605217052213,,0.367930249868592,1,0.0713605217052213,0.477,True,False,honest,0.05,0.5100418410041841,0.0100418410041841
2,0.8974,False,0.0152115947044279,0.9182441749133012,0.4800846582941196,0,0.0012436364750267,0.471,True,False,honest,0.05,0.5140585774058578,0.0140585774058578
1,0.9996,False,0.0785129991016637,,0.141249312309468,1,0.0785129991016637,0.4539999999999999,True,False,honest,0.05,0.5180753138075314,0.0180753138075313
1,0.9786,False,0.0486870476693624,,0.682338093543169,0,0.0486870476693624,0.418,True,False,honest,0.05,0.5220920502092051,0.0220920502092051
1,0.9988,False,0.0306397703585388,,0.3899512559683335,1,0.0306397703585388,0.4509999999999999,True,False,honest,0.05,0.5261087866108787,0.0261087866108786
1,0.9784,False,0.0635445395758722,,0.6394202531463218,0,0.0635445395758722,0.434,True,False,honest,0.05,0.5301255230125523,0.0301255230125523
2,0.9226,False,0.0377422496315125,0.8551122970288361,0.4861344972428035,0,0.005468387853219,0.406,True,False,honest,0.05,0.534142259414226,0.0341422594142259
2,1.0,False,0.0187215756700643,0.5288909014263115,0.389633021781965,1,0.0286232467028544,0.423,True,False,honest,0.05,0.5381589958158997,0.0381589958158996
1,0.858,False,0.0327749198493276,,0.5537168151288172,0,0.0327749198493276,0.398,True,False,honest,0.05,0.5421757322175733,0.0421757322175733
1,0.9976,False,0.0453306118684396,,0.4486265343772634,1,0.0453306118684396,0.394,True,False,honest,0.05,0.5461924686192469,0.0461924686192468
2,0.9428,False,0.0307746317333239,0.5154973615510401,0.5162415948044967,0,0.014910390271575,0.416,True,False,honest,0.05,0.5502092050209205,0.0502092050209205
2,0.8488,False,0.0523722082948023,0.1134917908132788,0.4099468219027322,1,0.0464283925864657,0.389,True,False,honest,0.05,0.5542259414225942,0.0542259414225941
2,0.9368,False,0.0491856690334913,0.4297652777382308,0.6179649041788908,0,0.0280473763201424,0.409,True,False,honest,0.05,0.5582426778242678,0.0582426778242678
1,0.9996,False,0.0582619197203134,,0.4223532461387633,0,0.0582619197203134,0.38,True,False,honest,0.05,0.5622594142259415,0.0622594142259415
1,0.986,False,0.0100796086418024,,0.4253943742257719,1,0.0100796086418024,0.365,True,False,honest,0.05,0.5662761506276152,0.0662761506276151
1,0.9946,False,0.0202984865570369,,0.5527921311124606,0,0.0202984865570369,0.358,True,False,honest,0.05,0.5702928870292887,0.0702928870292887
1,0.9796,False,0.0649473029397144,,0.4431004472617622,0,0.0649473029397144,0.373,True,False,honest,0.05,0.5743096234309624,0.0743096234309623
1,1.0,False,0.0586827648318573,,0.4228790640212307,1,0.0586827648318573,0.3399999999999999,True,False,honest,0.05,0.578326359832636,0.078326359832636
1,0.941,False,0.0699109730426074,,0.4986548341846725,0,0.0699109730426074,0.3269999999999999,True,False,honest,0.05,0.5823430962343097,0.0823430962343096
1,0.9956,False,0.0483900537388701,,0.7080623383260686,0,0.0483900537388701,0.3399999999999999,True,False,honest,0.05,0.5863598326359833,0.0863598326359833
1,0.947,False,0.0336791192929069,,0.4951767616570788,0,0.0336791192929069,0.3359999999999999,True,False,honest,0.05,0.590376569037657,0.090376569037657
1,0.9788,False,0.0452542480971637,,0.3199623951847608,1,0.0452542480971637,0.3159999999999999,True,False,honest,0.05,0.5943933054393306,0.0943933054393305
1,0.9904,False,0.0562048841021278,,0.7520255126343098,0,0.0562048841021278,0.308,True,False,honest,0.05,0.5984100418410042,0.0984100418410042
1,1.0,False,0.0630861923389436,,0.6529297910330388,0,0.0630861923389436,0.293,True,False,honest,0.05,0.6024267782426779,0.1024267782426778
1,0.9994,False,0.0113380579463202,,0.6232195871120825,1,0.0113380579463202,0.3149999999999999,True,False,honest,0.05,0.6064435146443515,0.1064435146443515
1,0.9942,False,0.0221351057909715,,0.5197133839340459,0,0.0221351057909715,0.3129999999999999,True,False,honest,0.05,0.6104602510460252,0.1104602510460251
2,0.9902,False,0.0453129967100096,0.0097501995326878,0.4233510610733287,1,0.0457548074693659,0.277,True,False,honest,0.05,0.6144769874476989,0.1144769874476988
1,0.9856,False,0.059367176642498,,0.5018744279218648,0,0.059367176642498,0.279,True,False,honest,0.05,0.6184937238493724,0.1184937238493724
1,1.0,False,0.0659643524876423,,0.3914258673897095,1,0.0659643524876423,0.248,True,False,honest,0.05,0.6225104602510461,0.122510460251046
2,0.8546,False,0.0394744478482127,0.6042308140768038,0.4047466609980195,0,0.0156227700890506,0.257,True,False,honest,0.05,0.6265271966527197,0.1265271966527197
1,1.0,False,0.0136715751651794,,0.1033482799454678,1,0.0136715751651794,0.2239999999999999,True,False,honest,0.05,0.6305439330543934,0.1305439330543933
1,0.9952,False,0.0054060672624363,,0.6003390622968282,0,0.0054060672624363,0.26,True,False,honest,0.05,0.634560669456067,0.134560669456067
2,0.8496,False,0.0161246384269474,0.320459477906974,0.5226044802687304,1,0.0109573452148886,0.237,True,False,honest,0.05,0.6385774058577407,0.1385774058577407
2,0.9624,False,0.0331191168754071,0.7470232016776025,0.5423905014593113,0,0.0578598656011554,0.2329999999999999,True,False,honest,0.05,0.6425941422594142,0.1425941422594142
1,0.9944,False,0.0016483342424225,,0.5940756077678269,0,0.0016483342424225,0.2139999999999999,True,False,honest,0.05,0.6466108786610879,0.1466108786610879
1,0.9976,False,0.034976039654015,,0.6449300301979852,0,0.034976039654015,0.2299999999999999,True,False,honest,0.05,0.6506276150627616,0.1506276150627615
1,0.4152,False,0.0313610394423977,,0.2429066025590238,1,0.0313610394423977,0.1989999999999999,True,False,honest,0.05,0.6546443514644352,0.1546443514644352
1,0.9996,False,0.075540163212845,,0.3029461242589454,1,0.075540163212845,0.1909999999999999,True,False,honest,0.05,0.6586610878661089,0.1586610878661088
1,0.9688,False,0.0511777629264476,,0.4590188635145989,0,0.0511777629264476,0.2039999999999999,True,False,honest,0.05,0.6626778242677824,0.1626778242677824
1,0.9956,False,0.0758831685010454,,0.1246218022545714,1,0.0758831685010454,0.2149999999999999,True,False,honest,0.05,0.6666945606694561,0.1666945606694561
2,0.966,False,0.050263236662594,0.1363555268421457,0.503448405363122,1,0.0571169067786498,0.2099999999999999,True,False,honest,0.05,0.6707112970711298,0.1707112970711297
1,1.0,False,0.0287765109098701,,0.4444046204133848,1,0.0287765109098701,0.1879999999999999,True,False,honest,0.05,0.6747280334728034,0.1747280334728034
1,0.9976,False,0.0461695942442115,,0.5956087801986412,0,0.0461695942442115,0.2039999999999999,True,False,honest,0.05,0.6787447698744771,0.178744769874477
1,1.0,False,0.0589508670221448,,0.4949500995704382,0,0.0589508670221448,0.184,True,False,honest,0.05,0.6827615062761507,0.1827615062761507
1,0.8406,False,0.059003250532222,,0.6852552675624352,1,0.059003250532222,0.172,True,False,honest,0.05,0.6867782426778243,0.1867782426778242
1,0.9776,False,0.0582915164740176,,0.5064428495506286,0,0.0582915164740176,0.162,True,False,honest,0.05,0.6907949790794979,0.1907949790794979
1,0.8768,False,0.0018351018240397,,0.7916416961580525,0,0.0018351018240397,0.174,True,False,honest,0.05,0.6948117154811716,0.1948117154811716
1,1.0,False,0.0193588763221362,,0.4113697306761796,1,0.0193588763221362,0.174,True,False,honest,0.05,0.6988284518828453,0.1988284518828452
1,0.997,False,0.0519660876960289,,0.7009673660232321,0,0.0519660876960289,0.141,True,False,honest,0.05,0.7028451882845189,0.2028451882845189
1,0.9856,False,0.0242021414893318,,0.7392694593854978,0,0.0242021414893318,0.15,True,False,honest,0.05,0.7068619246861926,0.2068619246861925
1,0.8362,False,0.0636462196009616,,0.4431108201854243,1,0.0636462196009616,0.141,True,False,honest,0.05,0.7108786610878661,0.2108786610878661
2,0.9774,False,0.0520704241949421,0.2708165087639107,0.6665000148521601,0,0.0661719546855431,0.167,True,False,honest,0.05,0.7148953974895398,0.2148953974895397
1,0.9924,False,0.0248889605911612,,0.7885928600806287,0,0.0248889605911612,0.129,True,False,honest,0.05,0.7189121338912134,0.2189121338912134
2,0.71,False,0.0534588683407745,0.0832980549192708,0.6217718016342604,0,0.0579118880918297,0.138,True,False,honest,0.05,0.7229288702928871,0.2229288702928871
2,0.966,False,0.0556595150304697,0.101574266512522,0.4382233204084779,1,0.0500059406167055,0.127,True,False,honest,0.05,0.7269456066945608,0.2269456066945607
1,0.9762,False,0.0560496858485012,,0.494694190891307,1,0.0560496858485012,0.127,True,False,honest,0.05,0.7309623430962344,0.2309623430962344
1,1.0,False,0.0057778504137404,,0.6865330307590648,0,0.0057778504137404,0.1169999999999999,True,False,honest,0.05,0.734979079497908,0.2349790794979079
1,0.9992,False,0.0275519320251767,,0.5925727503850672,0,0.0275519320251767,0.134,True,False,honest,0.05,0.7389958158995816,0.2389958158995816
1,0.9996,False,0.0566764288674423,,0.545900014690766,0,0.0566764288674423,0.123,True,False,honest,0.05,0.7430125523012553,0.2430125523012553
1,0.8936,False,0.0622162067270316,,0.5009346973298694,0,0.0622162067270316,0.119,True,False,honest,0.05,0.747029288702929,0.2470292887029289
1,1.0,False,0.0322790156163965,,0.4567714359809376,0,0.0322790156163965,0.0959999999999999,True,False,honest,0.05,0.7510460251046026,0.2510460251046026
1,0.996,False,0.0233074458004595,,0.4862949939770008,1,0.0233074458004595,0.0959999999999999,True,False,honest,0.05,0.7550627615062763,0.2550627615062762
2,0.872,False,0.0433434366850808,0.9276037225365208,0.6384872358586896,0,0.0031379034675462,0.1169999999999999,True,False,honest,0.05,0.7590794979079498,0.2590794979079498
1,0.936,False,0.0594476360946633,,0.796263560617625,0,0.0594476360946633,0.0929999999999999,True,False,honest,0.05,0.7630962343096235,0.2630962343096235
1,0.9962,False,0.050296043940295,,0.3842220890380469,1,0.050296043940295,0.0889999999999999,True,False,honest,0.05,0.7671129707112971,0.2671129707112971
1,0.968,False,0.0487935435636738,,0.5146690751015285,0,0.0487935435636738,0.0949999999999999,True,False,honest,0.05,0.7711297071129708,0.2711297071129708
1,0.978,False,0.0021238669278756,,0.2796205672509455,1,0.0021238669278756,0.0829999999999999,True,False,honest,0.05,0.7751464435146445,0.2751464435146444
2,0.7494,False,0.0295147659549912,0.6445644173833779,0.412853045741703,0,0.0104905980323609,0.0949999999999999,True,False,honest,0.05,0.7791631799163181,0.2791631799163181
1,1.0,False,0.0522226756583697,,0.4614412501095776,0,0.0522226756583697,0.0919999999999999,True,False,honest,0.05,0.7831799163179917,0.2831799163179916
1,1.0,False,0.0577674310503042,,0.5013951646743608,0,0.0577674310503042,0.0859999999999999,True,False,honest,0.05,0.7871966527196653,0.2871966527196653
1,1.0,False,0.0159909002061633,,0.495076091822176,1,0.0159909002061633,0.0879999999999999,True,False,honest,0.05,0.791213389121339,0.291213389121339
2,0.9616,False,0.0107062241415027,0.9776446748047252,0.525240464300494,0,0.0002393411213191,0.0749999999999999,True,False,honest,0.05,0.7952301255230126,0.2952301255230126
2,0.966,False,0.0450500695225772,0.0948191030395373,0.481051908876599,0,0.0407784623384828,0.057,True,False,honest,0.05,0.7992468619246863,0.2992468619246863
1,0.9956,False,0.0659144856130219,,0.5677790648537371,0,0.0659144856130219,0.057,True,False,honest,0.05,0.8032635983263599,0.3032635983263598
1,0.979,False,0.0161841930111327,,0.6182105165909924,0,0.0161841930111327,0.0749999999999999,True,False,honest,0.05,0.8072803347280335,0.3072803347280335
1,0.9994,False,0.0130950568773277,,0.476058863201834,0,0.0130950568773277,0.053,True,False,honest,0.05,0.8112970711297072,0.3112970711297071
1,0.9048,False,0.0137731688627694,,0.1387081808852984,1,0.0137731688627694,0.058,True,False,honest,0.05,0.8153138075313808,0.3153138075313808
1,0.9304,False,0.0460961421502644,,0.5210352131096465,1,0.0460961421502644,0.055,True,False,honest,0.05,0.8193305439330545,0.3193305439330545
1,0.9614,False,0.0704090470153301,,0.6218777169822716,0,0.0704090470153301,0.05,True,False,honest,0.05,0.8233472803347281,0.3233472803347281
1,0.9622,False,0.0482151089814422,,0.1547117619254386,1,0.0482151089814422,0.046,False,False,honest,0.05,0.8273640167364017,0.3273640167364017
2,0.991,False,0.0288028104684142,0.1241698395252415,0.2049944800199001,1,0.0323792508222773,0.056,True,False,honest,0.05,0.8313807531380754,0.3313807531380753
2,0.7998,False,0.0105496809360927,0.3804093050718149,0.4761390905447905,1,0.0065364841420839,0.052,True,False,honest,0.05,0.835397489539749,0.335397489539749
1,0.9934,False,0.0321682104084883,,0.4769402447220586,0,0.0321682104084883,0.047,False,False,honest,0.05,0.8394142259414227,0.3394142259414227
1,0.9956,False,0.0156648651041533,,0.5818526428190641,0,0.0156648651041533,0.045,False,False,honest,0.05,0.8434309623430963,0.3434309623430963
1,0.9958,False,0.0274481828359358,,0.4106807705951875,0,0.0274481828359358,0.038,False,False,honest,0.05,0.84744769874477,0.34744769874477
1,0.9888,False,0.0065778501028392,,0.4341065598911074,0,0.0065778501028392,0.054,True,False,honest,0.05,0.8514644351464435,0.3514644351464435
1,0.9994,False,0.0554257784011397,,0.4158771463243987,1,0.0554257784011397,0.041,False,False,honest,0.05,0.8554811715481172,0.3554811715481172
2,0.945,False,0.0332032811279897,0.7474581675848554,0.4856280377777934,0,0.0083852174575102,0.037,False,False,honest,0.05,0.8594979079497909,0.3594979079497908
2,0.9968,False,0.0561766028362184,0.1767455336114324,0.5883490621035219,0,0.06610556648116,0.039,False,False,honest,0.05,0.8635146443514645,0.3635146443514645
1,0.9976,False,0.074448952561431,,0.1368339738350371,1,0.074448952561431,0.031,False,False,honest,0.05,0.8675313807531382,0.3675313807531382
1,0.9968,False,0.0245697612042585,,0.3861424219982621,1,0.0245697612042585,0.028,False,False,honest,0.05,0.8715481171548118,0.3715481171548118
1,0.8584,False,0.0488469055718038,,0.489927621934167,1,0.0488469055718038,0.034,False,False,honest,0.05,0.8755648535564854,0.3755648535564854
2,0.9766,False,0.0232848271307064,0.7467239455272423,0.4004135272693975,1,0.0406721651174139,0.022,False,False,honest,0.05,0.879581589958159,0.379581589958159
1,0.9986,False,0.0498032195174785,,0.4706837756169276,1,0.0498032195174785,0.029,False,False,honest,0.05,0.8835983263598327,0.3835983263598327
1,0.9494,False,0.0139330964588167,,0.300967886657228,1,0.0139330964588167,0.023,False,False,honest,0.05,0.8876150627615064,0.3876150627615063
1,0.759,False,0.0311970845814202,,0.4064269984114574,0,0.0311970845814202,0.03,False,False,honest,0.05,0.89163179916318,0.39163179916318
2,0.966,False,0.0498578997413771,0.6418511045157852,0.6636635052794424,0,0.0818592477598591,0.024,False,False,honest,0.05,0.8956485355648537,0.3956485355648537
2,0.7472,False,0.035410444875024,0.4441249008046862,0.5058880775421886,1,0.01968378455701,0.027,False,False,honest,0.05,0.8996652719665272,0.3996652719665272
1,0.9042,False,0.0037124236709466,,0.3710118208127727,1,0.0037124236709466,0.026,False,False,honest,0.05,0.9036820083682008,0.4036820083682009
1,0.9142,False,0.070435964858466,,0.4254733773635614,0,0.070435964858466,0.022,False,False,honest,0.05,0.9076987447698746,0.4076987447698745
2,0.9572,False,0.0501883456547775,0.0507494989113627,0.5827258881066697,1,0.0476413122615565,0.025,False,False,honest,0.05,0.9117154811715482,0.4117154811715482
1,0.6276,False,0.0671123072453957,,0.509166509368756,0,0.0671123072453957,0.018,False,False,honest,0.05,0.915732217573222,0.4157322175732219
1,0.9674,False,0.0352795059241312,,0.4089022911817417,1,0.0352795059241312,0.013,False,False,honest,0.05,0.9197489539748956,0.4197489539748955
1,0.8076,False,0.0612914576925235,,0.5308289181294904,0,0.0612914576925235,0.015,False,False,honest,0.05,0.9237656903765692,0.4237656903765691
1,0.9976,False,0.0500880535790246,,0.4877098123466761,1,0.0500880535790246,0.017,False,False,honest,0.05,0.9277824267782429,0.4277824267782427
2,0.7336,False,0.0314385159944421,0.2444781473498831,0.5279287042698285,0,0.0237524858484467,0.015,False,False,honest,0.05,0.9317991631799164,0.4317991631799164
1,1.0,False,0.0621500159521391,,0.6750054408841405,0,0.0621500159521391,0.012,False,False,honest,0.05,0.93581589958159,0.43581589958159
2,0.859,False,0.0129714984798714,0.039982169805248,0.6758679938047522,0,0.0134901271347621,0.014,False,False,honest,0.05,0.9398326359832636,0.4398326359832637
1,0.9994,False,0.0568154356329541,,0.560626350885381,1,0.0568154356329541,0.013,False,False,honest,0.05,0.9438493723849372,0.4438493723849372
1,0.9986,False,0.0414573242327839,,0.5545909088249761,0,0.0414573242327839,0.012,False,False,honest,0.05,0.9478661087866108,0.4478661087866109
1,0.9298,False,0.0421397906492701,,0.3007304937688968,1,0.0421397906492701,0.01,False,False,honest,0.05,0.9518828451882846,0.4518828451882846
3,0.9984,False,0.0210574592327793,0.549684563177945,0.5494607625404493,0,0.0180877666481125,0.012,False,False,honest,0.05,0.9558995815899582,0.4558995815899582
1,0.9996,False,0.0189632423375261,,0.524823430047628,0,0.0189632423375261,0.015,False,False,honest,0.05,0.959916317991632,0.4599163179916319
2,0.8778,False,0.0346075340237411,0.4472457438841452,0.507168874296581,0,0.0500856063226323,0.007,False,False,honest,0.05,0.9639330543933056,0.4639330543933055
1,0.9974,False,0.009423278949013,,0.6144738736023155,0,0.009423278949013,0.009,False,False,honest,0.05,0.9679497907949792,0.4679497907949791
1,0.9794,False,0.0349324876665037,,0.3561012890805023,0,0.0349324876665037,0.009,False,False,honest,0.05,0.9719665271966528,0.4719665271966528
1,0.9998,False,0.0759199032810304,,0.6181540346854908,0,0.0759199032810304,0.007,False,False,honest,0.05,0.9759832635983264,0.4759832635983264
1,0.901,False,0.0342395900837687,,0.4981132899167916,1,0.0342395900837687,0.008,False,False,honest,0.05,0.98,0.48
1,0.9772,False,0.0863289800036989,,0.5032313363315811,1,0.0863289800036989,0.011,False,False,gated,0.1,0.02,0.48
1,0.6194,False,0.0629287847861134,,0.2617876451573909,1,0.0629287847861134,0.011,False,False,gated,0.1,0.0240167364016736,0.4759832635983264
1,0.9628,False,0.0034781088799257,,0.4469135795270924,1,0.0034781088799257,0.015,False,False,gated,0.1,0.0280334728033472,0.4719665271966527
1,0.9248,False,0.0757210773649151,,0.3704239691113059,1,0.0757210773649151,0.008,False,False,gated,0.1,0.0320502092050209,0.467949790794979
1,0.741,False,0.0491710173982783,,0.2300442782901211,1,0.0491710173982783,0.011,False,False,gated,0.1,0.0360669456066945,0.4639330543933054
1,1.0,False,0.0084686267217247,,0.341218896417804,1,0.0084686267217247,0.011,False,False,gated,0.1,0.0400836820083682,0.4599163179916318
1,0.9946,False,0.014047630153631,,0.3224268108687153,1,0.014047630153631,0.009,False,False,gated,0.1,0.0441004184100418,0.4558995815899581
1,1.0,False,0.0268252118143139,,0.2262231325656958,1,0.0268252118143139,0.017,False,False,gated,0.1,0.0481171548117154,0.4518828451882845
1,0.9496,False,0.060749123420707,,0.3567156177329654,0,0.060749123420707,0.007,False,False,gated,0.1,0.0521338912133891,0.4478661087866109
2,0.966,False,0.0920551148599291,0.447575315880493,0.5626995040118983,1,0.0508535177476337,0.008,False,False,gated,0.1,0.0561506276150627,0.4438493723849372
1,0.993,False,0.07624938242944,,0.5018022730391013,0,0.07624938242944,0.015,False,False,gated,0.1,0.0601673640167364,0.4398326359832636
1,0.9658,False,0.0896740017697069,,0.4730148726999912,1,0.0896740017697069,0.014,False,False,gated,0.1,0.06418410041841,0.4358158995815899
1,0.643,False,0.0767442885037327,,0.290711914834918,1,0.0767442885037327,0.016,False,False,gated,0.1,0.0682008368200836,0.4317991631799163
1,0.9802,False,0.1125279028648262,,0.1701376424663232,0,0.1125279028648262,0.013,False,False,gated,0.1,0.0722175732217573,0.4277824267782427
2,0.9398,False,0.0479688807516403,0.8391006732111651,0.4229320347126813,1,0.0882196008843669,0.017,False,False,gated,0.1,0.0762343096234309,0.423765690376569
1,0.9356,False,0.0264984872545023,,0.1866136884050001,1,0.0264984872545023,0.028,False,False,gated,0.1,0.0802510460251046,0.4197489539748954
1,0.9974,False,0.1016082222020253,,0.5111631077742981,0,0.1016082222020253,0.016,False,False,gated,0.1,0.0842677824267782,0.4157322175732217
1,0.9992,False,0.0650982872786098,,0.3355212787461523,0,0.0650982872786098,0.019,False,False,gated,0.1,0.0882845188284519,0.4117154811715481
1,0.8008,False,0.0445935470649888,,0.3091570772681749,1,0.0445935470649888,0.017,False,False,gated,0.1,0.0923012552301255,0.4076987447698744
2,0.8786,False,0.0975826480851344,0.2470884002388695,0.2467591854033163,0,0.0734711076784589,0.022,False,False,gated,0.1,0.0963179916317991,0.4036820083682008
1,0.9404,False,0.0712346752415852,,0.1726632193566473,1,0.0712346752415852,0.02,False,False,gated,0.1,0.1003347280334728,0.3996652719665272
1,0.5686,False,0.0561996921707468,,0.5132298883954622,1,0.0561996921707468,0.022,False,False,gated,0.1,0.1043514644351464,0.3956485355648536
1,0.7286,False,0.0334550690145356,,0.3008800448599771,1,0.0334550690145356,0.03,False,False,gated,0.1,0.1083682008368201,0.3916317991631799
2,0.9766,False,0.0955750772441344,0.255825665281037,0.6586649014998696,0,0.1200256349646574,0.023,False,False,gated,0.1,0.1123849372384937,0.3876150627615062
1,0.6284,False,0.040369943930552,,0.3960664283418225,0,0.040369943930552,0.024,False,False,gated,0.1,0.1164016736401673,0.3835983263598326
1,0.9976,False,0.0564800785447532,,0.223765454456956,1,0.0564800785447532,0.03,False,False,gated,0.1,0.120418410041841,0.379581589958159
1,0.9856,False,0.0596205097081377,,0.1039892440244404,1,0.0596205097081377,0.029,False,False,gated,0.1,0.1244351464435146,0.3755648535564853
1,0.9956,False,0.1013742721055433,,0.1673425829290146,1,0.1013742721055433,0.027,False,False,gated,0.1,0.1284518828451883,0.3715481171548117
2,0.857,False,0.066391201634444,0.0314934915118672,0.5357035682292688,0,0.0684820923796125,0.039,False,False,gated,0.1,0.1324686192468619,0.367531380753138
1,0.987,False,0.0756102889922124,,0.4378595247427779,0,0.0756102889922124,0.028,False,False,gated,0.1,0.1364853556485355,0.3635146443514644
1,1.0,False,0.0575974362695681,,0.2797111574778728,1,0.0575974362695681,0.039,False,False,gated,0.1,0.1405020920502092,0.3594979079497907
1,0.9956,False,0.1084945800336861,,0.2221895433965957,1,0.1084945800336861,0.041,False,False,gated,0.1,0.1445188284518828,0.3554811715481171
2,0.9936,False,0.0997484472229022,0.1383114061158906,0.3672811568724104,0,0.1135447952163168,0.035,False,False,gated,0.1,0.1485355648535564,0.3514644351464435
1,0.988,False,0.1049832038586961,,0.2526435765455028,1,0.1049832038586961,0.03,False,False,gated,0.1,0.1525523012552301,0.3474476987447699
1,0.9784,False,0.0533290180860973,,0.1907875029576916,1,0.0533290180860973,0.045,False,False,gated,0.1,0.1565690376569037,0.3434309623430962
1,0.9902,False,0.0951678193399216,,0.3646005396167531,1,0.0951678193399216,0.048,False,False,gated,0.1,0.1605857740585774,0.3394142259414225
1,0.9788,False,0.0919787236197248,,0.1867416194449174,1,0.0919787236197248,0.053,True,False,gated,0.1,0.164602510460251,0.3353974895397489
2,0.985,False,0.0667787270276466,0.3107613992970446,0.5931191468456373,0,0.046026476372949,0.033,False,False,gated,0.1,0.1686192468619247,0.3313807531380753
1,0.533,False,0.0585222017957889,,0.3835627020911311,1,0.0585222017957889,0.055,True,False,gated,0.1,0.1726359832635983,0.3273640167364017
1,0.5526,False,0.0769957055429131,,0.3784942390988654,1,0.0769957055429131,0.053,True,False,gated,0.1,0.1766527196652719,0.323347280334728
1,0.9968,False,0.0878029763253068,,0.23760688091964,1,0.0878029763253068,0.051,True,False,gated,0.1,0.1806694560669456,0.3193305439330544
1,0.9018,False,0.099609293543844,,0.3266976382897475,1,0.099609293543844,0.046,False,False,gated,0.1,0.1846861924686192,0.3153138075313807
1,0.9956,False,0.0710636712673218,,0.1931758960876068,1,0.0710636712673218,0.049,False,False,gated,0.1,0.1887029288702928,0.3112970711297071
1,0.9998,False,0.0880462554690271,,0.4761897221070131,1,0.0880462554690271,0.063,True,False,gated,0.1,0.1927196652719665,0.3072803347280335
1,0.9834,False,0.0845768795109863,,0.3838497273328941,1,0.0845768795109863,0.056,True,False,gated,0.1,0.1967364016736401,0.3032635983263598
1,0.4494,False,0.1296383574621527,,0.2089745387418261,1,0.1296383574621527,0.079,True,False,gated,0.1,0.2007531380753138,0.2992468619246862
1,1.0,False,0.1049904773301068,,0.2601977587611759,1,0.1049904773301068,0.067,True,False,gated,0.1,0.2047698744769874,0.2952301255230125
1,1.0,False,0.1178917025080855,,0.2536121683816809,1,0.1178917025080855,0.062,True,False,gated,0.1,0.2087866108786611,0.2912133891213389
1,0.9854,False,0.104324699651547,,0.3571295084593962,1,0.104324699651547,0.079,True,False,gated,0.1,0.2128033472803347,0.2871966527196652
1,0.9946,False,0.0320856364906069,,0.576182831532921,1,0.0320856364906069,0.072,True,False,gated,0.1,0.2168200836820083,0.2831799163179916
1,0.9718,False,0.1209778483675465,,0.2176853534315462,1,0.1209778483675465,0.076,True,False,gated,0.1,0.220836820083682,0.279163179916318
1,0.969,False,0.1263111378400386,,0.3421386198556116,1,0.1263111378400386,0.082,True,False,gated,0.1,0.2248535564853556,0.2751464435146443
1,0.9784,False,0.1372029465144722,,0.2561980486134401,0,0.1372029465144722,0.09,True,False,gated,0.1,0.2288702928870293,0.2711297071129707
1,0.9968,False,0.207858545038433,,0.124698379460494,1,0.207858545038433,0.093,True,False,gated,0.1,0.2328870292887029,0.267112970711297
1,0.9994,False,0.1674483056225239,,0.2610798491591163,1,0.1674483056225239,0.097,True,False,gated,0.1,0.2369037656903765,0.2630962343096234
1,0.8396,False,0.1428306366632664,,0.3372478060997416,0,0.1428306366632664,0.103,True,False,gated,0.1,0.2409205020920502,0.2590794979079498
1,0.9986,False,0.1288045896600005,,0.3107410449101928,1,0.1288045896600005,0.098,True,False,gated,0.1,0.2449372384937238,0.2550627615062761
2,0.7928,False,0.0981261467015321,0.1020928018818978,0.352837028272751,0,0.0881081734467965,0.122,True,False,gated,0.1,0.2489539748953975,0.2510460251046025
1,0.9926,False,0.0744357317307652,,0.4917480667601657,1,0.0744357317307652,0.106,True,False,gated,0.1,0.2529707112970711,0.2470292887029288
2,0.9922,False,0.1049489937942726,0.3419653381167485,0.3791543380132214,1,0.1408379119424856,0.116,True,False,gated,0.1,0.2569874476987447,0.2430125523012552
1,0.972,False,0.0776271371051274,,0.3640621732596478,1,0.0776271371051274,0.1,True,False,gated,0.1,0.2610041841004184,0.2389958158995815
1,1.0,False,0.1384980748497774,,0.2461589627963666,1,0.1384980748497774,0.116,True,False,gated,0.1,0.2650209205020921,0.2349790794979079
1,0.9956,False,0.1483322275440781,,0.3051037577904317,1,0.1483322275440781,0.115,True,False,gated,0.1,0.2690376569037657,0.2309623430962343
1,0.9902,False,0.0718237858018804,,0.5673021406091063,1,0.0718237858018804,0.119,True,False,gated,0.1,0.2730543933054393,0.2269456066945606
1,0.6828,False,0.1566805760677963,,0.316775554609801,1,0.1566805760677963,0.127,True,False,gated,0.1,0.277071129707113,0.222928870292887
1,0.8052,False,0.1246974718782392,,0.3430266688743577,1,0.1246974718782392,0.131,True,False,gated,0.1,0.2810878661087866,0.2189121338912133
1,0.9946,False,0.1761236804889841,,0.2491013118081566,0,0.1761236804889841,0.138,True,False,gated,0.1,0.2851046025104602,0.2148953974895397
1,0.9976,False,0.2005357261659546,,0.162952931068448,1,0.2005357261659546,0.148,True,False,gated,0.1,0.2891213389121339,0.210878661087866
1,0.9854,False,0.2415274161347064,,0.1775065412225096,1,0.2415274161347064,0.151,True,False,gated,0.1,0.2931380753138076,0.2068619246861924
1,1.0,False,0.2058297016776666,,0.2459352377244418,1,0.2058297016776666,0.165,True,False,gated,0.1,0.2971548117154812,0.2028451882845188
1,0.997,False,0.1632376445435893,,0.3397640259808179,1,0.1632376445435893,0.158,True,False,gated,0.1,0.3011715481171548,0.1988284518828451
1,0.3846,False,0.2813579772656474,,0.1482979430490735,1,0.2813579772656474,0.166,True,False,gated,0.1,0.3051882845188285,0.1948117154811715
1,0.8864,False,0.1197322741811972,,0.4958159240410128,1,0.1197322741811972,0.17,True,False,gated,0.1,0.3092050209205021,0.1907949790794978
1,1.0,False,0.1327853961634096,,0.4830910049101247,1,0.1327853961634096,0.177,True,False,gated,0.1,0.3132217573221758,0.1867782426778242
1,0.9814,False,0.2059998495257294,,0.1862051113974008,1,0.2059998495257294,0.179,True,False,gated,0.1,0.3172384937238494,0.1827615062761505
1,0.9858,False,0.2461227141653804,,0.2052453071606056,1,0.2461227141653804,0.179,True,False,gated,0.1,0.321255230125523,0.1787447698744769
1,0.7068,False,0.1369817703646135,,0.5839774526682147,0,0.1369817703646135,0.201,True,False,gated,0.1,0.3252719665271967,0.1747280334728033
1,0.8332,False,0.2912675472561155,,0.1201143254738971,1,0.2912675472561155,0.187,True,False,gated,0.1,0.3292887029288703,0.1707112970711296
1,0.8082,False,0.1609345033487356,,0.4200015851042079,1,0.1609345033487356,0.18,True,False,gated,0.1,0.3333054393305439,0.166694560669456
2,0.9592,False,0.0900794047900628,0.6381012199280747,0.4520942713790886,1,0.1475591828776349,0.205,True,False,gated,0.1,0.3373221757322176,0.1626778242677823
1,1.0,False,0.1175252116978091,,0.6729554308643005,1,0.1175252116978091,0.242,True,False,gated,0.1,0.3413389121338912,0.1586610878661087
2,0.7758,False,0.1509480081910406,0.5011425777056404,0.1655851796524249,1,0.0753015342661492,0.213,True,False,gated,0.1,0.3453556485355649,0.1546443514644351
1,0.9946,False,0.230894744103109,,0.2909969427340238,1,0.230894744103109,0.245,True,False,gated,0.1,0.3493723849372385,0.1506276150627614
2,0.9638,False,0.1574721416308144,0.5297313518263252,0.2401004601316923,1,0.0740542111692068,0.219,True,False,gated,0.1,0.3533891213389121,0.1466108786610878
2,0.9902,False,0.1755734207697431,0.4688881054072404,0.1482828201027693,1,0.0932491321446811,0.251,True,False,gated,0.1,0.3574058577405858,0.1425941422594142
2,0.9892,False,0.1301677452455228,0.8097471113528681,0.2969493336637214,0,0.0247647895408349,0.273,True,False,gated,0.1,0.3614225941422594,0.1385774058577405
1,0.9452,False,0.2587075424957974,,0.2278223115363893,1,0.2587075424957974,0.272,True,False,gated,0.1,0.365439330543933,0.1345606694560669
2,1.0,False,0.1568533642186358,0.582094360838381,0.2389520000609287,1,0.0655499054278571,0.278,True,False,gated,0.1,0.3694560669456067,0.1305439330543932
2,0.8992,False,0.1414677005990384,0.8087879455541793,0.2607950792909561,0,0.2558850715296172,0.268,True,False,gated,0.1,0.3734728033472804,0.1265271966527196
2,0.9942,False,0.1551239555358392,0.4962081837849905,0.2225218375810034,1,0.0781501792973605,0.259,True,False,gated,0.1,0.377489539748954,0.122510460251046
2,0.992,False,0.1756190597112966,0.5042033857606427,0.2453615777389772,1,0.0870713352002562,0.289,True,False,gated,0.1,0.3815062761506276,0.1184937238493723
2,0.9882,False,0.1829795192679111,0.4029931360047766,0.2308238564624967,1,0.1092400289730862,0.271,True,False,gated,0.1,0.3855230125523013,0.1144769874476986
2,0.913,False,0.2147355426068191,0.2401958151848404,0.1988474951591781,1,0.2663141213126633,0.289,True,False,gated,0.1,0.3895397489539749,0.110460251046025
3,0.8874,False,0.1141781310901673,0.3586491478408005,0.2068186166787161,1,0.1055397488810289,0.285,True,False,gated,0.1,0.3935564853556486,0.1064435146443514
2,0.5392,False,0.1810106896823061,0.4293131503117178,0.1971500262405357,0,0.258720959110343,0.308,True,False,gated,0.1,0.3975732217573222,0.1024267782426777
2,0.9718,False,0.1679653263649015,0.4079956504693762,0.3100643135873187,1,0.2364944489518586,0.295,True,False,gated,0.1,0.4015899581589958,0.0984100418410041
2,0.897,False,0.1509400161941113,0.6696506998358166,0.3473300376228814,1,0.0498629287158255,0.302,True,False,gated,0.1,0.4056066945606695,0.0943933054393305
2,0.9958,False,0.2365948388399094,0.0614781057125111,0.2294447431051765,1,0.2511402413532054,0.309,True,False,gated,0.1,0.4096234309623431,0.0903765690376568
2,0.9964,False,0.2392300122531254,0.0481513553059878,0.2427535353514154,1,0.2507492615730296,0.336,True,False,gated,0.1,0.4136401673640167,0.0863598326359832
2,0.9544,False,0.2346224747973476,0.1003236085499684,0.2134495000763718,1,0.2581606481160419,0.324,True,False,gated,0.1,0.4176569037656904,0.0823430962343095
2,0.9994,False,0.2011161774918455,0.2683790146809617,0.3157467063804994,1,0.2550915390437768,0.338,True,False,gated,0.1,0.4216736401673641,0.0783263598326359
2,0.432,False,0.1967504196730229,0.2457295471299955,0.3297506519449567,1,0.1484030281488887,0.361,True,False,gated,0.1,0.4256903765690377,0.0743096234309623
2,0.8706,False,0.2457187886593072,0.0381256011866915,0.3353930811274438,1,0.2363506121187674,0.349,True,False,gated,0.1,0.4297071129707113,0.0702928870292886
2,0.9672,False,0.2609173083648234,0.0236887988132315,0.2155704565805907,1,0.2670981259895913,0.352,True,False,gated,0.1,0.433723849372385,0.066276150627615
2,0.8178,False,0.2612676278006267,0.0555181607210539,0.2835037246963928,0,0.2467625296491274,0.374,True,False,gated,0.1,0.4377405857740586,0.0622594142259413
2,0.9956,False,0.2470705343241106,0.0620176891690017,0.3716479187768936,1,0.2623932779247045,0.387,True,False,gated,0.1,0.4417573221757322,0.0582426778242677
2,0.7582,False,0.2597524637765209,0.0460922526445429,0.3074514666800592,1,0.2477798875910448,0.393,True,False,gated,0.1,0.4457740585774059,0.054225941422594
2,0.7134,False,0.2795131892920924,0.0882951376507775,0.2574861402559288,1,0.254833533768251,0.401,True,False,gated,0.1,0.4497907949790795,0.0502092050209204
3,0.8928,False,0.2480366889789755,0.6487132084789123,0.2559377312662414,1,0.2480366889789755,0.417,True,False,gated,0.1,0.4538075313807532,0.0461924686192468
3,0.9236,False,0.2468544506686897,0.4476057869546969,0.2490636754612488,1,0.2468544506686897,0.409,True,False,gated,0.1,0.4578242677824268,0.0421757322175731
3,0.2332,False,0.2616540210120331,0.1692468032951365,0.3143504718069871,1,0.2616540210120331,0.452,True,False,gated,0.1,0.4618410041841004,0.0381589958158995
3,0.357,False,0.2571405294445924,0.4151493163454516,0.2762985355804916,1,0.2835906022229212,0.42,True,False,gated,0.1,0.4658577405857741,0.0341422594142258
3,0.8966,False,0.2421544911698247,0.353253859829131,0.3839862058823404,1,0.2745710858990571,0.426,True,False,gated,0.1,0.4698744769874478,0.0301255230125522
3,0.754,False,0.2524189002514053,0.3228979080626487,0.3390470275486877,1,0.2996668415156309,0.475,True,False,gated,0.1,0.4738912133891214,0.0261087866108786
3,0.6464,False,0.2587330911008155,0.0742808086510223,0.3279917354628975,1,0.2464366156077824,0.451,True,False,gated,0.1,0.477907949790795,0.0220920502092049
3,0.3338,False,0.262753688915835,0.0828523928170605,0.3712938490301047,1,0.262753688915835,0.467,True,False,gated,0.1,0.4819246861924686,0.0180753138075313
3,0.1176,False,0.2637673289202288,0.0384535924775572,0.4255913637386127,1,0.2682216394873978,0.454,True,False,gated,0.1,0.4859414225941423,0.0140585774058576
3,0.938,False,0.2725387229949156,0.0473556739840654,0.428172060958572,1,0.2743845333307579,0.464,True,False,gated,0.1,0.4899581589958159,0.010041841004184
3,0.001,True,0.2781566587418566,0.0797203472964551,0.4848368805272381,1,0.2781566587418566,0.478,True,False,gated,0.1,0.4939748953974895,0.0060251046025104
3,0.0246,False,0.2834330398962584,0.06515400703858,0.4370898471958096,1,0.2834330398962584,0.499,True,False,gated,0.1,0.4979916317991632,0.0020083682008367
3,0.0064,True,0.2971085502481457,0.0739345262130114,0.5656193094905653,0,0.2971085502481457,0.494,True,False,gated,0.1,0.5020083682008368,0.0020083682008368
3,0.08,False,0.2686776650169463,0.0651029704079871,0.5453902781842155,0,0.2686776650169463,0.488,True,False,gated,0.1,0.5060251046025105,0.0060251046025104
3,0.0172,False,0.2880902692094326,0.0816890227268696,0.6344502453888103,0,0.2880902692094326,0.4629999999999999,True,False,gated,0.1,0.5100418410041841,0.0100418410041841
3,0.4666,False,0.2498117474227214,0.1864203225060969,0.5383316925749105,0,0.288130408838115,0.4659999999999999,True,False,gated,0.1,0.5140585774058578,0.0140585774058578
3,0.2834,False,0.2776854521838905,0.0704391551392361,0.5538619253746017,0,0.2556703238337026,0.471,True,False,gated,0.1,0.5180753138075314,0.0180753138075313
3,0.8676,False,0.2854519419641403,0.0623168809599344,0.6248542544872709,0,0.286596142754232,0.413,True,False,gated,0.1,0.5220920502092051,0.0220920502092051
3,0.6884,False,0.2537529058691608,0.2463437703047778,0.5808164163085634,0,0.2537529058691608,0.4569999999999999,True,False,gated,0.1,0.5261087866108787,0.0261087866108786
3,0.913,False,0.2509461345398756,0.4047375057946375,0.7023081519354055,0,0.0899011735984599,0.4399999999999999,True,False,gated,0.1,0.5301255230125523,0.0301255230125523
3,0.548,False,0.257838791189776,0.4199618596452562,0.6924040522982285,0,0.257838791189776,0.4439999999999999,True,False,gated,0.1,0.534142259414226,0.0341422594142259
3,0.7454,False,0.2530647764649267,0.1818421758846028,0.7042386514491442,0,0.1824616135344189,0.422,True,False,gated,0.1,0.5381589958158997,0.0381589958158996
3,0.7658,False,0.2604270613155088,0.2862673925314943,0.73968483472429,0,0.1375076360276486,0.394,True,False,gated,0.1,0.5421757322175733,0.0421757322175733
3,0.7556,False,0.2450766991673512,0.6102381224104513,0.729829153656527,0,0.024460707128889,0.429,True,False,gated,0.1,0.5461924686192469,0.0461924686192468
2,0.9544,False,0.2713961355322258,0.0604358762293803,0.7223208900797766,0,0.287798198788444,0.413,True,False,gated,0.1,0.5502092050209205,0.0502092050209205
2,0.7786,False,0.2736957144268819,0.0327282220153569,0.696781230844989,0,0.2647381403204344,0.401,True,False,gated,0.1,0.5542259414225942,0.0542259414225941
2,0.9844,False,0.2333606869568222,0.0382455131391202,0.6334221035234641,0,0.2422856861760217,0.396,True,False,gated,0.1,0.5582426778242678,0.0582426778242678
2,0.7678,False,0.2656013792303002,0.0669106008676375,0.6615681478635353,0,0.2478298313546606,0.401,True,False,gated,0.1,0.5622594142259415,0.0622594142259415
2,0.9332,False,0.2905143278696184,0.1668172073399288,0.741042485571361,0,0.3389771167372314,0.385,True,False,gated,0.1,0.5662761506276152,0.0662761506276151
2,0.9024,False,0.2112563029629929,0.1821451945585171,0.7155440014783927,0,0.2497356233680824,0.36,True,False,gated,0.1,0.5702928870292887,0.0702928870292887
2,0.978,False,0.2608782035801245,0.094088911458903,0.7400899183122729,0,0.2363324573818223,0.3349999999999999,True,False,gated,0.1,0.5743096234309624,0.0743096234309623
2,0.9542,False,0.3021405536395083,0.093550258222128,0.8250849620945233,0,0.3304058804519545,0.31,True,False,gated,0.1,0.578326359832636,0.078326359832636
2,0.9912,False,0.2529948433896294,0.0256883030769853,0.788908426487862,0,0.2594938516035623,0.354,True,False,gated,0.1,0.5823430962343097,0.0823430962343096
2,0.9754,False,0.1742123666411472,0.4360164278768528,0.6186959799967756,0,0.0982529128458656,0.3189999999999999,True,False,gated,0.1,0.5863598326359833,0.0863598326359833
2,0.9996,False,0.1655624129657665,0.3945704063391714,0.703200974422051,0,0.2308884415245572,0.3419999999999999,True,False,gated,0.1,0.590376569037657,0.090376569037657
2,0.8614,False,0.1840183517358943,0.2827235611607307,0.7348097341319135,0,0.1319920280139116,0.308,True,False,gated,0.1,0.5943933054393306,0.0943933054393305
2,0.5134,False,0.1736387303872896,0.5101809050764008,0.7095694282097481,0,0.0850515657614748,0.312,True,False,gated,0.1,0.5984100418410042,0.0984100418410042
2,0.8476,False,0.2194903416009425,0.1606340190692977,0.8088590302347887,0,0.2547479573193556,0.3159999999999999,True,False,gated,0.1,0.6024267782426779,0.1024267782426778
2,0.8474,False,0.2164186635717047,0.2978950241743769,0.843774123557436,0,0.1519486205549275,0.288,True,False,gated,0.1,0.6064435146443515,0.1064435146443515
2,0.9936,False,0.2313061407129489,0.1619992241221589,0.830198146166708,0,0.2687775560432995,0.288,True,False,gated,0.1,0.6104602510460252,0.1104602510460251
2,0.9158,False,0.1432768087731497,0.7841509608427801,0.7251015335454275,0,0.2556274560398864,0.312,True,False,gated,0.1,0.6144769874476989,0.1144769874476988
2,0.9996,False,0.1763310287159789,0.4521377128667809,0.7337928259717369,0,0.2560569367475204,0.266,True,False,gated,0.1,0.6184937238493724,0.1184937238493724
2,0.972,False,0.146584694638048,0.3936513556937055,0.6709096441541235,0,0.2042879584066572,0.274,True,False,gated,0.1,0.6225104602510461,0.122510460251046
2,0.979,False,0.1498743406098203,0.6097856780213985,0.4226888559902584,0,0.2412655670171994,0.286,True,False,gated,0.1,0.6265271966527197,0.1265271966527197
2,0.9046,False,0.1393321840508941,0.7752638600908186,0.7432832142838046,0,0.0313129772079383,0.248,True,False,gated,0.1,0.6305439330543934,0.1305439330543933
2,0.9968,False,0.1005551948952156,0.3653438430553458,0.5877065027209989,0,0.1372924162377783,0.2289999999999999,True,False,gated,0.1,0.634560669456067,0.134560669456067
2,0.985,False,0.1833306680112422,0.3710997149394744,0.8501068363383827,0,0.1152967093722357,0.2339999999999999,True,False,gated,0.1,0.6385774058577407,0.1385774058577407
1,1.0,False,0.2232107684448252,,0.7390342215718306,0,0.2232107684448252,0.237,True,False,gated,0.1,0.6425941422594142,0.1425941422594142
2,0.9982,False,0.1191610494313731,0.7746217646665107,0.7103560770323889,0,0.2114657918221913,0.2329999999999999,True,False,gated,0.1,0.6466108786610879,0.1466108786610879
3,0.973,False,0.0824766647580148,0.766346868990517,0.6610446035007121,0,0.0824766647580148,0.252,True,False,gated,0.1,0.6506276150627616,0.1506276150627615
1,1.0,False,0.2249855590549345,,0.6757887883525754,0,0.2249855590549345,0.2279999999999999,True,False,gated,0.1,0.6546443514644352,0.1546443514644352
1,0.9916,False,0.2630340479896472,,0.7958361989144513,0,0.2630340479896472,0.2029999999999999,True,False,gated,0.1,0.6586610878661089,0.1586610878661088
1,0.9956,False,0.1965529937711426,,0.6703289765104573,0,0.1965529937711426,0.236,True,False,gated,0.1,0.6626778242677824,0.1626778242677824
1,0.9894,False,0.1950101220494153,,0.6334513475721091,0,0.1950101220494153,0.1989999999999999,True,False,gated,0.1,0.6666945606694561,0.1666945606694561
1,0.9448,False,0.2650341377296348,,0.8470440923495789,0,0.2650341377296348,0.176,True,False,gated,0.1,0.6707112970711298,0.1707112970711297
2,0.945,False,0.2101250563696806,0.2190199213806535,0.4623722165485715,0,0.2561466296960925,0.1949999999999999,True,False,gated,0.1,0.6747280334728034,0.1747280334728034
1,0.958,False,0.2385733494808792,,0.7854463935069705,0,0.2385733494808792,0.181,True,False,gated,0.1,0.6787447698744771,0.178744769874477
1,1.0,False,0.1276982290666922,,0.5275061236934592,0,0.1276982290666922,0.1899999999999999,True,False,gated,0.1,0.6827615062761507,0.1827615062761507
1,1.0,False,0.2300741734071996,,0.8262011725970245,0,0.2300741734071996,0.18,True,False,gated,0.1,0.6867782426778243,0.1867782426778242
1,0.7794,False,0.2321071860756166,,0.7935158991454808,0,0.2321071860756166,0.151,True,False,gated,0.1,0.6907949790794979,0.1907949790794979
2,0.9322,False,0.1630125781805103,0.3553683433121551,0.7071928865971522,0,0.1050830683331038,0.175,True,False,gated,0.1,0.6948117154811716,0.1948117154811716
1,0.8494,False,0.1251243578644396,,0.4728228231839346,0,0.1251243578644396,0.14,True,False,gated,0.1,0.6988284518828453,0.1988284518828452
1,0.9928,False,0.2168413681584394,,0.7899772834520576,0,0.2168413681584394,0.137,True,False,gated,0.1,0.7028451882845189,0.2028451882845189
1,0.9952,False,0.1755671252234332,,0.7051653740479753,0,0.1755671252234332,0.169,True,False,gated,0.1,0.7068619246861926,0.2068619246861925
1,1.0,False,0.1950926538287063,,0.7273618052366462,0,0.1950926538287063,0.133,True,False,gated,0.1,0.7108786610878661,0.2108786610878661
2,0.9812,False,0.1628148032331663,0.3895260755272275,0.6610367390844302,0,0.0993941918916237,0.124,True,False,gated,0.1,0.7148953974895398,0.2148953974895397
1,0.9988,False,0.1369945479745344,,0.6593674838220489,1,0.1369945479745344,0.132,True,False,gated,0.1,0.7189121338912134,0.2189121338912134
1,0.987,False,0.2477861064366975,,0.8374164450672633,0,0.2477861064366975,0.123,True,False,gated,0.1,0.7229288702928871,0.2229288702928871
1,0.9934,False,0.1020469137595926,,0.3881401436093488,0,0.1020469137595926,0.127,True,False,gated,0.1,0.7269456066945608,0.2269456066945607
1,0.9956,False,0.1075834887233412,,0.5565964570153519,0,0.1075834887233412,0.119,True,False,gated,0.1,0.7309623430962344,0.2309623430962344
1,0.993,False,0.1290605686742876,,0.7037874165292656,0,0.1290605686742876,0.125,True,False,gated,0.1,0.734979079497908,0.2349790794979079
1,0.9284,False,0.1503831074858166,,0.7985182384443169,0,0.1503831074858166,0.1169999999999999,True,False,gated,0.1,0.7389958158995816,0.2389958158995816
1,0.9018,False,0.1221170371259118,,0.5192167559021391,0,0.1221170371259118,0.1079999999999999,True,False,gated,0.1,0.7430125523012553,0.2430125523012553
2,0.9452,False,0.0883256398384554,0.8240590405734456,0.5680475754280355,0,0.015540097814318,0.1169999999999999,True,False,gated,0.1,0.747029288702929,0.2470292887029289
1,0.9442,False,0.2231506168546165,,0.8228735621695047,0,0.2231506168546165,0.1009999999999999,True,False,gated,0.1,0.7510460251046026,0.2510460251046026
1,0.9994,False,0.0870408356820034,,0.637307469976949,0,0.0870408356820034,0.1019999999999999,True,False,gated,0.1,0.7550627615062763,0.2550627615062762
1,0.9946,False,0.1378949589091344,,0.6743889990486618,0,0.1378949589091344,0.0959999999999999,True,False,gated,0.1,0.7590794979079498,0.2590794979079498
1,0.9992,False,0.2184231174587929,,0.8827145366699954,0,0.2184231174587929,0.0849999999999999,True,False,gated,0.1,0.7630962343096235,0.2630962343096235
1,0.1736,False,0.1016890704420892,,0.7312301509218464,0,0.1016890704420892,0.0939999999999999,True,False,gated,0.1,0.7671129707112971,0.2671129707112971
1,0.9452,False,0.1340807268965729,,0.7536772135569291,0,0.1340807268965729,0.0929999999999999,True,False,gated,0.1,0.7711297071129708,0.2711297071129708
1,1.0,False,0.1161114432105661,,0.7499965198403645,0,0.1161114432105661,0.0879999999999999,True,False,gated,0.1,0.7751464435146445,0.2751464435146444
1,0.993,False,0.1669696246923218,,0.8045472967896554,0,0.1669696246923218,0.0659999999999999,True,False,gated,0.1,0.7791631799163181,0.2791631799163181
1,0.8956,False,0.0568747752642769,,0.6800714264534216,0,0.0568747752642769,0.0819999999999999,True,False,gated,0.1,0.7831799163179917,0.2831799163179916
2,0.537,False,0.0715717244366497,0.753153497318031,0.6096273164757073,0,0.0176672298673514,0.0839999999999999,True,False,gated,0.1,0.7871966527196653,0.2871966527196653
2,0.7688,False,0.0545526648231009,0.2182142716126383,0.6573936100016918,0,0.0426484948039813,0.0719999999999999,True,False,gated,0.1,0.791213389121339,0.291213389121339
1,0.9968,False,0.1024702733064334,,0.6771012121026974,0,0.1024702733064334,0.0739999999999999,True,False,gated,0.1,0.7952301255230126,0.2952301255230126
1,0.8652,False,0.0889199408044678,,0.5473459520416568,0,0.0889199408044678,0.0659999999999999,True,False,gated,0.1,0.7992468619246863,0.2992468619246863
1,0.979,False,0.0996527402187755,,0.6890516569222038,0,0.0996527402187755,0.049,False,False,gated,0.1,0.8032635983263599,0.3032635983263598
1,0.9816,False,0.1321169685445378,,0.7621088730499017,0,0.1321169685445378,0.0679999999999999,True,False,gated,0.1,0.8072803347280335,0.3072803347280335
1,0.997,False,0.0894666467072365,,0.6139520957620759,0,0.0894666467072365,0.062,True,False,gated,0.1,0.8112970711297072,0.3112970711297071
2,0.5108,False,0.0490890313515867,0.0106761578400249,0.6668106220759924,0,0.0485649491046526,0.059,True,False,gated,0.1,0.8153138075313808,0.3153138075313808
2,0.9786,False,0.0658963625691772,0.2219662480934841,0.576876478373292,0,0.0805231309318874,0.045,False,False,gated,0.1,0.8193305439330545,0.3193305439330545
1,0.9738,False,0.1096470237395176,,0.7551584558850863,0,0.1096470237395176,0.061,True,False,gated,0.1,0.8233472803347281,0.3233472803347281
1,0.9894,False,0.0660375265774981,,0.7425346643696751,0,0.0660375265774981,0.049,False,False,gated,0.1,0.8273640167364017,0.3273640167364017
1,0.9956,False,0.1309321968502409,,0.7698691737750852,0,0.1309321968502409,0.053,True,False,gated,0.1,0.8313807531380754,0.3313807531380753
1,0.6858,False,0.1488588935839627,,0.8218334480215836,0,0.1488588935839627,0.044,False,False,gated,0.1,0.835397489539749,0.335397489539749
1,1.0,False,0.0884390941475525,,0.6650506208698578,1,0.0884390941475525,0.042,False,False,gated,0.1,0.8394142259414227,0.3394142259414227
1,0.9226,False,0.1118052324829171,,0.5606682848409323,0,0.1118052324829171,0.05,True,False,gated,0.1,0.8434309623430963,0.3434309623430963
1,0.8288,False,0.0151759114871557,,0.4392598243665311,1,0.0151759114871557,0.042,False,False,gated,0.1,0.84744769874477,0.34744769874477
1,0.9994,False,0.0648116020714153,,0.7138219258860901,0,0.0648116020714153,0.037,False,False,gated,0.1,0.8514644351464435,0.3514644351464435
1,0.7596,False,0.0608011000301227,,0.5889956196664232,0,0.0608011000301227,0.04,False,False,gated,0.1,0.8554811715481172,0.3554811715481172
1,0.9898,False,0.0869994022916657,,0.6799669000607905,1,0.0869994022916657,0.038,False,False,gated,0.1,0.8594979079497909,0.3594979079497908
1,0.9994,False,0.072576682574521,,0.7332448608313102,0,0.072576682574521,0.049,False,False,gated,0.1,0.8635146443514645,0.3635146443514645
1,0.987,False,0.0119161607900784,,0.5131946562164948,0,0.0119161607900784,0.041,False,False,gated,0.1,0.8675313807531382,0.3675313807531382
1,0.9776,False,0.0552633512242878,,0.6381720281289119,0,0.0552633512242878,0.025,False,False,gated,0.1,0.8715481171548118,0.3715481171548118
2,0.9936,False,0.0475465716039805,0.4929913028327881,0.395362139540292,0,0.0241065253232087,0.031,False,False,gated,0.1,0.8755648535564854,0.3755648535564854
1,0.817,False,0.0496688914658295,,0.6525488158378364,0,0.0496688914658295,0.024,False,False,gated,0.1,0.879581589958159,0.379581589958159
1,0.9944,False,0.0467763962016482,,0.7336237444084448,0,0.0467763962016482,0.03,False,False,gated,0.1,0.8835983263598327,0.3835983263598327
1,0.9196,False,0.0880811629420422,,0.6357219216095199,0,0.0880811629420422,0.027,False,False,gated,0.1,0.8876150627615064,0.3876150627615063
1,0.9106,False,0.059196909631009,,0.6396151437582062,0,0.059196909631009,0.026,False,False,gated,0.1,0.89163179916318,0.39163179916318
1,0.95,False,0.0886800766387162,,0.5772625585579161,0,0.0886800766387162,0.021,False,False,gated,0.1,0.8956485355648537,0.3956485355648537
1,0.8812,False,0.0290459796653981,,0.6095932500578282,0,0.0290459796653981,0.018,False,False,gated,0.1,0.8996652719665272,0.3996652719665272
1,0.634,False,0.1547553182893467,,0.8911950873653488,0,0.1547553182893467,0.018,False,False,gated,0.1,0.9036820083682008,0.4036820083682009
1,0.9756,False,0.06497713143018,,0.6866133885483107,0,0.06497713143018,0.014,False,False,gated,0.1,0.9076987447698746,0.4076987447698745
1,0.9158,False,0.048353817311558,,0.2322928185600502,1,0.048353817311558,0.019,False,False,gated,0.1,0.9117154811715482,0.4117154811715482
1,0.9784,False,0.032463510944579,,0.5234666726703813,0,0.032463510944579,0.015,False,False,gated,0.1,0.915732217573222,0.4157322175732219
1,0.9622,False,0.0194212205646268,,0.4501272562585018,0,0.0194212205646268,0.019,False,False,gated,0.1,0.9197489539748956,0.4197489539748955
1,0.8988,False,0.0359831075478973,,0.6252539242643498,0,0.0359831075478973,0.01,False,False,gated,0.1,0.9237656903765692,0.4237656903765691
2,0.9976,False,0.0927469109535395,0.7443954360172168,0.6658017810101676,0,0.1617872881727939,0.014,False,False,gated,0.1,0.9277824267782429,0.4277824267782427
1,0.965,False,0.0038598475176399,,0.6510005436219478,0,0.0038598475176399,0.013,False,False,gated,0.1,0.9317991631799164,0.4317991631799164
1,0.9976,False,0.0136971818724581,,0.4862302833969668,1,0.0136971818724581,0.016,False,False,gated,0.1,0.93581589958159,0.43581589958159
1,0.9998,False,0.1057901915574646,,0.4941067255609838,1,0.1057901915574646,0.008,False,False,gated,0.1,0.9398326359832636,0.4398326359832637
1,0.9942,False,0.0071292237019913,,0.5206170244869132,0,0.0071292237019913,0.015,False,False,gated,0.1,0.9438493723849372,0.4438493723849372
1,0.9976,False,0.043562337497622,,0.4411618273752812,1,0.043562337497622,0.012,False,False,gated,0.1,0.9478661087866108,0.4478661087866109
1,1.0,False,0.0424744382523241,,0.5833612866543185,0,0.0424744382523241,0.017,False,False,gated,0.1,0.9518828451882846,0.4518828451882846
1,0.9968,False,0.1286264173489144,,0.4926880986108984,1,0.1286264173489144,0.01,False,False,gated,0.1,0.9558995815899582,0.4558995815899582
1,0.9992,False,0.0866710860599916,,0.7727597540025082,0,0.0866710860599916,0.012,False,False,gated,0.1,0.959916317991632,0.4599163179916319
1,1.0,False,0.0655212516339825,,0.4990688323900635,0,0.0655212516339825,0.006,False,False,gated,0.1,0.9639330543933056,0.4639330543933055
1,0.966,False,0.0761374912472308,,0.5164655782953171,1,0.0761374912472308,0.008,False,False,gated,0.1,0.9679497907949792,0.4679497907949791
1,0.9802,False,0.0307276323000555,,0.6026363746220257,0,0.0307276323000555,0.008,False,False,gated,0.1,0.9719665271966528,0.4719665271966528
1,0.9808,False,0.0188165751244862,,0.78515162606529,0,0.0188165751244862,0.008,False,False,gated,0.1,0.9759832635983264,0.4759832635983264
0,,False,,,,-1,,0.006,False,True,gated,0.1,0.98,0.48
1,0.913,False,0.1186317694526258,,0.4632552428690764,0,0.1186317694526258,0.009,False,False,honest,0.1,0.02,0.48
0,,False,,,,-1,,0.006,False,True,honest,0.1,0.0240167364016736,0.4759832635983264
1,0.9976,False,0.0772647796528937,,0.3739248887133884,1,0.0772647796528937,0.009,False,False,honest,0.1,0.0280334728033472,0.4719665271966527
0,,False,,,,-1,,0.008,False,True,honest,0.1,0.0320502092050209,0.467949790794979
0,,False,,,,-1,,0.009,False,True,honest,0.1,0.0360669456066945,0.4639330543933054
0,,False,,,,-1,,0.01,False,True,honest,0.1,0.0400836820083682,0.4599163179916318
1,0.9962,False,0.0916688849389393,,0.4996024567362772,0,0.0916688849389393,0.014,False,False,honest,0.1,0.0441004184100418,0.4558995815899581
1,0.9998,False,0.10044708797791,,0.5042706499696065,1,0.10044708797791,0.012,False,False,honest,0.1,0.0481171548117154,0.4518828451882845
1,0.9722,False,0.0891551621996936,,0.4840645243161342,1,0.0891551621996936,0.013,False,False,honest,0.1,0.0521338912133891,0.4478661087866109
0,,False,,,,-1,,0.012,False,True,honest,0.1,0.0561506276150627,0.4438493723849372
1,0.9934,False,0.0405349288660287,,0.4831625292977011,1,0.0405349288660287,0.015,False,False,honest,0.1,0.0601673640167364,0.4398326359832636
1,0.991,False,0.0368460275339207,,0.5554241078001906,0,0.0368460275339207,0.017,False,False,honest,0.1,0.06418410041841,0.4358158995815899
2,0.9766,False,0.1044013224532676,0.1397703346618531,0.4957046377181303,0,0.0898091146746946,0.016,False,False,honest,0.1,0.0682008368200836,0.4317991631799163
0,,False,,,,-1,,0.019,False,True,honest,0.1,0.0722175732217573,0.4277824267782427
2,0.8092,False,0.0710999794621011,0.3517311720727053,0.5512825049193306,0,0.0961080585730029,0.019,False,False,honest,0.1,0.0762343096234309,0.423765690376569
1,0.9942,False,0.1094245266912382,,0.5026509802365682,0,0.1094245266912382,0.018,False,False,honest,0.1,0.0802510460251046,0.4197489539748954
1,1.0,False,0.1254162072207355,,0.8189368749072351,0,0.1254162072207355,0.022,False,False,honest,0.1,0.0842677824267782,0.4157322175732217
0,,False,,,,-1,,0.01,False,True,honest,0.1,0.0882845188284519,0.4117154811715481
2,0.877,False,0.0621822967066449,0.3186389881254332,0.4640851445536559,1,0.0819960008088844,0.026,False,False,honest,0.1,0.0923012552301255,0.4076987447698744
1,0.9974,False,0.1210230722076875,,0.3349552083355794,0,0.1210230722076875,0.019,False,False,honest,0.1,0.0963179916317991,0.4036820083682008
0,,False,,,,-1,,0.021,False,True,honest,0.1,0.1003347280334728,0.3996652719665272
0,,False,,,,-1,,0.019,False,True,honest,0.1,0.1043514644351464,0.3956485355648536
1,1.0,False,0.0813727357784969,,0.5034012967229183,0,0.0813727357784969,0.018,False,False,honest,0.1,0.1083682008368201,0.3916317991631799
0,,False,,,,-1,,0.028,False,True,honest,0.1,0.1123849372384937,0.3876150627615062
1,0.9688,False,0.1287322026624336,,0.4022651395504292,0,0.1287322026624336,0.024,False,False,honest,0.1,0.1164016736401673,0.3835983263598326
1,1.0,False,0.0803554000721536,,0.4876847085875963,0,0.0803554000721536,0.029,False,False,honest,0.1,0.120418410041841,0.379581589958159
1,0.9994,False,0.0367272265623796,,0.2932530531633224,1,0.0367272265623796,0.044,False,False,honest,0.1,0.1244351464435146,0.3755648535564853
0,,False,,,,-1,,0.035,False,True,honest,0.1,0.1284518828451883,0.3715481171548117
1,1.0,False,0.1066637867447719,,0.4628926537701948,0,0.1066637867447719,0.028,False,False,honest,0.1,0.1324686192468619,0.367531380753138
1,0.8698,False,0.0134147331612189,,0.5091879056167922,0,0.0134147331612189,0.032,False,False,honest,0.1,0.1364853556485355,0.3635146443514644
1,0.9726,False,0.0912889536380048,,0.4838494273170173,1,0.0912889536380048,0.044,False,False,honest,0.1,0.1405020920502092,0.3594979079497907
2,0.986,False,0.0549818492049917,0.6279542902292582,0.3949732962651359,0,0.0895079372986323,0.044,False,False,honest,0.1,0.1445188284518828,0.3554811715481171
1,0.971,False,0.1067798483021377,,0.3457963002599362,1,0.1067798483021377,0.039,False,False,honest,0.1,0.1485355648535564,0.3514644351464435
0,,False,,,,-1,,0.034,False,True,honest,0.1,0.1525523012552301,0.3474476987447699
0,,False,,,,-1,,0.052,True,True,honest,0.1,0.1565690376569037,0.3434309623430962
0,,False,,,,-1,,0.047,False,True,honest,0.1,0.1605857740585774,0.3394142259414225
1,0.9624,False,0.1148264573195848,,0.7424814951661705,0,0.1148264573195848,0.052,True,False,honest,0.1,0.164602510460251,0.3353974895397489
0,,False,,,,-1,,0.046,False,True,honest,0.1,0.1686192468619247,0.3313807531380753
1,0.9848,False,0.059570251554983,,0.588797611254297,0,0.059570251554983,0.051,True,False,honest,0.1,0.1726359832635983,0.3273640167364017
1,0.96,False,0.071700387862414,,0.5048026569029769,0,0.071700387862414,0.049,False,False,honest,0.1,0.1766527196652719,0.323347280334728
0,,False,,,,-1,,0.055,True,True,honest,0.1,0.1806694560669456,0.3193305439330544
0,,False,,,,-1,,0.068,True,True,honest,0.1,0.1846861924686192,0.3153138075313807
0,,False,,,,-1,,0.05,True,True,honest,0.1,0.1887029288702928,0.3112970711297071
1,0.3398,False,0.0903105541553411,,0.4129046937046526,1,0.0903105541553411,0.059,True,False,honest,0.1,0.1927196652719665,0.3072803347280335
1,1.0,False,0.1289661146739263,,0.3322655248407086,1,0.1289661146739263,0.06,True,False,honest,0.1,0.1967364016736401,0.3032635983263598
1,1.0,False,0.0433645221413999,,0.4844369615639152,0,0.0433645221413999,0.063,True,False,honest,0.1,0.2007531380753138,0.2992468619246862
0,,False,,,,-1,,0.077,True,True,honest,0.1,0.2047698744769874,0.2952301255230125
1,0.9526,False,0.0400288345151362,,0.49717085065037,0,0.0400288345151362,0.074,True,False,honest,0.1,0.2087866108786611,0.2912133891213389
1,0.9994,False,0.0731453326952431,,0.4839059189858157,1,0.0731453326952431,0.071,True,False,honest,0.1,0.2128033472803347,0.2871966527196652
0,,False,,,,-1,,0.072,True,True,honest,0.1,0.2168200836820083,0.2831799163179916
0,,False,,,,-1,,0.088,True,True,honest,0.1,0.220836820083682,0.279163179916318
0,,False,,,,-1,,0.09,True,True,honest,0.1,0.2248535564853556,0.2751464435146443
0,,False,,,,-1,,0.098,True,True,honest,0.1,0.2288702928870293,0.2711297071129707
1,0.9942,False,0.1103230179286682,,0.5029898983202329,0,0.1103230179286682,0.076,True,False,honest,0.1,0.2328870292887029,0.267112970711297
1,0.9974,False,0.0135897780077159,,0.5083989025250721,0,0.0135897780077159,0.083,True,False,honest,0.1,0.2369037656903765,0.2630962343096234
1,0.9598,False,0.1100960533068882,,0.6193910306040262,0,0.1100960533068882,0.091,True,False,honest,0.1,0.2409205020920502,0.2590794979079498
1,0.993,False,0.0146212871156094,,0.5736957443318457,0,0.0146212871156094,0.09,True,False,honest,0.1,0.2449372384937238,0.2550627615062761
0,,False,,,,-1,,0.107,True,True,honest,0.1,0.2489539748953975,0.2510460251046025
0,,False,,,,-1,,0.106,True,True,honest,0.1,0.2529707112970711,0.2470292887029288
1,0.715,False,0.1047542708555495,,0.1841503452252194,1,0.1047542708555495,0.127,True,False,honest,0.1,0.2569874476987447,0.2430125523012552
1,0.9022,False,0.0915296361394943,,0.5395181218430499,1,0.0915296361394943,0.124,True,False,honest,0.1,0.2610041841004184,0.2389958158995815
1,0.6864,False,0.1033084107054098,,0.4973747305992311,0,0.1033084107054098,0.131,True,False,honest,0.1,0.2650209205020921,0.2349790794979079
1,0.9994,False,0.0277433346919018,,0.5299882968165773,0,0.0277433346919018,0.119,True,False,honest,0.1,0.2690376569037657,0.2309623430962343
1,0.695,False,0.1035991225905972,,0.4944545214509883,0,0.1035991225905972,0.116,True,False,honest,0.1,0.2730543933054393,0.2269456066945606
1,0.6464,False,0.0409503926800037,,0.4964267533920585,0,0.0409503926800037,0.131,True,False,honest,0.1,0.277071129707113,0.222928870292887
0,,False,,,,-1,,0.149,True,True,honest,0.1,0.2810878661087866,0.2189121338912133
1,1.0,False,0.0996281425328561,,0.4021777785509186,0,0.0996281425328561,0.139,True,False,honest,0.1,0.2851046025104602,0.2148953974895397
1,1.0,False,0.0803626635970246,,0.550370149390121,1,0.0803626635970246,0.123,True,False,honest,0.1,0.2891213389121339,0.210878661087866
1,1.0,False,0.1272799809225586,,0.7334692702870711,0,0.1272799809225586,0.139,True,False,honest,0.1,0.2931380753138076,0.2068619246861924
0,,False,,,,-1,,0.146,True,True,honest,0.1,0.2971548117154812,0.2028451882845188
1,1.0,False,0.0502821697766921,,0.3917297305411996,1,0.0502821697766921,0.175,True,False,honest,0.1,0.3011715481171548,0.1988284518828451
1,0.988,False,0.0387935562918513,,0.4982542703098484,1,0.0387935562918513,0.185,True,False,honest,0.1,0.3051882845188285,0.1948117154811715
1,1.0,False,0.1015038951774044,,0.4973856424533915,0,0.1015038951774044,0.162,True,False,honest,0.1,0.3092050209205021,0.1907949790794978
1,0.9518,False,0.0780497404789769,,0.5065648035482098,0,0.0780497404789769,0.161,True,False,honest,0.1,0.3132217573221758,0.1867782426778242
1,0.63,False,0.0164626176901095,,0.5127172795948891,0,0.0164626176901095,0.19,True,False,honest,0.1,0.3172384937238494,0.1827615062761505
0,,False,,,,-1,,0.181,True,True,honest,0.1,0.321255230125523,0.1787447698744769
2,0.9948,False,0.0595550365958851,0.1331591083949871,0.5088421091833165,0,0.0674853321695572,0.182,True,False,honest,0.1,0.3252719665271967,0.1747280334728033
0,,False,,,,-1,,0.192,True,True,honest,0.1,0.3292887029288703,0.1707112970711296
1,0.9996,False,0.0210835534246135,,0.4408084939641771,1,0.0210835534246135,0.219,True,False,honest,0.1,0.3333054393305439,0.166694560669456
1,0.861,False,0.1109385687658563,,0.4963661348620548,1,0.1109385687658563,0.212,True,False,honest,0.1,0.3373221757322176,0.1626778242677823
0,,False,,,,-1,,0.196,True,True,honest,0.1,0.3413389121338912,0.1586610878661087
1,0.9838,False,0.0749191708297913,,0.5022425603410396,0,0.0749191708297913,0.237,True,False,honest,0.1,0.3453556485355649,0.1546443514644351
0,,False,,,,-1,,0.244,True,True,honest,0.1,0.3493723849372385,0.1506276150627614
1,1.0,False,0.0470149939253902,,0.4438261505560492,1,0.0470149939253902,0.251,True,False,honest,0.1,0.3533891213389121,0.1466108786610878
1,0.9958,False,0.0875318622127061,,0.4396837972092174,1,0.0875318622127061,0.253,True,False,honest,0.1,0.3574058577405858,0.1425941422594142
0,,False,,,,-1,,0.26,True,True,honest,0.1,0.3614225941422594,0.1385774058577405
1,0.9986,False,0.0247646496731809,,0.5445623147026122,0,0.0247646496731809,0.229,True,False,honest,0.1,0.365439330543933,0.1345606694560669
1,0.9008,False,0.079601693599459,,0.4875982757256796,1,0.079601693599459,0.254,True,False,honest,0.1,0.3694560669456067,0.1305439330543932
0,,False,,,,-1,,0.268,True,True,honest,0.1,0.3734728033472804,0.1265271966527196
1,0.8254,False,0.0940301219349737,,0.5085717254953193,0,0.0940301219349737,0.267,True,False,honest,0.1,0.377489539748954,0.122510460251046
1,0.7276,False,0.1274087711704996,,0.7832840589681678,0,0.1274087711704996,0.28,True,False,honest,0.1,0.3815062761506276,0.1184937238493723
1,1.0,False,0.1039578299443678,,0.6362637301099615,1,0.1039578299443678,0.26,True,False,honest,0.1,0.3855230125523013,0.1144769874476986
1,0.8166,False,0.0946564132446888,,0.4951965294319413,0,0.0946564132446888,0.29,True,False,honest,0.1,0.3895397489539749,0.110460251046025
1,0.895,False,0.092167545462053,,0.5108742534000719,0,0.092167545462053,0.315,True,False,honest,0.1,0.3935564853556486,0.1064435146443514
0,,False,,,,-1,,0.333,True,True,honest,0.1,0.3975732217573222,0.1024267782426777
0,,False,,,,-1,,0.332,True,True,honest,0.1,0.4015899581589958,0.0984100418410041
0,,False,,,,-1,,0.338,True,True,honest,0.1,0.4056066945606695,0.0943933054393305
0,,False,,,,-1,,0.305,True,True,honest,0.1,0.4096234309623431,0.0903765690376568
2,0.9586,False,0.0276479126602594,0.4114822058787467,0.651707774798586,0,0.0390245367500574,0.324,True,False,honest,0.1,0.4136401673640167,0.0863598326359832
2,1.0,False,0.1012096013710346,0.0517533173490041,0.6190845898265571,0,0.1064475339896077,0.345,True,False,honest,0.1,0.4176569037656904,0.0823430962343095
1,0.7506,False,0.1085434583126859,,0.5054922596009067,1,0.1085434583126859,0.364,True,False,honest,0.1,0.4216736401673641,0.0783263598326359
2,0.913,False,0.0975357931377501,0.4445902514798202,0.609037214562098,0,0.0541723303379094,0.347,True,False,honest,0.1,0.4256903765690377,0.0743096234309623
1,0.8672,False,0.0137367002819246,,0.3656859214026581,1,0.0137367002819246,0.378,True,False,honest,0.1,0.4297071129707113,0.0702928870292886
1,1.0,False,0.044562723907486,,0.550636872132927,0,0.044562723907486,0.36,True,False,honest,0.1,0.433723849372385,0.066276150627615
1,0.9996,False,0.1213990966201785,,0.5299063785919181,1,0.1213990966201785,0.374,True,False,honest,0.1,0.4377405857740586,0.0622594142259413
1,0.9684,False,0.0875982646238949,,0.734660591078109,0,0.0875982646238949,0.367,True,False,honest,0.1,0.4417573221757322,0.0582426778242677
1,0.9974,False,0.0468617333251268,,0.4130837758096927,0,0.0468617333251268,0.379,True,False,honest,0.1,0.4457740585774059,0.054225941422594
1,1.0,False,0.0400510596299132,,0.4788429951881938,1,0.0400510596299132,0.437,True,False,honest,0.1,0.4497907949790795,0.0502092050209204
1,0.9426,False,0.088410154269578,,0.4842259489160266,1,0.088410154269578,0.4,True,False,honest,0.1,0.4538075313807532,0.0461924686192468
1,0.9998,False,0.0773564203575804,,0.3322510609972504,1,0.0773564203575804,0.42,True,False,honest,0.1,0.4578242677824268,0.0421757322175731
1,0.9874,False,0.0990592438970915,,0.6223543541711486,0,0.0990592438970915,0.408,True,False,honest,0.1,0.4618410041841004,0.0381589958158995
1,0.489,False,0.0580466188106228,,0.4962061511799781,0,0.0580466188106228,0.433,True,False,honest,0.1,0.4658577405857741,0.0341422594142258
0,,False,,,,-1,,0.417,True,True,honest,0.1,0.4698744769874478,0.0301255230125522
0,,False,,,,-1,,0.463,True,True,honest,0.1,0.4738912133891214,0.0261087866108786
0,,False,,,,-1,,0.465,True,True,honest,0.1,0.477907949790795,0.0220920502092049
1,0.9766,False,0.1409996998592418,,0.7556132117299671,0,0.1409996998592418,0.459,True,False,honest,0.1,0.4819246861924686,0.0180753138075313
1,0.9696,False,0.0999206486904504,,0.5060080847636095,0,0.0999206486904504,0.478,True,False,honest,0.1,0.4859414225941423,0.0140585774058576
1,0.917,False,0.036696770632734,,0.1665372254543619,1,0.036696770632734,0.462,True,False,honest,0.1,0.4899581589958159,0.010041841004184
1,1.0,False,0.0798365026182136,,0.4005402044445288,1,0.0798365026182136,0.478,True,False,honest,0.1,0.4939748953974895,0.0060251046025104
0,,False,,,,-1,,0.492,True,True,honest,0.1,0.4979916317991632,0.0020083682008367
1,0.8942,False,0.1075664287490514,,0.380326446640135,1,0.1075664287490514,0.493,True,False,honest,0.1,0.5020083682008368,0.0020083682008368
1,0.9622,False,0.0266558294666393,,0.4850041896831512,1,0.0266558294666393,0.483,True,False,honest,0.1,0.5060251046025105,0.0060251046025104
2,0.3186,False,0.0802954465769718,0.4667954807356798,0.3026315501470978,0,0.0428138949907213,0.4669999999999999,True,False,honest,0.1,0.5100418410041841,0.0100418410041841
0,,False,,,,-1,,0.492,True,True,honest,0.1,0.5140585774058578,0.0140585774058578
0,,False,,,,-1,,0.482,True,True,honest,0.1,0.5180753138075314,0.0180753138075313
1,0.9498,False,0.128652898597224,,0.585077129353492,0,0.128652898597224,0.4439999999999999,True,False,honest,0.1,0.5220920502092051,0.0220920502092051
0,,False,,,,-1,,0.4589999999999999,True,True,honest,0.1,0.5261087866108787,0.0261087866108786
1,0.969,False,0.0757772723297242,,0.5644571077521272,1,0.0757772723297242,0.4449999999999999,True,False,honest,0.1,0.5301255230125523,0.0301255230125523
0,,False,,,,-1,,0.4439999999999999,True,True,honest,0.1,0.534142259414226,0.0341422594142259
2,0.8834,False,0.0654980754433987,0.2064280447896661,0.6288201452321369,0,0.0519774357919255,0.428,True,False,honest,0.1,0.5381589958158997,0.0381589958158996
0,,False,,,,-1,,0.416,True,True,honest,0.1,0.5421757322175733,0.0421757322175733
0,,False,,,,-1,,0.371,True,True,honest,0.1,0.5461924686192469,0.0461924686192468
1,0.9836,False,0.0159865666633438,,0.4724131085466096,1,0.0159865666633438,0.419,True,False,honest,0.1,0.5502092050209205,0.0502092050209205
0,,False,,,,-1,,0.419,True,True,honest,0.1,0.5542259414225942,0.0542259414225941
1,0.9942,False,0.0987166419313467,,0.4823957711211145,0,0.0987166419313467,0.385,True,False,honest,0.1,0.5582426778242678,0.0582426778242678
1,0.3778,False,0.0866525851004958,,0.4261870160969051,0,0.0866525851004958,0.4,True,False,honest,0.1,0.5622594142259415,0.0622594142259415
1,0.9974,False,0.0872229458329578,,0.277734235919562,1,0.0872229458329578,0.359,True,False,honest,0.1,0.5662761506276152,0.0662761506276151
1,1.0,False,0.0738049429661311,,0.4763834760511562,1,0.0738049429661311,0.371,True,False,honest,0.1,0.5702928870292887,0.0702928870292887
0,,False,,,,-1,,0.352,True,True,honest,0.1,0.5743096234309624,0.0743096234309623
1,0.9892,False,0.0717284654430683,,0.1488566286251879,1,0.0717284654430683,0.3299999999999999,True,False,honest,0.1,0.578326359832636,0.078326359832636
1,0.9954,False,0.06704766187796,,0.2296162535156223,1,0.06704766187796,0.362,True,False,honest,0.1,0.5823430962343097,0.0823430962343096
1,0.9762,False,0.1056924460735909,,0.2643874125462648,1,0.1056924460735909,0.3359999999999999,True,False,honest,0.1,0.5863598326359833,0.0863598326359833
1,0.9898,False,0.0829251608547311,,0.4879348336743538,0,0.0829251608547311,0.31,True,False,honest,0.1,0.590376569037657,0.090376569037657
2,0.941,False,0.0989885881809812,0.2077167848089544,0.6397558733760472,0,0.0784269969110424,0.309,True,False,honest,0.1,0.5943933054393306,0.0943933054393305
1,1.0,False,0.0989842929610296,,0.5137826147065229,1,0.0989842929610296,0.3129999999999999,True,False,honest,0.1,0.5984100418410042,0.0984100418410042
1,0.9768,False,0.0472640765631863,,0.486735793341359,1,0.0472640765631863,0.302,True,False,honest,0.1,0.6024267782426779,0.1024267782426778
1,0.5618,False,0.058340912592771,,0.1762517869716461,1,0.058340912592771,0.3,True,False,honest,0.1,0.6064435146443515,0.1064435146443515
0,,False,,,,-1,,0.298,True,True,honest,0.1,0.6104602510460252,0.1104602510460251
1,0.6754,False,0.1246628973766931,,0.2726199404420587,1,0.1246628973766931,0.29,True,False,honest,0.1,0.6144769874476989,0.1144769874476988
1,0.981,False,0.0666423610584206,,0.4584057536524459,0,0.0666423610584206,0.305,True,False,honest,0.1,0.6184937238493724,0.1184937238493724
1,0.9902,False,0.0944789428759154,,0.4865505649700834,0,0.0944789428759154,0.279,True,False,honest,0.1,0.6225104602510461,0.122510460251046
0,,False,,,,-1,,0.274,True,True,honest,0.1,0.6265271966527197,0.1265271966527197
1,0.9186,False,0.070418022988517,,0.4246387420031478,0,0.070418022988517,0.259,True,False,honest,0.1,0.6305439330543934,0.1305439330543933
2,0.9802,False,0.0433973198695108,0.545558378423073,0.5460049151302867,0,0.0197215484130475,0.252,True,False,honest,0.1,0.634560669456067,0.134560669456067
1,0.9128,False,0.1075006974831274,,0.5690581528890493,0,0.1075006974831274,0.26,True,False,honest,0.1,0.6385774058577407,0.1385774058577407
0,,False,,,,-1,,0.2319999999999999,True,True,honest,0.1,0.6425941422594142,0.1425941422594142
1,0.9986,False,0.0386639493061116,,0.5129421405194149,0,0.0386639493061116,0.2259999999999999,True,False,honest,0.1,0.6466108786610879,0.1466108786610879
0,,False,,,,-1,,0.2119999999999999,True,True,honest,0.1,0.6506276150627616,0.1506276150627615
1,0.9996,False,0.1019632058537813,,0.4928637354371617,1,0.1019632058537813,0.1879999999999999,True,False,honest,0.1,0.6546443514644352,0.1546443514644352
1,0.9956,False,0.0982022933779439,,0.5480705261934261,0,0.0982022933779439,0.2119999999999999,True,False,honest,0.1,0.6586610878661089,0.1586610878661088
0,,False,,,,-1,,0.2079999999999999,True,True,honest,0.1,0.6626778242677824,0.1626778242677824
1,1.0,False,0.0740286890688989,,0.4751006126709908,0,0.0740286890688989,0.1969999999999999,True,False,honest,0.1,0.6666945606694561,0.1666945606694561
1,0.9874,False,0.0897025120325154,,0.4892369330460966,0,0.0897025120325154,0.2029999999999999,True,False,honest,0.1,0.6707112970711298,0.1707112970711297
1,0.8376,False,0.0332833962518616,,0.5947421065672132,0,0.0332833962518616,0.1939999999999999,True,False,honest,0.1,0.6747280334728034,0.1747280334728034
1,0.982,False,0.1036059677949346,,0.2835885081984249,1,0.1036059677949346,0.17,True,False,honest,0.1,0.6787447698744771,0.178744769874477
0,,False,,,,-1,,0.185,True,True,honest,0.1,0.6827615062761507,0.1827615062761507
0,,False,,,,-1,,0.181,True,True,honest,0.1,0.6867782426778243,0.1867782426778242
1,0.8654,False,0.0441323913267724,,0.3442890461600261,1,0.0441323913267724,0.1909999999999999,True,False,honest,0.1,0.6907949790794979,0.1907949790794979
1,0.978,False,0.0899736330882435,,0.501253772264103,0,0.0899736330882435,0.168,True,False,honest,0.1,0.6948117154811716,0.1948117154811716
1,0.9766,False,0.0768351975918072,,0.4892625450514017,1,0.0768351975918072,0.168,True,False,honest,0.1,0.6988284518828453,0.1988284518828452
1,0.9948,False,0.079445627736612,,0.6785658572168496,0,0.079445627736612,0.145,True,False,honest,0.1,0.7028451882845189,0.2028451882845189
0,,False,,,,-1,,0.152,True,True,honest,0.1,0.7068619246861926,0.2068619246861925
1,0.9996,False,0.0133478707527562,,0.4805718334560906,1,0.0133478707527562,0.141,True,False,honest,0.1,0.7108786610878661,0.2108786610878661
1,0.275,False,0.1031153336151941,,0.5010549251890726,1,0.1031153336151941,0.15,True,False,honest,0.1,0.7148953974895398,0.2148953974895397
1,0.9702,False,0.0388331226413083,,0.6039191862545001,0,0.0388331226413083,0.16,True,False,honest,0.1,0.7189121338912134,0.2189121338912134
1,0.9076,False,0.0799135574802548,,0.6927817052161024,0,0.0799135574802548,0.138,True,False,honest,0.1,0.7229288702928871,0.2229288702928871
0,,False,,,,-1,,0.132,True,True,honest,0.1,0.7269456066945608,0.2269456066945607
0,,False,,,,-1,,0.139,True,True,honest,0.1,0.7309623430962344,0.2309623430962344
0,,False,,,,-1,,0.125,True,True,honest,0.1,0.734979079497908,0.2349790794979079
0,,False,,,,-1,,0.1149999999999999,True,True,honest,0.1,0.7389958158995816,0.2389958158995816
0,,False,,,,-1,,0.1169999999999999,True,True,honest,0.1,0.7430125523012553,0.2430125523012553
0,,False,,,,-1,,0.1029999999999999,True,True,honest,0.1,0.747029288702929,0.2470292887029289
1,0.9892,False,0.0051165173545373,,0.6180138384009861,0,0.0051165173545373,0.1159999999999999,True,False,honest,0.1,0.7510460251046026,0.2510460251046026
2,1.0,False,0.0518690625914659,0.9462952274874076,0.4474251098920135,0,0.1009525089769621,0.1069999999999999,True,False,honest,0.1,0.7550627615062763,0.2550627615062762
0,,False,,,,-1,,0.1089999999999999,True,True,honest,0.1,0.7590794979079498,0.2590794979079498
0,,False,,,,-1,,0.0859999999999999,True,True,honest,0.1,0.7630962343096235,0.2630962343096235
1,0.9998,False,0.0875172569206396,,0.4973640593196574,0,0.0875172569206396,0.0869999999999999,True,False,honest,0.1,0.7671129707112971,0.2671129707112971
1,0.9342,False,0.0956636318171367,,0.5019683894776727,0,0.0956636318171367,0.0779999999999999,True,False,honest,0.1,0.7711297071129708,0.2711297071129708
1,0.9934,False,0.111674105709084,,0.4280455102034723,1,0.111674105709084,0.0869999999999999,True,False,honest,0.1,0.7751464435146445,0.2751464435146444
1,0.9962,False,0.0174308373161458,,0.8670556723495126,0,0.0174308373161458,0.0819999999999999,True,False,honest,0.1,0.7791631799163181,0.2791631799163181
1,0.982,False,0.0071200350213236,,0.4824729335101236,1,0.0071200350213236,0.0809999999999999,True,False,honest,0.1,0.7831799163179917,0.2831799163179916
1,0.9976,False,0.1029951272146187,,0.5431524645451027,1,0.1029951272146187,0.0769999999999999,True,False,honest,0.1,0.7871966527196653,0.2871966527196653
1,0.9994,False,0.0967850146224857,,0.4921826651764205,0,0.0967850146224857,0.0659999999999999,True,False,honest,0.1,0.791213389121339,0.291213389121339
1,0.8342,False,0.0038070716194229,,0.4662089213688373,1,0.0038070716194229,0.06,True,False,honest,0.1,0.7952301255230126,0.2952301255230126
1,0.9936,False,0.0908232301005097,,0.4920783704861174,1,0.0908232301005097,0.0729999999999999,True,False,honest,0.1,0.7992468619246863,0.2992468619246863
1,0.996,False,0.0177325728439007,,0.6190666065832479,0,0.0177325728439007,0.0649999999999999,True,False,honest,0.1,0.8032635983263599,0.3032635983263598
1,0.9892,False,0.1173335262445363,,0.4324574033411794,0,0.1173335262445363,0.06,True,False,honest,0.1,0.8072803347280335,0.3072803347280335
1,0.9958,False,0.0968738252266115,,0.4950588438264049,0,0.0968738252266115,0.0699999999999999,True,False,honest,0.1,0.8112970711297072,0.3112970711297071
1,0.782,False,0.0951552650018617,,0.6973892067332128,0,0.0951552650018617,0.048,False,False,honest,0.1,0.8153138075313808,0.3153138075313808
1,0.9984,False,0.0428888975928734,,0.7077267422657422,0,0.0428888975928734,0.0689999999999999,True,False,honest,0.1,0.8193305439330545,0.3193305439330545
0,,False,,,,-1,,0.056,True,True,honest,0.1,0.8233472803347281,0.3233472803347281
1,0.999,False,0.1404518602263448,,0.6499072440152662,1,0.1404518602263448,0.052,True,False,honest,0.1,0.8273640167364017,0.3273640167364017
1,1.0,False,0.0956828360231008,,0.4976700593212509,1,0.0956828360231008,0.038,False,False,honest,0.1,0.8313807531380754,0.3313807531380753
1,0.9998,False,0.0530049119385297,,0.6363884464673981,0,0.0530049119385297,0.039,False,False,honest,0.1,0.835397489539749,0.335397489539749
1,0.9954,False,0.0890255080292982,,0.3683961670780392,0,0.0890255080292982,0.051,True,False,honest,0.1,0.8394142259414227,0.3394142259414227
0,,False,,,,-1,,0.039,False,True,honest,0.1,0.8434309623430963,0.3434309623430963
0,,False,,,,-1,,0.04,False,True,honest,0.1,0.84744769874477,0.34744769874477
0,,False,,,,-1,,0.04,False,True,honest,0.1,0.8514644351464435,0.3514644351464435
1,0.999,False,0.098373822860238,,0.5025641058087218,0,0.098373822860238,0.047,False,False,honest,0.1,0.8554811715481172,0.3554811715481172
0,,False,,,,-1,,0.035,False,True,honest,0.1,0.8594979079497909,0.3594979079497908
2,0.9834,False,0.0848876194755811,0.0268852550846582,0.4746897362754677,0,0.0826053941724238,0.035,False,False,honest,0.1,0.8635146443514645,0.3635146443514645
0,,False,,,,-1,,0.036,False,True,honest,0.1,0.8675313807531382,0.3675313807531382
1,1.0,False,0.0182731442355162,,0.5857012240183372,0,0.0182731442355162,0.029,False,False,honest,0.1,0.8715481171548118,0.3715481171548118
1,0.953,False,0.0895461653166512,,0.2573158655903562,1,0.0895461653166512,0.031,False,False,honest,0.1,0.8755648535564854,0.3755648535564854
0,,False,,,,-1,,0.027,False,True,honest,0.1,0.879581589958159,0.379581589958159
0,,False,,,,-1,,0.031,False,True,honest,0.1,0.8835983263598327,0.3835983263598327
1,1.0,False,0.1086892665005541,,0.489064028907805,0,0.1086892665005541,0.033,False,False,honest,0.1,0.8876150627615064,0.3876150627615063
1,1.0,False,0.0556636964098666,,0.3750080987018037,1,0.0556636964098666,0.02,False,False,honest,0.1,0.89163179916318,0.39163179916318
0,,False,,,,-1,,0.017,False,True,honest,0.1,0.8956485355648537,0.3956485355648537
1,0.8552,False,0.1191637020375171,,0.6842653785763974,0,0.1191637020375171,0.021,False,False,honest,0.1,0.8996652719665272,0.3996652719665272
1,0.7126,False,0.0324590453642246,,0.5115936528557546,0,0.0324590453642246,0.027,False,False,honest,0.1,0.9036820083682008,0.4036820083682009
0,,False,,,,-1,,0.017,False,True,honest,0.1,0.9076987447698746,0.4076987447698745
1,0.991,False,0.0941721685814453,,0.5858222525642355,0,0.0941721685814453,0.024,False,False,honest,0.1,0.9117154811715482,0.4117154811715482
0,,False,,,,-1,,0.012,False,True,honest,0.1,0.915732217573222,0.4157322175732219
1,0.9902,False,0.0957657347857309,,0.6263685953322685,0,0.0957657347857309,0.015,False,False,honest,0.1,0.9197489539748956,0.4197489539748955
1,0.9988,False,0.0536630497856826,,0.3281064149337472,1,0.0536630497856826,0.014,False,False,honest,0.1,0.9237656903765692,0.4237656903765691
1,0.943,False,0.120678152365626,,0.3583406208045703,0,0.120678152365626,0.021,False,False,honest,0.1,0.9277824267782429,0.4277824267782427
1,0.9626,False,0.1097518433977512,,0.4922909384315225,1,0.1097518433977512,0.014,False,False,honest,0.1,0.9317991631799164,0.4317991631799164
2,0.9902,False,0.0495615487587422,0.358252567810734,0.487062522259971,0,0.0318059966508876,0.015,False,False,honest,0.1,0.93581589958159,0.43581589958159
1,0.978,False,0.007676913202099,,0.4148458574529282,1,0.007676913202099,0.021,False,False,honest,0.1,0.9398326359832636,0.4398326359832637
1,0.9998,False,0.0111423571365225,,0.3159831354558982,1,0.0111423571365225,0.015,False,False,honest,0.1,0.9438493723849372,0.4438493723849372
1,0.9546,False,0.1072809527159629,,0.3406889834411664,0,0.1072809527159629,0.014,False,False,honest,0.1,0.9478661087866108,0.4478661087866109
1,0.298,False,0.0647191133132997,,0.1916367290185505,1,0.0647191133132997,0.014,False,False,honest,0.1,0.9518828451882846,0.4518828451882846
2,0.959,False,0.0579042291465951,0.5591020291485583,0.4762325805267214,0,0.0902786011592986,0.011,False,False,honest,0.1,0.9558995815899582,0.4558995815899582
1,0.6682,False,0.0859625542371981,,0.5087794819809676,1,0.0859625542371981,0.01,False,False,honest,0.1,0.959916317991632,0.4599163179916319
1,0.9982,False,0.1196907147332873,,0.5551163315186837,1,0.1196907147332873,0.008,False,False,honest,0.1,0.9639330543933056,0.4639330543933055
0,,False,,,,-1,,0.012,False,True,honest,0.1,0.9679497907949792,0.4679497907949791
0,,False,,,,-1,,0.006,False,True,honest,0.1,0.9719665271966528,0.4719665271966528
1,0.9904,False,0.0470534668297659,,0.4646303180703652,1,0.0470534668297659,0.011,False,False,honest,0.1,0.9759832635983264,0.4759832635983264
1,0.9628,False,0.0284914658589992,,0.4916270480082833,1,0.0284914658589992,0.007,False,False,honest,0.1,0.98,0.48
1,0.9988,False,0.1992720283610591,,0.3989321791631587,1,0.1992720283610591,0.007,False,False,gated,0.2,0.02,0.48
0,,False,,,,-1,,0.008,False,True,gated,0.2,0.0240167364016736,0.4759832635983264
0,,False,,,,-1,,0.01,False,True,gated,0.2,0.0280334728033472,0.4719665271966527
0,,False,,,,-1,,0.009,False,True,gated,0.2,0.0320502092050209,0.467949790794979
1,0.992,False,0.3204706964115493,,0.9538471941687438,0,0.3204706964115493,0.011,False,False,gated,0.2,0.0360669456066945,0.4639330543933054
0,,False,,,,-1,,0.012,False,True,gated,0.2,0.0400836820083682,0.4599163179916318
0,,False,,,,-1,,0.009,False,True,gated,0.2,0.0441004184100418,0.4558995815899581
1,0.7522,False,0.0142927991931672,,0.5645315498184503,0,0.0142927991931672,0.013,False,False,gated,0.2,0.0481171548117154,0.4518828451882845
0,,False,,,,-1,,0.012,False,True,gated,0.2,0.0521338912133891,0.4478661087866109
0,,False,,,,-1,,0.016,False,True,gated,0.2,0.0561506276150627,0.4438493723849372
0,,False,,,,-1,,0.012,False,True,gated,0.2,0.0601673640167364,0.4398326359832636
1,0.9248,False,0.2059694303132611,,0.4629312844472549,0,0.2059694303132611,0.022,False,False,gated,0.2,0.06418410041841,0.4358158995815899
0,,False,,,,-1,,0.017,False,True,gated,0.2,0.0682008368200836,0.4317991631799163
1,1.0,False,0.21237945046515,,0.3844611494721734,1,0.21237945046515,0.019,False,False,gated,0.2,0.0722175732217573,0.4277824267782427
0,,False,,,,-1,,0.011,False,True,gated,0.2,0.0762343096234309,0.423765690376569
1,0.9994,False,0.1007795307016704,,0.7435057785572221,0,0.1007795307016704,0.017,False,False,gated,0.2,0.0802510460251046,0.4197489539748954
0,,False,,,,-1,,0.019,False,True,gated,0.2,0.0842677824267782,0.4157322175732217
0,,False,,,,-1,,0.021,False,True,gated,0.2,0.0882845188284519,0.4117154811715481
0,,False,,,,-1,,0.026,False,True,gated,0.2,0.0923012552301255,0.4076987447698744
0,,False,,,,-1,,0.022,False,True,gated,0.2,0.0963179916317991,0.4036820083682008
0,,False,,,,-1,,0.022,False,True,gated,0.2,0.1003347280334728,0.3996652719665272
0,,False,,,,-1,,0.028,False,True,gated,0.2,0.1043514644351464,0.3956485355648536
0,,False,,,,-1,,0.03,False,True,gated,0.2,0.1083682008368201,0.3916317991631799
0,,False,,,,-1,,0.025,False,True,gated,0.2,0.1123849372384937,0.3876150627615062
0,,False,,,,-1,,0.033,False,True,gated,0.2,0.1164016736401673,0.3835983263598326
0,,False,,,,-1,,0.028,False,True,gated,0.2,0.120418410041841,0.379581589958159
1,0.9974,False,0.1254691350780982,,0.4375338126753044,1,0.1254691350780982,0.04,False,False,gated,0.2,0.1244351464435146,0.3755648535564853
0,,False,,,,-1,,0.031,False,True,gated,0.2,0.1284518828451883,0.3715481171548117
0,,False,,,,-1,,0.024,False,True,gated,0.2,0.1324686192468619,0.367531380753138
1,1.0,False,0.1148509536856518,,0.3414212262290101,1,0.1148509536856518,0.03,False,False,gated,0.2,0.1364853556485355,0.3635146443514644
2,0.7964,False,0.0644854134549992,0.4142791162270956,0.325086595363709,0,0.0377704533589089,0.032,False,False,gated,0.2,0.1405020920502092,0.3594979079497907
0,,False,,,,-1,,0.041,False,True,gated,0.2,0.1445188284518828,0.3554811715481171
0,,False,,,,-1,,0.041,False,True,gated,0.2,0.1485355648535564,0.3514644351464435
0,,False,,,,-1,,0.044,False,True,gated,0.2,0.1525523012552301,0.3474476987447699
1,0.9026,False,0.0627540930460283,,0.2904796267207941,1,0.0627540930460283,0.041,False,False,gated,0.2,0.1565690376569037,0.3434309623430962
0,,False,,,,-1,,0.045,False,True,gated,0.2,0.1605857740585774,0.3394142259414225
0,,False,,,,-1,,0.037,False,True,gated,0.2,0.164602510460251,0.3353974895397489
0,,False,,,,-1,,0.042,False,True,gated,0.2,0.1686192468619247,0.3313807531380753
0,,False,,,,-1,,0.055,True,True,gated,0.2,0.1726359832635983,0.3273640167364017
0,,False,,,,-1,,0.051,True,True,gated,0.2,0.1766527196652719,0.323347280334728
1,0.898,False,0.1544475182100207,,0.4765814332268678,1,0.1544475182100207,0.057,True,False,gated,0.2,0.1806694560669456,0.3193305439330544
1,0.998,False,0.1880664549257706,,0.1617828153753885,1,0.1880664549257706,0.053,True,False,gated,0.2,0.1846861924686192,0.3153138075313807
1,0.9994,False,0.0665144973755118,,0.3106728777849941,1,0.0665144973755118,0.069,True,False,gated,0.2,0.1887029288702928,0.3112970711297071
1,0.9956,False,0.0025580674291009,,0.5775289612782181,1,0.0025580674291009,0.064,True,False,gated,0.2,0.1927196652719665,0.3072803347280335
2,0.7472,False,0.1258681319287344,0.1492858773919172,0.408030903929506,0,0.1070777974179224,0.05,True,False,gated,0.2,0.1967364016736401,0.3032635983263598
1,1.0,False,0.0640302612006096,,0.746137828659925,0,0.0640302612006096,0.06,True,False,gated,0.2,0.2007531380753138,0.2992468619246862
0,,False,,,,-1,,0.08,True,True,gated,0.2,0.2047698744769874,0.2952301255230125
0,,False,,,,-1,,0.079,True,True,gated,0.2,0.2087866108786611,0.2912133891213389
1,0.9818,False,0.2705005923258951,,0.4560056676785868,1,0.2705005923258951,0.073,True,False,gated,0.2,0.2128033472803347,0.2871966527196652
1,0.9996,False,0.2001801166217861,,0.3424449030359782,0,0.2001801166217861,0.081,True,False,gated,0.2,0.2168200836820083,0.2831799163179916
1,1.0,False,0.2656661627274453,,0.2292864695673965,1,0.2656661627274453,0.086,True,False,gated,0.2,0.220836820083682,0.279163179916318
1,0.5018,False,0.2567364944295359,,0.4938708619743587,1,0.2567364944295359,0.089,True,False,gated,0.2,0.2248535564853556,0.2751464435146443
1,1.0,False,0.2185720397660447,,0.5324356775350383,0,0.2185720397660447,0.097,True,False,gated,0.2,0.2288702928870293,0.2711297071129707
1,0.9934,False,0.2162100829100511,,0.5424247746330577,0,0.2162100829100511,0.09,True,False,gated,0.2,0.2328870292887029,0.267112970711297
1,0.0998,False,0.0872708706227437,,0.5169077429009588,1,0.0872708706227437,0.076,True,False,gated,0.2,0.2369037656903765,0.2630962343096234
1,1.0,False,0.1661296231839713,,0.4951179787512058,1,0.1661296231839713,0.099,True,False,gated,0.2,0.2409205020920502,0.2590794979079498
1,0.8106,False,0.232385830837067,,0.6876123763204993,1,0.232385830837067,0.114,True,False,gated,0.2,0.2449372384937238,0.2550627615062761
1,0.7756,False,0.1834169038951628,,0.7053114096700297,0,0.1834169038951628,0.111,True,False,gated,0.2,0.2489539748953975,0.2510460251046025
2,0.914,False,0.1028705361187438,0.5498522867016686,0.5574470098034247,1,0.1594341356384116,0.112,True,False,gated,0.2,0.2529707112970711,0.2470292887029288
1,0.5686,False,0.2779516227751815,,0.2053011594140397,1,0.2779516227751815,0.126,True,False,gated,0.2,0.2569874476987447,0.2430125523012552
2,0.9876,False,0.0994151092191974,0.6508349854652826,0.5107888381139429,0,0.1641179403835541,0.097,True,False,gated,0.2,0.2610041841004184,0.2389958158995815
1,0.9526,False,0.1726213824188344,,0.4945805869576515,0,0.1726213824188344,0.132,True,False,gated,0.2,0.2650209205020921,0.2349790794979079
1,0.7076,False,0.0536619618726541,,0.5491332969916138,0,0.0536619618726541,0.112,True,False,gated,0.2,0.2690376569037657,0.2309623430962343
1,0.9996,False,0.0283078833495546,,0.4682408902321703,1,0.0283078833495546,0.119,True,False,gated,0.2,0.2730543933054393,0.2269456066945606
1,0.936,False,0.312804391259341,,0.2693326551539675,1,0.312804391259341,0.133,True,False,gated,0.2,0.277071129707113,0.222928870292887
1,0.998,False,0.0570952663866302,,0.4211593094043787,0,0.0570952663866302,0.149,True,False,gated,0.2,0.2810878661087866,0.2189121338912133
1,0.9996,False,0.1386953496319306,,0.3458564965362357,1,0.1386953496319306,0.151,True,False,gated,0.2,0.2851046025104602,0.2148953974895397
1,1.0,False,0.2382385889014312,,0.4521998954112723,0,0.2382385889014312,0.134,True,False,gated,0.2,0.2891213389121339,0.210878661087866
1,0.922,False,0.0374229937926236,,0.6142386128557618,0,0.0374229937926236,0.162,True,False,gated,0.2,0.2931380753138076,0.2068619246861924
1,0.7838,False,0.1822001338295639,,0.4469950771356977,1,0.1822001338295639,0.142,True,False,gated,0.2,0.2971548117154812,0.2028451882845188
2,0.9504,False,0.2408978795305862,0.1741053221134156,0.284564374384056,1,0.1989562766183006,0.154,True,False,gated,0.2,0.3011715481171548,0.1988284518828451
1,0.7638,False,0.1984763672429925,,0.5054096590102197,1,0.1984763672429925,0.161,True,False,gated,0.2,0.3051882845188285,0.1948117154811715
1,0.719,False,0.2590578687285266,,0.4585726464716789,0,0.2590578687285266,0.167,True,False,gated,0.2,0.3092050209205021,0.1907949790794978
1,0.993,False,0.1912485228347728,,0.4927052569805399,0,0.1912485228347728,0.194,True,False,gated,0.2,0.3132217573221758,0.1867782426778242
1,1.0,False,0.1888774350273518,,0.5983809871938679,1,0.1888774350273518,0.177,True,False,gated,0.2,0.3172384937238494,0.1827615062761505
1,0.9658,False,0.2948165052392303,,0.1323943780194988,1,0.2948165052392303,0.178,True,False,gated,0.2,0.321255230125523,0.1787447698744769
1,1.0,False,0.0121998863209149,,0.6645404934369262,0,0.0121998863209149,0.194,True,False,gated,0.2,0.3252719665271967,0.1747280334728033
2,0.9994,False,0.0679244625079788,0.0017340030847269,0.5891097118195118,0,0.0680422437354978,0.184,True,False,gated,0.2,0.3292887029288703,0.1707112970711296
1,0.9964,False,0.0452393043708325,,0.5910384575780504,0,0.0452393043708325,0.22,True,False,gated,0.2,0.3333054393305439,0.166694560669456
2,0.5006,False,0.1851639286127744,0.4734516987418496,0.4886321092209864,0,0.0974977520648683,0.222,True,False,gated,0.2,0.3373221757322176,0.1626778242677823
1,0.9234,False,0.1976774533452224,,0.235201691921331,1,0.1976774533452224,0.193,True,False,gated,0.2,0.3413389121338912,0.1586610878661087
1,1.0,False,0.0750176054443936,,0.4977861805216931,1,0.0750176054443936,0.217,True,False,gated,0.2,0.3453556485355649,0.1546443514644351
1,0.9962,False,0.2409698865068543,,0.4858925936188746,1,0.2409698865068543,0.256,True,False,gated,0.2,0.3493723849372385,0.1506276150627614
2,0.9858,False,0.1481192753654827,0.363563406070978,0.4298456678312439,1,0.0942685271084791,0.21,True,False,gated,0.2,0.3533891213389121,0.1466108786610878
2,0.918,False,0.1349011698591541,0.7734674308849033,0.5791175765906422,0,0.2392428311342554,0.226,True,False,gated,0.2,0.3574058577405858,0.1425941422594142
2,0.956,False,0.1949720851571494,0.203394019870366,0.4992888846557077,1,0.2346282413199727,0.247,True,False,gated,0.2,0.3614225941422594,0.1385774058577405
1,0.9968,False,0.2066545488907896,,0.5040554012005916,1,0.2066545488907896,0.25,True,False,gated,0.2,0.365439330543933,0.1345606694560669
1,0.9784,False,0.1993823276693666,,0.7026355223673362,0,0.1993823276693666,0.234,True,False,gated,0.2,0.3694560669456067,0.1305439330543932
1,0.509,False,0.2671143838896075,,0.446234986708197,1,0.2671143838896075,0.255,True,False,gated,0.2,0.3734728033472804,0.1265271966527196
2,0.9992,False,0.2010637208282581,0.5526240059775901,0.3412753469888923,1,0.0899510819668336,0.25,True,False,gated,0.2,0.377489539748954,0.122510460251046
1,0.9934,False,0.1843180099354461,,0.4852854304372631,1,0.1843180099354461,0.282,True,False,gated,0.2,0.3815062761506276,0.1184937238493723
1,0.861,False,0.2408329951126092,,0.4935247950665519,1,0.2408329951126092,0.276,True,False,gated,0.2,0.3855230125523013,0.1144769874476986
1,0.9416,False,0.2103058450566744,,0.5180534040304011,0,0.2103058450566744,0.269,True,False,gated,0.2,0.3895397489539749,0.110460251046025
2,0.8006,False,0.1980833729856284,0.0111976751252451,0.5332250911926648,0,0.1958652997272114,0.295,True,False,gated,0.2,0.3935564853556486,0.1064435146443514
2,0.96,False,0.1388865622878089,0.8412377784512843,0.4582134187106144,1,0.0220499391712353,0.32,True,False,gated,0.2,0.3975732217573222,0.1024267782426777
2,0.6222,False,0.2408794087504181,0.0849594660003255,0.5429338776202431,0,0.2613443946884127,0.318,True,False,gated,0.2,0.4015899581589958,0.0984100418410041
3,0.9066,False,0.0968107052976607,0.721057051420789,0.4816154306473514,1,0.0131041479752177,0.307,True,False,gated,0.2,0.4056066945606695,0.0943933054393305
2,1.0,False,0.0690615298696079,0.2642938541470107,0.6907071824502089,0,0.050808991966816,0.326,True,False,gated,0.2,0.4096234309623431,0.0903765690376568
2,0.8924,False,0.1518740383438354,0.1644849585570203,0.3815655253807891,0,0.176855033246873,0.346,True,False,gated,0.2,0.4136401673640167,0.0863598326359832
2,0.9986,False,0.2273324009532934,0.0971312070654726,0.3785581340749032,1,0.2494134714630759,0.323,True,False,gated,0.2,0.4176569037656904,0.0823430962343095
2,0.9864,False,0.1460631890587697,0.2416779905366466,0.3884683365700933,0,0.1107629310354303,0.364,True,False,gated,0.2,0.4216736401673641,0.0783263598326359
2,0.9718,False,0.2370895326412214,0.1099592581184787,0.5054726645542816,0,0.2110193435242259,0.387,True,False,gated,0.2,0.4256903765690377,0.0743096234309623
2,0.9156,False,0.1758909099396739,0.636597321372344,0.4237336262429791,1,0.0639192278176967,0.368,True,False,gated,0.2,0.4297071129707113,0.0702928870292886
2,0.9892,False,0.1059788360437882,0.4450099577121591,0.6222929269040297,0,0.1531404733904632,0.359,True,False,gated,0.2,0.433723849372385,0.066276150627615
2,0.9456,False,0.0825251499661744,0.7096171607892086,0.4466438257079127,1,0.0239638873527644,0.372,True,False,gated,0.2,0.4377405857740586,0.0622594142259413
3,0.2296,False,0.1919134872943329,0.6565421004954837,0.4923557837683065,1,0.0152713332231138,0.382,True,False,gated,0.2,0.4417573221757322,0.0582426778242677
2,0.8288,False,0.1764033648221022,0.0535729578414257,0.4848266661250793,0,0.1669529147953485,0.428,True,False,gated,0.2,0.4457740585774059,0.054225941422594
2,0.9936,False,0.1655422678213225,0.1852656957847106,0.5475609125959857,0,0.134872964391441,0.41,True,False,gated,0.2,0.4497907949790795,0.0502092050209204
2,0.8802,False,0.317615967537291,0.0336902509478783,0.2495178649452304,1,0.3069154058858728,0.415,True,False,gated,0.2,0.4538075313807532,0.0461924686192468
2,0.8598,False,0.2544796416660436,0.1112972623889298,0.4315915081276689,0,0.2261567542147858,0.406,True,False,gated,0.2,0.4578242677824268,0.0421757322175731
3,0.9498,False,0.2155855965945557,0.6773192451943613,0.4951965841461427,1,0.2600768176583881,0.409,True,False,gated,0.2,0.4618410041841004,0.0381589958158995
2,1.0,False,0.2834571616493205,0.0840788753530795,0.4483654225203603,1,0.3072899210116555,0.44,True,False,gated,0.2,0.4658577405857741,0.0341422594142258
3,0.8514,False,0.2759921085769916,0.380967764595218,0.4211280127429214,1,0.3370496331675495,0.453,True,False,gated,0.2,0.4698744769874478,0.0301255230125522
3,0.5654,False,0.273875864028429,0.2013491305732807,0.3641426304153935,1,0.273875864028429,0.444,True,False,gated,0.2,0.4738912133891214,0.0261087866108786
3,0.9842,False,0.2019777917925888,0.1375916645307036,0.4891534519180552,1,0.2344539691364661,0.453,True,False,gated,0.2,0.477907949790795,0.0220920502092049
3,0.623,False,0.1097360080262856,0.4683677285199759,0.4987679371037292,1,0.2667823007629735,0.468,True,False,gated,0.2,0.4819246861924686,0.0180753138075313
3,0.757,False,0.2919921296471465,0.1584368099203748,0.4808100215472468,1,0.2919921296471465,0.471,True,False,gated,0.2,0.4859414225941423,0.0140585774058576
3,0.8128,False,0.2740485552339408,0.1915575870626259,0.4981770538715706,1,0.2287642922641494,0.446,True,False,gated,0.2,0.4899581589958159,0.010041841004184
3,0.444,False,0.2989461907732931,0.1498881536554458,0.5604417091865511,0,0.2989461907732931,0.478,True,False,gated,0.2,0.4939748953974895,0.0060251046025104
3,0.968,False,0.2800009922402161,0.0604503832283526,0.5375549987120909,1,0.2541288707056616,0.5,True,False,gated,0.2,0.4979916317991632,0.0020083682008367
3,0.718,False,0.2612568591521996,0.2317126250184552,0.4998332972035331,1,0.188121317874566,0.497,True,False,gated,0.2,0.5020083682008368,0.0020083682008368
3,0.9994,False,0.2677645378838456,0.3632854100190105,0.6142608497641479,0,0.1192764031946518,0.482,True,False,gated,0.2,0.5060251046025105,0.0060251046025104
3,0.9896,False,0.2038289832602267,0.1805610986328836,0.5164488424306497,0,0.2038289832602267,0.489,True,False,gated,0.2,0.5100418410041841,0.0100418410041841
3,0.777,False,0.2292342036050704,0.2401689451789524,0.497408891170908,1,0.2917799649339431,0.4669999999999999,True,False,gated,0.2,0.5140585774058578,0.0140585774058578
3,0.8674,False,0.1825290761921168,0.093525764004085,0.4658597689108522,0,0.1825290761921168,0.469,True,False,gated,0.2,0.5180753138075314,0.0180753138075313
3,0.941,False,0.2804969157048783,0.5047197829836277,0.4191819069769801,1,0.0674786391950571,0.473,True,False,gated,0.2,0.5220920502092051,0.0220920502092051
3,0.667,False,0.2828028678851851,0.4285675172474883,0.7377548651922567,0,0.2828028678851851,0.4479999999999999,True,False,gated,0.2,0.5261087866108787,0.0261087866108786
2,1.0,False,0.2600598299522335,0.1756903344813718,0.3634840408041688,0,0.2143698314425812,0.4599999999999999,True,False,gated,0.2,0.5301255230125523,0.0301255230125523
2,0.9902,False,0.281179828742805,0.0309677789576713,0.445399925314364,1,0.2898873435266991,0.422,True,False,gated,0.2,0.534142259414226,0.0341422594142259
2,0.9886,False,0.2011405592797928,0.08246014588274,0.5119780291130909,0,0.1845544794185627,0.4599999999999999,True,False,gated,0.2,0.5381589958158997,0.0381589958158996
2,0.6276,False,0.3517625529604342,0.180429699883467,0.7190380028848946,0,0.2882941410993604,0.431,True,False,gated,0.2,0.5421757322175733,0.0421757322175733
2,0.8576,False,0.2318814285188023,0.0427466958390379,0.4712503406217262,0,0.2219692636231447,0.411,True,False,gated,0.2,0.5461924686192469,0.0461924686192468
2,0.9998,False,0.2386982160743387,0.4067981913542324,0.6603688878630208,0,0.1415962134954092,0.394,True,False,gated,0.2,0.5502092050209205,0.0502092050209205
2,0.9994,False,0.292033043238575,0.098080292753935,0.5884152660516604,0,0.3206757296133351,0.394,True,False,gated,0.2,0.5542259414225942,0.0542259414225941
2,0.9994,False,0.1889593504898649,0.2502988098126389,0.345473243196036,1,0.1416630499590321,0.398,True,False,gated,0.2,0.5582426778242678,0.0582426778242678
2,0.3514,False,0.2415338394859129,0.2166368251694961,0.6270329116959587,0,0.2938589636433564,0.385,True,False,gated,0.2,0.5622594142259415,0.0622594142259415
2,0.9756,False,0.2182702233303097,0.4259865790478634,0.5033079220224188,0,0.3112504090752275,0.397,True,False,gated,0.2,0.5662761506276152,0.0662761506276151
2,0.8394,False,0.2342677165376038,0.246854084452668,0.574639506050448,0,0.2920976592205581,0.356,True,False,gated,0.2,0.5702928870292887,0.0702928870292887
2,0.4764,False,0.1372985192153272,0.1040764675979958,0.6122662279669262,0,0.1515880641017981,0.347,True,False,gated,0.2,0.5743096234309624,0.0743096234309623
2,0.9702,False,0.1501684292616675,0.6629657865058252,0.4758897611808121,1,0.2497249600761363,0.3259999999999999,True,False,gated,0.2,0.578326359832636,0.078326359832636
2,0.9166,False,0.1946527322869455,0.5046294773759197,0.6715154875554281,0,0.0964252257226847,0.3299999999999999,True,False,gated,0.2,0.5823430962343097,0.0823430962343096
2,0.9722,False,0.1572837905376638,0.6902760923966706,0.353651865397794,0,0.2658530308680291,0.345,True,False,gated,0.2,0.5863598326359833,0.0863598326359833
2,0.918,False,0.214986441815615,0.4409944733930752,0.3176484938884168,1,0.3097942745111841,0.353,True,False,gated,0.2,0.590376569037657,0.090376569037657
2,0.9738,False,0.2071917465831052,0.0458772949260331,0.6124807919745108,0,0.2166971434473841,0.302,True,False,gated,0.2,0.5943933054393306,0.0943933054393305
1,0.9996,False,0.2131827638891238,,0.521764072341835,0,0.2131827638891238,0.307,True,False,gated,0.2,0.5984100418410042,0.0984100418410042
2,0.9956,False,0.1761373859766748,0.0153853821658168,0.3518313047267792,0,0.1734274449797203,0.279,True,False,gated,0.2,0.6024267782426779,0.1024267782426778
2,0.9994,False,0.2009879139681863,0.1249190913329289,0.4952394932068777,0,0.226095141550118,0.301,True,False,gated,0.2,0.6064435146443515,0.1064435146443515
2,0.9714,False,0.2716461442399976,0.0490099588305835,0.6599923147118587,0,0.2583327778942595,0.281,True,False,gated,0.2,0.6104602510460252,0.1104602510460251
1,0.812,False,0.2393537676176436,,0.4998640116005148,0,0.2393537676176436,0.277,True,False,gated,0.2,0.6144769874476989,0.1144769874476988
2,0.7936,False,0.2012353835553115,0.4686895063520165,0.5721445797598077,0,0.2955522961348779,0.27,True,False,gated,0.2,0.6184937238493724,0.1184937238493724
1,0.9988,False,0.1544341504846019,,0.2840626489813977,1,0.1544341504846019,0.272,True,False,gated,0.2,0.6225104602510461,0.122510460251046
2,0.8768,False,0.1941207564647769,0.130173194895807,0.4212775649321136,1,0.219390075529518,0.272,True,False,gated,0.2,0.6265271966527197,0.1265271966527197
2,0.9128,False,0.2038320455543928,0.1081082449628572,0.470653647175333,0,0.1817961208422101,0.266,True,False,gated,0.2,0.6305439330543934,0.1305439330543933
1,1.0,False,0.1953178984489135,,0.523836695323763,0,0.1953178984489135,0.2289999999999999,True,False,gated,0.2,0.634560669456067,0.134560669456067
1,0.9992,False,0.2313368643250005,,0.4702878174055442,1,0.2313368643250005,0.237,True,False,gated,0.2,0.6385774058577407,0.1385774058577407
1,0.9996,False,0.1569250099869368,,0.5739417065637071,0,0.1569250099869368,0.238,True,False,gated,0.2,0.6425941422594142,0.1425941422594142
1,0.9956,False,0.3206257156311543,,0.8613934681489522,0,0.3206257156311543,0.2259999999999999,True,False,gated,0.2,0.6466108786610879,0.1466108786610879
1,0.9998,False,0.1457873775868465,,0.4959142595155754,0,0.1457873775868465,0.2329999999999999,True,False,gated,0.2,0.6506276150627616,0.1506276150627615
1,0.9262,False,0.2910665381074621,,0.5340116207684432,1,0.2910665381074621,0.2189999999999999,True,False,gated,0.2,0.6546443514644352,0.1546443514644352
2,0.9046,False,0.1214533691138369,0.6738939048309502,0.5110322335737584,1,0.2033000542815092,0.1959999999999999,True,False,gated,0.2,0.6586610878661089,0.1586610878661088
1,0.9984,False,0.2259712183526195,,0.2806338184585901,1,0.2259712183526195,0.2069999999999999,True,False,gated,0.2,0.6626778242677824,0.1626778242677824
1,1.0,False,0.1117700094532837,,0.6356667135827224,0,0.1117700094532837,0.2089999999999999,True,False,gated,0.2,0.6666945606694561,0.1666945606694561
2,1.0,False,0.1025048987352484,0.8754864673403314,0.5560212960994488,0,0.0127632470555718,0.176,True,False,gated,0.2,0.6707112970711298,0.1707112970711297
1,0.9994,False,0.2036946003707068,,0.5152106197858325,0,0.2036946003707068,0.18,True,False,gated,0.2,0.6747280334728034,0.1747280334728034
2,0.8028,False,0.1131154024727847,0.3930882280986904,0.4858762960764175,0,0.157579735601875,0.177,True,False,gated,0.2,0.6787447698744771,0.178744769874477
1,0.9922,False,0.1947014101961702,,0.5021461864277935,0,0.1947014101961702,0.161,True,False,gated,0.2,0.6827615062761507,0.1827615062761507
1,0.994,False,0.1079554642491246,,0.6084699608332822,0,0.1079554642491246,0.164,True,False,gated,0.2,0.6867782426778243,0.1867782426778242
1,0.7924,False,0.1935645379067841,,0.7753716154393758,0,0.1935645379067841,0.171,True,False,gated,0.2,0.6907949790794979,0.1907949790794979
1,0.9982,False,0.2033451207277085,,0.4684287988987142,0,0.2033451207277085,0.164,True,False,gated,0.2,0.6948117154811716,0.1948117154811716
1,0.9828,False,0.1276407519948679,,0.5535874115348106,0,0.1276407519948679,0.164,True,False,gated,0.2,0.6988284518828453,0.1988284518828452
1,0.9996,False,0.0808406953828788,,0.5454648371021905,0,0.0808406953828788,0.161,True,False,gated,0.2,0.7028451882845189,0.2028451882845189
1,0.7604,False,0.2320227727506829,,0.2447970091396439,0,0.2320227727506829,0.156,True,False,gated,0.2,0.7068619246861926,0.2068619246861925
1,0.8282,False,0.2114158988352328,,0.6727857122805398,0,0.2114158988352328,0.152,True,False,gated,0.2,0.7108786610878661,0.2108786610878661
1,0.9982,False,0.2261907518988276,,0.4459363414151052,1,0.2261907518988276,0.124,True,False,gated,0.2,0.7148953974895398,0.2148953974895397
2,0.9658,False,0.0539297390138019,0.0772917108849169,0.5290761036210905,0,0.0497614172177708,0.154,True,False,gated,0.2,0.7189121338912134,0.2189121338912134
1,0.985,False,0.2182476714993685,,0.6769785040025731,0,0.2182476714993685,0.122,True,False,gated,0.2,0.7229288702928871,0.2229288702928871
1,0.9824,False,0.0600832367251959,,0.4384212809265609,0,0.0600832367251959,0.136,True,False,gated,0.2,0.7269456066945608,0.2269456066945607
1,0.9996,False,0.0386479615184632,,0.5371412139629825,0,0.0386479615184632,0.1159999999999999,True,False,gated,0.2,0.7309623430962344,0.2309623430962344
1,0.9942,False,0.1696192967706598,,0.5339286104377131,1,0.1696192967706598,0.1159999999999999,True,False,gated,0.2,0.734979079497908,0.2349790794979079
1,0.9998,False,0.0652796119532651,,0.5132864588815137,0,0.0652796119532651,0.119,True,False,gated,0.2,0.7389958158995816,0.2389958158995816
1,0.891,False,0.2620762491050393,,0.8415640249332137,0,0.2620762491050393,0.0909999999999999,True,False,gated,0.2,0.7430125523012553,0.2430125523012553
2,0.8794,False,0.0701256223099085,0.8226153568639464,0.5829864491495744,0,0.1278120361325029,0.1059999999999999,True,False,gated,0.2,0.747029288702929,0.2470292887029289
1,0.9994,False,0.206732880786455,,0.2162734072872033,1,0.206732880786455,0.1119999999999999,True,False,gated,0.2,0.7510460251046026,0.2510460251046026
1,1.0,False,0.0157344188200793,,0.2469364310448397,1,0.0157344188200793,0.1009999999999999,True,False,gated,0.2,0.7550627615062763,0.2550627615062762
1,0.9376,False,0.1999553939832854,,0.331325381858699,1,0.1999553939832854,0.0969999999999999,True,False,gated,0.2,0.7590794979079498,0.2590794979079498
2,0.5058,False,0.2087448245087678,0.0368812693821475,0.3496925707656172,0,0.2164435986136417,0.0839999999999999,True,False,gated,0.2,0.7630962343096235,0.2630962343096235
1,0.993,False,0.2556229902663999,,0.4534517155469564,1,0.2556229902663999,0.0949999999999999,True,False,gated,0.2,0.7671129707112971,0.2671129707112971
0,,False,,,,-1,,0.0859999999999999,True,True,gated,0.2,0.7711297071129708,0.2711297071129708
1,0.8768,False,0.042430272947762,,0.3974307541245605,1,0.042430272947762,0.0939999999999999,True,False,gated,0.2,0.7751464435146445,0.2751464435146444
0,,False,,,,-1,,0.0749999999999999,True,True,gated,0.2,0.7791631799163181,0.2791631799163181
1,0.9994,False,0.1544072542905266,,0.6310410341063408,0,0.1544072542905266,0.0869999999999999,True,False,gated,0.2,0.7831799163179917,0.2831799163179916
1,0.8846,False,0.1595328769432096,,0.5962635713789155,0,0.1595328769432096,0.0749999999999999,True,False,gated,0.2,0.7871966527196653,0.2871966527196653
0,,False,,,,-1,,0.055,True,True,gated,0.2,0.791213389121339,0.291213389121339
0,,False,,,,-1,,0.0669999999999999,True,True,gated,0.2,0.7952301255230126,0.2952301255230126
1,1.0,False,0.0298546819066855,,0.5163279528017981,1,0.0298546819066855,0.057,True,False,gated,0.2,0.7992468619246863,0.2992468619246863
0,,False,,,,-1,,0.0639999999999999,True,True,gated,0.2,0.8032635983263599,0.3032635983263598
1,0.4062,False,0.0626040499638803,,0.2098517518636252,1,0.0626040499638803,0.054,True,False,gated,0.2,0.8072803347280335,0.3072803347280335
1,0.7624,False,0.1814177984873075,,0.3933451592563665,1,0.1814177984873075,0.054,True,False,gated,0.2,0.8112970711297072,0.3112970711297071
3,0.7758,False,0.1272705108836929,0.2213326290456168,0.3735401483316699,1,0.1935870413734954,0.0649999999999999,True,False,gated,0.2,0.8153138075313808,0.3153138075313808
2,0.9718,False,0.3029403969761931,0.4774513013804561,0.8637842768318882,0,0.1583011101987203,0.051,True,False,gated,0.2,0.8193305439330545,0.3193305439330545
1,0.961,False,0.038388745551793,,0.4249913468075024,1,0.038388745551793,0.058,True,False,gated,0.2,0.8233472803347281,0.3233472803347281
2,0.988,False,0.1186185678155588,0.4268303334463575,0.4725679769365092,0,0.16924857066963,0.045,False,False,gated,0.2,0.8273640167364017,0.3273640167364017
2,0.4442,False,0.1652027518527599,0.408966697089124,0.577722238967109,1,0.2327651756284263,0.044,False,False,gated,0.2,0.8313807531380754,0.3313807531380753
1,1.0,False,0.0922694827080163,,0.6429077942915542,1,0.0922694827080163,0.052,True,False,gated,0.2,0.835397489539749,0.335397489539749
1,1.0,False,0.0801601992102564,,0.3111118554806821,1,0.0801601992102564,0.045,False,False,gated,0.2,0.8394142259414227,0.3394142259414227
0,,False,,,,-1,,0.056,True,True,gated,0.2,0.8434309623430963,0.3434309623430963
1,1.0,False,0.1588065803313528,,0.7151574503942284,0,0.1588065803313528,0.039,False,False,gated,0.2,0.84744769874477,0.34744769874477
1,0.8182,False,0.0471960084335993,,0.5373762838676815,0,0.0471960084335993,0.04,False,False,gated,0.2,0.8514644351464435,0.3514644351464435
1,1.0,False,0.1915828695359205,,0.2754886343485386,1,0.1915828695359205,0.033,False,False,gated,0.2,0.8554811715481172,0.3554811715481172
0,,False,,,,-1,,0.037,False,True,gated,0.2,0.8594979079497909,0.3594979079497908
1,0.997,False,0.0597385877823066,,0.5078897680991915,0,0.0597385877823066,0.051,True,False,gated,0.2,0.8635146443514645,0.3635146443514645
0,,False,,,,-1,,0.027,False,True,gated,0.2,0.8675313807531382,0.3675313807531382
1,0.8776,False,0.0367791155058261,,0.5130090544391999,0,0.0367791155058261,0.02,False,False,gated,0.2,0.8715481171548118,0.3715481171548118
0,,False,,,,-1,,0.03,False,True,gated,0.2,0.8755648535564854,0.3755648535564854
1,0.9754,False,0.0622839810119863,,0.6135069776942373,0,0.0622839810119863,0.032,False,False,gated,0.2,0.879581589958159,0.379581589958159
1,0.9834,False,0.1606438189643274,,0.6841108303026073,0,0.1606438189643274,0.027,False,False,gated,0.2,0.8835983263598327,0.3835983263598327
0,,False,,,,-1,,0.025,False,True,gated,0.2,0.8876150627615064,0.3876150627615063
1,0.254,False,0.2004943115621775,,0.6615853539877544,0,0.2004943115621775,0.036,False,False,gated,0.2,0.89163179916318,0.39163179916318
0,,False,,,,-1,,0.038,False,True,gated,0.2,0.8956485355648537,0.3956485355648537
0,,False,,,,-1,,0.026,False,True,gated,0.2,0.8996652719665272,0.3996652719665272
0,,False,,,,-1,,0.021,False,True,gated,0.2,0.9036820083682008,0.4036820083682009
0,,False,,,,-1,,0.014,False,True,gated,0.2,0.9076987447698746,0.4076987447698745
0,,False,,,,-1,,0.013,False,True,gated,0.2,0.9117154811715482,0.4117154811715482
1,0.9376,False,0.0260835247455065,,0.3216636438161709,1,0.0260835247455065,0.021,False,False,gated,0.2,0.915732217573222,0.4157322175732219
0,,False,,,,-1,,0.017,False,True,gated,0.2,0.9197489539748956,0.4197489539748955
0,,False,,,,-1,,0.017,False,True,gated,0.2,0.9237656903765692,0.4237656903765691
2,0.9942,False,0.1014930944466814,0.2157793028829904,0.6129639497118201,0,0.1233932036140396,0.021,False,False,gated,0.2,0.9277824267782429,0.4277824267782427
0,,False,,,,-1,,0.011,False,True,gated,0.2,0.9317991631799164,0.4317991631799164
0,,False,,,,-1,,0.018,False,True,gated,0.2,0.93581589958159,0.43581589958159
0,,False,,,,-1,,0.018,False,True,gated,0.2,0.9398326359832636,0.4398326359832637
1,0.7972,False,0.0634073779916186,,0.4953769198473542,1,0.0634073779916186,0.008,False,False,gated,0.2,0.9438493723849372,0.4438493723849372
0,,False,,,,-1,,0.017,False,True,gated,0.2,0.9478661087866108,0.4478661087866109
0,,False,,,,-1,,0.015,False,True,gated,0.2,0.9518828451882846,0.4518828451882846
0,,False,,,,-1,,0.007,False,True,gated,0.2,0.9558995815899582,0.4558995815899582
1,0.9542,False,0.2659866769152859,,0.3023695771755796,1,0.2659866769152859,0.011,False,False,gated,0.2,0.959916317991632,0.4599163179916319
0,,False,,,,-1,,0.006,False,True,gated,0.2,0.9639330543933056,0.4639330543933055
0,,False,,,,-1,,0.011,False,True,gated,0.2,0.9679497907949792,0.4679497907949791
0,,False,,,,-1,,0.005,False,True,gated,0.2,0.9719665271966528,0.4719665271966528
0,,False,,,,-1,,0.002,False,True,gated,0.2,0.9759832635983264,0.4759832635983264
0,,False,,,,-1,,0.009,False,True,gated,0.2,0.98,0.48
0,,False,,,,-1,,0.012,False,True,honest,0.2,0.02,0.48
0,,False,,,,-1,,0.01,False,True,honest,0.2,0.0240167364016736,0.4759832635983264
0,,False,,,,-1,,0.012,False,True,honest,0.2,0.0280334728033472,0.4719665271966527
1,1.0,False,0.1547534307165931,,0.615750324959422,0,0.1547534307165931,0.009,False,False,honest,0.2,0.0320502092050209,0.467949790794979
1,0.9974,False,0.0229208897337606,,0.2956374624016187,1,0.0229208897337606,0.008,False,False,honest,0.2,0.0360669456066945,0.4639330543933054
0,,False,,,,-1,,0.016,False,True,honest,0.2,0.0400836820083682,0.4599163179916318
0,,False,,,,-1,,0.01,False,True,honest,0.2,0.0441004184100418,0.4558995815899581
0,,False,,,,-1,,0.005,False,True,honest,0.2,0.0481171548117154,0.4518828451882845
0,,False,,,,-1,,0.012,False,True,honest,0.2,0.0521338912133891,0.4478661087866109
0,,False,,,,-1,,0.014,False,True,honest,0.2,0.0561506276150627,0.4438493723849372
0,,False,,,,-1,,0.015,False,True,honest,0.2,0.0601673640167364,0.4398326359832636
0,,False,,,,-1,,0.011,False,True,honest,0.2,0.06418410041841,0.4358158995815899
1,0.9496,False,0.0281545987366846,,0.4731778950483495,0,0.0281545987366846,0.016,False,False,honest,0.2,0.0682008368200836,0.4317991631799163
0,,False,,,,-1,,0.016,False,True,honest,0.2,0.0722175732217573,0.4277824267782427
0,,False,,,,-1,,0.02,False,True,honest,0.2,0.0762343096234309,0.423765690376569
1,1.0,False,0.1899800009180239,,0.6358750299304211,0,0.1899800009180239,0.013,False,False,honest,0.2,0.0802510460251046,0.4197489539748954
0,,False,,,,-1,,0.016,False,True,honest,0.2,0.0842677824267782,0.4157322175732217
1,0.9994,False,0.0184960078843534,,0.5173846547363694,0,0.0184960078843534,0.028,False,False,honest,0.2,0.0882845188284519,0.4117154811715481
0,,False,,,,-1,,0.019,False,True,honest,0.2,0.0923012552301255,0.4076987447698744
0,,False,,,,-1,,0.026,False,True,honest,0.2,0.0963179916317991,0.4036820083682008
0,,False,,,,-1,,0.026,False,True,honest,0.2,0.1003347280334728,0.3996652719665272
0,,False,,,,-1,,0.025,False,True,honest,0.2,0.1043514644351464,0.3956485355648536
0,,False,,,,-1,,0.02,False,True,honest,0.2,0.1083682008368201,0.3916317991631799
0,,False,,,,-1,,0.017,False,True,honest,0.2,0.1123849372384937,0.3876150627615062
0,,False,,,,-1,,0.027,False,True,honest,0.2,0.1164016736401673,0.3835983263598326
0,,False,,,,-1,,0.027,False,True,honest,0.2,0.120418410041841,0.379581589958159
0,,False,,,,-1,,0.03,False,True,honest,0.2,0.1244351464435146,0.3755648535564853
1,0.7554,False,0.0244813296435254,,0.5228862828720185,0,0.0244813296435254,0.034,False,False,honest,0.2,0.1284518828451883,0.3715481171548117
0,,False,,,,-1,,0.036,False,True,honest,0.2,0.1324686192468619,0.367531380753138
0,,False,,,,-1,,0.036,False,True,honest,0.2,0.1364853556485355,0.3635146443514644
0,,False,,,,-1,,0.039,False,True,honest,0.2,0.1405020920502092,0.3594979079497907
0,,False,,,,-1,,0.034,False,True,honest,0.2,0.1445188284518828,0.3554811715481171
0,,False,,,,-1,,0.031,False,True,honest,0.2,0.1485355648535564,0.3514644351464435
0,,False,,,,-1,,0.036,False,True,honest,0.2,0.1525523012552301,0.3474476987447699
1,0.992,False,0.1937699866807786,,0.4070035839294539,1,0.1937699866807786,0.043,False,False,honest,0.2,0.1565690376569037,0.3434309623430962
0,,False,,,,-1,,0.051,True,True,honest,0.2,0.1605857740585774,0.3394142259414225
1,1.0,False,0.1529624333749789,,0.7287390515160977,0,0.1529624333749789,0.051,True,False,honest,0.2,0.164602510460251,0.3353974895397489
1,1.0,False,0.0288897940877578,,0.4645968945113321,1,0.0288897940877578,0.055,True,False,honest,0.2,0.1686192468619247,0.3313807531380753
0,,False,,,,-1,,0.057,True,True,honest,0.2,0.1726359832635983,0.3273640167364017
0,,False,,,,-1,,0.052,True,True,honest,0.2,0.1766527196652719,0.323347280334728
0,,False,,,,-1,,0.048,False,True,honest,0.2,0.1806694560669456,0.3193305439330544
0,,False,,,,-1,,0.064,True,True,honest,0.2,0.1846861924686192,0.3153138075313807
0,,False,,,,-1,,0.065,True,True,honest,0.2,0.1887029288702928,0.3112970711297071
1,0.9994,False,0.0931787266626228,,0.685899295325132,0,0.0931787266626228,0.067,True,False,honest,0.2,0.1927196652719665,0.3072803347280335
0,,False,,,,-1,,0.056,True,True,honest,0.2,0.1967364016736401,0.3032635983263598
0,,False,,,,-1,,0.062,True,True,honest,0.2,0.2007531380753138,0.2992468619246862
0,,False,,,,-1,,0.067,True,True,honest,0.2,0.2047698744769874,0.2952301255230125
0,,False,,,,-1,,0.069,True,True,honest,0.2,0.2087866108786611,0.2912133891213389
0,,False,,,,-1,,0.084,True,True,honest,0.2,0.2128033472803347,0.2871966527196652
0,,False,,,,-1,,0.081,True,True,honest,0.2,0.2168200836820083,0.2831799163179916
0,,False,,,,-1,,0.085,True,True,honest,0.2,0.220836820083682,0.279163179916318
1,0.8946,False,0.2617363562822964,,0.510805411717514,1,0.2617363562822964,0.095,True,False,honest,0.2,0.2248535564853556,0.2751464435146443
0,,False,,,,-1,,0.1,True,True,honest,0.2,0.2288702928870293,0.2711297071129707
1,0.938,False,0.192501254824213,,0.4706502092010265,1,0.192501254824213,0.093,True,False,honest,0.2,0.2328870292887029,0.267112970711297
0,,False,,,,-1,,0.097,True,True,honest,0.2,0.2369037656903765,0.2630962343096234
0,,False,,,,-1,,0.097,True,True,honest,0.2,0.2409205020920502,0.2590794979079498
0,,False,,,,-1,,0.108,True,True,honest,0.2,0.2449372384937238,0.2550627615062761
1,0.9738,False,0.203868657830555,,0.4944358926534825,1,0.203868657830555,0.096,True,False,honest,0.2,0.2489539748953975,0.2510460251046025
0,,False,,,,-1,,0.098,True,True,honest,0.2,0.2529707112970711,0.2470292887029288
0,,False,,,,-1,,0.118,True,True,honest,0.2,0.2569874476987447,0.2430125523012552
0,,False,,,,-1,,0.111,True,True,honest,0.2,0.2610041841004184,0.2389958158995815
0,,False,,,,-1,,0.109,True,True,honest,0.2,0.2650209205020921,0.2349790794979079
0,,False,,,,-1,,0.137,True,True,honest,0.2,0.2690376569037657,0.2309623430962343
1,0.8858,False,0.0117040279959424,,0.5239606319616427,0,0.0117040279959424,0.127,True,False,honest,0.2,0.2730543933054393,0.2269456066945606
0,,False,,,,-1,,0.146,True,True,honest,0.2,0.277071129707113,0.222928870292887
0,,False,,,,-1,,0.134,True,True,honest,0.2,0.2810878661087866,0.2189121338912133
0,,False,,,,-1,,0.135,True,True,honest,0.2,0.2851046025104602,0.2148953974895397
0,,False,,,,-1,,0.156,True,True,honest,0.2,0.2891213389121339,0.210878661087866
0,,False,,,,-1,,0.163,True,True,honest,0.2,0.2931380753138076,0.2068619246861924
0,,False,,,,-1,,0.161,True,True,honest,0.2,0.2971548117154812,0.2028451882845188
0,,False,,,,-1,,0.154,True,True,honest,0.2,0.3011715481171548,0.1988284518828451
0,,False,,,,-1,,0.177,True,True,honest,0.2,0.3051882845188285,0.1948117154811715
0,,False,,,,-1,,0.15,True,True,honest,0.2,0.3092050209205021,0.1907949790794978
0,,False,,,,-1,,0.196,True,True,honest,0.2,0.3132217573221758,0.1867782426778242
1,0.9946,False,0.1949745969179112,,0.3755669880703143,1,0.1949745969179112,0.165,True,False,honest,0.2,0.3172384937238494,0.1827615062761505
0,,False,,,,-1,,0.173,True,True,honest,0.2,0.321255230125523,0.1787447698744769
0,,False,,,,-1,,0.183,True,True,honest,0.2,0.3252719665271967,0.1747280334728033
1,0.0202,True,0.1906634775227479,,0.6951312352452101,0,0.1906634775227479,0.178,True,False,honest,0.2,0.3292887029288703,0.1707112970711296
0,,False,,,,-1,,0.184,True,True,honest,0.2,0.3333054393305439,0.166694560669456
0,,False,,,,-1,,0.203,True,True,honest,0.2,0.3373221757322176,0.1626778242677823
0,,False,,,,-1,,0.194,True,True,honest,0.2,0.3413389121338912,0.1586610878661087
0,,False,,,,-1,,0.207,True,True,honest,0.2,0.3453556485355649,0.1546443514644351
0,,False,,,,-1,,0.228,True,True,honest,0.2,0.3493723849372385,0.1506276150627614
0,,False,,,,-1,,0.255,True,True,honest,0.2,0.3533891213389121,0.1466108786610878
0,,False,,,,-1,,0.223,True,True,honest,0.2,0.3574058577405858,0.1425941422594142
0,,False,,,,-1,,0.227,True,True,honest,0.2,0.3614225941422594,0.1385774058577405
0,,False,,,,-1,,0.245,True,True,honest,0.2,0.365439330543933,0.1345606694560669
0,,False,,,,-1,,0.267,True,True,honest,0.2,0.3694560669456067,0.1305439330543932
0,,False,,,,-1,,0.265,True,True,honest,0.2,0.3734728033472804,0.1265271966527196
0,,False,,,,-1,,0.251,True,True,honest,0.2,0.377489539748954,0.122510460251046
0,,False,,,,-1,,0.28,True,True,honest,0.2,0.3815062761506276,0.1184937238493723
0,,False,,,,-1,,0.304,True,True,honest,0.2,0.3855230125523013,0.1144769874476986
0,,False,,,,-1,,0.307,True,True,honest,0.2,0.3895397489539749,0.110460251046025
0,,False,,,,-1,,0.308,True,True,honest,0.2,0.3935564853556486,0.1064435146443514
0,,False,,,,-1,,0.294,True,True,honest,0.2,0.3975732217573222,0.1024267782426777
0,,False,,,,-1,,0.33,True,True,honest,0.2,0.4015899581589958,0.0984100418410041
0,,False,,,,-1,,0.323,True,True,honest,0.2,0.4056066945606695,0.0943933054393305
0,,False,,,,-1,,0.323,True,True,honest,0.2,0.4096234309623431,0.0903765690376568
0,,False,,,,-1,,0.327,True,True,honest,0.2,0.4136401673640167,0.0863598326359832
0,,False,,,,-1,,0.339,True,True,honest,0.2,0.4176569037656904,0.0823430962343095
0,,False,,,,-1,,0.357,True,True,honest,0.2,0.4216736401673641,0.0783263598326359
0,,False,,,,-1,,0.345,True,True,honest,0.2,0.4256903765690377,0.0743096234309623
0,,False,,,,-1,,0.351,True,True,honest,0.2,0.4297071129707113,0.0702928870292886
0,,False,,,,-1,,0.34,True,True,honest,0.2,0.433723849372385,0.066276150627615
1,0.9634,False,0.1352470038125307,,0.3949035685119065,1,0.1352470038125307,0.382,True,False,honest,0.2,0.4377405857740586,0.0622594142259413
0,,False,,,,-1,,0.417,True,True,honest,0.2,0.4417573221757322,0.0582426778242677
1,0.9958,False,0.2087069869930704,,0.6367917368580341,1,0.2087069869930704,0.368,True,False,honest,0.2,0.4457740585774059,0.054225941422594
0,,False,,,,-1,,0.381,True,True,honest,0.2,0.4497907949790795,0.0502092050209204
0,,False,,,,-1,,0.39,True,True,honest,0.2,0.4538075313807532,0.0461924686192468
0,,False,,,,-1,,0.399,True,True,honest,0.2,0.4578242677824268,0.0421757322175731
1,0.9844,False,0.231180339296758,,0.6777386730428879,0,0.231180339296758,0.431,True,False,honest,0.2,0.4618410041841004,0.0381589958158995
0,,False,,,,-1,,0.443,True,True,honest,0.2,0.4658577405857741,0.0341422594142258
1,0.9674,False,0.029941933874756,,0.324532533703523,1,0.029941933874756,0.443,True,False,honest,0.2,0.4698744769874478,0.0301255230125522
0,,False,,,,-1,,0.45,True,True,honest,0.2,0.4738912133891214,0.0261087866108786
0,,False,,,,-1,,0.445,True,True,honest,0.2,0.477907949790795,0.0220920502092049
0,,False,,,,-1,,0.462,True,True,honest,0.2,0.4819246861924686,0.0180753138075313
0,,False,,,,-1,,0.468,True,True,honest,0.2,0.4859414225941423,0.0140585774058576
0,,False,,,,-1,,0.489,True,True,honest,0.2,0.4899581589958159,0.010041841004184
0,,False,,,,-1,,0.481,True,True,honest,0.2,0.4939748953974895,0.0060251046025104
0,,False,,,,-1,,0.488,True,True,honest,0.2,0.4979916317991632,0.0020083682008367
0,,False,,,,-1,,0.498,True,True,honest,0.2,0.5020083682008368,0.0020083682008368
0,,False,,,,-1,,0.486,True,True,honest,0.2,0.5060251046025105,0.0060251046025104
0,,False,,,,-1,,0.4679999999999999,True,True,honest,0.2,0.5100418410041841,0.0100418410041841
0,,False,,,,-1,,0.472,True,True,honest,0.2,0.5140585774058578,0.0140585774058578
0,,False,,,,-1,,0.4379999999999999,True,True,honest,0.2,0.5180753138075314,0.0180753138075313
0,,False,,,,-1,,0.484,True,True,honest,0.2,0.5220920502092051,0.0220920502092051
1,0.9754,False,0.2395083765380645,,0.1252356584214547,1,0.2395083765380645,0.485,True,False,honest,0.2,0.5261087866108787,0.0261087866108786
0,,False,,,,-1,,0.4379999999999999,True,True,honest,0.2,0.5301255230125523,0.0301255230125523
0,,False,,,,-1,,0.435,True,True,honest,0.2,0.534142259414226,0.0341422594142259
1,0.9712,False,0.0620061564101678,,0.5485826518202013,1,0.0620061564101678,0.414,True,False,honest,0.2,0.5381589958158997,0.0381589958158996
0,,False,,,,-1,,0.433,True,True,honest,0.2,0.5421757322175733,0.0421757322175733
0,,False,,,,-1,,0.41,True,True,honest,0.2,0.5461924686192469,0.0461924686192468
0,,False,,,,-1,,0.402,True,True,honest,0.2,0.5502092050209205,0.0502092050209205
1,0.978,False,0.1846446668975868,,0.5248997832596692,0,0.1846446668975868,0.387,True,False,honest,0.2,0.5542259414225942,0.0542259414225941
0,,False,,,,-1,,0.407,True,True,honest,0.2,0.5582426778242678,0.0582426778242678
1,0.987,False,0.0549388502848942,,0.3856112297414899,1,0.0549388502848942,0.396,True,False,honest,0.2,0.5622594142259415,0.0622594142259415
0,,False,,,,-1,,0.378,True,True,honest,0.2,0.5662761506276152,0.0662761506276151
1,1.0,False,0.2634203219428664,,0.2795355755606388,1,0.2634203219428664,0.371,True,False,honest,0.2,0.5702928870292887,0.0702928870292887
0,,False,,,,-1,,0.359,True,True,honest,0.2,0.5743096234309624,0.0743096234309623
0,,False,,,,-1,,0.391,True,True,honest,0.2,0.578326359832636,0.078326359832636
0,,False,,,,-1,,0.3369999999999999,True,True,honest,0.2,0.5823430962343097,0.0823430962343096
1,0.992,False,0.2266390226587992,,0.4600988307662089,1,0.2266390226587992,0.3379999999999999,True,False,honest,0.2,0.5863598326359833,0.0863598326359833
0,,False,,,,-1,,0.3239999999999999,True,True,honest,0.2,0.590376569037657,0.090376569037657
0,,False,,,,-1,,0.3299999999999999,True,True,honest,0.2,0.5943933054393306,0.0943933054393305
0,,False,,,,-1,,0.301,True,True,honest,0.2,0.5984100418410042,0.0984100418410042
0,,False,,,,-1,,0.309,True,True,honest,0.2,0.6024267782426779,0.1024267782426778
0,,False,,,,-1,,0.305,True,True,honest,0.2,0.6064435146443515,0.1064435146443515
0,,False,,,,-1,,0.274,True,True,honest,0.2,0.6104602510460252,0.1104602510460251
0,,False,,,,-1,,0.288,True,True,honest,0.2,0.6144769874476989,0.1144769874476988
0,,False,,,,-1,,0.259,True,True,honest,0.2,0.6184937238493724,0.1184937238493724
0,,False,,,,-1,,0.282,True,True,honest,0.2,0.6225104602510461,0.122510460251046
0,,False,,,,-1,,0.247,True,True,honest,0.2,0.6265271966527197,0.1265271966527197
0,,False,,,,-1,,0.235,True,True,honest,0.2,0.6305439330543934,0.1305439330543933
0,,False,,,,-1,,0.284,True,True,honest,0.2,0.634560669456067,0.134560669456067
1,0.9696,False,0.0230431285997883,,0.5124818435825041,0,0.0230431285997883,0.237,True,False,honest,0.2,0.6385774058577407,0.1385774058577407
0,,False,,,,-1,,0.24,True,True,honest,0.2,0.6425941422594142,0.1425941422594142
0,,False,,,,-1,,0.2259999999999999,True,True,honest,0.2,0.6466108786610879,0.1466108786610879
0,,False,,,,-1,,0.248,True,True,honest,0.2,0.6506276150627616,0.1506276150627615
0,,False,,,,-1,,0.2199999999999999,True,True,honest,0.2,0.6546443514644352,0.1546443514644352
1,0.9998,False,0.0613774349564294,,0.3818269118416882,1,0.0613774349564294,0.2059999999999999,True,False,honest,0.2,0.6586610878661089,0.1586610878661088
0,,False,,,,-1,,0.2059999999999999,True,True,honest,0.2,0.6626778242677824,0.1626778242677824
0,,False,,,,-1,,0.2059999999999999,True,True,honest,0.2,0.6666945606694561,0.1666945606694561
0,,False,,,,-1,,0.2189999999999999,True,True,honest,0.2,0.6707112970711298,0.1707112970711297
2,0.9442,False,0.1234483048875939,0.8280075225328016,0.4438396324554583,1,0.2256644299792725,0.1919999999999999,True,False,honest,0.2,0.6747280334728034,0.1747280334728034
0,,False,,,,-1,,0.1919999999999999,True,True,honest,0.2,0.6787447698744771,0.178744769874477
0,,False,,,,-1,,0.182,True,True,honest,0.2,0.6827615062761507,0.1827615062761507
1,0.9942,False,0.1261920511200346,,0.6641936851277012,0,0.1261920511200346,0.185,True,False,honest,0.2,0.6867782426778243,0.1867782426778242
0,,False,,,,-1,,0.151,True,True,honest,0.2,0.6907949790794979,0.1907949790794979
0,,False,,,,-1,,0.169,True,True,honest,0.2,0.6948117154811716,0.1948117154811716
1,0.863,False,0.2167378305677626,,0.5014083786825256,0,0.2167378305677626,0.165,True,False,honest,0.2,0.6988284518828453,0.1988284518828452
0,,False,,,,-1,,0.161,True,True,honest,0.2,0.7028451882845189,0.2028451882845189
0,,False,,,,-1,,0.135,True,True,honest,0.2,0.7068619246861926,0.2068619246861925
1,1.0,False,0.1988349174328118,,0.6953312841890993,0,0.1988349174328118,0.142,True,False,honest,0.2,0.7108786610878661,0.2108786610878661
0,,False,,,,-1,,0.14,True,True,honest,0.2,0.7148953974895398,0.2148953974895397
0,,False,,,,-1,,0.1129999999999999,True,True,honest,0.2,0.7189121338912134,0.2189121338912134
0,,False,,,,-1,,0.127,True,True,honest,0.2,0.7229288702928871,0.2229288702928871
0,,False,,,,-1,,0.1119999999999999,True,True,honest,0.2,0.7269456066945608,0.2269456066945607
0,,False,,,,-1,,0.12,True,True,honest,0.2,0.7309623430962344,0.2309623430962344
0,,False,,,,-1,,0.127,True,True,honest,0.2,0.734979079497908,0.2349790794979079
0,,False,,,,-1,,0.1089999999999999,True,True,honest,0.2,0.7389958158995816,0.2389958158995816
0,,False,,,,-1,,0.142,True,True,honest,0.2,0.7430125523012553,0.2430125523012553
0,,False,,,,-1,,0.1159999999999999,True,True,honest,0.2,0.747029288702929,0.2470292887029289
0,,False,,,,-1,,0.0929999999999999,True,True,honest,0.2,0.7510460251046026,0.2510460251046026
1,0.4888,False,0.1616421590039291,,0.2449888684285132,1,0.1616421590039291,0.0899999999999999,True,False,honest,0.2,0.7550627615062763,0.2550627615062762
0,,False,,,,-1,,0.1019999999999999,True,True,honest,0.2,0.7590794979079498,0.2590794979079498
1,0.993,False,0.2590823229576581,,0.2633118158486459,0,0.2590823229576581,0.0899999999999999,True,False,honest,0.2,0.7630962343096235,0.2630962343096235
1,0.9956,False,0.2241178585092456,,0.5002718891095818,1,0.2241178585092456,0.0909999999999999,True,False,honest,0.2,0.7671129707112971,0.2671129707112971
1,0.97,False,0.0546597666634147,,0.5008863979839757,0,0.0546597666634147,0.0909999999999999,True,False,honest,0.2,0.7711297071129708,0.2711297071129708
0,,False,,,,-1,,0.0959999999999999,True,True,honest,0.2,0.7751464435146445,0.2751464435146444
0,,False,,,,-1,,0.0779999999999999,True,True,honest,0.2,0.7791631799163181,0.2791631799163181
1,0.5344,False,0.1171416153433151,,0.4201930884251878,0,0.1171416153433151,0.0789999999999999,True,False,honest,0.2,0.7831799163179917,0.2831799163179916
0,,False,,,,-1,,0.0769999999999999,True,True,honest,0.2,0.7871966527196653,0.2871966527196653
1,0.9762,False,0.2323665656575701,,0.5073307095363621,0,0.2323665656575701,0.0679999999999999,True,False,honest,0.2,0.791213389121339,0.291213389121339
1,0.8206,False,0.0669545856595569,,0.4606781635520144,1,0.0669545856595569,0.058,True,False,honest,0.2,0.7952301255230126,0.2952301255230126
1,0.7836,False,0.3254800381395992,,0.9073215623574282,0,0.3254800381395992,0.0679999999999999,True,False,honest,0.2,0.7992468619246863,0.2992468619246863
0,,False,,,,-1,,0.0649999999999999,True,True,honest,0.2,0.8032635983263599,0.3032635983263598
1,0.9998,False,0.2385456888030342,,0.4395808231889674,1,0.2385456888030342,0.058,True,False,honest,0.2,0.8072803347280335,0.3072803347280335
0,,False,,,,-1,,0.059,True,True,honest,0.2,0.8112970711297072,0.3112970711297071
0,,False,,,,-1,,0.045,False,True,honest,0.2,0.8153138075313808,0.3153138075313808
0,,False,,,,-1,,0.051,True,True,honest,0.2,0.8193305439330545,0.3193305439330545
0,,False,,,,-1,,0.06,True,True,honest,0.2,0.8233472803347281,0.3233472803347281
2,0.9868,False,0.2097752555723018,0.0718786312805058,0.4445839122957427,1,0.2248536138194291,0.0639999999999999,True,False,honest,0.2,0.8273640167364017,0.3273640167364017
1,1.0,False,0.2740656305213597,,0.2808544835452526,1,0.2740656305213597,0.043,False,False,honest,0.2,0.8313807531380754,0.3313807531380753
0,,False,,,,-1,,0.045,False,True,honest,0.2,0.835397489539749,0.335397489539749
1,0.9524,False,0.0816063147092007,,0.4850277501931196,1,0.0816063147092007,0.041,False,False,honest,0.2,0.8394142259414227,0.3394142259414227
0,,False,,,,-1,,0.043,False,True,honest,0.2,0.8434309623430963,0.3434309623430963
0,,False,,,,-1,,0.047,False,True,honest,0.2,0.84744769874477,0.34744769874477
1,0.9778,False,0.0306289223558926,,0.6079065434972556,0,0.0306289223558926,0.031,False,False,honest,0.2,0.8514644351464435,0.3514644351464435
0,,False,,,,-1,,0.044,False,True,honest,0.2,0.8554811715481172,0.3554811715481172
0,,False,,,,-1,,0.036,False,True,honest,0.2,0.8594979079497909,0.3594979079497908
1,0.969,False,0.0627602209344989,,0.5026388736466819,0,0.0627602209344989,0.041,False,False,honest,0.2,0.8635146443514645,0.3635146443514645
0,,False,,,,-1,,0.036,False,True,honest,0.2,0.8675313807531382,0.3675313807531382
1,0.9998,False,0.0231482075546492,,0.3986329337581148,1,0.0231482075546492,0.031,False,False,honest,0.2,0.8715481171548118,0.3715481171548118
1,0.914,False,0.2331405245866147,,0.5143896838351236,0,0.2331405245866147,0.03,False,False,honest,0.2,0.8755648535564854,0.3755648535564854
0,,False,,,,-1,,0.037,False,True,honest,0.2,0.879581589958159,0.379581589958159
0,,False,,,,-1,,0.026,False,True,honest,0.2,0.8835983263598327,0.3835983263598327
0,,False,,,,-1,,0.026,False,True,honest,0.2,0.8876150627615064,0.3876150627615063
0,,False,,,,-1,,0.025,False,True,honest,0.2,0.89163179916318,0.39163179916318
0,,False,,,,-1,,0.022,False,True,honest,0.2,0.8956485355648537,0.3956485355648537
0,,False,,,,-1,,0.025,False,True,honest,0.2,0.8996652719665272,0.3996652719665272
0,,False,,,,-1,,0.016,False,True,honest,0.2,0.9036820083682008,0.4036820083682009
0,,False,,,,-1,,0.02,False,True,honest,0.2,0.9076987447698746,0.4076987447698745
0,,False,,,,-1,,0.023,False,True,honest,0.2,0.9117154811715482,0.4117154811715482
0,,False,,,,-1,,0.018,False,True,honest,0.2,0.915732217573222,0.4157322175732219
1,1.0,False,0.0389109826730812,,0.6714005769300967,0,0.0389109826730812,0.011,False,False,honest,0.2,0.9197489539748956,0.4197489539748955
0,,False,,,,-1,,0.019,False,True,honest,0.2,0.9237656903765692,0.4237656903765691
0,,False,,,,-1,,0.015,False,True,honest,0.2,0.9277824267782429,0.4277824267782427
0,,False,,,,-1,,0.018,False,True,honest,0.2,0.9317991631799164,0.4317991631799164
0,,False,,,,-1,,0.015,False,True,honest,0.2,0.93581589958159,0.43581589958159
0,,False,,,,-1,,0.013,False,True,honest,0.2,0.9398326359832636,0.4398326359832637
0,,False,,,,-1,,0.014,False,True,honest,0.2,0.9438493723849372,0.4438493723849372
0,,False,,,,-1,,0.02,False,True,honest,0.2,0.9478661087866108,0.4478661087866109
0,,False,,,,-1,,0.017,False,True,honest,0.2,0.9518828451882846,0.4518828451882846
0,,False,,,,-1,,0.011,False,True,honest,0.2,0.9558995815899582,0.4558995815899582
1,0.985,False,0.1795068457879437,,0.4837911307750523,1,0.1795068457879437,0.005,False,False,honest,0.2,0.959916317991632,0.4599163179916319
0,,False,,,,-1,,0.012,False,True,honest,0.2,0.9639330543933056,0.4639330543933055
0,,False,,,,-1,,0.012,False,True,honest,0.2,0.9679497907949792,0.4679497907949791
0,,False,,,,-1,,0.01,False,True,honest,0.2,0.9719665271966528,0.4719665271966528
0,,False,,,,-1,,0.012,False,True,honest,0.2,0.9759832635983264,0.4759832635983264
0,,False,,,,-1,,0.006,False,True,honest,0.2,0.98,0.48
