n_scales,p_min,flag,delta_med,delta_cv,pi_hat,z_hat,delta_at_pmin,pi_true_max,detectable,abstain,model,idx,x1,x2,gated_side,dist
2,0.8934,False,0.0190424852182613,,0.5020081366348886,1,0.0190424852182613,0.009,False,False,gated,0,0.0493392174192088,0.024181681410469,False,0.4783695545087587
2,0.0002,True,0.1435505427039863,0.8601220302824071,0.4256263832384833,0,0.2670215269435406,0.108,True,False,gated,1,0.669269016522749,0.2389222907200076,False,0.2496752752735905
2,0.0002,True,0.2841489045427738,0.041065751867658,0.1969999849885403,1,0.2724801161353123,0.359,True,False,gated,2,0.5757726565872945,0.4227115718045047,False,0.1082273898024956
2,0.0002,True,0.1411688244593802,0.892926610729506,0.7243110337397438,0,0.2672222244254562,0.1069999999999999,True,False,gated,3,0.1503343241223747,0.7792145965245615,True,0.2003642073937773
2,0.9716,False,0.1464893302411019,0.8765246564235474,0.7646950906893655,0,0.0180878203809279,0.03,False,False,gated,4,0.3546115183848788,0.8531941997959072,True,0.3397902235772794
2,0.0002,True,0.2637424834988417,,0.1229998851105893,1,0.2637424834988417,0.107,True,False,gated,5,0.3944601967232864,0.2381815899346566,False,0.182542574036237
3,0.0002,True,0.2957007308857342,0.0397557355391158,0.591,0,0.2997599618888893,0.459,True,False,gated,6,0.4430806689325809,0.473762720187626,True,0.0203864742203239
3,0.0002,True,0.2974082180044446,0.0398151381799689,0.282,1,0.3000114172292592,0.372,True,False,gated,7,0.4766767731517621,0.4400352919633979,False,0.0271031730750807
2,0.0004,True,0.1405568739425081,0.8685477279297805,0.6989836448331971,0,0.2626372274510546,0.0999999999999999,True,False,gated,8,0.291772625121152,0.7580017202048228,True,0.2258122475896384
3,0.0002,True,0.2904914511462546,0.0395996797529121,0.404,1,0.2986435668581618,0.436,True,False,gated,9,0.9098323379877666,0.4245339384154635,False,0.0027740135402203
2,0.2864,False,0.1383152229581412,0.8970081695013155,0.7759533514403274,0,0.2623851079188868,0.047,False,False,gated,10,0.8837659855141159,0.8304977241614705,True,0.3369821021021723
2,0.6302,False,0.1345350491247968,0.944769854193066,0.2659254327451898,0,0.2616397078712328,0.042,False,False,gated,11,0.5319421213281855,0.1355390023042737,False,0.3165051343177923
2,0.0002,True,0.1334440128637724,0.9884481373078718,0.3588867757335736,0,0.2653464988148445,0.214,True,False,gated,12,0.1382921580757862,0.3232566784329456,False,0.204377371154847
2,0.0002,True,0.2756824029475644,0.0257804450388047,0.875999999938269,0,0.2685751879101833,0.1929999999999999,True,False,gated,13,0.2143757612286341,0.6725315243103813,True,0.1137069078963709
2,0.0002,True,0.2720953679078872,,0.7909999973738331,0,0.2720953679078872,0.2179999999999999,True,False,gated,14,0.4190764057156076,0.6654873363501013,True,0.1752302293907314
3,0.0002,True,0.2892062644305962,0.0407262950142949,0.367,1,0.2973633974606891,0.424,True,False,gated,15,0.7555412171536401,0.4703498769994789,False,0.0170829655854027
2,0.0002,True,0.1334173825551579,0.9699929356179816,0.7170714416172286,0,0.2628313011232729,0.1099999999999999,True,False,gated,16,0.8548638078860228,0.7542765788907833,True,0.2586087996708773
2,0.317,False,0.1450437461779248,0.8719584211693944,0.6938449176103632,0,0.0185716302592551,0.042,False,False,gated,17,0.4391000879026694,0.8430824900037203,True,0.3094506422273786
2,0.0008,True,0.144187937192207,0.8584315719735275,0.5673696505804388,0,0.2679634147765921,0.0849999999999999,True,False,gated,18,0.5099994863421139,0.7797141091608861,True,0.2221788707992381
2,0.0002,True,0.1363786579278108,0.9564523114955288,0.6076717702795458,0,0.26681834054248,0.151,True,False,gated,19,0.866816755401604,0.7062210952874678,True,0.2295183859652905
3,0.3436,False,0.0233994198017251,1.2079922956064175,0.5866966705577533,0,0.2652477888705928,0.048,False,False,gated,20,0.0996458610256096,0.850048247907064,True,0.2709671022072389
2,0.471,False,0.1418369995490249,0.8729337272824157,0.2363026692129007,1,0.2656513002327825,0.047,False,False,gated,21,0.1659620079857082,0.1572305205851162,False,0.3203080741748443
3,0.0064,True,0.0273452273394861,1.1125039040606504,0.6807891007095266,0,0.2617881993521227,0.0719999999999999,True,False,gated,22,0.1172786272909827,0.8067870417286753,True,0.2268844632086402
2,0.0002,True,0.1415661422410106,0.8605105501884461,0.3054176129894076,1,0.263385301189739,0.106,True,False,gated,23,0.6673404939052903,0.245373230391625,False,0.2455453523963836
2,0.003,True,0.1349838443285647,0.9448638966318856,0.6183160560668157,0,0.2625252054641491,0.0929999999999999,True,False,gated,24,0.1287059784181536,0.7914860560601525,True,0.2115096864024419
3,0.0002,True,0.2949853152710618,0.0339700236199717,0.523,1,0.3000586458161339,0.491,True,False,gated,25,0.5440904112936962,0.533945374068014,False,0.0061534660435011
2,0.0058,True,0.1448706206093268,0.8539077005134255,0.7186465675831072,0,0.2685767591266438,0.0819999999999999,True,False,gated,26,0.3022811819255123,0.8003555061271027,True,0.2677423130016289
2,0.002,True,0.1373226679364622,0.8977170677949983,0.2959250990738438,0,0.260599570739067,0.08,True,False,gated,27,0.2203238757230311,0.2240731492615749,False,0.2354771433327776
1,0.5378,False,0.2661555845624883,,0.0549999720865616,1,0.2661555845624883,0.043,False,False,gated,28,0.5371125159244622,0.1579168447065065,False,0.298097563317113
3,0.9508,False,0.023884603643717,0.0238215264117838,0.5288325643381402,0,0.0244535713602747,0.005,False,False,gated,29,0.2338488756320564,0.0288261037902903,False,0.4118000563513432
2,0.0002,True,0.2790784916296701,0.0275869457662537,0.1875000000534055,1,0.2713795684165269,0.293,True,False,gated,30,0.7032903893042347,0.389668922762712,False,0.1114700900322307
2,0.0002,True,0.2647755931694532,,0.8610000012832547,0,0.2647755931694532,0.156,True,False,gated,31,0.817237060434691,0.7171929397620084,True,0.2062757194007209
3,0.0002,True,0.2903067172964184,0.03960506673286,0.6549999916729946,0,0.2972555938098449,0.359,True,False,gated,32,0.640216944908674,0.5858204220067196,True,0.0071597880414067
2,0.261,False,0.1349996765455941,0.9229693734757006,0.5675676487729557,0,0.2596002434272264,0.045,False,False,gated,33,0.8321795722377727,0.8424688039132727,True,0.3191200152839915
2,0.0002,True,0.2869679302019129,0.0458450414908226,0.1545000384116621,1,0.2738118735352249,0.324,True,False,gated,34,0.0572061191210257,0.3931957848821229,False,0.1211597310653781
1,0.9998,False,,,,-1,,0.008,False,False,gated,35,0.1873907189892382,0.953451835193294,True,0.3777272165820766
2,0.2286,False,0.1400205506737126,0.8397458896091309,0.2434430629294558,0,0.2576022325636096,0.047,False,False,gated,36,0.8381725385998877,0.1409979336663839,False,0.2808891055342165
2,0.0002,True,0.1411458875380755,0.841730794006458,0.7019362826388518,0,0.2599527275270877,0.0989999999999999,True,False,gated,37,0.8099037248158285,0.7865430994206656,True,0.2596148881065963
2,0.0002,True,0.2697769830593799,,0.2900000000731547,1,0.2697769830593799,0.287,True,False,gated,38,0.6720457626092105,0.3881637968552846,False,0.1342249017349625
2,0.9994,False,0.1406004280723976,0.8392335208387782,0.2597344844689829,0,0.2585970203558745,0.019,False,False,gated,39,0.4164903242082708,0.0978843533409417,False,0.3242535062682344
2,0.9934,False,0.1414122353093013,0.8368714757606076,0.3901332669415628,0,0.0230683692545631,0.018,False,False,gated,40,0.3399129476287104,0.0807033502953252,False,0.3407644423616821
2,0.9898,False,0.1377840958982503,0.8510580870357036,0.7398969734494272,0,0.0205218268182904,0.024,False,False,gated,41,0.6265823281947184,0.9288345193132522,True,0.3488375444998494
2,0.0002,True,0.2682618897684662,,0.123000129297828,1,0.2682618897684662,0.137,True,False,gated,42,0.7798762370478756,0.2622769600448237,False,0.175824383149374
2,0.0002,True,0.2797227471240507,0.0301332481388827,0.8505000000064646,0,0.2712937921748417,0.258,True,False,gated,43,0.7339354483804249,0.6341327259237531,True,0.0902097514096584
2,0.2852,False,0.128706069909682,0.9468366696932174,0.3543915584784261,0,0.2505696965132146,0.02,False,False,gated,44,0.0752567584313712,0.0897583737069309,False,0.417087247027741
3,0.0002,True,0.2805499989190884,0.0289022347847508,0.6120000000316856,0,0.2886585208567384,0.47,True,False,gated,45,0.8392955872870733,0.4856840068261164,True,0.0499414988214544
3,0.0002,True,0.2968925427813038,0.0512913364063204,0.345,1,0.2996308257795972,0.497,True,False,gated,46,0.0243939985907577,0.4947768067132633,False,0.020962380517495
2,0.0002,True,0.2694132761766206,,0.1889999999740634,1,0.2694132761766206,0.197,True,False,gated,47,0.4538175995132785,0.3052237559193059,False,0.129887654321091
3,0.0002,True,0.2937285310041088,0.0417781397069925,0.602,0,0.2937285310041088,0.435,True,False,gated,48,0.3844837207605684,0.4593751098640486,True,0.0382959760573673
2,0.554,False,0.1372974964269488,0.8921205570357685,0.7219662987315142,0,0.0148115774340306,0.036,False,False,gated,49,0.0627352584529064,0.8756065417585848,True,0.3007340823873907
2,0.8812,False,0.144953117474014,0.8077729208223495,0.9001075618709802,0,0.0278639143889167,0.017,False,False,gated,50,0.9601933534981768,0.9107888759509206,True,0.412713059777301
2,0.6936,False,0.1409845162092463,0.840142759790848,0.7724117552517071,0,0.0225373956725924,0.034,False,False,gated,51,0.9620187688802724,0.8901527491460489,True,0.3919971193562396
3,0.0002,True,0.2653589810866004,0.6790718009485205,0.2219978591482926,1,0.2906057826094911,0.248,True,False,gated,52,0.4068760894611104,0.3500018992129063,False,0.0733405969864688
2,0.7758,False,0.0087976299436577,,0.5001626905157254,1,,0.019,False,False,gated,53,0.4509941221599263,0.9373288385070196,True,0.3904492772194838
3,0.0022,True,0.0244607667525614,1.1171711885930786,0.491744816070139,1,0.261966727201404,0.077,True,False,gated,54,0.3910202972964195,0.1839867095952545,False,0.2364201433320356
2,0.9828,False,0.0010484279537689,,0.5577976248594106,0,0.0010484279537689,0.01,False,False,gated,55,0.0291770413811788,0.0244396525106839,False,0.4764545559105485
2,0.0002,True,0.1351793699753903,0.9693535048226768,0.281684902791608,1,0.2662159660417256,0.109,True,False,gated,56,0.6330119446385528,0.2508113536212422,False,0.2622097484511432
2,0.0002,True,0.2665262123650216,,0.1339999999387989,1,0.2665262123650216,0.133,True,False,gated,57,0.7421321911637315,0.2533545267501854,False,0.1994345138599899
3,0.6208,False,0.026832337571042,1.1829644053379236,0.3377619643968264,1,0.2542485003923385,0.041,False,False,gated,58,0.3079977120826397,0.1025652466812725,False,0.3230443911501089
3,0.0002,True,0.2829924758484652,0.03834853490165,0.516,0,0.2940683232571213,0.484,True,False,gated,59,0.2873925326955063,0.4738540075104647,True,0.0074524297996219
3,0.0002,True,0.2777894218097393,0.0312461549155787,0.2079999999987347,1,0.2864692731175467,0.251,True,False,gated,60,0.8582838853475004,0.3641221491650698,False,0.0569055571829379
2,0.914,False,0.141111044679138,0.8662946498625342,0.6137864209856168,0,0.2633547877220545,0.032,False,False,gated,61,0.4901607806253017,0.8970562951805696,True,0.3392150191180849
2,0.0002,True,0.13394954432165,0.9591958189907211,0.7323354392514696,0,0.2624333871916482,0.1129999999999999,True,False,gated,62,0.9539873668616468,0.739410141446926,True,0.2437916697427576
2,0.0002,True,0.2801390455415399,0.0358358915251725,0.1885006209490735,1,0.270100013093512,0.364,True,False,gated,63,0.6125775151856022,0.4205090886767718,False,0.13578502851748
3,0.744,False,0.0264223550274141,1.1145996496201314,0.202389902355897,1,0.2570770574615791,0.031,False,False,gated,64,0.7298022203150942,0.1414478344087481,False,0.3065952494362622
3,0.0002,True,0.2702240249997468,0.6668450366936907,0.7870000000490134,0,0.2702240249997468,0.1979999999999999,True,False,gated,65,0.6605331608283778,0.6737748754135063,True,0.0973655881266481
2,0.3066,False,0.1422353185215426,0.8401501674762615,0.3042958500191057,1,0.2617343451992962,0.049,False,False,gated,66,0.5300746324282665,0.1572411461286027,False,0.2958292123471014
2,0.0002,True,0.2662459298726315,,0.088000160720077,1,0.2662459298726315,0.112,True,False,gated,67,0.379186808855031,0.2286738758293184,False,0.191358651323822
3,0.0002,True,0.2857354926646911,0.030304167529744,0.303,1,0.2857354926646911,0.476,True,False,gated,68,0.2085210176228763,0.4983763774539761,False,0.0304018637744781
2,0.0002,True,0.2695390243590635,,0.0959999999999946,1,0.2695390243590635,0.121,True,False,gated,69,0.8597630752046528,0.2436184439739792,False,0.1768352874834612
2,0.9164,False,0.1436918541994522,0.8186001589361008,0.6869133773032232,0,0.026065679513139,0.018,False,False,gated,70,0.2848008518281665,0.9329435948937824,True,0.3813306444680847
2,0.0002,True,0.2794409808774585,0.0263280831654804,0.250000000100965,1,0.272083835493047,0.418,True,False,gated,71,0.658575639386669,0.4558353296838793,False,0.0956937272737947
2,0.9996,False,0.0072429158676934,,0.6745028716858714,0,0.0072429158676934,0.017,False,False,gated,72,0.4075037895590674,0.0456190825657825,False,0.3755438555257699
3,0.0002,True,0.2928454085753056,0.0422922858717784,0.281,1,0.297544724567117,0.428,True,False,gated,73,0.0359063865213571,0.480245743309629,False,0.0393785704633215
2,0.0002,True,0.2866880759013912,0.034068367099919,0.8124999961069832,0,0.2769210812883791,0.3199999999999999,True,False,gated,74,0.4519692778521093,0.5865886402066559,True,0.0952458840731116
2,0.0002,True,0.1411795889631895,0.8459516474419995,0.6521892155295789,0,0.2606106948326299,0.0939999999999999,True,False,gated,75,0.7450966235603748,0.7876067471020525,True,0.2314040083119909
2,0.0002,True,0.2639016260740071,,0.1119997835516342,1,0.2639016260740071,0.137,True,False,gated,76,0.2143828307730927,0.2754849960097001,False,0.1941195251311568
2,0.0002,True,0.282337527325091,0.0417580382964476,0.1904999189981914,1,0.2705476660464838,0.334,True,False,gated,77,0.0355628266601643,0.4016028403061383,False,0.1046265533976925
2,0.9954,False,0.1378734224089046,0.9210520546136176,0.7080519494896853,0,0.0108848234216507,0.024,False,False,gated,78,0.7822571606888209,0.9284390274903976,True,0.3762287549506402
1,0.609,False,0.2640417565430452,,0.976000000000388,0,0.2640417565430452,0.022,False,False,gated,79,0.8550056555515414,0.9033539567098954,True,0.3833933565042848
2,0.0004,True,0.1428825468657023,0.8486188216389428,0.2668044653548095,1,0.2641353654204942,0.098,True,False,gated,80,0.2644166161403908,0.2257018246682217,False,0.2155171050492351
3,0.0002,True,0.2881260618216447,0.0376978483971168,0.505,1,0.2960623305834978,0.451,True,False,gated,81,0.1840669162523008,0.5417559846498038,False,0.0139793493528741
2,0.0002,True,0.2679770225127079,,0.864980363854329,0,0.2679770225127079,0.1929999999999999,True,False,gated,82,0.5709144808984279,0.7157685590546216,True,0.1424205886017441
1,0.0004,True,0.261320400268599,,0.9219999999992212,0,0.261320400268599,0.0849999999999999,True,False,gated,83,0.701500449256477,0.7932914431097746,True,0.2230745593907799
2,0.7946,False,0.1418217397913038,0.8218383703134541,0.6961926302042067,0,0.2583762872972295,0.034,False,False,gated,84,0.7317637895932532,0.912361561174039,True,0.3459297513365623
2,0.001,True,0.1443937568165277,0.8570064157663799,0.5970666121759913,0,0.2681401328057595,0.0829999999999999,True,False,gated,85,0.7282876650686275,0.7961892051832092,True,0.2335568012467132
3,0.0002,True,0.1452082626349837,0.8848649176357922,0.6206661984812791,0,0.27369795999241,0.2279999999999999,True,False,gated,86,0.3349413488487631,0.6386994053960807,True,0.1583594786308116
2,0.935,False,0.0223370031122758,,0.501323786638239,1,0.0223370031122758,0.011,False,False,gated,87,0.9712292833777731,0.931922389375608,True,0.4328795497351324
2,0.0002,True,0.2657175249786601,,0.1370000014894804,1,0.2657175249786601,0.115,True,False,gated,88,0.2875408533457951,0.2670193244509612,False,0.1686848077056345
2,0.133,False,0.1424357100888631,0.8557410888128613,0.7754421041049209,0,0.2643237997269957,0.047,False,False,gated,89,0.7064357355238475,0.8406005939502245,True,0.2701831042180526
2,0.4368,False,0.1382281039251105,0.9176367060425948,0.2967350543447681,0,0.26507128589438,0.046,False,False,gated,90,0.7136298211271659,0.1608926478664245,False,0.2950837833130891
2,0.0002,True,0.2649931685447342,,0.8400000000106227,0,0.2649931685447342,0.137,True,False,gated,91,0.7296516627700366,0.729177113939462,True,0.1715593255668741
3,0.0002,True,0.2958916400281639,0.0428514360385564,0.604,1,0.2980179609142062,0.476,True,False,gated,92,0.5950571123598177,0.5733945039623806,False,0.0009492384280881
2,0.0002,True,0.2705605782868346,,0.220999998538132,1,0.2705605782868346,0.206,True,False,gated,93,0.681093238428239,0.3369164185048872,False,0.1654433187823955
2,0.0002,True,0.2667150634455599,,0.8350000936983495,0,0.2667150634455599,0.159,True,False,gated,94,0.9255228141744032,0.7021891182587993,True,0.2154699300384422
3,0.0002,True,0.2977758839462863,0.0340272270410495,0.753,0,0.2977758839462863,0.352,True,False,gated,95,0.5225763484510008,0.5728447289082895,True,0.037373449656357
2,0.9354,False,0.00379726071954,,0.5280679716306313,1,0.00379726071954,0.009,False,False,gated,96,0.1750246199977376,0.0359763526428362,False,0.4249654322806141
3,0.0002,True,0.144387269235266,0.8746085940592093,0.2975580882244251,0,0.2706696157820452,0.13,True,False,gated,97,0.7359387684585456,0.2866181205061858,False,0.1732956384782771
2,0.9634,False,0.1410107807873667,0.8407932737538872,0.6849058003451349,0,0.2595716968010093,0.019,False,False,gated,98,0.1155173982291996,0.9090157240060986,True,0.3291259668569131
2,0.3834,False,0.1416791570192888,0.8366200654800647,0.2533987840786902,0,0.2602107826427632,0.052,True,False,gated,99,0.1510878442875726,0.1931904590975146,False,0.2976611145620947
1,0.3194,False,0.2678580771448373,,0.0349998802489125,1,0.2678580771448373,0.048,False,False,gated,100,0.6687419037294557,0.1323635297903338,False,0.3406733834617135
2,0.9742,False,0.0107999718675444,,0.2831473752794607,1,0.0107999718675444,0.011,False,False,gated,101,0.3487315567211273,0.0289246887180606,False,0.3918083265266467
3,0.0002,True,0.2829687974992809,0.0410859919860282,0.6675000440124301,0,0.2945948512456735,0.473,True,False,gated,102,0.4148237314559236,0.5033661950086231,True,0.061244928337101
2,0.0002,True,0.2663774836976028,,0.7959999929933304,0,0.2663774836976028,0.1959999999999999,True,False,gated,103,0.2642461970097725,0.6733373093768498,True,0.1396764671894603
2,0.4982,False,0.1365155896053448,0.8902953077830198,0.7404196411894685,0,0.258054778471106,0.04,False,False,gated,104,0.2320904469910356,0.8767923638793296,True,0.311667834047222
2,0.0002,True,0.2827118356284849,0.030771999489727,0.7250000000382962,0,0.2914114440902152,0.4469999999999999,True,False,gated,105,0.4040374150968659,0.5261858386087813,True,0.0855598710420483
3,0.0002,True,0.2968337082275958,0.0496814162654285,0.5779999878075137,0,0.3014541791996125,0.431,True,False,gated,106,0.0256743804944719,0.5358817323756517,True,0.0076556556956154
2,0.8546,False,0.0074076954612442,,0.6724348995316741,0,,0.01,False,False,gated,107,0.02957838877998,0.04653299279441,False,0.4544306412499208
2,0.0002,True,0.2842882858085921,0.0344554474766077,0.3475000024432211,1,0.2940835659085193,0.481,True,False,gated,108,0.5859622824790109,0.4870104253438618,False,0.0690480908760126
2,0.1134,False,0.1396094539707295,0.8811921788363782,0.7193105327028123,0,0.2626322129022349,0.051,True,False,gated,109,0.6368986327163582,0.825601386644724,True,0.245819263659252
2,0.9026,False,0.137841145863227,0.9145692108466288,0.2058469745709346,1,0.2639064138584683,0.035,False,False,gated,110,0.4293267292104459,0.1226853259716081,False,0.3012087569912484
1,0.9916,False,0.2642981828251676,,0.9679999998206006,0,0.2642981828251676,0.028,False,False,gated,111,0.3457394112595937,0.8843758602224577,True,0.3622980103400251
2,0.0002,True,0.2696373421536283,,0.7980000000027266,0,0.2696373421536283,0.2039999999999999,True,False,gated,112,0.2214897517119307,0.6775275052636118,True,0.1213366717108093
2,0.0002,True,0.2788051689795151,,0.8419999999941049,0,0.2788051689795151,0.165,True,False,gated,113,0.4690493276935906,0.6965525297485243,True,0.1682712780955596
1,0.5294,False,0.2707127046636651,,0.0490000001702693,1,0.2707127046636651,0.045,False,False,gated,114,0.9186185596483464,0.1608795695798387,False,0.2619174237053968
2,0.052,False,0.1452257861892034,0.8333549372242829,0.7144789471868405,0,0.2662504121230876,0.061,True,False,gated,115,0.0644080170093484,0.8347724154049087,True,0.2602114785942222
3,0.0002,True,0.2953871366340956,0.0432787674203033,0.3920000002405742,1,0.2987108089519827,0.414,True,False,gated,116,0.9550844352833388,0.444669807044312,False,0.0096560154694112
2,0.0002,True,0.2757526431139949,0.0406626063955543,0.88299999947544,0,0.2645398219244761,0.1969999999999999,True,False,gated,117,0.6831950957366797,0.678145637905217,True,0.1073193041572617
1,0.859,False,0.2723175407656103,,0.0270000000332906,1,0.2723175407656103,0.031,False,False,gated,118,0.6889838471559186,0.1157468154311296,False,0.3464132823718808
2,0.7284,False,0.0201469247333792,,0.7243733589020759,0,0.0201469247333792,0.021,False,False,gated,119,0.3023843082672859,0.0532893299193743,False,0.3725761913075318
2,0.0002,True,0.2788716329557822,0.0397881964876482,0.8054999151099016,0,0.2677758336288664,0.3299999999999999,True,False,gated,120,0.9059703735550216,0.58843302544394,True,0.1290303318863788
2,0.0002,True,0.2747050802586047,0.0229784141346251,0.2115000943522778,1,0.2683927931595141,0.329,True,False,gated,121,0.1909159660663715,0.4199182510349967,False,0.0983871544435342
2,0.0002,True,0.2664544775253779,,0.1610000941336128,1,0.2664544775253779,0.192,True,False,gated,122,0.6186872380914008,0.3078794963836669,False,0.2203754456518045
2,0.0038,True,0.1374604540045753,0.9481995240506738,0.6562325251599603,0,0.2678003910684514,0.0789999999999999,True,False,gated,123,0.148020034538571,0.7755655880067482,True,0.1965278106199447
2,0.0002,True,0.1346667591302661,0.949119700511905,0.3602703128257236,0,0.2624816332258423,0.112,True,False,gated,124,0.2638670443848699,0.2492884741489859,False,0.1938972698469763
2,0.9616,False,0.0040012480428667,,0.4948189458472294,0,0.0040012480428667,0.015,False,False,gated,125,0.2036469467120897,0.0447626833675489,False,0.4062405502671871
2,0.9234,False,0.1311321804622546,0.901664187993962,0.2516519179082747,1,0.0128949894449764,0.017,False,False,gated,126,0.4176685004814142,0.0752918648533738,False,0.3468491208850826
2,0.896,False,0.1386989329040139,0.8729179626775616,0.2717078758370325,0,0.2597717228410106,0.031,False,False,gated,127,0.3762244472404982,0.1321579760566613,False,0.2878441177494908
2,0.0002,True,0.2780708831059457,0.0335441598211772,0.8324999993152995,0,0.2687432289613904,0.264,True,False,gated,128,0.9615890887877956,0.6151140948269197,True,0.1213534215750545
2,0.0002,True,0.144912894809946,0.8537489998878329,0.6127953058912042,0,0.268632133825642,0.1119999999999999,True,False,gated,129,0.2954366785158956,0.7558088442786031,True,0.2258368613479529
2,0.0002,True,0.142873622829138,0.8548581878747777,0.7253038139062913,0,0.2650103091368143,0.0979999999999999,True,False,gated,130,0.7145816754263149,0.7604745035780505,True,0.1953314696859461
2,0.0002,True,0.2792682902479462,0.0231351150535632,0.2625000000644664,1,0.2857291942736675,0.394,True,False,gated,131,0.6856931931678995,0.4509023644922891,False,0.0802093646443773
2,0.0014,True,0.1464423609815191,0.8334948403394429,0.6549729503649343,0,0.268501313267575,0.0939999999999999,True,False,gated,132,0.3741520532101213,0.7621307969649567,True,0.2767673941865967
3,0.0002,True,0.2890316538668551,0.038519406828842,0.396,0,0.296055410428819,0.41,True,False,gated,133,0.8622632299537447,0.4275763376610701,True,0.0064645805724991
2,0.0032,True,0.1430807245032374,0.8367047884313824,0.740765494277376,0,0.2627970518281642,0.0839999999999999,True,False,gated,134,0.2176445877026616,0.7755136136488868,True,0.2105671218961115
2,0.8564,False,0.1329261368960649,0.8421468849697433,0.2630560507563195,0,0.2448694690149898,0.025,False,False,gated,135,0.0263719762717086,0.0783747862359551,False,0.4224491709236179
3,0.0002,True,0.0181247059094277,1.2683880888535275,0.4878082006719071,1,0.2659693450404992,0.132,True,False,gated,136,0.1021460816247877,0.2544220968971617,False,0.2659743004195797
3,0.0002,True,0.2664222741348065,0.7029923621642704,0.5860000007493307,0,0.29626709244611,0.401,True,False,gated,137,0.9456966411588618,0.5498401155714772,True,0.0736486110484061
3,0.0014,True,0.0179768246059012,1.166666333682569,0.4909419748016901,0,0.2642544957435683,0.0789999999999999,True,False,gated,138,0.471040505380035,0.8009327929435894,True,0.2574241956057364
3,0.0002,True,0.279032016703153,0.0386894895210477,0.2994999997638969,1,0.2898276229894651,0.416,True,False,gated,139,0.6938710750194158,0.4716829949336866,False,0.0597135464137071
2,0.6918,False,0.1445037820701593,0.8534490600016059,0.2464577196641573,1,0.2678303990454672,0.041,False,False,gated,140,0.1170115161352212,0.1780868698431983,False,0.3295623725205609
2,0.001,True,0.267872826057467,,0.0860000002463785,1,0.267872826057467,0.081,True,False,gated,141,0.5086361462512705,0.2212425184241015,False,0.2286662848446729
2,0.0002,True,0.2729670642225285,0.0252339781273113,0.8780000017902463,0,0.2660790192944355,0.2069999999999999,True,False,gated,142,0.24266159405435,0.6620565679758319,True,0.1183577588535298
3,0.0002,True,0.2891181950244737,0.0443824885905685,0.663,0,0.297672008740957,0.3359999999999999,True,False,gated,143,0.1864465439695012,0.5776750739379947,True,0.0170061587584227
2,0.0048,True,0.1458644031504467,0.8333745861302913,0.7112741728600274,0,0.2674240897579255,0.0769999999999999,True,False,gated,144,0.4841687858523897,0.7926116809674648,True,0.2442608738313955
2,0.729,False,0.0038630383568612,,0.6773882196222161,0,,0.011,False,False,gated,145,0.9291886561423854,0.957387313764004,True,0.4628362574509183
2,0.709,False,0.0036720277996161,,0.3412378586897088,1,0.0036720277996161,0.013,False,False,gated,146,0.7996856829032296,0.9335304620978182,True,0.3871635056925545
2,0.441,False,0.1357986622244539,0.8787135769008828,0.2668053234630447,1,0.2551267904469374,0.05,True,False,gated,147,0.1572376943620091,0.1346079507626293,False,0.3442745174749949
2,0.0004,True,0.1364798538769184,0.9682029079500866,0.3161510200800489,0,0.268620045278122,0.101,True,False,gated,148,0.41455949419394,0.2459945246017738,False,0.1770700240054494
2,0.0002,True,0.2836024766360414,0.0372028932343381,0.3440000081876058,1,0.2941533092953631,0.46,True,False,gated,149,0.59967621831854,0.4984250934969599,False,0.0688898987163689
3,0.0002,True,0.2717611905514402,0.7035889592918622,0.6420005426843641,0,0.2957471590534661,0.369,True,False,gated,150,0.9686527094711536,0.5638811842733716,True,0.0711579814755054
2,0.0002,True,0.2664397806355568,,0.2070000353386551,1,0.2664397806355568,0.23,True,False,gated,151,0.1802677115729252,0.3428939634396283,False,0.1615173482288555
3,0.1114,False,0.0207572967863037,1.196096411604458,0.7752177267757683,0,0.2592883176712452,0.057,True,False,gated,152,0.3701486987870347,0.8329898966534776,True,0.3312419399507766
2,0.059,False,0.146929391671785,0.8007030093072652,0.071556796942027,1,0.2645761977398699,0.064,True,False,gated,153,0.2734238536690028,0.1654148215199194,False,0.2695982148788781
2,0.971,False,0.1386920488159847,0.8567969278243871,0.2635393005880592,1,0.0198611274759222,0.02,False,False,gated,154,0.0406099893876781,0.0780179204379119,False,0.423931653347107
1,0.9966,False,,,,-1,,0.018,False,False,gated,155,0.7511134628131798,0.9357493602007142,True,0.3735799890825841
2,0.0002,True,0.2751008077723461,0.01599480724662,0.1235000048536398,1,0.270700623378622,0.178,True,False,gated,156,0.7983536215482464,0.324514205244599,False,0.11118164787048
3,0.6528,False,0.0231286390379097,1.1147159891571872,0.4501623916536372,1,0.0231286390379097,0.016,False,False,gated,157,0.0722506225876346,0.0626530049645661,False,0.4432747979874613
2,0.0002,True,0.2803249372011359,0.0301623247373942,0.2605000513914002,1,0.2887801889890164,0.436,True,False,gated,158,0.6836161095382641,0.4609300119679938,False,0.0745701060420833
2,0.7906,False,0.0088999593570503,,0.4944731537311393,0,,0.013,False,False,gated,159,0.6052927292436103,0.9396918950097832,True,0.3601341252511997
2,0.0002,True,0.2832979902361504,0.0366914526808201,0.1885000065596885,1,0.2936926050395083,0.257,True,False,gated,160,0.4212931203269509,0.367194978542912,False,0.060523179254934
3,0.0002,True,0.0230860557239391,1.1828819116924385,0.454352512118847,1,0.2682999165888055,0.211,True,False,gated,161,0.6247045913932814,0.3314576585030604,False,0.2074498140569368
2,0.0002,True,0.1444681160077963,0.8397298600722991,0.7196411445340196,0,0.2657823068487716,0.135,True,False,gated,162,0.338443392231727,0.7335003836697543,True,0.2321276859498456
2,0.0002,True,0.2835855602163697,0.0537561478028171,0.2014999127305885,1,0.2988300275061593,0.324,True,False,gated,163,0.028861709003296,0.4092603901275747,False,0.0952190897162479
2,0.0004,True,0.2674701655896986,,0.8669996197868662,0,0.2674701655896986,0.1049999999999999,True,False,gated,164,0.5030993543428947,0.7366822427364634,True,0.1856215698141665
3,0.0002,True,0.2802407438889849,0.0382464161330295,0.2449999996333184,1,0.290958947997231,0.29,True,False,gated,165,0.3855249735669498,0.3805522051331646,False,0.0399132066859279
2,0.9944,False,0.0371060004817429,,0.9375056774663352,0,0.0371060004817429,0.016,False,False,gated,166,0.2544731903609698,0.0342943017567266,False,0.4010207243436871
2,0.0002,True,0.2720355665513243,,0.1139999992845618,1,0.2720355665513243,0.128,True,False,gated,167,0.4050268074239743,0.2567402206936347,False,0.1651093085158139
3,0.0002,True,0.28155825904399,0.0458554576577733,0.4324999581049993,1,0.2944692418698239,0.437,True,False,gated,168,0.0851357014594636,0.521647547776729,False,0.0415678943700096
2,0.9834,False,0.0061168459944232,,0.7818315085752149,0,0.0061168459944232,0.014,False,False,gated,169,0.5382821675810225,0.0354450004375944,False,0.4122832229659033
2,0.0002,True,0.2687634140292551,,0.1910000000378785,1,0.2687634140292551,0.199,True,False,gated,170,0.622380561767593,0.3150331962379049,False,0.2176839908276091
2,0.6784,False,0.1477934250749122,0.857707018513166,0.1828578565570265,1,0.274556883052622,0.037,False,False,gated,171,0.9497262901636728,0.118803404139681,False,0.3084489069026224
2,0.0002,True,0.2677017777033229,,0.7339999942398755,0,0.2677017777033229,0.245,True,False,gated,172,0.8887026507644771,0.6315070554611641,True,0.1722823426324348
2,0.0038,True,0.1410520835998613,0.8525589172193467,0.3549976564569863,0,0.2613072952661444,0.089,True,False,gated,173,0.1391209163815101,0.2227037056213295,False,0.2805402199579268
2,0.0002,True,0.1444040994043434,0.8643298272844705,0.6585488679047236,0,0.2692168697025334,0.174,True,False,gated,174,0.3682399541816509,0.6962779664617004,True,0.223124201054169
2,0.994,False,0.142476111515658,0.844834381199012,0.6373027713206127,0,0.2628448290244752,0.027,False,False,gated,175,0.3438756564114769,0.8877835346127215,True,0.3643957628762716
2,0.0002,True,0.2723255288079605,,0.2770007661548304,1,0.2723255288079605,0.248,True,False,gated,176,0.1494392894897503,0.3675911179798207,False,0.1647462024075545
2,0.0002,True,0.280258952384764,0.04095317707893,0.3524997130718118,1,0.2917364468897736,0.497,True,False,gated,177,0.1070400519816408,0.5060796457865796,False,0.0667580194498333
3,0.0002,True,0.1443053617902333,0.8488147058670167,0.6711044611799019,0,0.2667938750140924,0.257,True,False,gated,178,0.9079505061287249,0.6398200204158405,True,0.1673999624583112
2,0.2986,False,0.1385254841574442,0.8541465747506103,0.2135869318156375,1,0.2568465519670492,0.051,True,False,gated,179,0.0564012216789513,0.1685314297185788,False,0.3362328224479098
2,0.0004,True,0.1405061146108587,0.9341442229054142,0.3244703413471783,1,0.2717590898584126,0.092,True,False,gated,180,0.7245931131625812,0.2273621455285301,False,0.2305770867687585
2,0.0002,True,0.1404442005381353,0.8964646533752956,0.7028357347003396,0,0.2663474620930218,0.1049999999999999,True,False,gated,181,0.1172093752153676,0.7794111247327299,True,0.1995200345484949
2,0.9042,False,0.0199846271952506,,0.4996195377715905,1,,0.004,False,False,gated,182,0.4674102046769507,0.97231795172911,True,0.4178104572937786
3,0.0292,False,0.0187723945640972,1.2036770474884946,0.5006552399462623,0,0.2600890813398783,0.062,True,False,gated,183,0.7503266376653691,0.8091306939173397,True,0.2533292702586285
2,0.0002,True,0.2635243505571673,,0.8870000039979589,0,0.2635243505571673,0.127,True,False,gated,184,0.0351871761332653,0.7543406244801178,True,0.1896008371742103
2,0.0002,True,0.2707542854771695,,0.8349999610803989,0,0.2707542854771695,0.155,True,False,gated,185,0.4478673740466445,0.7009000264490871,True,0.1841751436111543
3,0.0002,True,0.2819662487712968,0.038699980061917,0.2409999999966018,1,0.2928783369769183,0.279,True,False,gated,186,0.9003219137713252,0.3793518501069503,False,0.0432705676033778
3,0.4274,False,0.0261593648457503,1.1774451183527626,0.481940517902406,1,0.2678448871322217,0.044,False,False,gated,187,0.2889737876393385,0.8304314213848418,True,0.2883375151842366
2,0.9922,False,0.1329282035531549,0.9007033282736651,0.6591935740204944,0,0.2526570789158215,0.017,False,False,gated,188,0.8554776256914218,0.904027433737659,True,0.3842107489777612
2,0.0002,True,0.2660171253525672,,0.8840000000178985,0,0.2660171253525672,0.133,True,False,gated,189,0.1398818988494279,0.7502288642737034,True,0.1706723686287977
2,0.9934,False,0.0236052899750415,,0.5077445809383047,0,,0.014,False,False,gated,190,0.8547384453363828,0.0437568382872615,False,0.3766936241144851
3,0.0002,True,0.2877016966504011,0.0330230364526151,0.248,1,0.2896329888781843,0.303,True,False,gated,191,0.8509443339518811,0.3896835983835314,False,0.0329002232291331
3,0.0002,True,0.2879915643634029,0.0387072127143913,0.506,1,0.2948687685703784,0.496,True,False,gated,192,0.1572547188953826,0.5542532476505417,False,0.0176425653524368
3,0.0002,True,0.2884883477990391,0.0301223374971431,0.711,0,0.2884883477990391,0.4489999999999999,True,False,gated,193,0.7805516429894664,0.5167676523685876,True,0.0334797107597011
2,0.9218,False,0.0283928531814135,,0.8759704728392265,0,,0.014,False,False,gated,194,0.2009563704492506,0.0330166993044996,False,0.4181914212603976
3,0.0002,True,0.2850963693390772,0.031000052178912,0.528,0,0.2965952029431244,0.488,True,False,gated,195,0.2590057118412884,0.4974395119791571,True,0.0045760312329826
2,0.0002,True,0.269031864988744,,0.8390000000246234,0,0.269031864988744,0.148,True,False,gated,196,0.1585140483968196,0.7230337345365577,True,0.1455405638585642
2,0.0002,True,0.2640309177444732,,0.8789999996917998,0,0.2640309177444732,0.1149999999999999,True,False,gated,197,0.7441715362045913,0.7377893680992212,True,0.1854319462074395
2,0.9834,False,0.1351365106484273,0.8065425962263473,0.238147683514673,1,0.2441298627925858,0.025,False,False,gated,198,0.1270530969807858,0.0755890736347161,False,0.4105085973427977
2,0.0002,True,0.1472472589508698,0.8233078358523861,0.5483038322908154,0,0.2684770810537297,0.186,True,False,gated,199,0.3407844591499335,0.6877458504921548,True,0.1984104760841565
3,0.0002,True,0.2677664043946164,0.7015889136964674,0.6549998357068388,0,0.2677664043946164,0.364,True,False,gated,200,0.3496528357495548,0.5653585726346229,True,0.1166452587955107
2,0.6216,False,0.0271784432843664,,0.6709164472976643,1,,0.04,False,False,gated,201,0.9433156241406117,0.8856784728234903,True,0.3898217578150663
2,0.0004,True,0.1316618388559081,0.9692350290452733,0.7977011102939462,0,0.2592731050645375,0.0859999999999999,True,False,gated,202,0.8839466241577962,0.7677205218227606,True,0.287294002990091
3,0.828,False,0.0176348610320646,0.0258722907034165,0.6194314058124489,0,0.0180911152832264,0.017,False,False,gated,203,0.0988282584515938,0.9674547018900778,True,0.3881879741897146
3,0.3568,False,0.0206960078193126,1.1418073621257416,0.5087602039821963,1,0.0170365380161489,0.027,False,False,gated,204,0.2609925919876921,0.1357912104178462,False,0.301559048838898
2,0.0002,True,0.272915550970092,,0.8139998114413829,0,0.272915550970092,0.167,True,False,gated,205,0.5579488808766115,0.7012134322539274,True,0.131991270450753
3,0.0002,True,0.2748241443570403,0.6464381401657335,0.3330000015325557,1,0.2748241443570403,0.329,True,False,gated,206,0.0856111765958016,0.4198287205402629,False,0.1172353815104976
2,0.5922,False,0.1321025082088277,0.9375695639994488,0.1984967464474833,1,0.2559577992343494,0.04,False,False,gated,207,0.4274406026762701,0.1152416103843813,False,0.3083188921378016
2,0.554,False,0.1399546996515127,0.9079821004064554,0.7313632553331064,0,0.2670310618037558,0.048,False,False,gated,208,0.4350418577066571,0.8498797363176769,True,0.317353544276638
2,0.832,False,0.1460012995232796,0.8620779466495103,0.8467339395732518,0,0.2718658000253307,0.034,False,False,gated,209,0.1416831325903008,0.8830683776252458,True,0.3034322911043667
2,0.0002,True,0.1449035297281237,0.8418178016280683,0.8247815728499757,0,0.266885900572842,0.1149999999999999,True,False,gated,210,0.2940774895828488,0.7530974332719859,True,0.2228151731378419
2,0.0002,True,0.2734164579952178,0.0284966398632682,0.835501872466762,0,0.2656250076590092,0.3179999999999999,True,False,gated,211,0.801446747411383,0.6007836397239588,True,0.1078114355483141
2,0.0002,True,0.2690298846874804,,0.8629998029182668,0,0.2690298846874804,0.136,True,False,gated,212,0.1460855664776965,0.7296300726469271,True,0.1505987270129025
3,0.0002,True,0.2861598639907803,0.0440180326631678,0.2470000000177292,1,0.2987560582308581,0.363,True,False,gated,213,0.510711720390981,0.4264694319284782,False,0.0600037513145223
2,0.2828,False,0.1408948407365386,0.8569265028211086,0.836660753722883,0,0.2616313638752948,0.049,False,False,gated,214,0.3000277630816721,0.8494476406997468,True,0.3102661708452224
3,0.8286,False,0.0240797807392675,1.2229674339656174,0.5642220535238555,0,0.2628672065623509,0.036,False,False,gated,215,0.1640942098063572,0.8576215285024054,True,0.2797552431089838
2,0.0024,True,0.1367013415009718,0.9126977120498636,0.2408104927400898,1,0.2614683431239686,0.087,True,False,gated,216,0.1708946039511318,0.2166879052005483,False,0.2671264015106053
3,0.0002,True,0.2878590400882284,0.0402317176464257,0.326,1,0.2961152163881178,0.439,True,False,gated,217,0.2632688438686053,0.4594606819630135,False,0.0195449636354668
2,0.3506,False,0.1342744579123016,0.9414151062588808,0.2566716722031987,1,0.2606824609766062,0.056,True,False,gated,218,0.1075634220345709,0.1670060892664446,False,0.3440814525881191
2,0.0112,True,0.1449927609201725,0.8335740575298511,0.3485634782982804,1,0.26585496495369,0.061,True,False,gated,219,0.7462542452163583,0.1697901653303101,False,0.2742162630215733
2,0.0002,True,0.2754764940034258,0.0218242031455851,0.8369999999967817,0,0.2694644390364397,0.254,True,False,gated,220,0.7190784222151427,0.6333266478770011,True,0.0815077218965932
2,0.9994,False,0.0042072420327525,,0.505514447213182,1,0.0042072420327525,0.018,False,False,gated,221,0.1253671521812349,0.0656594261691009,False,0.4200037389208904
2,0.0004,True,0.1457081776131498,0.8179770734473705,0.5986416438413952,0,0.2648941263153218,0.0949999999999999,True,False,gated,222,0.1222104268847205,0.7868779719025547,True,0.2068915987710786
2,0.0002,True,0.2709936253867114,0.012494935851263,0.1765000000302884,1,0.2676075774213908,0.283,True,False,gated,223,0.2572757510250403,0.3774073067401701,False,0.0858855937143274
2,0.0002,True,0.2676467612376804,,0.1999999978404077,1,0.2676467612376804,0.166,True,False,gated,224,0.1431786091767595,0.3157566820473442,False,0.2065364677345902
2,0.6566,False,0.1281745162273635,0.9558169710751684,0.6949208251803601,0,0.005663138356944,0.019,False,False,gated,225,0.0697482065449997,0.9456473481597588,True,0.3690628114785688
1,0.0002,True,0.2680381989719653,,0.8869999999905838,0,0.2680381989719653,0.1099999999999999,True,False,gated,226,0.8997405559679356,0.7562898079225447,True,0.2752025104583778
2,0.002,True,0.1374269685296748,0.9542314790705438,0.3824486658379812,0,0.2685641079748817,0.076,True,False,gated,227,0.8414339933171552,0.1980161869285466,False,0.2238467288202304
2,0.943,False,0.1367037064904118,0.8876097500223411,0.2810348592956743,0,0.2580432492363814,0.02,False,False,gated,228,0.0566747603250983,0.1030937453611486,False,0.4009321681149418
2,0.9308,False,0.1387192707196799,0.8855563568538829,0.2164998740087435,1,0.015875538714847,0.018,False,False,gated,229,0.7565360051449389,0.0674762837358166,False,0.3684142499996553
2,0.0002,True,0.2693537393069765,,0.8139999955744374,0,0.2693537393069765,0.2249999999999999,True,False,gated,230,0.536736962726994,0.6811309920941779,True,0.121011874707789
3,0.0002,True,0.2998076035720672,0.0461424834963738,0.39,1,0.2998076035720672,0.477,True,False,gated,231,0.5073541287577642,0.4813633215328007,False,0.01836048352786
2,0.0002,True,0.1481105512004492,0.829791767809197,0.2806547761898303,0,0.2710114673130944,0.125,True,False,gated,232,0.0722705829780164,0.2630727465168924,False,0.2477045833387647
2,0.0004,True,0.1405313619774174,0.9443529560288876,0.841564259248375,0,0.2732425690765014,0.0989999999999999,True,False,gated,233,0.4165311988955243,0.7619163031577522,True,0.2519417289034011
2,0.0002,True,0.2686477037451026,,0.838999998760676,0,0.2686477037451026,0.143,True,False,gated,234,0.7235382784149625,0.7177568518795782,True,0.1586478781987591
2,0.0002,True,0.2797612841535539,0.0227372246177076,0.7419983978411688,0,0.2861222793107144,0.4439999999999999,True,False,gated,235,0.3555192153110729,0.53468570140935,True,0.0982550130456352
2,0.0002,True,0.2621156020340788,,0.1340000001281773,1,0.2621156020340788,0.151,True,False,gated,236,0.7378499541772051,0.2878001086411629,False,0.1713039781953872
3,0.0002,True,0.2838613892040835,0.0461788514112952,0.2160000367625783,1,0.2969697821175889,0.303,True,False,gated,237,0.463659468426858,0.3888419528903719,False,0.0598577299401398
2,0.0002,True,0.2637071829452392,,0.7889999996148385,0,0.2637071829452392,0.2179999999999999,True,False,gated,238,0.8822271684719547,0.6532647032660213,True,0.1932886678348084
2,0.3528,False,0.1390245008819901,0.8558153285681512,0.1244400307546132,1,0.2580037997841896,0.049,False,False,gated,239,0.0379765373536148,0.1639316135812648,False,0.3382072999499905
3,0.0002,True,0.2941665203124181,0.0399639334400765,0.219,1,0.2971200068507397,0.373,True,False,gated,240,0.964723603692493,0.4179858427727741,False,0.0366224903666135
2,0.5014,False,0.019198181228565,,0.495771868901772,0,,0.015,False,False,gated,241,0.5342805944091249,0.0349566403085325,False,0.4114473007445534
1,0.0002,True,0.2689356576323536,,0.8700000000081306,0,0.2689356576323536,0.163,True,False,gated,242,0.8995907644596715,0.7173433688577083,True,0.239416278828761
2,0.0002,True,0.284860473735714,0.0459709077730483,0.2255000004472354,1,0.2979557683020513,0.353,True,False,gated,243,0.5440046022255972,0.4276135915055989,False,0.0822998772994747
3,0.0002,True,0.2921081459889287,0.039217766384866,0.36,1,0.2925562590932539,0.434,True,False,gated,244,0.1046062460890146,0.5365221664425182,False,0.0387150686734781
2,0.8238,False,0.1415990719352594,0.8074582727974059,0.3522939136714016,0,0.0272637298798917,0.026,False,False,gated,245,0.3052137229793222,0.1078400511141975,False,0.3183211127626343
2,0.2652,False,0.1490155463427037,0.8579598473688606,0.7162183477895041,0,0.2768649017393352,0.041,False,False,gated,246,0.573565603010486,0.881736183577765,True,0.3051890329840461
2,0.0002,True,0.2630289046049204,,0.1600019371478264,1,0.2630289046049204,0.14,True,False,gated,247,0.2187193115301611,0.2843666492458155,False,0.1843070294289551
2,0.561,False,0.1353350998270413,0.9593875990010918,0.7496119301832381,0,0.0054962833424436,0.033,False,False,gated,248,0.7583071131733448,0.8953971083539775,True,0.3371559659154791
3,0.0002,True,0.2893650022209618,0.0396203145442608,0.772,0,0.2925502373646678,0.288,True,False,gated,249,0.6500231002495065,0.6084668481124385,True,0.0313025664085018
2,0.9916,False,0.0209166813262059,,0.7754363177799904,0,,0.011,False,False,gated,250,0.8117134346250644,0.9585355328280452,True,0.414843916270878
3,0.0004,True,0.0194659502785874,1.2630347514058229,0.5249926788708575,0,0.2739356753839521,0.1029999999999999,True,False,gated,251,0.3425614771791089,0.7413159415742158,True,0.2408253637460578
2,0.0004,True,0.2656069855432953,,0.8969999998166659,0,0.2656069855432953,0.0859999999999999,True,False,gated,252,0.6947059525459394,0.748531853286908,True,0.1780782944732195
3,0.9214,False,0.0092541825499104,0.7736754310038816,0.3257578812062077,1,0.0164139162235747,0.025,False,False,gated,253,0.903079619730741,0.9133161804314648,True,0.4164599545631913
2,0.0002,True,0.2668385475744537,,0.1299972172136113,1,0.2668385475744537,0.126,True,False,gated,254,0.2142374025604068,0.2765547037348357,False,0.1933000136073283
2,0.0002,True,0.2688651510856426,,0.7599999999748274,0,0.2688651510856426,0.238,True,False,gated,255,0.3240727797822847,0.6459688151141885,True,0.1561989442286529
3,0.0002,True,0.2804134391761509,0.0328804710847652,0.5859999739238448,0,0.2896335651547947,0.447,True,False,gated,256,0.8552093928578809,0.4772161455615765,True,0.0513584536429542
3,0.0002,True,0.2855624109491339,0.0355842893437844,0.416,1,0.2962427972725514,0.44,True,False,gated,257,0.2877265814803086,0.4585556830133583,False,0.0036837332748001
2,0.0016,True,0.1446859060204141,0.8391298350050164,0.250226432759607,1,0.2660961664677146,0.081,True,False,gated,258,0.6376545630415115,0.2172366712083926,False,0.2857951500936508
2,0.003,True,0.1428069970366733,0.8646203698737787,0.3506384492708073,1,0.26628083563595,0.082,True,False,gated,259,0.6255044116540661,0.2148342522603401,False,0.2950493371577687
2,0.9638,False,0.021369983141656,,0.4709567377636251,1,0.021369983141656,0.012,False,False,gated,260,0.053945398703289,0.9359984634210438,True,0.3617523028065098
3,0.0002,True,0.2922195356375299,0.0491510779688897,0.801,0,0.2922195356375299,0.304,True,False,gated,261,0.0910465220080255,0.6103882276369037,True,0.0354259646451317
2,0.0002,True,0.2696843271931762,,0.7279999957718755,0,0.2696843271931762,0.252,True,False,gated,262,0.3771863529132941,0.625365923349807,True,0.1754841471856454
2,0.0038,True,0.1374169944948076,0.9513128456954796,0.2699987188479185,1,0.2681435465755345,0.08,True,False,gated,263,0.3873421346778779,0.1962865216144644,False,0.2239649328620498
2,0.0002,True,0.2716280055179882,0.019106568075182,0.1280000011497787,1,0.2664381265394137,0.25,True,False,gated,264,0.2834292132082485,0.347169209994732,False,0.0971706961935731
2,0.0004,True,0.1457578298054798,0.8403872874741127,0.0931808023789246,1,0.2682508570246608,0.089,True,False,gated,265,0.3986814636571251,0.2399853302209144,False,0.1810935627204477
2,0.0002,True,0.2714878280522294,,0.8910000002447317,0,0.2714878280522294,0.1119999999999999,True,False,gated,266,0.6273392915771457,0.7569299254625599,True,0.1769406501983053
3,0.0002,True,0.2930737878267061,0.0364802523020752,0.298,1,0.2959377307546562,0.383,True,False,gated,267,0.955475233438183,0.4266081834291083,False,0.0241774042494485
2,0.0002,True,0.2687186895935727,,0.0981033413277052,1,0.2687186895935727,0.107,True,False,gated,268,0.3767374840400507,0.2395917803139829,False,0.1804140720621146
3,0.0002,True,0.2883613038066477,0.041199081386033,0.335999999996495,1,0.296489902712458,0.361,True,False,gated,269,0.861362118343762,0.414800293740568,False,0.0062876444796431
1,0.2732,False,0.2552377335234865,,0.0490000000171906,1,0.2552377335234865,0.05,True,False,gated,270,0.710594434226105,0.1719156749129298,False,0.2864092723280899
2,0.0014,True,0.1357180898810108,0.9795070169042476,0.2167638315736775,1,0.2686549112412818,0.076,True,False,gated,271,0.9785780633449336,0.1938896658934255,False,0.2430500212907866
3,0.0002,True,0.270046829841822,0.685007806243562,0.3739986336994928,1,0.2842376266150493,0.39,True,False,gated,272,0.2093197904396895,0.4396600951701252,False,0.0714128339649569
2,0.0002,True,0.2675450874707968,,0.1609999990700995,1,0.2675450874707968,0.145,True,False,gated,273,0.044630982081077,0.3023437667719443,False,0.2026324532137558
2,0.0002,True,0.2679014403726178,,0.2299999806804377,1,0.2679014403726178,0.246,True,False,gated,274,0.1870176415432716,0.3585398069670825,False,0.1453781754854111
2,0.0002,True,0.2807369028429688,0.0342677516080664,0.3304999999988481,1,0.2903571252968438,0.487,True,False,gated,275,0.6333997972843172,0.4887960394062168,False,0.086475251512318
2,0.0002,True,0.2749702230077384,0.0209414709820927,0.8910000000689808,0,0.2692119420616613,0.2099999999999999,True,False,gated,276,0.711381612387697,0.6738199876919143,True,0.1135866332101743
2,0.9652,False,0.1244333725397149,0.935527959326167,0.1309377945793876,1,0.2408442716248026,0.025,False,False,gated,277,0.057805080317195,0.0937784474054335,False,0.4103137544645773
2,0.0184,True,0.1315606559032825,0.9880461911747564,0.7178115011707119,0,0.2615486608779616,0.0649999999999999,True,False,gated,278,0.2608626499981252,0.8402143720460873,True,0.2861128071228526
2,0.0002,True,0.1435548954807199,0.8412799619414846,0.7023101166365524,0,0.2643247524880951,0.0969999999999999,True,False,gated,279,0.7186309763975636,0.7724198645730461,True,0.2079444835436588
2,0.8724,False,0.1385925390908095,0.9108402428022796,0.3726161283273441,0,0.2648282010477778,0.032,False,False,gated,280,0.7663718272089539,0.1194193535444971,False,0.3157314147480007
2,0.0386,False,0.1343885415023847,0.9834527292695732,0.7026889190664366,0,0.2665533194264458,0.0699999999999999,True,False,gated,281,0.3642015541366134,0.7918208418893572,True,0.2941805573212347
2,0.0002,True,0.2874437451858023,0.0413794261866452,0.1775000013946387,1,0.2755494879490321,0.325,True,False,gated,282,0.5591192850869032,0.4069530794729647,False,0.1076216331737714
2,0.0002,True,0.2671278678984808,,0.1219999957138945,1,0.2671278678984808,0.129,True,False,gated,283,0.7719262226476723,0.2710348472038824,False,0.1707356403462551
2,0.0002,True,0.2714389436230725,,0.2210002304517,1,0.2714389436230725,0.191,True,False,gated,284,0.2037464322569255,0.3415350679316599,False,0.1472122594855564
3,0.0002,True,0.2885781049791025,0.0455982159339184,0.626,0,0.2974173607903888,0.428,True,False,gated,285,0.1609277310805768,0.5736034903112455,True,0.0014857625285604
2,0.2676,False,0.1397992552510049,0.8934546617541217,0.6991674432560007,0,0.2647035515656631,0.056,True,False,gated,286,0.8191901996747013,0.8353874471003988,True,0.306579210005113
2,0.0002,True,0.1384945221842417,0.9039442302654788,0.5947177070127887,0,0.2636858464369653,0.124,True,False,gated,287,0.2846054409470956,0.7445109267368573,True,0.2105566083394203
2,0.0002,True,0.2730104310988955,,0.7119999681964702,0,0.2730104310988955,0.303,True,False,gated,288,0.3840233221307351,0.5996198629921826,True,0.1524702603889609
2,0.0002,True,0.2851912139084419,0.0471952765982516,0.8239999998169956,0,0.2717315356845946,0.302,True,False,gated,289,0.4948975493799951,0.6217603681440743,True,0.0927759180482712
2,0.0004,True,0.1433009811823239,0.880844846301635,0.2975854768227476,0,0.2695269119276223,0.087,True,False,gated,290,0.5706607567783882,0.2146061716030545,False,0.2642891107856442
2,0.0002,True,0.2761200398060829,,0.1990000015365682,1,0.2761200398060829,0.184,True,False,gated,291,0.473467577455244,0.3228418774632695,False,0.12190530647675
3,0.0002,True,0.0273661250598626,1.089732663027201,0.6565409312922279,0,0.2631189342377731,0.1009999999999999,True,False,gated,292,0.8523171517959819,0.7587977966768739,True,0.2606282377585007
2,0.0104,True,0.1338086561133848,0.977706259054946,0.685141810338683,0,0.2646342167121497,0.0649999999999999,True,False,gated,293,0.9206971187560854,0.7963581537714771,True,0.3067851076575017
2,0.0002,True,0.2801695795859433,0.0295466570734205,0.1605000000080817,1,0.2884476540764031,0.253,True,False,gated,294,0.8880082454183174,0.3538150082067868,False,0.0667652676363161
2,0.0002,True,0.2745678018281527,0.0247126130454499,0.2120000102236162,1,0.2813530896694963,0.298,True,False,gated,295,0.2805355166653249,0.3811970240654347,False,0.069432401747139
2,0.0038,True,0.1431311810316202,0.8432665369281876,0.7440635175606289,0,0.2638289163874395,0.0919999999999999,True,False,gated,296,0.9109443715435998,0.7664729717254113,True,0.2809604057868942
2,0.9994,False,0.0026427060497262,,0.3606664267843341,1,0.0026427060497262,0.013,False,False,gated,297,0.2386139028566636,0.0684055438422693,False,0.3725506828484621
3,0.0002,True,0.2808292658495829,0.0317302146798411,0.3049999993300643,1,0.289740038743404,0.367,True,False,gated,298,0.7704840690398218,0.4230159857595866,False,0.0418916132518487
2,0.0002,True,0.2634072019131696,,0.8930000234417365,0,0.2634072019131696,0.1059999999999999,True,False,gated,299,0.6850569558267612,0.7568643618749281,True,0.183776831376135
3,0.0002,True,0.2949107988711176,0.0427178524201125,0.229,1,0.2949107988711176,0.368,True,False,gated,300,0.483511500662653,0.4290409534531973,False,0.0398847374998617
2,0.7838,False,0.141511087340843,0.8279357867032126,0.2648183798302427,1,0.2586731807664388,0.036,False,False,gated,301,0.0962109480439648,0.1468438767061477,False,0.3660270399075198
2,0.9924,False,0.01833952998394,,0.3936236741005535,0,,0.016,False,False,gated,302,0.5305534826959746,0.9524810107988076,True,0.382226592025414
2,0.9958,False,0.0168913157694791,,0.5937443128376715,0,,0.013,False,False,gated,303,0.0867123780214102,0.0439513355968989,False,0.4581580458921568
3,0.0002,True,0.2843159025680619,0.0396593860485618,0.1970000009881425,1,0.2955916967077936,0.288,True,False,gated,304,0.4580738867420046,0.3827972614833038,False,0.0620155444225033
2,0.0002,True,0.2703452909095769,,0.1379999999997866,1,0.2703452909095769,0.11,True,False,gated,305,0.8042603177144402,0.2523326043705045,False,0.1775237614041848
1,0.9702,False,,,,-1,,0.015,False,False,gated,306,0.4798565909412424,0.969737968031544,True,0.4115782899815732
2,0.7508,False,0.140602734155534,0.8134856724344154,0.3718661085142866,1,0.2549810438969795,0.021,False,False,gated,307,0.1193618336698096,0.0673083052167377,False,0.4214997682714496
2,0.0002,True,0.2784403014095966,0.02680537967898,0.1610000000030478,1,0.2859039994068373,0.259,True,False,gated,308,0.8287921627609138,0.3536007184107207,False,0.0734421894653842
2,0.2132,False,0.1311516323992976,0.9764356587746954,0.2846971290169838,0,0.259212762981459,0.059,True,False,gated,309,0.5898096307499789,0.1594338520182272,False,0.3213281812128792
2,0.613,False,0.1315756819082262,0.9989031602567968,0.2709833653352003,1,0.2630070463802952,0.042,False,False,gated,310,0.0501015888166702,0.1257631012759163,False,0.3775757216355081
3,0.7878,False,0.0202968563829228,1.138028547782563,0.4960954322245532,0,0.0202968563829228,0.029,False,False,gated,311,0.3782382371121846,0.8730318815270428,True,0.3656819126059808
3,0.7044,False,0.0101643197006169,0.0540310218772819,0.5519878003708767,1,0.0096151311204512,0.015,False,False,gated,312,0.4865753984360605,0.0528223727256469,False,0.3808639395612511
2,0.9264,False,0.1326850447628305,0.9654371088871068,0.7724498696062161,0,0.0045859787534816,0.019,False,False,gated,313,0.883803333483027,0.9075378537261558,True,0.4013901307461517
2,0.0002,True,0.2758596076356058,0.0209346630984999,0.206999999631038,1,0.2700845796872491,0.377,True,False,gated,314,0.1529777995490599,0.4408389568943884,False,0.1103735389015244
2,0.0002,True,0.2825017764141981,0.0572436394766712,0.8229999827330566,0,0.2663303465735673,0.271,True,False,gated,315,0.4865998114272492,0.6191746444751737,True,0.0959967082240475
2,0.8952,False,0.1441864284082546,0.8276098582624566,0.141535944130541,1,0.2635165379874076,0.016,False,False,gated,316,0.1269562420833881,0.0840979418166949,False,0.4031514791963861
3,0.0002,True,0.2938112817339884,0.0352745491350901,0.458,1,0.2969982500835703,0.441,True,False,gated,317,0.6057487922915805,0.5510410152073003,False,0.0255952454254026
2,0.0004,True,0.1455449531904992,0.8359697612571754,0.8062059546837718,0,0.2672161329621835,0.0919999999999999,True,False,gated,318,0.2870109048589351,0.7782902805212178,True,0.2410418540202629
2,0.0002,True,0.1465630268151156,0.8471289419081263,0.3753243578925568,0,0.270720808644704,0.123,True,False,gated,319,0.93722036432617,0.2595181829864791,False,0.1683724329097667
2,0.6164,False,0.140107764832139,0.822487633915263,0.2650157185395993,1,0.2553446688229037,0.03,False,False,gated,320,0.0364520695550925,0.091796733539196,False,0.4098275980508382
2,0.9994,False,0.1398614269950696,0.863495948639992,0.1234287377795129,1,0.0190916514129554,0.019,False,False,gated,321,0.5559155932688701,0.0711075990933571,False,0.3852007881447453
2,0.0002,True,0.2783777160917981,0.0342472898303923,0.8570000002278094,0,0.2688440337664454,0.256,True,False,gated,322,0.7551103315038326,0.6310225244797141,True,0.1000812329481644
3,0.0002,True,0.1434148658598661,0.8593569995935629,0.737160328132682,0,0.2666594346831734,0.2039999999999999,True,False,gated,323,0.2846201772867905,0.6605608763191573,True,0.141519082030653
3,0.9956,False,0.0193198308839745,0.1285854147477536,0.4582750134544183,0,0.0218040793511754,0.006,False,False,gated,324,0.3877267503435574,0.977856040520636,True,0.4529658802474008
2,0.7868,False,0.0123595021193934,,0.4982024103128151,0,,0.008,False,False,gated,325,0.876593914383785,0.9748447409285655,True,0.4566662959507823
2,0.053,False,0.2652956990766356,,0.064000036198446,1,0.2652956990766356,0.063,True,False,gated,326,0.3208640223639434,0.1931514465774325,False,0.2315879300951382
2,0.0004,True,0.1365854268175873,0.9430814634047752,0.3338267898855224,0,0.2653966110214265,0.097,True,False,gated,327,0.4648128723566,0.2332149160460433,False,0.2013908219960226
2,0.0002,True,0.28153525978626,0.0481300470701912,0.2684999981583889,1,0.2950855650917393,0.42,True,False,gated,328,0.0278328147268676,0.4423511641474398,False,0.0640160436982446
2,0.9232,False,0.0012272790374088,,0.4557159007824209,0,0.0012272790374088,0.018,False,False,gated,329,0.2281946447206569,0.9671647115516018,True,0.3984164255166633
2,0.0002,True,0.2805170264932521,0.029251184110957,0.8635002049921248,0,0.2723115713050106,0.2079999999999999,True,False,gated,330,0.5903368437028852,0.6699892093887149,True,0.0934825568176863
3,0.0002,True,0.2896320709838665,0.0308066679884761,0.3460000046740231,1,0.2951479478946802,0.354,True,False,gated,331,0.3570129294418511,0.4158383351965943,False,0.0060556569818599
2,0.8694,False,0.0195794258353282,,0.389231417139965,1,,0.014,False,False,gated,332,0.0481015326851601,0.9568116453646331,True,0.3832403273667387
3,0.0002,True,0.2890678306233052,0.0414807608895397,0.454,0,0.2950293921246617,0.439,True,False,gated,333,0.347330518887184,0.4336223054572462,True,0.0083141025626828
3,0.0002,True,0.2834788770973775,0.0331159654075143,0.565999973765211,0,0.2931897775068835,0.481,True,False,gated,334,0.2109085863332427,0.5385462876847658,True,0.0006086944859888
2,0.4122,False,0.1377767656861112,0.9005760237955951,0.6273844636344617,0,0.2618552175000272,0.04,False,False,gated,335,0.2179907170156929,0.8854496530161626,True,0.3164894955316336
2,0.0002,True,0.2782200032807327,0.0208051854749464,0.773500000006192,0,0.2840084220518493,0.379,True,False,gated,336,0.7831291037241874,0.577027537611036,True,0.0779992873310262
2,0.0002,True,0.27380862118157,0.0292089357769677,0.8240000000831137,0,0.2658109627502682,0.285,True,False,gated,337,0.278860998803729,0.614761622003122,True,0.1027142736925736
1,0.2488,False,0.2694488702987661,,0.9430000010123922,0,0.2694488702987661,0.049,False,False,gated,338,0.5600226675334459,0.8480200802998544,True,0.2740327520997787
2,0.0002,True,0.2804768680118735,0.0366288636311487,0.1399999999008053,1,0.2702033190617383,0.235,True,False,gated,339,0.9799278512683292,0.3630654140253332,False,0.0903360232900367
3,0.002,True,0.0213937190462047,1.1359356784037475,0.3822159680399328,1,0.2698655059522271,0.082,True,False,gated,340,0.6244442492995795,0.2266909318578044,False,0.285672515052125
2,0.0002,True,0.2815950487430143,0.0360062928183749,0.8980000012476674,0,0.2714558549617327,0.163,True,False,gated,341,0.6133449418056728,0.6960572191099846,True,0.1164048239354179
3,0.2124,False,0.0248589487167575,1.113191631825766,0.4949692138385949,0,0.2698531199389329,0.052,True,False,gated,342,0.567687989660698,0.8256643730200299,True,0.2506695315488078
2,0.0318,False,0.1384490140031598,0.8555231749417863,0.7197121159808613,0,0.2568953540315585,0.0719999999999999,True,False,gated,343,0.2810126115099601,0.8225295704708345,True,0.2777907429954004
3,0.0002,True,0.1405971492803337,0.9055403364931052,0.4790732657167043,0,0.267913539150524,0.2249999999999999,True,False,gated,344,0.9766331389466324,0.6690757845951709,True,0.1706828378366145
2,0.0002,True,0.269051520086796,,0.8970000001892875,0,0.269051520086796,0.1139999999999999,True,False,gated,345,0.6689737207490527,0.7502411633944941,True,0.1740759554594049
2,0.0002,True,0.2749443728309397,0.0192042510955745,0.1240000004813674,1,0.2696642720577599,0.221,True,False,gated,346,0.2871738985643949,0.3299069777015396,False,0.1108372422727379
2,0.0002,True,0.266071704355637,,0.21800000099445,1,0.266071704355637,0.222,True,False,gated,347,0.0623682963200032,0.345625997620798,False,0.1664966576133995
3,0.0002,True,0.1367386600896566,0.9555906051089268,0.2104235597739894,1,0.2674048390274711,0.189,True,False,gated,348,0.2144386420479803,0.3122603458805932,False,0.1637475895668658
2,0.002,True,0.1339060097883145,0.996879903105374,0.7143456887937023,0,0.2673942198523137,0.0759999999999999,True,False,gated,349,0.0788472450622788,0.8085204052731497,True,0.231956277839429
3,0.695,False,0.0227106151264815,1.1036585874859333,0.3634056793764291,1,0.0227106151264815,0.017,False,False,gated,350,0.310698678538896,0.0814316529297664,False,0.3434811905586583
3,0.0002,True,0.1474674118337482,0.8628932131842282,0.6373819637782561,0,0.2747160406717961,0.152,True,False,gated,351,0.4686667152028274,0.7097644559960967,True,0.1794285376925906
1,1.0,False,,,,-1,,0.025,False,False,gated,352,0.5390019049291337,0.0825348334065221,False,0.3683108833169619
2,0.0002,True,0.2732657014011266,,0.3119999994737224,1,0.2732657014011266,0.297,True,False,gated,353,0.6109839007289516,0.4075858455819749,False,0.1438440133107318
3,0.0002,True,0.2900202389129909,0.0438814894920061,0.632,0,0.2961451614334217,0.453,True,False,gated,354,0.8121099817744165,0.4772993539656681,True,0.0264462141581129
3,0.0002,True,0.2789828159417903,0.0253424256237975,0.6875000701146976,0,0.2860529172051381,0.434,True,False,gated,355,0.2798899978069932,0.532580691015592,True,0.0441683148027649
3,0.0002,True,0.2766088174270248,0.0301194807909222,0.3419999926815645,1,0.2849401313901479,0.45,True,False,gated,356,0.1968446657703504,0.4760573653283508,False,0.0545123030202711
2,0.0002,True,0.2814841047324178,0.0440354959588381,0.7765000000809299,0,0.2690888125759522,0.373,True,False,gated,357,0.9279761590629144,0.5634041560692655,True,0.0957766030938316
2,0.0002,True,0.1462679854203228,0.8400174093324834,0.2997008750949232,1,0.2691356396022239,0.099,True,False,gated,358,0.4694099305639133,0.2359329366437621,False,0.2002974634468029
2,0.0976,False,0.1383293740193485,0.955380565135312,0.8402473733552049,0,0.2704865695457231,0.058,True,False,gated,359,0.5277627569336368,0.8173824514835247,True,0.251875083307375
2,0.0006,True,0.1467403134598161,0.8503666985546586,0.2901331787697465,1,0.2715233893623661,0.087,True,False,gated,360,0.5322742020350589,0.2093372815561315,False,0.2497386818932634
2,0.7642,False,0.1401994483276881,0.9823863431951396,0.7686340807943318,0,0.277929471689284,0.039,False,False,gated,361,0.4235520530436894,0.8602759438636192,True,0.3319131729453135
2,0.0002,True,0.2809845272261549,0.0344448710766755,0.6519999993649603,0,0.290663003041035,0.498,True,False,gated,362,0.3717537561659148,0.494724453948505,True,0.0740736166066948
2,0.0002,True,0.2668223236847048,,0.1660000251180013,1,0.2668223236847048,0.189,True,False,gated,363,0.9276216861663974,0.3017815650706994,False,0.1250519899498344
2,0.663,False,0.1347539253081786,0.9362426979864136,0.6814246549383107,0,0.2609163039039036,0.018,False,False,gated,364,0.8193975954295413,0.9233286006377028,True,0.3854244459736446
3,0.0002,True,0.2734497991017998,0.6844367039613336,0.7770000000228028,0,0.2734497991017998,0.2199999999999999,True,False,gated,365,0.5968521859424052,0.6651149053883274,True,0.0874982315048241
2,0.3306,False,0.0090483899350894,,0.730583874049879,0,0.0090483899350894,0.014,False,False,gated,366,0.2310481451888893,0.9708593680556932,True,0.4026421997953074
2,0.0002,True,0.2723043027433611,,0.1240000004247142,1,0.2723043027433611,0.119,True,False,gated,367,0.5088825372141049,0.2629782300756907,False,0.1913641325830209
2,0.9162,False,0.1380529132887042,0.832861984885187,0.7459612216492686,0,0.2530319366703499,0.015,False,False,gated,368,0.1687122334853355,0.9331842389264864,True,0.355387045850786
2,0.9522,False,0.0213718853120102,,0.498239895326612,1,0.0213718853120102,0.01,False,False,gated,369,0.5938915568730103,0.9726040901167472,True,0.3936285085634489
2,0.0062,True,0.1449308188222092,0.8526235686907675,0.7083203809493744,0,0.2685022507805289,0.0759999999999999,True,False,gated,370,0.8150412090639243,0.776996873779947,True,0.2541884276392129
2,0.0002,True,0.2654750452776999,,0.827999999652678,0,0.2654750452776999,0.1979999999999999,True,False,gated,371,0.7117104382072409,0.6814203241590062,True,0.1206317107882199
2,0.404,False,0.1442128395513215,0.8242428690537811,0.8889563351394012,0,0.2630792441783197,0.043,False,False,gated,372,0.6286852542434083,0.8740640189639474,True,0.2940823378112297
2,0.0004,True,0.2659549485184403,,0.093999999434184,1,0.2659549485184403,0.101,True,False,gated,373,0.2816951448618336,0.23044995183227,False,0.2051214299244499
2,0.0002,True,0.2701410683682836,,0.1950000039685689,1,0.2701410683682836,0.17,True,False,gated,374,0.6163160999889099,0.3096799912448379,False,0.2174427456496535
3,0.0002,True,0.2782140181482273,0.0350747171024608,0.7589999998713642,0,0.2879722961287503,0.295,True,False,gated,375,0.1829918059476231,0.6092236039481254,True,0.0430520831690307
2,0.982,False,0.1381575485889391,0.8975330395326117,0.2436734514845738,1,0.2621585131092417,0.025,False,False,gated,376,0.6330354877793947,0.1031291438233042,False,0.3836271250256426
2,0.9626,False,0.0158144574467394,,0.5779729073311912,0,0.0158144574467394,0.009,False,False,gated,377,0.8404915060245037,0.0431877623571414,False,0.3781157853559633
2,0.0002,True,0.1372489250438054,0.9536203077265912,0.2544275792504756,1,0.2681322871801765,0.113,True,False,gated,378,0.1039674802928571,0.2464361988952829,False,0.2740507949069261
2,0.261,False,0.1283614325710849,0.9579164000063672,0.2043542233507832,1,0.2513209539601966,0.051,True,False,gated,379,0.0424496629597827,0.1602549639966459,False,0.3423867161183673
3,0.0002,True,0.2975386220085781,0.04296783492101,0.787,0,0.2975386220085781,0.364,True,False,gated,380,0.5167844091505773,0.5738542258847934,True,0.0418869863954658
2,0.0004,True,0.261505416616311,,0.088999822325597,1,0.261505416616311,0.094,True,False,gated,381,0.0312250312585188,0.2372999687467006,False,0.264549256278637
2,0.9286,False,0.0062529620574667,,0.4658630802010923,1,0.0062529620574667,0.017,False,False,gated,382,0.1158066518157685,0.9378454854246407,True,0.3579421960795666
2,0.0044,True,0.143851202239135,0.8980160514962419,0.6785248765144445,0,0.2730318908778085,0.0719999999999999,True,False,gated,383,0.6195629507222933,0.7929843651545606,True,0.2130350804294337
2,0.0002,True,0.2684389433029305,,0.1759999996525522,1,0.2684389433029305,0.176,True,False,gated,384,0.9749500585797084,0.2972270617199324,False,0.1455612325905315
2,0.0002,True,0.277498201046514,0.0366172721986927,0.1155000000016666,1,0.2673369738841096,0.183,True,False,gated,385,0.9398952964347184,0.3216893066194137,False,0.1096057817397125
2,0.0002,True,0.2878487604805267,0.0471784370392069,0.7829999863612642,0,0.3014290151037182,0.3359999999999999,True,False,gated,386,0.4998198419902523,0.5928380403219131,True,0.0673404597861219
2,0.9896,False,0.1443359877880591,0.9172207447981618,0.2842814739089291,0,0.2767239500091184,0.022,False,False,gated,387,0.8524653375491479,0.1088694354029888,False,0.3117804490788524
2,0.0002,True,0.1408107365452757,0.8914377803138658,0.6790771712887252,0,0.2663347469764482,0.119,True,False,gated,388,0.5061981538045198,0.7346582008520186,True,0.1824483815891488
1,0.8402,False,0.2633320406733507,,0.9720000000031674,0,0.2633320406733507,0.034,False,False,gated,389,0.0820723897751821,0.8857158442138281,True,0.3081005423422861
1,0.8974,False,,,,-1,,0.011,False,False,gated,390,0.1078850231629519,0.9295267277034088,True,0.3498682384322695
2,0.0002,True,0.1366572732295284,0.949841781954636,0.6761292764607523,0,0.2664600611518751,0.13,True,False,gated,391,0.3059186816317396,0.7340379214957643,True,0.2133049577178997
2,0.0058,True,0.1451442069711349,0.8280025833262373,0.7986950315348174,0,0.2653239852989006,0.0659999999999999,True,False,gated,392,0.8768372630226495,0.8230267537871179,True,0.3268770244932086
2,0.7758,False,0.1431038892268761,0.819593060386364,0.2833569024165852,0,0.2603908437523424,0.025,False,False,gated,393,0.7576117360671751,0.078417434327601,False,0.3575780395980538
2,0.0002,True,0.2790132946064768,0.0346339563370468,0.1560000040456331,1,0.2693499603435859,0.217,True,False,gated,394,0.9086901713563944,0.3385142722301832,False,0.0849565658368223
2,0.0002,True,0.2666279507108898,,0.849000000038218,0,0.2666279507108898,0.136,True,False,gated,395,0.9663651910686484,0.7316273231982722,True,0.2340566538764608
2,0.0002,True,0.2631010645276009,,0.8449974744906594,0,0.2631010645276009,0.136,True,False,gated,396,0.9682300132791812,0.7166227662647542,True,0.2189400715274281
3,0.0002,True,0.2932993416758646,0.0457169897702762,0.437,1,0.303998368787481,0.43,True,False,gated,397,0.0917014930282743,0.5404188174802849,False,0.0294026928591241
2,0.0002,True,0.2794294274158351,0.022770465447062,0.8584999999999874,0,0.2730666892939477,0.271,True,False,gated,398,0.7595159179248568,0.6399146314883138,True,0.1098224523836886
2,0.0002,True,0.2791055506561685,0.036980561856714,0.1464999942650676,1,0.2687840705755389,0.228,True,False,gated,399,0.9469455505443772,0.3492634730580823,False,0.0865921298544369
2,0.0246,True,0.1418220299133815,0.8483729557259269,0.5998269406143879,0,0.2621400046188963,0.062,True,False,gated,400,0.7261256702225277,0.8366383078172209,True,0.2714367608817834
3,0.0002,True,0.2889701188634277,0.0339914771316825,0.4669999999640952,1,0.2944871770000252,0.466,True,False,gated,401,0.7608825093103646,0.4859876364377284,False,0.0022024121759302
2,0.0164,True,0.1317960863597489,0.9672271733257704,0.3182291331083368,0,0.2592728424258552,0.078,True,False,gated,402,0.278882263527785,0.1851154063912738,False,0.2491602915278311
3,0.0002,True,0.2810554609124222,0.0325350064806019,0.5965000000466055,0,0.2901996021546489,0.473,True,False,gated,403,0.8621980209428974,0.4828442381586623,True,0.0594935501670527
2,0.0002,True,0.2647193848386543,,0.7949999860908693,0,0.2647193848386543,0.2159999999999999,True,False,gated,404,0.3036888644845781,0.6724180322507115,True,0.1627090975555855
2,0.0002,True,0.2649642257203977,,0.8170000016207952,0,0.2649642257203977,0.177,True,False,gated,405,0.6676120634827567,0.6948361163787007,True,0.1194323782674389
2,0.92,False,0.0222516218387371,,0.5057748907908922,0,,0.008,False,False,gated,406,0.8282716198463415,0.9585230203762608,True,0.4212071840897695
2,0.085,False,0.142422854104327,0.8219177900933179,0.2486963236992438,0,0.2594827316093605,0.061,True,False,gated,407,0.0942750324526097,0.2027417594015651,False,0.311849712758594
3,0.0002,True,0.2777448926599982,0.0300184692697488,0.8165000001596897,0,0.286082369185172,0.288,True,False,gated,408,0.6744039346294165,0.6284532851667362,True,0.0574455911653499
2,0.0002,True,0.2817728559667456,0.0420657938630772,0.2224999997646905,1,0.2699198570913959,0.33,True,False,gated,409,0.1265535818032115,0.4388218910800415,False,0.1299653471996315
2,0.0002,True,0.2692122269157311,,0.1249999887320234,1,0.2692122269157311,0.123,True,False,gated,410,0.827097240770453,0.2488045676807138,False,0.1757203091874415
2,0.3004,False,0.1344793449014862,0.9018710689394864,0.6136532870744699,0,0.2557623754389733,0.047,False,False,gated,411,0.1624101487854876,0.8605227523870588,True,0.2824615225767168
2,0.0002,True,0.1416552828236712,0.921462694885364,0.3994695479027172,0,0.2721853414800412,0.259,True,False,gated,412,0.6361055400153762,0.3652287300007726,False,0.1758150603695041
2,0.0384,False,0.1438227850196195,0.8626371210316836,0.6810404715443645,0,0.2678896582285655,0.06,True,False,gated,413,0.1330550139194335,0.8200012181584851,True,0.2401028537406576
3,0.0002,True,0.2832684921659583,0.0395833001726775,0.7830000001641028,0,0.2944811939208648,0.273,True,False,gated,414,0.5758145163651847,0.6210489840560947,True,0.0504351999953495
2,0.3842,False,0.135701196774529,0.968361327918503,0.2820354439689019,0,0.2671089878842104,0.051,True,False,gated,415,0.6157575329567684,0.1754244364913078,False,0.3218152985748662
2,0.0002,True,0.2742868738769815,0.0192116764161908,0.8260000594922767,0,0.2690173632108292,0.3249999999999999,True,False,gated,416,0.2975629260440696,0.6056921179336284,True,0.1086788013919644
2,0.0002,True,0.2628472728772435,,0.2200067064834163,1,0.2628472728772435,0.222,True,False,gated,417,0.112029742031972,0.3502275639101469,False,0.1870359476465402
2,0.5148,False,0.1457649325064336,0.8492771598033986,0.7345407443049937,0,0.2695597603852809,0.039,False,False,gated,418,0.6728020354838252,0.8903100844809785,True,0.3132297485718361
3,0.0002,True,0.2779875968735332,0.0307299749428917,0.6379999999971815,0,0.2865301487599224,0.488,True,False,gated,419,0.8278027087444182,0.5003033872389273,True,0.0541244383740945
1,0.9828,False,0.2619818371269725,,0.0240000046737417,1,0.2619818371269725,0.026,False,False,gated,420,0.7561918716441698,0.0944486130593315,False,0.3425404390951616
3,0.0002,True,0.2650783535274188,0.637783068330346,0.7670000010062795,0,0.2650783535274188,0.25,True,False,gated,421,0.1424345139261882,0.6537196602199088,True,0.0747084159053589
3,0.0002,True,0.2894030038450577,0.0409171906504706,0.6219999946405925,0,0.2968626351260625,0.386,True,False,gated,422,0.6921093766017143,0.565613908039188,True,0.0100486467241256
2,0.0614,False,0.1481315466839965,0.8419486324080911,0.2167583883756632,1,0.2728506998319246,0.061,True,False,gated,423,0.9277195376707243,0.1797488360589406,False,0.2445633060847904
3,0.0002,True,0.2902598314393667,0.0415662962989063,0.658,0,0.2967137620176017,0.379,True,False,gated,424,0.6243426486226856,0.5865204840566312,True,0.0065230206170404
3,0.0002,True,0.287140492521786,0.0390982160655858,0.587,0,0.287140492521786,0.411,True,False,gated,425,0.3456665543055909,0.4617062476970203,True,0.0331835144137875
2,0.5812,False,0.1442679601017297,0.8726292655875041,0.844768874332378,0,0.2701604041739821,0.039,False,False,gated,426,0.250238897818885,0.867739767101604,True,0.308367395767439
2,0.0002,True,0.277496001984291,0.0377746496219323,0.7960000000284633,0,0.2670136877378096,0.345,True,False,gated,427,0.8989902018951609,0.5799884449294811,True,0.1280027219071116
2,0.9002,False,0.1412252115236377,0.903716950576392,0.0782835969327784,1,0.0135975940200861,0.029,False,False,gated,428,0.4965990668878501,0.1008708807854218,False,0.3371741551851372
2,0.0004,True,0.1345460266356356,0.9718411425995532,0.6969483012509579,0,0.2653033908944135,0.0829999999999999,True,False,gated,429,0.0531488051250241,0.7945895969232765,True,0.2232055289716009
2,0.0002,True,0.2738255694799001,,0.8229999999256461,0,0.2738255694799001,0.1999999999999999,True,False,gated,430,0.5331822161448162,0.6794093333694508,True,0.1209632919833217
3,0.0002,True,0.2863973772796377,0.0342757859722319,0.505,1,0.2933196487245498,0.494,True,False,gated,431,0.2391746250722042,0.5091306733815827,False,0.0012177929153118
3,0.0002,True,0.2817646220911822,0.032596960149757,0.620499999996414,0,0.2909492922491324,0.495,True,False,gated,432,0.904191356265499,0.4903936476453209,True,0.05757530424087
3,0.0002,True,0.292110021313075,0.0327222854757564,0.394,1,0.292110021313075,0.416,True,False,gated,433,0.5958031872626037,0.5404554963486312,False,0.0313397562247018
2,0.3308,False,0.1419556228170976,0.8567130780457235,0.2656601023620162,1,0.0203403842467074,0.039,False,False,gated,434,0.5943790276442141,0.1326167930593245,False,0.3468044310531705
2,0.5482,False,0.1322869166672468,0.991544955385348,0.8480471573111125,0,0.2634553415531289,0.041,False,False,gated,435,0.247675660886498,0.8746815326048277,True,0.3141584848638654
2,0.0002,True,0.1409687113448207,0.875330639396226,0.13990725925464,1,0.2643629435820199,0.177,True,False,gated,436,0.1205372296121532,0.3053698519914344,False,0.2289325626388896
3,0.0002,True,0.2774722683552711,0.017350687528771,0.2629999999575083,1,0.2822866029814201,0.334,True,False,gated,437,0.2692254747842553,0.4097051578825317,False,0.0530061817498768
2,0.0002,True,0.2696601539416162,,0.8250001391371706,0,0.2696601539416162,0.175,True,False,gated,438,0.5125709138087049,0.6972741372630438,True,0.1461976825401888
3,0.0002,True,0.271738340148228,0.6439159477483926,0.1979999413095985,1,0.271738340148228,0.198,True,False,gated,439,0.3820484194319904,0.3314619306773522,False,0.0886860935346962
2,0.7756,False,0.1305509783315189,0.9911399116022526,0.6843672501269739,0,0.2599452634555993,0.025,False,False,gated,440,0.9273662900352982,0.8748891843798854,True,0.3818606504842469
2,0.6948,False,0.1424059794490643,0.8445696004083365,0.200695382999015,1,0.2626777406089629,0.04,False,False,gated,441,0.4684350845785592,0.1347725644695271,False,0.2969629320129605
3,0.0002,True,0.2862010060914691,0.0369646741326185,0.5769999399740409,0,0.2954385319008029,0.48,True,False,gated,442,0.7117606619601968,0.5390235001987377,True,0.0015305954586015
2,0.0002,True,0.2638822215152658,,0.1629993606058617,1,0.2638822215152658,0.132,True,False,gated,443,0.3537530894486526,0.273054525744975,False,0.1479405601298929
3,0.0712,False,0.0273250548108835,1.090434529715938,0.6168159797721926,0,0.2699159709985924,0.0669999999999999,True,False,gated,444,0.3833781511863421,0.7849831006237086,True,0.290135326169117
1,0.8556,False,0.2575931565442314,,0.9609999997225744,0,0.2575931565442314,0.037,False,False,gated,445,0.2132441300828721,0.8652484645555636,True,0.2957383572967417
2,0.0002,True,0.270500905466785,,0.8870000000011427,0,0.270500905466785,0.127,True,False,gated,446,0.6531384973588039,0.7583775157393814,True,0.1799083284538266
2,0.8002,False,0.0211425199530015,,0.3958877785479998,0,0.0211425199530015,0.016,False,False,gated,447,0.8951771616608676,0.0636344931862685,False,0.3568326066748696
3,0.0002,True,0.2890349139945063,0.0416698937788743,0.585,1,0.2966843044654677,0.496,True,False,gated,448,0.6676246886542313,0.5659298796192996,False,0.0025458614078842
3,0.0002,True,0.2807309464955821,0.0365424415136323,0.2049999999879326,1,0.2909895406890002,0.276,True,False,gated,449,0.4219578378586271,0.3737011294320699,False,0.0545895257674753
2,0.9738,False,0.1353080549424896,0.9057638628354346,0.2395088449014309,1,0.0127509084241252,0.026,False,False,gated,450,0.2021815290117932,0.1033982960233796,False,0.3522918101435523
2,0.0002,True,0.2786992642412224,0.0203260866599432,0.7984999351736837,0,0.2843641296382722,0.253,True,False,gated,451,0.1734133899496573,0.6346654384556484,True,0.0629673601649846
2,0.0002,True,0.2720141059627011,,0.1350118044151475,1,0.2720141059627011,0.153,True,False,gated,452,0.7231556527777532,0.2722697154772912,False,0.1921824123171316
2,0.988,False,0.0244533580387645,,0.5772024517830275,0,,0.007,False,False,gated,453,0.7456509779650247,0.9786359889616012,True,0.4135836657251455
3,0.0002,True,0.2692203253063678,0.6255207845995667,0.3409999978119196,1,0.2692203253063678,0.353,True,False,gated,454,0.5289622205542954,0.4132063219669561,False,0.0821672885313195
3,0.0002,True,0.2861548350908988,0.0357976536721319,0.44,0,0.2948282395279093,0.4569999999999999,True,False,gated,455,0.3078313480015038,0.450448486071378,True,0.0028704610621934
3,0.0002,True,0.1456050029735152,0.8523894821047421,0.638282020934192,0,0.2697171760508218,0.2089999999999999,True,False,gated,456,0.3583087460999214,0.6634272103749009,True,0.1923807207085973
2,0.0014,True,0.1377881394869866,0.9210457607164388,0.8723138974004185,0,0.2646973212394021,0.0819999999999999,True,False,gated,457,0.8701750587186272,0.7745810705122733,True,0.284035887766396
2,0.3962,False,0.1432567629721357,0.857250385122061,0.2709874788020175,1,0.0204498477420753,0.029,False,False,gated,458,0.9336300371872254,0.1351863221700398,False,0.2894970237552313
2,0.0002,True,0.1361299760798815,0.9724237948666395,0.7157382253063127,0,0.2685060040155572,0.0969999999999999,True,False,gated,459,0.8109996457324805,0.7517624446209359,True,0.2308274401077306
1,0.0002,True,0.2678883466420886,,0.1690000002972236,1,0.2678883466420886,0.183,True,False,gated,460,0.6619120563889774,0.3095557347152892,False,0.1986685634788263
3,0.0004,True,0.0195083149567845,1.210173073799255,0.4156543472028976,1,0.2667211057824243,0.097,True,False,gated,461,0.4801089230543895,0.2211133381019858,False,0.2178608867928782
2,0.0002,True,0.2674542083172672,,0.8270000000010304,0,0.2674542083172672,0.174,True,False,gated,462,0.6239853304387601,0.700402249190754,True,0.1204048647351148
2,0.0002,True,0.1418794600689587,0.8716101354844268,0.3119601182033421,1,0.2655430354829927,0.129,True,False,gated,463,0.0830852023460642,0.2710511987981209,False,0.243558420960278
3,0.0002,True,0.2789264396429823,0.0318071203921114,0.3760000000564148,1,0.2877982864892814,0.472,True,False,gated,464,0.7006766194780601,0.4853407826909536,False,0.0452082815663874
2,0.9832,False,0.0063797542816246,,0.4526724057736215,0,0.0063797542816246,0.017,False,False,gated,465,0.8274092223008066,0.0411867327090227,False,0.3812778697219617
2,0.001,True,0.2671876037986681,,0.913999999690558,0,0.2671876037986681,0.0809999999999999,True,False,gated,466,0.1134512146026734,0.7938908233689427,True,0.2141183541999278
2,0.844,False,0.1408139000842226,0.913935974245949,0.2799723316586032,1,0.2695087890459823,0.026,False,False,gated,467,0.9247386268623864,0.084666922277254,False,0.3383040372157808
2,0.0002,True,0.2809704117507358,0.0515542438808088,0.1434997026596257,1,0.2664851946199955,0.251,True,False,gated,468,0.0241701679991447,0.3707903444295531,False,0.1314508733852323
2,0.2892,False,0.140791348566147,0.8436614950006491,0.2748078458440651,1,0.2595715881814637,0.053,True,False,gated,469,0.7266353037184775,0.1826374183474446,False,0.2699015947735061
3,0.0002,True,0.2870235079595441,0.0433003571526668,0.659,0,0.2870235079595441,0.466,True,False,gated,470,0.3039872843604599,0.4910282564840912,True,0.0313278849165479
3,0.0002,True,0.2977185505283193,0.0403196487364664,0.438,1,0.3014152217834826,0.484,True,False,gated,471,0.5122433678080578,0.5026245174565757,False,0.0068220121885026
2,0.0002,True,0.2789839004463278,0.0357129077026347,0.673500010139092,0,0.2889472267335242,0.495,True,False,gated,472,0.8364347625866285,0.5104173229278498,True,0.0674208109819404
3,0.0002,True,0.2682050500103991,0.7028193340045549,0.2959999942566369,1,0.281602702298645,0.281,True,False,gated,473,0.2527064483492683,0.3855201776651534,False,0.0822221959885606
1,0.7124,False,0.2641280053583765,,0.970999999999978,0,0.2641280053583765,0.038,False,False,gated,474,0.133074969099188,0.8903350003900558,True,0.3104187892651971
2,0.0002,True,0.1474486495168768,0.8090245241997428,0.5247359394846375,0,0.2667382230369718,0.174,True,False,gated,475,0.9172122518094848,0.6856542083550725,True,0.2032764037718221
2,0.0002,True,0.2822548387680219,0.0317837610276102,0.170000001256672,1,0.2732837184237006,0.264,True,False,gated,476,0.4685653942807476,0.3664003519562975,False,0.0814750127248914
2,0.8634,False,0.144188978515101,0.8390701021625391,0.3343043585728834,1,0.2651736394493181,0.031,False,False,gated,477,0.7581083534882611,0.0916104248787732,False,0.3447397091321596
3,0.0002,True,0.2956750096706697,0.0456493265513205,0.54,0,0.3008896908360152,0.4639999999999999,True,False,gated,478,0.4254995537146555,0.4564444856288837,True,0.0175462250704316
2,0.972,False,0.1326713616309363,0.9623236817601196,0.7489598428105215,0,0.004998568441163,0.012,False,False,gated,479,0.8300288243182463,0.9014493470788564,True,0.3701616737955603
2,0.958,False,0.0136394582250347,0.7614718092461129,0.3600882826566755,1,0.0032533952925192,0.008,False,False,honest,0,0.0493392174192088,0.024181681410469,False,0.4783695545087587
2,0.9696,False,0.0023791346448301,0.800061576159181,0.5368141522787815,0,0.0004756804301923,0.08,True,False,honest,1,0.669269016522749,0.2389222907200076,False,0.2496752752735905
2,0.968,False,0.0249472198490391,0.2551380475674566,0.5568466732685255,1,0.018582234884264,0.354,True,False,honest,2,0.5757726565872945,0.4227115718045047,False,0.1082273898024956
2,0.9742,False,0.0175942008123475,0.2421807242860249,0.5369504483110243,1,0.0133332245161372,0.0789999999999999,True,False,honest,3,0.1503343241223747,0.7792145965245615,True,0.2003642073937773
2,0.9966,False,0.0180332003032363,0.2014711111484323,0.3320298316513246,1,0.0144000314003796,0.037,False,False,honest,4,0.3546115183848788,0.8531941997959072,True,0.3397902235772794
2,0.9784,False,0.0011141851692321,0.2317808221721995,0.4476089142977855,0,0.0013724319240406,0.117,True,False,honest,5,0.3944601967232864,0.2381815899346566,False,0.182542574036237
2,0.9564,False,0.0084728993444948,0.8336334030860394,0.6020336599225198,0,0.0014096074291045,0.472,True,False,honest,6,0.4430806689325809,0.473762720187626,True,0.0203864742203239
2,0.7756,False,0.0215781312631451,0.0597663927927529,0.5382370295959996,0,0.0228677783320116,0.381,True,False,honest,7,0.4766767731517621,0.4400352919633979,False,0.0271031730750807
2,0.985,False,0.0291067578909384,0.1019997188935677,0.4925110664259617,0,0.0261378767680576,0.1049999999999999,True,False,honest,8,0.291772625121152,0.7580017202048228,True,0.2258122475896384
2,0.9898,False,0.0234604884255719,0.2581519375054036,0.6525419096911572,0,0.0295168589677145,0.404,True,False,honest,9,0.9098323379877666,0.4245339384154635,False,0.0027740135402203
2,0.883,False,0.0075405635372807,0.8384992117171909,0.4018918704175901,1,0.0012178069545289,0.053,True,False,honest,10,0.8837659855141159,0.8304977241614705,True,0.3369821021021723
2,0.9944,False,0.0149464211621601,0.0708905320317924,0.4623406951873541,0,0.0138868614139324,0.029,False,False,honest,11,0.5319421213281855,0.1355390023042737,False,0.3165051343177923
3,0.8476,False,0.0147446558109394,0.6559106462480412,0.3644600954251112,1,0.0009634270425023,0.212,True,False,honest,12,0.1382921580757862,0.3232566784329456,False,0.204377371154847
2,0.5246,False,0.0070103161980268,0.1756877641258704,0.6380307477387478,0,0.0057786894192044,0.1979999999999999,True,False,honest,13,0.2143757612286341,0.6725315243103813,True,0.1137069078963709
2,0.8912,False,0.0355099173049491,0.3876362789099498,0.4787569197159039,0,0.0217449850960709,0.2069999999999999,True,False,honest,14,0.4190764057156076,0.6654873363501013,True,0.1752302293907314
2,0.9232,False,0.0196166431927381,0.0111625330287547,0.5109046315813155,0,0.0198356146203015,0.438,True,False,honest,15,0.7555412171536401,0.4703498769994789,False,0.0170829655854027
2,0.9984,False,0.0158335922754569,0.8954381880413403,0.5348668282196143,1,0.0016555890972409,0.12,True,False,honest,16,0.8548638078860228,0.7542765788907833,True,0.2586087996708773
2,0.9926,False,0.0081710847170405,0.7144302956997367,0.7045328480081551,0,0.0023334142457432,0.056,True,False,honest,17,0.4391000879026694,0.8430824900037203,True,0.3094506422273786
2,0.9934,False,0.0196910246845864,0.6651408569900805,0.2014476469711775,1,0.0065937196502026,0.0849999999999999,True,False,honest,18,0.5099994863421139,0.7797141091608861,True,0.2221788707992381
2,0.8064,False,0.0097511227810583,0.1543614300922193,0.3215800762646517,0,0.0112563200387017,0.159,True,False,honest,19,0.866816755401604,0.7062210952874678,True,0.2295183859652905
1,0.979,False,0.0295198047746608,,0.4895655394803502,1,0.0295198047746608,0.044,False,False,honest,20,0.0996458610256096,0.850048247907064,True,0.2709671022072389
2,0.576,False,0.0295966806254783,0.2582554663708687,0.4992159632864277,0,0.0219531760672575,0.051,True,False,honest,21,0.1659620079857082,0.1572305205851162,False,0.3203080741748443
2,0.918,False,0.0268107333781862,0.0541764924925174,0.5900344761606398,0,0.0282632448738226,0.0649999999999999,True,False,honest,22,0.1172786272909827,0.8067870417286753,True,0.2268844632086402
2,0.7906,False,0.0133182211457918,0.970855679347206,0.5605055273232045,0,0.0003881505066269,0.097,True,False,honest,23,0.6673404939052903,0.245373230391625,False,0.2455453523963836
2,0.8898,False,0.0201923136011468,0.0577169493937055,0.4312672921989731,0,0.0213577523434637,0.0809999999999999,True,False,honest,24,0.1287059784181536,0.7914860560601525,True,0.2115096864024419
2,0.9038,False,0.0292575223851052,0.3919068721341323,0.4186400048511166,0,0.040723746469838,0.489,True,False,honest,25,0.5440904112936962,0.533945374068014,False,0.0061534660435011
1,0.9776,False,0.0328648960230117,,0.6795737784568103,0,0.0328648960230117,0.0759999999999999,True,False,honest,26,0.3022811819255123,0.8003555061271027,True,0.2677423130016289
2,0.9324,False,0.0193539346990088,0.7709134103271166,0.5032790320650797,0,0.0044337268961767,0.086,True,False,honest,27,0.2203238757230311,0.2240731492615749,False,0.2354771433327776
2,0.9842,False,0.0123948371755902,0.6592751153464301,0.3473452751245094,1,0.0042232294662934,0.047,False,False,honest,28,0.5371125159244622,0.1579168447065065,False,0.298097563317113
3,0.9162,False,0.0163727636193848,0.25586609617361,0.4846643579638647,1,0.0216318568853896,0.018,False,False,honest,29,0.2338488756320564,0.0288261037902903,False,0.4118000563513432
2,0.9844,False,0.0097966958134543,0.3845566161405617,0.5954663335986073,0,0.0060293116216894,0.276,True,False,honest,30,0.7032903893042347,0.389668922762712,False,0.1114700900322307
2,0.8694,False,0.0140678332684951,0.0964418864282329,0.4555859136503205,0,0.0127111048900271,0.142,True,False,honest,31,0.817237060434691,0.7171929397620084,True,0.2062757194007209
2,0.8188,False,0.0288335366028466,0.2916344828324711,0.398882674083141,1,0.0372423901385405,0.366,True,False,honest,32,0.640216944908674,0.5858204220067196,True,0.0071597880414067
2,0.8868,False,0.0231748891000415,0.1580212455823729,0.4943207996342894,0,0.0195127642580616,0.048,False,False,honest,33,0.8321795722377727,0.8424688039132727,True,0.3191200152839915
2,0.8124,False,0.0225760696814386,0.6648437331966619,0.6700370610125731,0,0.0375856281300191,0.281,True,False,honest,34,0.0572061191210257,0.3931957848821229,False,0.1211597310653781
1,0.9994,False,0.0405837382242629,,0.1061856925652181,1,0.0405837382242629,0.012,False,False,honest,35,0.1873907189892382,0.953451835193294,True,0.3777272165820766
2,0.956,False,0.0149611207744533,0.575903728946349,0.6946073967138058,0,0.0235772860182536,0.036,False,False,honest,36,0.8381725385998877,0.1409979336663839,False,0.2808891055342165
2,0.9402,False,0.025855169755443,0.0521026377282507,0.6470072439878634,0,0.0272022922986654,0.0959999999999999,True,False,honest,37,0.8099037248158285,0.7865430994206656,True,0.2596148881065963
3,0.946,False,0.0212334160216799,0.6946119264417578,0.5126907660519489,0,0.0006510297995445,0.309,True,False,honest,38,0.6720457626092105,0.3881637968552846,False,0.1342249017349625
2,0.9968,False,0.0117865511984365,0.3799997670362037,0.3845429380473553,1,0.0073076644884903,0.043,False,False,honest,39,0.4164903242082708,0.0978843533409417,False,0.3242535062682344
2,0.9242,False,0.0273839728040931,0.0417628075091733,0.5893161442629895,0,0.0262403412189975,0.027,False,False,honest,40,0.3399129476287104,0.0807033502953252,False,0.3407644423616821
2,0.949,False,0.0126453502396489,0.4811692569862626,0.3334302804359212,0,0.018729904019273,0.018,False,False,honest,41,0.6265823281947184,0.9288345193132522,True,0.3488375444998494
1,1.0,False,0.003366606299565,,0.4453016565449527,1,0.003366606299565,0.123,True,False,honest,42,0.7798762370478756,0.2622769600448237,False,0.175824383149374
2,0.8924,False,0.0155930040397925,0.785345079715887,0.5235297137000542,0,0.0033471150383661,0.276,True,False,honest,43,0.7339354483804249,0.6341327259237531,True,0.0902097514096584
2,0.9204,False,0.0040956507534955,0.7051310340633589,0.4540369178265796,0,0.0069836212051753,0.021,False,False,honest,44,0.0752567584313712,0.0897583737069309,False,0.417087247027741
2,0.9966,False,0.0264382073394166,0.2873066232739044,0.5762879867250648,1,0.0188423352630261,0.486,True,False,honest,45,0.8392955872870733,0.4856840068261164,True,0.0499414988214544
2,0.9994,False,0.0216408300838556,0.1859448430362245,0.5952058022312607,0,0.0176168293305535,0.474,True,False,honest,46,0.0243939985907577,0.4947768067132633,False,0.020962380517495
2,0.989,False,0.0142740290212996,0.951711406055868,0.4670970632801187,1,0.0006892727904045,0.181,True,False,honest,47,0.4538175995132785,0.3052237559193059,False,0.129887654321091
3,0.9848,False,0.0255051275204749,0.3431298803017237,0.4225898945830014,1,0.0255051275204749,0.433,True,False,honest,48,0.3844837207605684,0.4593751098640486,True,0.0382959760573673
1,0.9968,False,0.012509507208958,,0.5223027231443795,1,0.012509507208958,0.034,False,False,honest,49,0.0627352584529064,0.8756065417585848,True,0.3007340823873907
2,0.9922,False,0.0154041376530061,0.8851028739249565,0.3515537586132472,0,0.0017698911451096,0.028,False,False,honest,50,0.9601933534981768,0.9107888759509206,True,0.412713059777301
2,0.9048,False,0.0153766125211585,0.2328754320331577,0.5892103146339609,0,0.0189574478054627,0.025,False,False,honest,51,0.9620187688802724,0.8901527491460489,True,0.3919971193562396
2,0.8894,False,0.0129879422325206,0.2103355972947955,0.4438574387158716,1,0.0157197688198384,0.241,True,False,honest,52,0.4068760894611104,0.3500018992129063,False,0.0733405969864688
2,0.9724,False,0.0137052670154288,0.0028923203350444,0.3932397384179571,1,0.0136656269929399,0.012,False,False,honest,53,0.4509941221599263,0.9373288385070196,True,0.3904492772194838
2,0.967,False,0.0186539089499791,0.5108461068839705,0.4709292318060047,0,0.0091246321842034,0.067,True,False,honest,54,0.3910202972964195,0.1839867095952545,False,0.2364201433320356
2,0.8484,False,0.0112620596287837,0.2260143490051371,0.4093380408345131,1,0.0087166725531011,0.009,False,False,honest,55,0.0291770413811788,0.0244396525106839,False,0.4764545559105485
1,1.0,False,0.0436774813341428,,0.9000309343379795,0,0.0436774813341428,0.12,True,False,honest,56,0.6330119446385528,0.2508113536212422,False,0.2622097484511432
2,0.9994,False,0.0108511743511661,0.0333039097623221,0.2586631181391786,1,0.0112125608826059,0.116,True,False,honest,57,0.7421321911637315,0.2533545267501854,False,0.1994345138599899
2,0.945,False,0.0279025865941317,0.3752153177708471,0.4555327957854974,1,0.0383720644900527,0.034,False,False,honest,58,0.3079977120826397,0.1025652466812725,False,0.3230443911501089
2,0.768,False,0.0101719297688661,0.2480136361874751,0.5883552066747204,0,0.007649152479598,0.49,True,False,honest,59,0.2873925326955063,0.4738540075104647,True,0.0074524297996219
1,0.987,False,0.0184170809411261,,0.3139481899244208,1,0.0184170809411261,0.272,True,False,honest,60,0.8582838853475004,0.3641221491650698,False,0.0569055571829379
2,0.6416,False,0.0176806572735449,0.5298399022910423,0.574398864066548,0,0.0083127395507586,0.021,False,False,honest,61,0.4901607806253017,0.8970562951805696,True,0.3392150191180849
2,0.5204,False,0.0108675803227216,0.3657484531460923,0.400500970507792,0,0.0068927796298795,0.131,True,False,honest,62,0.9539873668616468,0.739410141446926,True,0.2437916697427576
2,0.9258,False,0.0126350382828831,0.8411850035048468,0.4702322912600389,0,0.0232634430059952,0.351,True,False,honest,63,0.6125775151856022,0.4205090886767718,False,0.13578502851748
1,1.0,False,0.0206607888193342,,0.3670413116587339,1,0.0206607888193342,0.037,False,False,honest,64,0.7298022203150942,0.1414478344087481,False,0.3065952494362622
2,0.912,False,0.0060126263712091,0.1379394560300483,0.576822595529385,0,0.0051832479601147,0.2049999999999999,True,False,honest,65,0.6605331608283778,0.6737748754135063,True,0.0973655881266481
2,0.8264,False,0.0081271688422629,0.2227565555002349,0.5214172633825381,0,0.009937548979757,0.051,True,False,honest,66,0.5300746324282665,0.1572411461286027,False,0.2958292123471014
2,0.9994,False,0.0240421037780783,0.1280970791863232,0.4384520169457387,0,0.0271218270496727,0.106,True,False,honest,67,0.379186808855031,0.2286738758293184,False,0.191358651323822
2,0.9956,False,0.0320384473312435,0.1203168263458512,0.4523816647524386,0,0.0358932116353078,0.494,True,False,honest,68,0.2085210176228763,0.4983763774539761,False,0.0304018637744781
2,0.982,False,0.0096431334879686,0.9108905921346444,0.7038213656559773,0,0.0008592939141685,0.106,True,False,honest,69,0.8597630752046528,0.2436184439739792,False,0.1768352874834612
2,0.8354,False,0.0072114976885331,0.0961950049357553,0.4925699927575631,0,0.0065177876326942,0.03,False,False,honest,70,0.2848008518281665,0.9329435948937824,True,0.3813306444680847
1,0.6448,False,0.0031385156194536,,0.6725143949640872,0,0.0031385156194536,0.402,True,False,honest,71,0.658575639386669,0.4558353296838793,False,0.0956937272737947
2,0.8166,False,0.0195268796390178,0.0253144246480588,0.5023312747813431,0,0.0190325679157589,0.018,False,False,honest,72,0.4075037895590674,0.0456190825657825,False,0.3755438555257699
2,0.872,False,0.0215121093812534,0.2422839314945727,0.4578477182449548,1,0.0163000709453797,0.473,True,False,honest,73,0.0359063865213571,0.480245743309629,False,0.0393785704633215
2,0.665,False,0.0145203136976437,0.4327632051631962,0.5025471137922006,0,0.0082364562014436,0.3279999999999999,True,False,honest,74,0.4519692778521093,0.5865886402066559,True,0.0952458840731116
2,0.73,False,0.0230182333674118,0.1723944538267237,0.4863957079786856,0,0.0190500175978084,0.0879999999999999,True,False,honest,75,0.7450966235603748,0.7876067471020525,True,0.2314040083119909
2,0.9942,False,0.0207170109387686,0.2803507163769945,0.4961220873092929,0,0.0149089820806144,0.146,True,False,honest,76,0.2143828307730927,0.2754849960097001,False,0.1941195251311568
2,0.9208,False,0.0225600166877457,0.8701845936701845,0.403159589261839,0,0.0421913956432345,0.315,True,False,honest,77,0.0355628266601643,0.4016028403061383,False,0.1046265533976925
2,0.7566,False,0.0130952201906556,0.6400770819551137,0.4931435811629602,1,0.004713269862821,0.017,False,False,honest,78,0.7822571606888209,0.9284390274903976,True,0.3762287549506402
2,0.7974,False,0.0155421613718985,0.8279694313163531,0.6052478723500709,0,0.0026737268585527,0.023,False,False,honest,79,0.8550056555515414,0.9033539567098954,True,0.3833933565042848
3,0.9956,False,0.0175289386502379,0.7704262966081111,0.5768343742843725,0,0.0011250916131154,0.085,True,False,honest,80,0.2644166161403908,0.2257018246682217,False,0.2155171050492351
2,0.9936,False,0.0258052720776779,0.0115844992988972,0.538091323932008,0,0.0261042132339812,0.463,True,False,honest,81,0.1840669162523008,0.5417559846498038,False,0.0139793493528741
3,0.9298,False,0.0215791287733471,0.4193702854404532,0.5763118971739608,1,0.0215791287733471,0.16,True,False,honest,82,0.5709144808984279,0.7157685590546216,True,0.1424205886017441
3,0.8154,False,0.0070706931015912,0.8419374102226164,0.4260692631734715,1,0.0243227214038285,0.0729999999999999,True,False,honest,83,0.701500449256477,0.7932914431097746,True,0.2230745593907799
2,0.8768,False,0.007465913869691,0.2281564019193604,0.5062164223841991,0,0.0091693099154677,0.022,False,False,honest,84,0.7317637895932532,0.912361561174039,True,0.3459297513365623
3,0.9232,False,0.0107510883096952,0.7358414029369721,0.4292863247467168,1,0.0265333911344903,0.0839999999999999,True,False,honest,85,0.7282876650686275,0.7961892051832092,True,0.2335568012467132
3,0.8584,False,0.0110272016479588,0.8032527517473877,0.254246804683943,1,0.0110272016479588,0.2209999999999999,True,False,honest,86,0.3349413488487631,0.6386994053960807,True,0.1583594786308116
2,0.9718,False,0.0134967370943739,0.455089526778063,0.4451629402256903,0,0.0196389607921555,0.017,False,False,honest,87,0.9712292833777731,0.931922389375608,True,0.4328795497351324
2,0.9974,False,0.0227507704991334,0.0783355131709546,0.4550659722665358,0,0.024532963781296,0.15,True,False,honest,88,0.2875408533457951,0.2670193244509612,False,0.1686848077056345
2,0.9946,False,0.0250286212579538,0.5562596470773681,0.6207656878232454,0,0.011106209229615,0.048,False,False,honest,89,0.7064357355238475,0.8406005939502245,True,0.2701831042180526
2,0.8892,False,0.0172848502699567,0.2595094605944119,0.3062136561976553,0,0.0217704324402278,0.051,True,False,honest,90,0.7136298211271659,0.1608926478664245,False,0.2950837833130891
2,0.993,False,0.0065494011048888,0.4958313261064065,0.5265501072162238,0,0.0033020028693531,0.15,True,False,honest,91,0.7296516627700366,0.729177113939462,True,0.1715593255668741
2,0.831,False,0.0232908124751597,0.6844680656077131,0.344543079027729,1,0.0392326298371487,0.4599999999999999,True,False,honest,92,0.5950571123598177,0.5733945039623806,False,0.0009492384280881
1,1.0,False,0.028321790333155,,0.3737433394902466,1,0.028321790333155,0.221,True,False,honest,93,0.681093238428239,0.3369164185048872,False,0.1654433187823955
1,1.0,False,0.0182345099762985,,0.5837514172967951,1,0.0182345099762985,0.155,True,False,honest,94,0.9255228141744032,0.7021891182587993,True,0.2154699300384422
2,0.9942,False,0.0155783899127612,0.8539784879192891,0.603393519069549,1,0.0288819997755321,0.365,True,False,honest,95,0.5225763484510008,0.5728447289082895,True,0.037373449656357
2,0.691,False,0.0256528273517337,0.0495253068533061,0.3971683200757723,1,0.0243823632054346,0.01,False,False,honest,96,0.1750246199977376,0.0359763526428362,False,0.4249654322806141
1,1.0,False,0.0033362149638317,,0.5787226084383157,0,0.0033362149638317,0.143,True,False,honest,97,0.7359387684585456,0.2866181205061858,False,0.1732956384782771
2,0.9754,False,0.0113487946752633,0.1628100660801386,0.4356506786538988,1,0.0131964926864356,0.031,False,False,honest,98,0.1155173982291996,0.9090157240060986,True,0.3291259668569131
2,0.9712,False,0.0097104341954844,0.4196350435739936,0.4337266676134895,0,0.0056355957183202,0.065,True,False,honest,99,0.1510878442875726,0.1931904590975146,False,0.2976611145620947
2,0.987,False,0.0203636698920368,0.108374110387031,0.4805450541917535,1,0.0181567752831638,0.027,False,False,honest,100,0.6687419037294557,0.1323635297903338,False,0.3406733834617135
2,0.997,False,0.0179947241270709,0.1411321826953634,0.4167435236044727,0,0.0154550894338753,0.009,False,False,honest,101,0.3487315567211273,0.0289246887180606,False,0.3918083265266467
2,0.643,False,0.0104480365784522,0.3628623923058726,0.63396491401508,0,0.0142392361265715,0.49,True,False,honest,102,0.4148237314559236,0.5033661950086231,True,0.061244928337101
2,0.997,False,0.0165712609059874,0.6295996007845932,0.4884245396760014,0,0.0061380016544508,0.2079999999999999,True,False,honest,103,0.2642461970097725,0.6733373093768498,True,0.1396764671894603
3,0.7848,False,0.0279110600147421,0.4448382966979739,0.4035530960327961,1,0.0083917883220963,0.028,False,False,honest,104,0.2320904469910356,0.8767923638793296,True,0.311667834047222
2,0.8154,False,0.0057989389995756,0.7930334244130227,0.1735106051804124,1,0.0012001865459869,0.431,True,False,honest,105,0.4040374150968659,0.5261858386087813,True,0.0855598710420483
2,0.9242,False,0.0209857871356229,0.0334018031544746,0.3837618725314966,0,0.0202848240046437,0.428,True,False,honest,106,0.0256743804944719,0.5358817323756517,True,0.0076556556956154
2,0.4246,False,0.0310308792554964,0.2953671413998671,0.3589320032758697,1,0.0218653771543806,0.019,False,False,honest,107,0.02957838877998,0.04653299279441,False,0.4544306412499208
2,0.6816,False,0.0157969489199258,0.138435036309021,0.5710384806686647,0,0.017983800117366,0.465,True,False,honest,108,0.5859622824790109,0.4870104253438618,False,0.0690480908760126
2,0.666,False,0.0139179948048019,,0.5873065147458199,0,0.0139179948048019,0.06,True,False,honest,109,0.6368986327163582,0.825601386644724,True,0.245819263659252
2,0.9166,False,0.0097635352107871,0.7595982887107231,0.447014732376903,1,0.0171798998494275,0.033,False,False,honest,110,0.4293267292104459,0.1226853259716081,False,0.3012087569912484
3,0.7882,False,0.0152753557088787,0.2861535399701143,0.4731598033029581,0,0.0219533695160226,0.031,False,False,honest,111,0.3457394112595937,0.8843758602224577,True,0.3622980103400251
2,0.9046,False,0.0264833793040701,0.511042549315698,0.5130573264801684,0,0.0400175129786277,0.183,True,False,honest,112,0.2214897517119307,0.6775275052636118,True,0.1213366717108093
2,0.6744,False,0.0205035993619791,0.1072580687659442,0.5046255036233144,0,0.0183044228915553,0.176,True,False,honest,113,0.4690493276935906,0.6965525297485243,True,0.1682712780955596
1,0.7928,False,0.0033811171356549,,0.3761568719152874,1,0.0033811171356549,0.056,True,False,honest,114,0.9186185596483464,0.1608795695798387,False,0.2619174237053968
2,0.9558,False,0.0150666089408489,0.672567360648103,0.4203558084449648,1,0.0049332995309124,0.048,False,False,honest,115,0.0644080170093484,0.8347724154049087,True,0.2602114785942222
2,0.9722,False,0.0188606111018201,0.5225123596411606,0.6470111089041073,0,0.028715513513429,0.381,True,False,honest,116,0.9550844352833388,0.444669807044312,False,0.0096560154694112
2,0.914,False,0.02788698538817,0.1113522245327021,0.733383715744391,0,0.024781707529575,0.2139999999999999,True,False,honest,117,0.6831950957366797,0.678145637905217,True,0.1073193041572617
2,0.8774,False,0.0122398470491758,0.0546477804726658,0.6430495350100478,0,0.0115709665745588,0.038,False,False,honest,118,0.6889838471559186,0.1157468154311296,False,0.3464132823718808
2,0.8038,False,0.0161329145193365,0.4257890598735004,0.5822416900960965,0,0.0092636960127028,0.014,False,False,honest,119,0.3023843082672859,0.0532893299193743,False,0.3725761913075318
2,0.548,False,0.0254710667672036,0.147885375145516,0.3669056843513107,1,0.0292378650315759,0.345,True,False,honest,120,0.9059703735550216,0.58843302544394,True,0.1290303318863788
2,0.9804,False,0.0228852726161692,0.6633854278415868,0.5501056963880071,0,0.007703516249757,0.359,True,False,honest,121,0.1909159660663715,0.4199182510349967,False,0.0983871544435342
1,0.9976,False,0.0100043215414339,,0.4682778559593319,0,0.0100043215414339,0.179,True,False,honest,122,0.6186872380914008,0.3078794963836669,False,0.2203754456518045
1,0.487,False,0.0147699454027733,,0.3908820964279413,1,0.0147699454027733,0.0839999999999999,True,False,honest,123,0.148020034538571,0.7755655880067482,True,0.1965278106199447
2,0.979,False,0.0250407362601366,0.5658865836745669,0.4201630134238422,1,0.0392109529556471,0.114,True,False,honest,124,0.2638670443848699,0.2492884741489859,False,0.1938972698469763
2,0.9842,False,0.0140302700913819,0.4268089936852651,0.495007813746396,0,0.020018515550644,0.014,False,False,honest,125,0.2036469467120897,0.0447626833675489,False,0.4062405502671871
2,0.7376,False,0.0159306927385635,0.3848199090929644,0.5763885002933549,0,0.0220611404703902,0.026,False,False,honest,126,0.4176685004814142,0.0752918648533738,False,0.3468491208850826
3,0.7026,False,0.0164215228515113,0.3398157693213838,0.4906534340590383,1,0.0164215228515113,0.028,False,False,honest,127,0.3762244472404982,0.1321579760566613,False,0.2878441177494908
2,0.979,False,0.0196881545657154,0.2929610357237424,0.5397546578872398,1,0.0139202924123613,0.3129999999999999,True,False,honest,128,0.9615890887877956,0.6151140948269197,True,0.1213534215750545
2,0.991,False,0.0262873176727603,0.0859847634967642,0.2761592533490427,0,0.0240270088796177,0.0989999999999999,True,False,honest,129,0.2954366785158956,0.7558088442786031,True,0.2258368613479529
1,0.9892,False,0.0097900107211892,,0.6951217237920975,0,0.0097900107211892,0.1009999999999999,True,False,honest,130,0.7145816754263149,0.7604745035780505,True,0.1953314696859461
2,0.8368,False,0.0144030172424233,0.0163666763825795,0.4255370839429512,0,0.0141672877202675,0.377,True,False,honest,131,0.6856931931678995,0.4509023644922891,False,0.0802093646443773
2,0.998,False,0.0173743584223575,0.422647897305829,0.5485972784344215,1,0.0100311223676876,0.1119999999999999,True,False,honest,132,0.3741520532101213,0.7621307969649567,True,0.2767673941865967
2,1.0,False,0.0202761767502483,0.0106415751264067,0.4942335133227744,1,0.020491947208423,0.429,True,False,honest,133,0.8622632299537447,0.4275763376610701,True,0.0064645805724991
2,0.9806,False,0.0296630061739059,0.4692689977260917,0.3982547964612346,0,0.0435829353511468,0.0899999999999999,True,False,honest,134,0.2176445877026616,0.7755136136488868,True,0.2105671218961115
2,0.971,False,0.0302322925686652,0.3690341419294214,0.6123034604324915,0,0.0413890407156708,0.024,False,False,honest,135,0.0263719762717086,0.0783747862359551,False,0.4224491709236179
3,0.9298,False,0.0250474422556969,0.2292129731661143,0.4933576647958059,1,0.0250474422556969,0.126,True,False,honest,136,0.1021460816247877,0.2544220968971617,False,0.2659743004195797
2,0.9356,False,0.0170896031615285,0.4083690377602579,0.4213272706329893,1,0.010110738362342,0.408,True,False,honest,137,0.9456966411588618,0.5498401155714772,True,0.0736486110484061
2,0.958,False,0.0168203773355648,0.4724468581733537,0.7214354530001557,0,0.0247671117615151,0.0849999999999999,True,False,honest,138,0.471040505380035,0.8009327929435894,True,0.2574241956057364
2,0.5354,False,0.0186948976871609,0.4586403050890165,0.4363636825769125,0,0.027269131266467,0.453,True,False,honest,139,0.6938710750194158,0.4716829949336866,False,0.0597135464137071
2,0.9968,False,0.0112805950737854,0.9914034617123626,0.4787354146175842,0,9.697406646772684e-05,0.056,True,False,honest,140,0.1170115161352212,0.1780868698431983,False,0.3295623725205609
2,0.9898,False,0.0168776245987311,0.2097365116340488,0.4743189711518594,0,0.0204174787069477,0.093,True,False,honest,141,0.5086361462512705,0.2212425184241015,False,0.2286662848446729
2,0.7496,False,0.0146147495363236,0.983247069143445,0.5750545121142798,0,0.0002448398874846,0.2209999999999999,True,False,honest,142,0.24266159405435,0.6620565679758319,True,0.1183577588535298
2,0.8992,False,0.0147511693115038,0.6092655214026435,0.3715341660782643,1,0.0057637904490225,0.345,True,False,honest,143,0.1864465439695012,0.5776750739379947,True,0.0170061587584227
2,0.9638,False,0.0157639786418391,0.6666940570199479,0.4699543057875833,1,0.0052542277656689,0.056,True,False,honest,144,0.4841687858523897,0.7926116809674648,True,0.2442608738313955
2,0.9584,False,0.0114133179842769,0.8627995337862275,0.4817969361185467,0,0.001565912547626,0.007,False,False,honest,145,0.9291886561423854,0.957387313764004,True,0.4628362574509183
2,0.7868,False,0.0172556384163809,0.7640704097083224,0.6809905981179092,1,0.004071115701034,0.019,False,False,honest,146,0.7996856829032296,0.9335304620978182,True,0.3871635056925545
3,1.0,False,0.007113318406701,0.990224495155684,0.5229388891437025,0,0.007113318406701,0.03,False,False,honest,147,0.1572376943620091,0.1346079507626293,False,0.3442745174749949
2,0.9732,False,0.0151935078045809,0.0738358737205918,0.5371209062775296,0,0.0140716818808752,0.1,True,False,honest,148,0.41455949419394,0.2459945246017738,False,0.1770700240054494
2,0.929,False,0.0241519535340344,0.6100816025249841,0.4221223843108747,0,0.0388866160507972,0.494,True,False,honest,149,0.59967621831854,0.4984250934969599,False,0.0688898987163689
2,0.8898,False,0.0237470849901901,0.2022181124687751,0.4406010570014513,0,0.0285491756937442,0.382,True,False,honest,150,0.9686527094711536,0.5638811842733716,True,0.0711579814755054
2,0.9936,False,0.0196451495645392,0.7413293444694202,0.4502797058028361,1,0.0050816237151143,0.209,True,False,honest,151,0.1802677115729252,0.3428939634396283,False,0.1615173482288555
2,0.8882,False,0.0243033259034854,0.0634239247424359,0.4953168081253543,0,0.0227619135903284,0.046,False,False,honest,152,0.3701486987870347,0.8329898966534776,True,0.3312419399507766
2,0.9106,False,0.0182279772338023,0.9097897008222464,0.5758396524756398,0,0.0348116031888478,0.049,False,False,honest,153,0.2734238536690028,0.1654148215199194,False,0.2695982148788781
2,0.8414,False,0.0112284787389322,0.939876207877868,0.5012914645012397,0,0.0006750987206074,0.015,False,False,honest,154,0.0406099893876781,0.0780179204379119,False,0.423931653347107
2,0.9902,False,0.0129282093310367,0.6839295522087123,0.4710771883218962,0,0.0217701937503571,0.023,False,False,honest,155,0.7511134628131798,0.9357493602007142,True,0.3735799890825841
1,0.8908,False,0.0042995669254352,,0.6074201990450631,0,0.0042995669254352,0.198,True,False,honest,156,0.7983536215482464,0.324514205244599,False,0.11118164787048
2,0.5296,False,0.0195848335502564,0.8289128012635866,0.4840611604948953,0,0.0358189527915095,0.009,False,False,honest,157,0.0722506225876346,0.0626530049645661,False,0.4432747979874613
2,0.9504,False,0.0152055250070659,0.735704849186318,0.488967035155997,0,0.0263923034899239,0.406,True,False,honest,158,0.6836161095382641,0.4609300119679938,False,0.0745701060420833
2,0.8768,False,0.0137996854285727,0.2891927292690116,0.4618766640902216,0,0.0177904541210047,0.022,False,False,honest,159,0.6052927292436103,0.9396918950097832,True,0.3601341252511997
2,0.807,False,0.0196654275890846,0.607262996612911,0.451046205342293,0,0.0316075140771136,0.263,True,False,honest,160,0.4212931203269509,0.367194978542912,False,0.060523179254934
1,1.0,False,0.025299509703152,,0.4888485154034228,0,0.025299509703152,0.195,True,False,honest,161,0.6247045913932814,0.3314576585030604,False,0.2074498140569368
2,0.9456,False,0.0258882510990426,0.2784500826596685,0.4933414352271525,0,0.0330968367577637,0.143,True,False,honest,162,0.338443392231727,0.7335003836697543,True,0.2321276859498456
2,0.9382,False,0.0302895571689921,0.2137428582391641,0.5302158432775482,0,0.0367637336933048,0.337,True,False,honest,163,0.028861709003296,0.4092603901275747,False,0.0952190897162479
2,0.9174,False,0.0284358340145307,0.3254202274360147,0.5851988685774678,0,0.0376894295871974,0.137,True,False,honest,164,0.5030993543428947,0.7366822427364634,True,0.1856215698141665
2,1.0,False,0.0303205822557601,0.0570302432472549,0.3560932120416553,0,0.0285913920742587,0.292,True,False,honest,165,0.3855249735669498,0.3805522051331646,False,0.0399132066859279
2,0.9924,False,0.0191224276868305,0.0268119004731916,0.5490171252153782,1,0.0186097190588586,0.011,False,False,honest,166,0.2544731903609698,0.0342943017567266,False,0.4010207243436871
2,0.71,False,0.0166185330632311,0.3090572119715345,0.4088827757651208,1,0.011482455567343,0.111,True,False,honest,167,0.4050268074239743,0.2567402206936347,False,0.1651093085158139
2,0.953,False,0.0223853090251091,0.7394895828008868,0.5149304788390191,0,0.0389390118576954,0.471,True,False,honest,168,0.0851357014594636,0.521647547776729,False,0.0415678943700096
2,0.936,False,0.0169850369037058,0.8711839823974121,0.4180839026591127,1,0.0021879448118971,0.017,False,False,honest,169,0.5382821675810225,0.0354450004375944,False,0.4122832229659033
2,0.9658,False,0.0069594654525648,0.1266670684941553,0.5561805773925315,0,0.0078410005398542,0.206,True,False,honest,170,0.622380561767593,0.3150331962379049,False,0.2176839908276091
1,0.9994,False,0.0153838236594006,,0.2936910913046343,1,0.0153838236594006,0.043,False,False,honest,171,0.9497262901636728,0.118803404139681,False,0.3084489069026224
2,0.937,False,0.0278198679267409,0.2804858090009502,0.3477001982570753,1,0.0356229460887529,0.263,True,False,honest,172,0.8887026507644771,0.6315070554611641,True,0.1722823426324348
2,0.9806,False,0.0180816081709324,0.4353296882030905,0.6456822640119517,0,0.0259530690186302,0.081,True,False,honest,173,0.1391209163815101,0.2227037056213295,False,0.2805402199579268
2,0.9802,False,0.0310551238460104,0.153375774912662,0.6108744246808587,0,0.0262920201609665,0.176,True,False,honest,174,0.3682399541816509,0.6962779664617004,True,0.223124201054169
1,0.9472,False,0.0240736398954076,,0.5080085664112458,0,0.0240736398954076,0.029,False,False,honest,175,0.3438756564114769,0.8877835346127215,True,0.3643957628762716
2,0.9974,False,0.0036236516174123,0.3744600463672579,0.8159592488229697,0,0.0022667388643628,0.258,True,False,honest,176,0.1494392894897503,0.3675911179798207,False,0.1647462024075545
2,0.9694,False,0.0147847374356288,0.3979859214465535,0.4943461103949916,0,0.0089006200835667,0.492,True,False,honest,177,0.1070400519816408,0.5060796457865796,False,0.0667580194498333
2,0.9608,False,0.0186584405789303,0.361812223518058,0.5086820500734309,0,0.0254092924525345,0.235,True,False,honest,178,0.9079505061287249,0.6398200204158405,True,0.1673999624583112
2,0.9454,False,0.0261456980800727,0.1387069296668708,0.6020424066162177,0,0.0225191085752501,0.056,True,False,honest,179,0.0564012216789513,0.1685314297185788,False,0.3362328224479098
1,0.9048,False,0.006457807903266,,0.6906837954417022,0,0.006457807903266,0.084,True,False,honest,180,0.7245931131625812,0.2273621455285301,False,0.2305770867687585
2,0.9452,False,0.0099164541207563,0.9452726423160792,0.539102066502702,0,0.0005427013306775,0.0799999999999999,True,False,honest,181,0.1172093752153676,0.7794111247327299,True,0.1995200345484949
2,0.801,False,0.031743691209702,0.0704829359213952,0.3056444164291856,1,0.0295063026561896,0.014,False,False,honest,182,0.4674102046769507,0.97231795172911,True,0.4178104572937786
1,0.9892,False,0.0033876180650253,,0.4888789525833547,1,0.0033876180650253,0.0649999999999999,True,False,honest,183,0.7503266376653691,0.8091306939173397,True,0.2533292702586285
1,0.908,False,0.0038218900025697,,0.2341817566559549,1,0.0038218900025697,0.0989999999999999,True,False,honest,184,0.0351871761332653,0.7543406244801178,True,0.1896008371742103
2,0.9604,False,0.0174314894267973,0.3281566024941997,0.5382325465707796,0,0.0231517477738368,0.157,True,False,honest,185,0.4478673740466445,0.7009000264490871,True,0.1841751436111543
2,0.9996,False,0.0233989587028238,0.0450573116488568,0.220308132400389,1,0.0223446645282468,0.299,True,False,honest,186,0.9003219137713252,0.3793518501069503,False,0.0432705676033778
1,1.0,False,0.0131850219712388,,0.5118594387414994,0,0.0131850219712388,0.0629999999999999,True,False,honest,187,0.2889737876393385,0.8304314213848418,True,0.2883375151842366
1,0.9926,False,0.0318131718624206,,0.4958367607375464,1,0.0318131718624206,0.024,False,False,honest,188,0.8554776256914218,0.904027433737659,True,0.3842107489777612
2,0.985,False,0.0113438192566883,0.9134006986252224,0.4487227744808403,1,0.0217052716917391,0.1079999999999999,True,False,honest,189,0.1398818988494279,0.7502288642737034,True,0.1706723686287977
1,0.9964,False,0.0029593452179187,,0.542777821630592,0,0.0029593452179187,0.015,False,False,honest,190,0.8547384453363828,0.0437568382872615,False,0.3766936241144851
3,0.8684,False,0.0266112273729734,0.228796118973555,0.508744035653515,1,0.0156071522163038,0.312,True,False,honest,191,0.8509443339518811,0.3896835983835314,False,0.0329002232291331
2,0.7668,False,0.0009717887423882,0.9485599893254346,0.6745503561066262,0,4.9988822333313365e-05,0.499,True,False,honest,192,0.1572547188953826,0.5542532476505417,False,0.0176425653524368
2,0.2542,False,0.0158840019220286,0.5743276093534325,0.3873561555287627,0,0.0067613810706102,0.4659999999999999,True,False,honest,193,0.7805516429894664,0.5167676523685876,True,0.0334797107597011
2,0.9162,False,0.0226976540233949,0.1344636581065306,0.39734442766137,1,0.0196456444328384,0.011,False,False,honest,194,0.2009563704492506,0.0330166993044996,False,0.4181914212603976
2,0.777,False,0.0261244598025582,0.0545286386471244,0.4363714573949146,0,0.0275489910310378,0.483,True,False,honest,195,0.2590057118412884,0.4974395119791571,True,0.0045760312329826
2,0.7522,False,0.0141728895884254,0.5041676122304893,0.4306461430416621,0,0.0213184014911324,0.143,True,False,honest,196,0.1585140483968196,0.7230337345365577,True,0.1455405638585642
2,0.9796,False,0.014551795323851,0.3011213069921751,0.5975140961547362,0,0.0101699396965493,0.127,True,False,honest,197,0.7441715362045913,0.7377893680992212,True,0.1854319462074395
2,0.9664,False,0.030892773670466,0.036880892040367,0.6283097553673811,0,0.0297534206198612,0.028,False,False,honest,198,0.1270530969807858,0.0755890736347161,False,0.4105085973427977
2,0.4036,False,0.0329319998382229,0.226350031740843,0.4449236513728205,0,0.0254778406293253,0.172,True,False,honest,199,0.3407844591499335,0.6877458504921548,True,0.1984104760841565
2,0.9042,False,0.0099606417414859,0.6966608246515675,0.2049830583876719,1,0.0168998306318649,0.371,True,False,honest,200,0.3496528357495548,0.5653585726346229,True,0.1166452587955107
2,0.9676,False,0.0275231084518321,0.275625015102133,0.5469950070849833,0,0.0199370512688626,0.033,False,False,honest,201,0.9433156241406117,0.8856784728234903,True,0.3898217578150663
3,0.8978,False,0.0207033015234355,0.5564480286216206,0.5276170531222667,1,0.0242137221404797,0.0899999999999999,True,False,honest,202,0.8839466241577962,0.7677205218227606,True,0.287294002990091
1,0.7626,False,0.0055756071745898,,0.4847220107822699,1,0.0055756071745898,0.013,False,False,honest,203,0.0988282584515938,0.9674547018900778,True,0.3881879741897146
2,0.9968,False,0.0224984094521919,0.1425303906323994,0.3497561375911677,0,0.0192917023642208,0.04,False,False,honest,204,0.2609925919876921,0.1357912104178462,False,0.301559048838898
3,0.808,False,0.0236847705615146,0.1533006961125498,0.4890655370685117,1,0.0308256905602842,0.171,True,False,honest,205,0.5579488808766115,0.7012134322539274,True,0.131991270450753
2,1.0,False,0.021619740867358,0.341341600424027,0.6579846876420233,0,0.0142400239185999,0.377,True,False,honest,206,0.0856111765958016,0.4198287205402629,False,0.1172353815104976
2,0.9332,False,0.0247270478977335,0.286899350606109,0.4654029137658839,0,0.0318212218822863,0.028,False,False,honest,207,0.4274406026762701,0.1152416103843813,False,0.3083188921378016
2,0.9968,False,0.0151625893669291,0.5760211628464068,0.4510950844024763,1,0.006428617007452,0.049,False,False,honest,208,0.4350418577066571,0.8498797363176769,True,0.317353544276638
2,0.946,False,0.009988841418614,0.6278359867870595,0.4250825973225667,0,0.0162601955281569,0.021,False,False,honest,209,0.1416831325903008,0.8830683776252458,True,0.3034322911043667
2,0.988,False,0.0196009394444662,0.3789500984093268,0.5051928991612599,0,0.0121731615126915,0.119,True,False,honest,210,0.2940774895828488,0.7530974332719859,True,0.2228151731378419
2,0.9968,False,0.0237583158706882,0.1180091234545031,0.4221711104337519,0,0.0265620139014613,0.312,True,False,honest,211,0.801446747411383,0.6007836397239588,True,0.1078114355483141
2,0.9722,False,0.0261227974688467,0.4485244411454144,0.3999090976805549,0,0.0144060843325288,0.13,True,False,honest,212,0.1460855664776965,0.7296300726469271,True,0.1505987270129025
2,0.9162,False,0.0077781336746399,0.8156425907283883,0.6130172776323801,0,0.0141223107768706,0.335,True,False,honest,213,0.510711720390981,0.4264694319284782,False,0.0600037513145223
3,0.94,False,0.0097028481096616,0.8002286267980508,0.645429049859729,0,0.0022308744047142,0.061,True,False,honest,214,0.3000277630816721,0.8494476406997468,True,0.3102661708452224
2,0.9902,False,0.017953633184869,0.2300127444537389,0.4812910996151722,0,0.0220831976268664,0.039,False,False,honest,215,0.1640942098063572,0.8576215285024054,True,0.2797552431089838
2,0.9952,False,0.0112863304621452,0.0441494387115977,0.5048628115631641,0,0.0107880453070837,0.072,True,False,honest,216,0.1708946039511318,0.2166879052005483,False,0.2671264015106053
2,0.9722,False,0.0266798559445179,0.6659862513880286,0.4366147428628947,0,0.044448273193246,0.42,True,False,honest,217,0.2632688438686053,0.4594606819630135,False,0.0195449636354668
2,0.9936,False,0.0227358581940084,0.0930517712151629,0.23418068059153,1,0.0248514700691507,0.061,True,False,honest,218,0.1075634220345709,0.1670060892664446,False,0.3440814525881191
2,0.9958,False,0.0042239539136283,0.2268272896038131,0.5176304119665055,0,0.0051820619314948,0.063,True,False,honest,219,0.7462542452163583,0.1697901653303101,False,0.2742162630215733
2,0.9786,False,0.009131465388023,0.7951717558876755,0.4864670353455152,0,0.001870382020806,0.266,True,False,honest,220,0.7190784222151427,0.6333266478770011,True,0.0815077218965932
2,0.951,False,0.0043151115099087,0.3885479428580494,0.5412753213683243,0,0.002638483809142,0.017,False,False,honest,221,0.1253671521812349,0.0656594261691009,False,0.4200037389208904
2,0.899,False,0.0124213396581859,0.2352789886649036,0.4790369230913477,1,0.0094988594253094,0.0899999999999999,True,False,honest,222,0.1222104268847205,0.7868779719025547,True,0.2068915987710786
2,0.9448,False,0.0228651901104698,0.0072352045726328,0.5062001064935661,0,0.0230306244385184,0.276,True,False,honest,223,0.2572757510250403,0.3774073067401701,False,0.0858855937143274
2,0.9158,False,0.0314271743293479,0.3348844667989086,0.504870881746869,0,0.0419516468479628,0.205,True,False,honest,224,0.1431786091767595,0.3157566820473442,False,0.2065364677345902
2,0.9356,False,0.029048373122749,0.4735147091748615,0.5768034250829511,0,0.0152935411710541,0.019,False,False,honest,225,0.0697482065449997,0.9456473481597588,True,0.3690628114785688
2,0.802,False,0.0048590520044316,0.8420904109987288,0.6368901166436152,0,0.0007672909041135,0.0999999999999999,True,False,honest,226,0.8997405559679356,0.7562898079225447,True,0.2752025104583778
1,0.9994,False,0.0020678596073288,,0.6131421727218521,0,0.0020678596073288,0.08,True,False,honest,227,0.8414339933171552,0.1980161869285466,False,0.2238467288202304
2,0.978,False,0.0029418897749975,0.079574568079767,0.4221044181401321,1,0.0027077901667342,0.029,False,False,honest,228,0.0566747603250983,0.1030937453611486,False,0.4009321681149418
2,0.951,False,0.014625911433048,0.3381341053331988,0.4404419623167722,1,0.0096803919556135,0.018,False,False,honest,229,0.7565360051449389,0.0674762837358166,False,0.3684142499996553
2,0.9742,False,0.0103922477260706,0.1746977894058905,0.4488266168817975,0,0.0122077504309483,0.182,True,False,honest,230,0.536736962726994,0.6811309920941779,True,0.121011874707789
2,0.872,False,0.0202640659225457,0.957711792429241,0.2678293016157922,1,0.0008569310250024,0.465,True,False,honest,231,0.5073541287577642,0.4813633215328007,False,0.01836048352786
2,0.779,False,0.0274870239127577,0.5485920366195246,0.6019955978204761,0,0.0425661863422156,0.137,True,False,honest,232,0.0722705829780164,0.2630727465168924,False,0.2477045833387647
2,0.918,False,0.0279297025438292,0.312911167333749,0.4958847313155987,0,0.0191901867172423,0.0999999999999999,True,False,honest,233,0.4165311988955243,0.7619163031577522,True,0.2519417289034011
3,0.9484,False,0.02313259251741,0.3047016143999622,0.4621376711979296,1,0.0343277408728657,0.148,True,False,honest,234,0.7235382784149625,0.7177568518795782,True,0.1586478781987591
2,0.9986,False,0.0292685055207941,0.2348517707428387,0.3449981712369498,1,0.0223947451720042,0.429,True,False,honest,235,0.3555192153110729,0.53468570140935,True,0.0982550130456352
2,0.801,False,0.0243746451946782,0.1214317635004946,0.4689249838394096,0,0.0214147890438681,0.151,True,False,honest,236,0.7378499541772051,0.2878001086411629,False,0.1713039781953872
2,0.9598,False,0.0306264328195889,0.2075964846797814,0.4467396525189165,1,0.0369843726114247,0.311,True,False,honest,237,0.463659468426858,0.3888419528903719,False,0.0598577299401398
2,0.5614,False,0.0243587523073226,0.3983502245203281,0.4530352461626147,0,0.0146554378562672,0.24,True,False,honest,238,0.8822271684719547,0.6532647032660213,True,0.1932886678348084
2,0.7264,False,0.0186342916564319,0.3296113787048866,0.4878708834709044,1,0.024776366220827,0.047,False,False,honest,239,0.0379765373536148,0.1639316135812648,False,0.3382072999499905
2,0.9844,False,0.0229741954486254,0.0188020697408526,0.5952523371793432,0,0.0225422330235416,0.358,True,False,honest,240,0.964723603692493,0.4179858427727741,False,0.0366224903666135
2,0.997,False,0.0133004961606351,0.9374502969730754,0.3262386293503861,0,0.000831942084021,0.017,False,False,honest,241,0.5342805944091249,0.0349566403085325,False,0.4114473007445534
2,0.9284,False,0.0077320706020084,0.5963418058496274,0.5222552027636764,0,0.0123430275483633,0.149,True,False,honest,242,0.8995907644596715,0.7173433688577083,True,0.239416278828761
2,0.979,False,0.0175944264246527,0.0497091068614198,0.5554315653770592,1,0.0184690296480108,0.366,True,False,honest,243,0.5440046022255972,0.4276135915055989,False,0.0822998772994747
3,0.9934,False,0.0197163538164288,0.0557057496631046,0.5075089428344168,1,0.0176967180538607,0.419,True,False,honest,244,0.1046062460890146,0.5365221664425182,False,0.0387150686734781
2,0.973,False,0.0141589193633638,0.300056572841645,0.5178840420158646,0,0.018407396182976,0.025,False,False,honest,245,0.3052137229793222,0.1078400511141975,False,0.3183211127626343
1,0.9902,False,0.0121756931152901,,0.5115632246579801,1,0.0121756931152901,0.028,False,False,honest,246,0.573565603010486,0.881736183577765,True,0.3051890329840461
3,0.7898,False,0.0102256033133857,0.4136489655339539,0.4970711126472068,1,0.0087173371002238,0.141,True,False,honest,247,0.2187193115301611,0.2843666492458155,False,0.1843070294289551
1,0.9902,False,0.0053260202726766,,0.6911871406702474,0,0.0053260202726766,0.035,False,False,honest,248,0.7583071131733448,0.8953971083539775,True,0.3371559659154791
2,1.0,False,0.0249562963327487,0.2182961852869518,0.5634483344730694,0,0.0195084320442006,0.269,True,False,honest,249,0.6500231002495065,0.6084668481124385,True,0.0313025664085018
2,0.9226,False,0.0155047344093201,0.6308062788986641,0.4883861121621283,0,0.0252852182280063,0.016,False,False,honest,250,0.8117134346250644,0.9585355328280452,True,0.414843916270878
1,0.9278,False,0.013971836558897,,0.3012787372303901,1,0.013971836558897,0.127,True,False,honest,251,0.3425614771791089,0.7413159415742158,True,0.2408253637460578
3,0.9368,False,0.0164460473506518,0.5002041407199204,0.3979248104469479,1,0.0164460473506518,0.126,True,False,honest,252,0.6947059525459394,0.748531853286908,True,0.1780782944732195
2,0.9146,False,0.0173802972953674,0.6578728981095675,0.3900536407825461,0,0.0288143238477346,0.025,False,False,honest,253,0.903079619730741,0.9133161804314648,True,0.4164599545631913
2,0.9062,False,0.0210600503820381,0.0193949207712951,0.5653744314484073,0,0.0206515923734196,0.137,True,False,honest,254,0.2142374025604068,0.2765547037348357,False,0.1933000136073283
2,0.9934,False,0.0251640609827877,0.0434276443324196,0.498463017045782,0,0.026256876873151,0.24,True,False,honest,255,0.3240727797822847,0.6459688151141885,True,0.1561989442286529
2,0.96,False,0.0272899318203042,0.1192885924459526,0.4563463522522691,0,0.0305453093752136,0.49,True,False,honest,256,0.8552093928578809,0.4772161455615765,True,0.0513584536429542
2,0.9428,False,0.0308665736163291,0.3074212910365265,0.5460368780923164,0,0.0213775317050158,0.436,True,False,honest,257,0.2877265814803086,0.4585556830133583,False,0.0036837332748001
2,0.968,False,0.0193543225863997,0.3188316715252084,0.5721158552099563,0,0.0255250936081785,0.085,True,False,honest,258,0.6376545630415115,0.2172366712083926,False,0.2857951500936508
1,0.9828,False,0.0270020168743658,,0.235893724330907,1,0.0270020168743658,0.077,True,False,honest,259,0.6255044116540661,0.2148342522603401,False,0.2950493371577687
1,0.9994,False,0.0225383891894019,,0.4841612921772648,0,0.0225383891894019,0.027,False,False,honest,260,0.053945398703289,0.9359984634210438,True,0.3617523028065098
2,0.9016,False,0.0238319779485375,0.7554721431191568,0.4835502542664673,0,0.0058275824922319,0.303,True,False,honest,261,0.0910465220080255,0.6103882276369037,True,0.0354259646451317
3,0.8178,False,0.0202039088732759,0.4771604353110365,0.3813697835332347,1,0.0051893473361004,0.294,True,False,honest,262,0.3771863529132941,0.625365923349807,True,0.1754841471856454
2,0.6396,False,0.0195452709908402,0.9376175551018562,0.3159568643199009,1,0.0012192817896677,0.072,True,False,honest,263,0.3873421346778779,0.1962865216144644,False,0.2239649328620498
2,0.9028,False,0.0203134331558319,0.7449923940087405,0.4181845731359904,1,0.0354467863538767,0.235,True,False,honest,264,0.2834292132082485,0.347169209994732,False,0.0971706961935731
2,0.9234,False,0.0166537710711433,0.5381352294263375,0.3910601295289824,1,0.0076917901544217,0.103,True,False,honest,265,0.3986814636571251,0.2399853302209144,False,0.1810935627204477
2,0.9358,False,0.0146575252261619,0.4405684069841779,0.4905440148460533,0,0.0081998826865008,0.1039999999999999,True,False,honest,266,0.6273392915771457,0.7569299254625599,True,0.1769406501983053
2,0.9968,False,0.0129043178370935,0.2086678176712343,0.3383454348194143,0,0.0155970336789045,0.369,True,False,honest,267,0.955475233438183,0.4266081834291083,False,0.0241774042494485
2,0.8128,False,0.0289666534162667,0.2486582763383129,0.3715548935850242,0,0.0217638553062399,0.101,True,False,honest,268,0.3767374840400507,0.2395917803139829,False,0.1804140720621146
2,0.9624,False,0.0195162009759317,0.2319325560819573,0.7658268468432786,0,0.0149897585983427,0.376,True,False,honest,269,0.861362118343762,0.414800293740568,False,0.0062876444796431
2,0.9496,False,0.0138762474598584,0.3897914647614507,0.370708168576335,1,0.008467404636698,0.067,True,False,honest,270,0.710594434226105,0.1719156749129298,False,0.2864092723280899
2,0.9816,False,0.0089837116608788,0.2927703384050883,0.4336289390772713,1,0.0116138759642608,0.067,True,False,honest,271,0.9785780633449336,0.1938896658934255,False,0.2430500212907866
2,0.903,False,0.021396496624453,0.9092891261736552,0.4647629301974,1,0.0408520983441888,0.38,True,False,honest,272,0.2093197904396895,0.4396600951701252,False,0.0714128339649569
2,0.9854,False,0.0335997209208095,0.2545147309909212,0.5980427985741488,0,0.0250480969890251,0.16,True,False,honest,273,0.044630982081077,0.3023437667719443,False,0.2026324532137558
3,0.9398,False,0.0202350093574213,0.7338124105671404,0.5049146209843959,1,0.0202350093574213,0.262,True,False,honest,274,0.1870176415432716,0.3585398069670825,False,0.1453781754854111
2,0.9928,False,0.015062575076473,0.5374321707846159,0.5971540072084021,0,0.0069674626549804,0.481,True,False,honest,275,0.6333997972843172,0.4887960394062168,False,0.086475251512318
2,0.9616,False,0.0145788998771504,0.6857714557427553,0.6101726328401953,1,0.0245766932697176,0.1969999999999999,True,False,honest,276,0.711381612387697,0.6738199876919143,True,0.1135866332101743
2,0.992,False,0.0145431930314127,0.3261734454099666,0.3820868525572015,1,0.0097995896527684,0.026,False,False,honest,277,0.057805080317195,0.0937784474054335,False,0.4103137544645773
2,0.6562,False,0.0151228081554716,0.0228778716990464,0.5314996997283548,0,0.0154687858202046,0.062,True,False,honest,278,0.2608626499981252,0.8402143720460873,True,0.2861128071228526
1,0.9856,False,0.0300642841121807,,0.4943140326608062,1,0.0300642841121807,0.0949999999999999,True,False,honest,279,0.7186309763975636,0.7724198645730461,True,0.2079444835436588
2,0.9942,False,0.0053417992321608,0.6456017283577142,0.4342920489043643,1,0.0087904740496293,0.037,False,False,honest,280,0.7663718272089539,0.1194193535444971,False,0.3157314147480007
2,0.6912,False,0.0077383843543098,0.8909701723709811,0.2854342152671948,1,0.0008437147113865,0.0789999999999999,True,False,honest,281,0.3642015541366134,0.7918208418893572,True,0.2941805573212347
1,0.9994,False,0.0160980836961148,,0.307746157379238,1,0.0160980836961148,0.333,True,False,honest,282,0.5591192850869032,0.4069530794729647,False,0.1076216331737714
2,0.9554,False,0.0153727701647925,0.6617331229627811,0.5184191841415602,0,0.0255454413751915,0.144,True,False,honest,283,0.7719262226476723,0.2710348472038824,False,0.1707356403462551
2,0.986,False,0.0290452419281751,0.2103160632556518,0.6455217196208544,0,0.0351539228670272,0.2,True,False,honest,284,0.2037464322569255,0.3415350679316599,False,0.1472122594855564
2,0.8768,False,0.0281677953730656,0.321406355252357,0.6339621180031391,0,0.019114486926393,0.4399999999999999,True,False,honest,285,0.1609277310805768,0.5736034903112455,True,0.0014857625285604
2,0.923,False,0.0099022544982015,0.3413384452802531,0.3090317378910339,0,0.0065222343426747,0.049,False,False,honest,286,0.8191901996747013,0.8353874471003988,True,0.306579210005113
2,0.9994,False,0.0230225302887193,0.7248126485834482,0.6765209900816771,0,0.0397095514451034,0.118,True,False,honest,287,0.2846054409470956,0.7445109267368573,True,0.2105566083394203
2,0.9996,False,0.0189708475309339,0.4253393367883072,0.3625432222345155,0,0.0270398952384787,0.3159999999999999,True,False,honest,288,0.3840233221307351,0.5996198629921826,True,0.1524702603889609
2,0.9996,False,0.0026012935345574,0.0992568509858139,0.665641334670504,0,0.0023430973297282,0.27,True,False,honest,289,0.4948975493799951,0.6217603681440743,True,0.0927759180482712
2,0.9824,False,0.0116429536205793,0.0700426736659065,0.3982755906577273,1,0.0124584572216029,0.08,True,False,honest,290,0.5706607567783882,0.2146061716030545,False,0.2642891107856442
2,0.9554,False,0.0080954645745696,0.4587954403468667,0.4859944250263919,0,0.0118096268093305,0.196,True,False,honest,291,0.473467577455244,0.3228418774632695,False,0.12190530647675
2,0.9802,False,0.0314909971641427,0.2413020370419874,0.2577578035798003,0,0.0238921553997103,0.1069999999999999,True,False,honest,292,0.8523171517959819,0.7587977966768739,True,0.2606282377585007
2,0.901,False,0.0222684856535971,0.5206815642314992,0.61639927884235,0,0.0338632755972994,0.0699999999999999,True,False,honest,293,0.9206971187560854,0.7963581537714771,True,0.3067851076575017
2,0.9956,False,0.0071011471903577,0.0103016980251045,0.4792151445765658,0,0.0071743010643549,0.264,True,False,honest,294,0.8880082454183174,0.3538150082067868,False,0.0667652676363161
2,0.9098,False,0.0260127007911589,0.559991330875616,0.6095486248233475,0,0.0405795877274292,0.287,True,False,honest,295,0.2805355166653249,0.3811970240654347,False,0.069432401747139
2,0.9332,False,0.0084899249390297,0.9489506324793208,0.4247872355366687,0,0.0004334052974865,0.0929999999999999,True,False,honest,296,0.9109443715435998,0.7664729717254113,True,0.2809604057868942
2,0.945,False,0.0015735050969555,0.6063749524863083,0.4668559733174518,0,0.0025276391759652,0.022,False,False,honest,297,0.2386139028566636,0.0684055438422693,False,0.3725506828484621
2,0.5906,False,0.0220570949648529,0.2584112254578805,0.504875058130033,0,0.0277568959050198,0.339,True,False,honest,298,0.7704840690398218,0.4230159857595866,False,0.0418916132518487
2,0.956,False,0.019558438452175,0.2928627559199001,0.5144719187398443,0,0.0252863766390616,0.125,True,False,honest,299,0.6850569558267612,0.7568643618749281,True,0.183776831376135
2,0.891,False,0.032902502408861,0.0935517905647907,0.441557907888329,0,0.0359805904233658,0.352,True,False,honest,300,0.483511500662653,0.4290409534531973,False,0.0398847374998617
2,0.9626,False,0.0237007000072316,0.0659353740463349,0.4004953846869594,0,0.0221379854870288,0.043,False,False,honest,301,0.0962109480439648,0.1468438767061477,False,0.3660270399075198
2,0.869,False,0.0123910099993032,0.4139135418379756,0.4233187397220411,0,0.0072622031631279,0.014,False,False,honest,302,0.5305534826959746,0.9524810107988076,True,0.382226592025414
2,0.985,False,0.0176726886491489,0.5039038862303993,0.4640112358726571,0,0.008767352158199,0.012,False,False,honest,303,0.0867123780214102,0.0439513355968989,False,0.4581580458921568
2,0.992,False,0.0262026279952374,0.4340196705603572,0.5352114846913516,1,0.0148301720244948,0.286,True,False,honest,304,0.4580738867420046,0.3827972614833038,False,0.0620155444225033
2,0.8746,False,0.0032754719764981,0.7264575081819024,0.5071233086357303,0,0.0056549631873911,0.119,True,False,honest,305,0.8042603177144402,0.2523326043705045,False,0.1775237614041848
2,0.5948,False,0.0152055207070604,0.8724941178194782,0.5713414844464697,1,0.0284722480832255,0.009,False,False,honest,306,0.4798565909412424,0.969737968031544,True,0.4115782899815732
2,0.9706,False,0.0250704351827214,0.6839493360838486,0.4464584722332904,1,0.0422173426819608,0.014,False,False,honest,307,0.1193618336698096,0.0673083052167377,False,0.4214997682714496
2,0.998,False,0.0120334320866967,0.1366976195955029,0.5560076578599713,0,0.0103884905647444,0.242,True,False,honest,308,0.8287921627609138,0.3536007184107207,False,0.0734421894653842
1,0.4858,False,0.0334784062342609,,0.4205941572798308,0,0.0334784062342609,0.046,False,False,honest,309,0.5898096307499789,0.1594338520182272,False,0.3213281812128792
2,0.5282,False,0.0349733596426323,0.2518021182516147,0.4125518818172607,0,0.0437797256832745,0.031,False,False,honest,310,0.0501015888166702,0.1257631012759163,False,0.3775757216355081
2,0.9488,False,0.0144591596738784,0.9742857736118812,0.5515690435948413,0,0.0003718061042617,0.033,False,False,honest,311,0.3782382371121846,0.8730318815270428,True,0.3656819126059808
2,0.9214,False,0.0215652118447241,0.2479547091869595,0.6646551652525308,0,0.0269124076764858,0.011,False,False,honest,312,0.4865753984360605,0.0528223727256469,False,0.3808639395612511
2,0.8698,False,0.0147864117769913,0.6131445753013871,0.3047884651408217,1,0.0238526199468392,0.027,False,False,honest,313,0.883803333483027,0.9075378537261558,True,0.4013901307461517
2,0.9466,False,0.0212832351876121,0.8347985588754865,0.508051173096867,0,0.0390504492512735,0.361,True,False,honest,314,0.1529777995490599,0.4408389568943884,False,0.1103735389015244
2,0.8956,False,0.0190695649896248,0.5290014976656625,0.4664326869646794,0,0.029157393429498,0.263,True,False,honest,315,0.4865998114272492,0.6191746444751737,True,0.0959967082240475
2,0.7304,False,0.0283423060430062,0.5279077018085898,0.576161413426714,1,0.0433044276906532,0.019,False,False,honest,316,0.1269562420833881,0.0840979418166949,False,0.4031514791963861
2,0.9674,False,0.0160784120941559,0.7352583747641387,0.4263002492221108,0,0.0279001992400284,0.438,True,False,honest,317,0.6057487922915805,0.5510410152073003,False,0.0255952454254026
2,0.7342,False,0.0052699419266305,0.6501697282573948,0.5854813267702865,0,0.0086962986376503,0.0909999999999999,True,False,honest,318,0.2870109048589351,0.7782902805212178,True,0.2410418540202629
3,0.9822,False,0.014309681808388,0.1837198531745634,0.495859338720007,0,0.0197969448965821,0.109,True,False,honest,319,0.93722036432617,0.2595181829864791,False,0.1683724329097667
3,0.9858,False,0.0080415367532973,0.7954787383819535,0.4959654675247161,0,0.0205936970362845,0.037,False,False,honest,320,0.0364520695550925,0.091796733539196,False,0.4098275980508382
2,0.971,False,0.0281139063112136,0.6789099000958116,0.2880169976660445,1,0.0472007156369415,0.024,False,False,honest,321,0.5559155932688701,0.0711075990933571,False,0.3852007881447453
2,0.9398,False,0.0259795107703632,0.1972780499688476,0.4995245873756376,0,0.0311046979944824,0.2309999999999999,True,False,honest,322,0.7551103315038326,0.6310225244797141,True,0.1000812329481644
2,0.9934,False,0.0081438753157368,0.2049177680177298,0.5469504697672913,0,0.0098127000686572,0.2209999999999999,True,False,honest,323,0.2846201772867905,0.6605608763191573,True,0.141519082030653
1,0.9174,False,0.0323681022803607,,0.5053574670071828,0,0.0323681022803607,0.009,False,False,honest,324,0.3877267503435574,0.977856040520636,True,0.4529658802474008
2,0.918,False,0.0240894018372444,0.1110252045271685,0.5956567484488422,0,0.0267639326032726,0.011,False,False,honest,325,0.876593914383785,0.9748447409285655,True,0.4566662959507823
2,0.9852,False,0.0268911352420569,0.3004161974238883,0.5521369911795817,0,0.0188126026479263,0.075,True,False,honest,326,0.3208640223639434,0.1931514465774325,False,0.2315879300951382
2,0.835,False,0.0221818885066789,0.3893142584648067,0.5657848986525809,0,0.0308176139823949,0.105,True,False,honest,327,0.4648128723566,0.2332149160460433,False,0.2013908219960226
2,0.972,False,0.012332036830276,0.380506810624082,0.6325991930242696,0,0.0170244608334435,0.411,True,False,honest,328,0.0278328147268676,0.4423511641474398,False,0.0640160436982446
2,0.9784,False,0.0200204630547555,0.361359900621014,0.370315157488264,1,0.0272550555949699,0.007,False,False,honest,329,0.2281946447206569,0.9671647115516018,True,0.3984164255166633
2,0.96,False,0.0244932081748333,0.1112409953809041,0.637217162215812,0,0.0272178570323847,0.2199999999999999,True,False,honest,330,0.5903368437028852,0.6699892093887149,True,0.0934825568176863
3,0.973,False,0.0178658361492862,0.190513900586581,0.5075742792569033,0,0.0178658361492862,0.356,True,False,honest,331,0.3570129294418511,0.4158383351965943,False,0.0060556569818599
2,0.9016,False,0.0235518361307582,0.0995602714138083,0.4828256465402932,1,0.0258966633283295,0.023,False,False,honest,332,0.0481015326851601,0.9568116453646331,True,0.3832403273667387
2,0.8952,False,0.0189411010140777,0.8443538245434521,0.4015912437496489,1,0.0349340920972224,0.433,True,False,honest,333,0.347330518887184,0.4336223054572462,True,0.0083141025626828
2,0.8916,False,0.0307598010243686,0.1674579247049789,0.5596347486249932,0,0.0256088285803223,0.497,True,False,honest,334,0.2109085863332427,0.5385462876847658,True,0.0006086944859888
2,0.9726,False,0.0122201323493132,0.0432985327064408,0.5066326281990756,1,0.0127492461495603,0.036,False,False,honest,335,0.2179907170156929,0.8854496530161626,True,0.3164894955316336
2,0.9836,False,0.0263652522173542,0.0849323470782351,0.2926470297627452,1,0.0241259894651397,0.3389999999999999,True,False,honest,336,0.7831291037241874,0.577027537611036,True,0.0779992873310262
3,0.814,False,0.0183711165492749,0.2788325432804541,0.6065100339306188,0,0.0184543068417949,0.31,True,False,honest,337,0.278860998803729,0.614761622003122,True,0.1027142736925736
2,0.8028,False,0.0159597523684283,0.539511695091931,0.504716400218438,1,0.024570225422506,0.041,False,False,honest,338,0.5600226675334459,0.8480200802998544,True,0.2740327520997787
2,0.5928,False,0.0313986620825453,0.2361433420793669,0.5503620546462866,0,0.0239840770813162,0.251,True,False,honest,339,0.9799278512683292,0.3630654140253332,False,0.0903360232900367
1,0.6414,False,0.0180920398544832,,0.6070791193210504,1,0.0180920398544832,0.096,True,False,honest,340,0.6244442492995795,0.2266909318578044,False,0.285672515052125
2,0.7946,False,0.0198821020652206,0.5361514447842152,0.2497232596557979,1,0.0092222843170692,0.187,True,False,honest,341,0.6133449418056728,0.6960572191099846,True,0.1164048239354179
1,0.8558,False,0.0058907346488512,,0.4934499501924003,1,0.0058907346488512,0.059,True,False,honest,342,0.567687989660698,0.8256643730200299,True,0.2506695315488078
2,0.9956,False,0.0282327515143501,0.1120396660198094,0.46890507157953,0,0.0313959395649502,0.0759999999999999,True,False,honest,343,0.2810126115099601,0.8225295704708345,True,0.2777907429954004
2,0.858,False,0.0064978600665587,0.267605628725872,0.5261019562657813,0,0.0047589961378069,0.2089999999999999,True,False,honest,344,0.9766331389466324,0.6690757845951709,True,0.1706828378366145
2,0.741,False,0.0217431555118212,0.0387343469620674,0.3497295082988763,1,0.022585362441505,0.118,True,False,honest,345,0.6689737207490527,0.7502411633944941,True,0.1740759554594049
2,0.8844,False,0.0212573226349244,0.3346845186517089,0.5287464286997212,0,0.0141428258406959,0.205,True,False,honest,346,0.2871738985643949,0.3299069777015396,False,0.1108372422727379
2,0.9946,False,0.0087246359512202,0.5226051618010661,0.2462163985764741,0,0.0041650961677547,0.206,True,False,honest,347,0.0623682963200032,0.345625997620798,False,0.1664966576133995
2,0.663,False,0.031596301009568,0.340270702605705,0.4712215282857209,0,0.0423475965541753,0.178,True,False,honest,348,0.2144386420479803,0.3122603458805932,False,0.1637475895668658
2,0.5152,False,0.015897765447362,0.0120970921435599,0.6221559227381657,0,0.0157054487138564,0.0879999999999999,True,False,honest,349,0.0788472450622788,0.8085204052731497,True,0.231956277839429
2,0.9498,False,0.0206014338926851,0.480377478698182,0.4607415976490743,0,0.0304978987641008,0.02,False,False,honest,350,0.310698678538896,0.0814316529297664,False,0.3434811905586583
3,0.9976,False,0.0118994522366381,0.4373982980247578,0.5126456489890345,0,0.0118994522366381,0.16,True,False,honest,351,0.4686667152028274,0.7097644559960967,True,0.1794285376925906
1,0.9996,False,0.0270106357602305,,0.233375735042451,1,0.0270106357602305,0.022,False,False,honest,352,0.5390019049291337,0.0825348334065221,False,0.3683108833169619
2,0.9266,False,0.0113039198242597,0.7409193399976752,0.4947373387841997,1,0.0029286270079416,0.321,True,False,honest,353,0.6109839007289516,0.4075858455819749,False,0.1438440133107318
2,0.7058,False,0.0136682735938789,0.198505263441485,0.6740591642489197,0,0.0109550493431371,0.464,True,False,honest,354,0.8121099817744165,0.4772993539656681,True,0.0264462141581129
2,0.9672,False,0.0061015754809222,0.6080761897851233,0.4480362570847327,1,0.0098117982516558,0.4399999999999999,True,False,honest,355,0.2798899978069932,0.532580691015592,True,0.0441683148027649
2,0.7816,False,0.0272381666355543,0.2871117875321355,0.498515001217573,1,0.019417767923435,0.445,True,False,honest,356,0.1968446657703504,0.4760573653283508,False,0.0545123030202711
2,0.9804,False,0.0307756632351799,0.2406950569628136,0.3502845822848011,1,0.0381832132508807,0.367,True,False,honest,357,0.9279761590629144,0.5634041560692655,True,0.0957766030938316
2,0.9922,False,0.0275853828305812,0.2250869780845938,0.5972234900881197,0,0.0213762723697139,0.097,True,False,honest,358,0.4694099305639133,0.2359329366437621,False,0.2002974634468029
2,0.9196,False,0.0201181408773418,0.5567473503145962,0.6614310598148547,0,0.0089174192500692,0.0739999999999999,True,False,honest,359,0.5277627569336368,0.8173824514835247,True,0.251875083307375
2,0.3316,False,0.0273659565664006,0.1405840508561261,0.3983293551806679,1,0.0235187395366026,0.064,True,False,honest,360,0.5322742020350589,0.2093372815561315,False,0.2497386818932634
2,0.9,False,0.0211561834428715,0.5117000272663427,0.5928112906251364,0,0.0103305637977907,0.038,False,False,honest,361,0.4235520530436894,0.8602759438636192,True,0.3319131729453135
2,0.9934,False,0.0218020847537934,0.5483723582469922,0.3627151359389873,0,0.0337577453854802,0.493,True,False,honest,362,0.3717537561659148,0.494724453948505,True,0.0740736166066948
2,0.628,False,0.019184797842599,0.2203396768620441,0.6039614551268506,0,0.0234119700001213,0.195,True,False,honest,363,0.9276216861663974,0.3017815650706994,False,0.1250519899498344
2,0.9834,False,0.0208597443751155,0.0905631706055341,0.5524079763480755,0,0.0189706197863935,0.017,False,False,honest,364,0.8193975954295413,0.9233286006377028,True,0.3854244459736446
2,0.9456,False,0.0283290036334106,0.1603675654670133,0.4209431052947971,0,0.0328720569783673,0.1919999999999999,True,False,honest,365,0.5968521859424052,0.6651149053883274,True,0.0874982315048241
2,0.6706,False,0.0244351754877609,0.1420369145968054,0.3172804212775989,1,0.0209644785537058,0.008,False,False,honest,366,0.2310481451888893,0.9708593680556932,True,0.4026421997953074
2,0.972,False,0.0206051067542987,0.4399973392908706,0.3333612995259955,1,0.0296712989024345,0.142,True,False,honest,367,0.5088825372141049,0.2629782300756907,False,0.1913641325830209
1,1.0,False,0.0187373326005511,,0.3352038494439914,1,0.0187373326005511,0.018,False,False,honest,368,0.1687122334853355,0.9331842389264864,True,0.355387045850786
1,0.9816,False,0.0267707445549063,,0.4816550621869784,0,0.0267707445549063,0.008,False,False,honest,369,0.5938915568730103,0.9726040901167472,True,0.3936285085634489
2,1.0,False,0.0193960196366872,0.2879560292054969,0.3378227510420893,1,0.0138108188394269,0.1039999999999999,True,False,honest,370,0.8150412090639243,0.776996873779947,True,0.2541884276392129
2,0.8476,False,0.0140581637368484,0.7071992500480597,0.4048837077057904,0,0.0240000865893076,0.1879999999999999,True,False,honest,371,0.7117104382072409,0.6814203241590062,True,0.1206317107882199
1,0.9998,False,0.0102529547684835,,0.3378622914271034,1,0.0102529547684835,0.039,False,False,honest,372,0.6286852542434083,0.8740640189639474,True,0.2940823378112297
2,0.8812,False,0.0234157119122205,0.7858021589100648,0.434097535995912,0,0.0418158288860453,0.09,True,False,honest,373,0.2816951448618336,0.23044995183227,False,0.2051214299244499
3,0.813,False,0.0086235048546076,0.5173100530341835,0.4691467952344,0,0.0086235048546076,0.172,True,False,honest,374,0.6163160999889099,0.3096799912448379,False,0.2174427456496535
2,0.9974,False,0.0274807499939379,0.2086839099710325,0.5462475642662632,1,0.033215540351818,0.348,True,False,honest,375,0.1829918059476231,0.6092236039481254,True,0.0430520831690307
1,1.0,False,0.0263308803552436,,0.6359528426883608,0,0.0263308803552436,0.027,False,False,honest,376,0.6330354877793947,0.1031291438233042,False,0.3836271250256426
2,0.9094,False,0.0182110468288199,0.3855883734465141,0.5613127189559617,0,0.0111890789029513,0.017,False,False,honest,377,0.8404915060245037,0.0431877623571414,False,0.3781157853559633
2,0.987,False,0.0252439944910178,0.1277303630269289,0.6166911893766714,0,0.0220195699103026,0.103,True,False,honest,378,0.1039674802928571,0.2464361988952829,False,0.2740507949069261
2,0.9042,False,0.0126362186997595,0.8140618776323212,0.5417979443714038,0,0.0229228826214726,0.041,False,False,honest,379,0.0424496629597827,0.1602549639966459,False,0.3423867161183673
2,0.971,False,0.0247867179147059,0.15353942274097,0.4942714248227613,1,0.0285924562751267,0.349,True,False,honest,380,0.5167844091505773,0.5738542258847934,True,0.0418869863954658
2,0.961,False,0.0217861671358996,0.5366831285153997,0.6249529416955071,0,0.0334784354732903,0.099,True,False,honest,381,0.0312250312585188,0.2372999687467006,False,0.264549256278637
1,0.6376,False,0.0007774041472462,,0.3276890407715286,1,0.0007774041472462,0.017,False,False,honest,382,0.1158066518157685,0.9378454854246407,True,0.3579421960795666
2,0.9514,False,0.0227265350286435,0.0482989327120407,0.5059437214000708,1,0.0238242024148181,0.0769999999999999,True,False,honest,383,0.6195629507222933,0.7929843651545606,True,0.2130350804294337
1,0.9768,False,0.012842680374252,,0.5199123715084154,0,0.012842680374252,0.159,True,False,honest,384,0.9749500585797084,0.2972270617199324,False,0.1455612325905315
2,0.9754,False,0.0250614045011009,0.1689796987871265,0.4839463402296897,0,0.0292962730850482,0.2,True,False,honest,385,0.9398952964347184,0.3216893066194137,False,0.1096057817397125
2,0.9994,False,0.0172954916141079,0.2337333630992472,0.4841732477324779,0,0.0213380250357619,0.3259999999999999,True,False,honest,386,0.4998198419902523,0.5928380403219131,True,0.0673404597861219
1,1.0,False,0.0082390848985398,,0.568242794314817,0,0.0082390848985398,0.04,False,False,honest,387,0.8524653375491479,0.1088694354029888,False,0.3117804490788524
2,0.889,False,0.0170193417386529,0.2941437175043654,0.4580480802228062,0,0.0220254741874316,0.14,True,False,honest,388,0.5061981538045198,0.7346582008520186,True,0.1824483815891488
1,0.9994,False,0.0113082035750296,,0.4178381595541914,1,0.0113082035750296,0.033,False,False,honest,389,0.0820723897751821,0.8857158442138281,True,0.3081005423422861
1,0.9968,False,0.0126998196250396,,0.5649892293305875,0,0.0126998196250396,0.015,False,False,honest,390,0.1078850231629519,0.9295267277034088,True,0.3498682384322695
2,0.6342,False,0.0221135193394417,0.1542226892722157,0.5020366057646989,0,0.0255239257613978,0.14,True,False,honest,391,0.3059186816317396,0.7340379214957643,True,0.2133049577178997
2,0.9974,False,0.004517577590443,0.3723323205060138,0.5109680102204089,0,0.002835537442755,0.052,True,False,honest,392,0.8768372630226495,0.8230267537871179,True,0.3268770244932086
2,0.5152,False,0.0088866117765241,0.6044936240089855,0.580020526744102,0,0.0142585119350806,0.018,False,False,honest,393,0.7576117360671751,0.078417434327601,False,0.3575780395980538
1,1.0,False,0.0046919249334034,,0.5104401559395119,0,0.0046919249334034,0.238,True,False,honest,394,0.9086901713563944,0.3385142722301832,False,0.0849565658368223
3,0.8546,False,0.0205004937727581,0.5809855804711297,0.4975115972067017,1,0.0205004937727581,0.136,True,False,honest,395,0.9663651910686484,0.7316273231982722,True,0.2340566538764608
2,0.9608,False,0.0268778358740837,0.286071357361806,0.465808863704539,0,0.0191888568823506,0.148,True,False,honest,396,0.9682300132791812,0.7166227662647542,True,0.2189400715274281
2,0.9614,False,0.0179636280706037,0.612627311398629,0.8811315587496262,0,0.0289686372390752,0.4379999999999999,True,False,honest,397,0.0917014930282743,0.5404188174802849,False,0.0294026928591241
2,0.8938,False,0.0161344840478886,0.2558444869775942,0.476104149447953,1,0.0120065652537525,0.262,True,False,honest,398,0.7595159179248568,0.6399146314883138,True,0.1098224523836886
1,0.9996,False,0.0269459474734641,,0.4186809354798563,0,0.0269459474734641,0.218,True,False,honest,399,0.9469455505443772,0.3492634730580823,False,0.0865921298544369
2,0.9946,False,0.0146344338010742,0.2164033636958454,0.553356917397121,1,0.0178013745016272,0.054,True,False,honest,400,0.7261256702225277,0.8366383078172209,True,0.2714367608817834
2,0.9592,False,0.017547293573187,0.1454863679726285,0.5208920662836388,1,0.0201001855830449,0.477,True,False,honest,401,0.7608825093103646,0.4859876364377284,False,0.0022024121759302
2,0.5212,False,0.0165307578497857,0.8961061071825639,0.5973482206784142,0,0.0017174447833405,0.075,True,False,honest,402,0.278882263527785,0.1851154063912738,False,0.2491602915278311
2,0.8056,False,0.0143688753288552,0.6363333640480047,0.5243796773588423,0,0.005225480552622,0.429,True,False,honest,403,0.8621980209428974,0.4828442381586623,True,0.0594935501670527
2,0.9934,False,0.0122163514893065,0.1241638199883282,0.4931526812984056,0,0.0106995226219499,0.2039999999999999,True,False,honest,404,0.3036888644845781,0.6724180322507115,True,0.1627090975555855
2,0.987,False,0.0247152116446555,0.3209109835297341,0.4404592475925654,0,0.0167838287673026,0.1999999999999999,True,False,honest,405,0.6676120634827567,0.6948361163787007,True,0.1194323782674389
2,0.993,False,0.0176959152733592,0.1764361890913352,0.5620461813169764,1,0.0208181151268503,0.021,False,False,honest,406,0.8282716198463415,0.9585230203762608,True,0.4212071840897695
2,0.966,False,0.0152062205311537,0.5794308125549379,0.3830224188802832,0,0.0240171732499891,0.067,True,False,honest,407,0.0942750324526097,0.2027417594015651,False,0.311849712758594
2,0.9074,False,0.0146037972955219,0.8035643778623233,0.5820308090412569,1,0.0263388885845291,0.264,True,False,honest,408,0.6744039346294165,0.6284532851667362,True,0.0574455911653499
2,0.891,False,0.0181408839238719,0.927273432904036,0.5778929560697821,0,0.0013193242109422,0.372,True,False,honest,409,0.1265535818032115,0.4388218910800415,False,0.1299653471996315
2,0.9994,False,0.0068077211536095,0.5348664943935467,0.4966732472694235,0,0.0031664992048347,0.122,True,False,honest,410,0.827097240770453,0.2488045676807138,False,0.1757203091874415
3,0.361,False,0.005577485624245,0.4461147016781209,0.4750939502940399,1,0.0036806224407321,0.04,False,False,honest,411,0.1624101487854876,0.8605227523870588,True,0.2824615225767168
2,0.827,False,0.0242629394448292,0.2199438844129646,0.6192242081875508,1,0.0295994245938214,0.249,True,False,honest,412,0.6361055400153762,0.3652287300007726,False,0.1758150603695041
2,0.929,False,0.0082906440161143,0.941293177111629,0.5618082982846665,0,0.0004867173689432,0.0749999999999999,True,False,honest,413,0.1330550139194335,0.8200012181584851,True,0.2401028537406576
3,0.6492,False,0.0091261531969614,0.8647325379339487,0.4922704033550709,0,0.0091261531969614,0.267,True,False,honest,414,0.5758145163651847,0.6210489840560947,True,0.0504351999953495
2,0.9828,False,0.0228360830376227,0.0559492943184672,0.4294062674199989,1,0.0215584203066138,0.06,True,False,honest,415,0.6157575329567684,0.1754244364913078,False,0.3218152985748662
2,0.9788,False,0.0269870891143004,0.3530280541434433,0.6129279888193976,0,0.0365142886716706,0.279,True,False,honest,416,0.2975629260440696,0.6056921179336284,True,0.1086788013919644
2,0.7154,False,0.0139923879172939,0.56740554643602,0.6196236067046941,0,0.0219317464300182,0.25,True,False,honest,417,0.112029742031972,0.3502275639101469,False,0.1870359476465402
2,0.9324,False,0.0255054458958955,,0.7758753968487506,1,0.0255054458958955,0.043,False,False,honest,418,0.6728020354838252,0.8903100844809785,True,0.3132297485718361
3,0.1938,False,0.0235647998047274,0.1692494800591867,0.4393970126737277,1,0.0235647998047274,0.496,True,False,honest,419,0.8278027087444182,0.5003033872389273,True,0.0541244383740945
1,0.9196,False,0.0115488977706054,,0.6969660642781417,0,0.0115488977706054,0.031,False,False,honest,420,0.7561918716441698,0.0944486130593315,False,0.3425404390951616
2,0.9754,False,0.0169226805638013,0.5043023025058386,0.613136501286716,0,0.0083885337904012,0.24,True,False,honest,421,0.1424345139261882,0.6537196602199088,True,0.0747084159053589
2,0.988,False,0.0122050944381761,0.1901812950434766,0.6235734876725453,0,0.0098839137716056,0.386,True,False,honest,422,0.6921093766017143,0.565613908039188,True,0.0100486467241256
2,0.7278,False,0.0098893165265088,0.5238645429305334,0.3086801470523743,1,0.00470865424393,0.067,True,False,honest,423,0.9277195376707243,0.1797488360589406,False,0.2445633060847904
1,0.9824,False,0.0191165396617901,,0.4820130606449933,1,0.0191165396617901,0.351,True,False,honest,424,0.6243426486226856,0.5865204840566312,True,0.0065230206170404
2,0.987,False,0.0256056073294066,0.4697472712435799,0.7045833559698294,0,0.0376337715013998,0.415,True,False,honest,425,0.3456665543055909,0.4617062476970203,True,0.0331835144137875
2,0.8608,False,0.0084315297911631,0.1729044498543446,0.6767303809088957,0,0.0069736807710187,0.032,False,False,honest,426,0.250238897818885,0.867739767101604,True,0.308367395767439
2,0.978,False,0.0050308090412821,0.4750557086510812,0.3484208491973583,1,0.0074207235959518,0.355,True,False,honest,427,0.8989902018951609,0.5799884449294811,True,0.1280027219071116
2,0.9934,False,0.0179171678313625,0.8547034914672934,0.4648189653670194,0,0.0026033019278367,0.019,False,False,honest,428,0.4965990668878501,0.1008708807854218,False,0.3371741551851372
2,0.9128,False,0.0125785604985908,0.4583005363642766,0.575982382607274,0,0.0183433215222438,0.0749999999999999,True,False,honest,429,0.0531488051250241,0.7945895969232765,True,0.2232055289716009
2,0.987,False,0.0227709844427622,0.2176103087020276,0.5054921871894595,0,0.0277261853970184,0.1949999999999999,True,False,honest,430,0.5331822161448162,0.6794093333694508,True,0.1209632919833217
3,0.6646,False,0.0153349720547326,0.3507467791959828,0.4992454608409304,0,0.0153349720547326,0.491,True,False,honest,431,0.2391746250722042,0.5091306733815827,False,0.0012177929153118
2,0.9738,False,0.019017048914882,0.0947335879895628,0.4526919431526587,0,0.0172154956381075,0.49,True,False,honest,432,0.904191356265499,0.4903936476453209,True,0.05757530424087
2,0.6476,False,0.0177258464267481,0.0455734727504061,0.5636826376625974,0,0.018533674805901,0.432,True,False,honest,433,0.5958031872626037,0.5404554963486312,False,0.0313397562247018
3,0.9198,False,0.0228650353644293,0.1473074579334402,0.48137039274875,1,0.0187061395269181,0.035,False,False,honest,434,0.5943790276442141,0.1326167930593245,False,0.3468044310531705
3,0.9288,False,0.0169640023114211,0.4797686588483881,0.3100818471191767,1,0.0169640023114211,0.025,False,False,honest,435,0.247675660886498,0.8746815326048277,True,0.3141584848638654
2,0.7622,False,0.0161617974479064,0.6998836513953036,0.7000730288205963,0,0.0048504196362544,0.172,True,False,honest,436,0.1205372296121532,0.3053698519914344,False,0.2289325626388896
2,0.9844,False,0.0242436708723657,0.6412662680264115,0.5055224267781018,1,0.0086970225281418,0.334,True,False,honest,437,0.2692254747842553,0.4097051578825317,False,0.0530061817498768
2,0.6118,False,0.0265850868857416,0.2230609018059291,0.5245772817025907,0,0.0325151803412872,0.174,True,False,honest,438,0.5125709138087049,0.6972741372630438,True,0.1461976825401888
2,1.0,False,0.030757947205091,0.084842810320161,0.4055410716523777,1,0.0281483565244471,0.204,True,False,honest,439,0.3820484194319904,0.3314619306773522,False,0.0886860935346962
2,0.9702,False,0.0181924283447327,0.0341090050524428,0.4142970296926131,1,0.0175719027143719,0.026,False,False,honest,440,0.9273662900352982,0.8748891843798854,True,0.3818606504842469
2,0.9994,False,0.0185817362612952,0.5119124654896748,0.6046458909153334,0,0.0280939586844056,0.028,False,False,honest,441,0.4684350845785592,0.1347725644695271,False,0.2969629320129605
1,0.9974,False,0.0239880341898708,,0.5639964898305353,0,0.0239880341898708,0.4639999999999999,True,False,honest,442,0.7117606619601968,0.5390235001987377,True,0.0015305954586015
2,0.9168,False,0.01163229161607,0.5179917868132283,0.3525186308151212,1,0.0176577231355287,0.147,True,False,honest,443,0.3537530894486526,0.273054525744975,False,0.1479405601298929
2,0.985,False,0.0263313554911114,0.5281779666414121,0.7329542760062344,0,0.0124237136883758,0.0819999999999999,True,False,honest,444,0.3833781511863421,0.7849831006237086,True,0.290135326169117
2,0.7724,False,0.0042797453213757,0.4670182911388793,0.3597885755781616,1,0.0022810259744102,0.03,False,False,honest,445,0.2132441300828721,0.8652484645555636,True,0.2957383572967417
1,0.996,False,0.0006245008367779,,0.5038835372992547,1,0.0006245008367779,0.0939999999999999,True,False,honest,446,0.6531384973588039,0.7583775157393814,True,0.1799083284538266
2,0.8416,False,0.0192424778499906,0.3116607134157049,0.4579289990226534,1,0.0252396022249162,0.017,False,False,honest,447,0.8951771616608676,0.0636344931862685,False,0.3568326066748696
2,0.9696,False,0.0213202527387187,0.2781260776122049,0.3344552198148279,1,0.0272499710069175,0.498,True,False,honest,448,0.6676246886542313,0.5659298796192996,False,0.0025458614078842
2,0.7938,False,0.0261420598294872,0.3946237695657484,0.4934284166798638,0,0.0364583380240075,0.263,True,False,honest,449,0.4219578378586271,0.3737011294320699,False,0.0545895257674753
2,0.9524,False,0.0085915404570671,0.5690365480884703,0.4216011764992756,1,0.0134804409820881,0.015,False,False,honest,450,0.2021815290117932,0.1033982960233796,False,0.3522918101435523
2,0.9934,False,0.0148995413979684,0.4721465049912398,0.5781676918396239,0,0.0078647750004732,0.274,True,False,honest,451,0.1734133899496573,0.6346654384556484,True,0.0629673601649846
2,0.9994,False,0.0221126062042888,0.0705165298120488,0.7985325112270043,0,0.0236719104589862,0.127,True,False,honest,452,0.7231556527777532,0.2722697154772912,False,0.1921824123171316
2,0.9938,False,0.0104121165860029,0.3663567317584092,0.3507250765021686,0,0.0142266655895049,0.015,False,False,honest,453,0.7456509779650247,0.9786359889616012,True,0.4135836657251455
1,0.9398,False,0.0218711287036345,,0.5898209698593426,0,0.0218711287036345,0.324,True,False,honest,454,0.5289622205542954,0.4132063219669561,False,0.0821672885313195
2,0.9994,False,0.0251890077987581,0.5850614269861588,0.509130544156796,0,0.0104518909510661,0.482,True,False,honest,455,0.3078313480015038,0.450448486071378,True,0.0028704610621934
2,0.598,False,0.024570357611274,0.2544485403786839,0.5595374435858681,1,0.0308222492422995,0.2309999999999999,True,False,honest,456,0.3583087460999214,0.6634272103749009,True,0.1923807207085973
1,0.958,False,0.0043752755623322,,0.5985490993944108,0,0.0043752755623322,0.0839999999999999,True,False,honest,457,0.8701750587186272,0.7745810705122733,True,0.284035887766396
1,0.992,False,0.019290710968253,,0.7589851600418199,0,0.019290710968253,0.033,False,False,honest,458,0.9336300371872254,0.1351863221700398,False,0.2894970237552313
2,0.8768,False,0.0077300341633964,0.1014902290940382,0.5233961964115911,0,0.006945511225147,0.1139999999999999,True,False,honest,459,0.8109996457324805,0.7517624446209359,True,0.2308274401077306
1,0.992,False,0.0013194742276025,,0.4845746652701261,1,0.0013194742276025,0.176,True,False,honest,460,0.6619120563889774,0.3095557347152892,False,0.1986685634788263
2,0.9994,False,0.030935643061711,0.4597401053455413,0.340978118088624,1,0.0167132872611281,0.087,True,False,honest,461,0.4801089230543895,0.2211133381019858,False,0.2178608867928782
2,0.9726,False,0.0320298937953144,0.2245859174035072,0.7340346563447113,0,0.0248364307127322,0.16,True,False,honest,462,0.6239853304387601,0.700402249190754,True,0.1204048647351148
2,0.7758,False,0.0222277908580162,0.1186544473036058,0.5716030979945695,0,0.0248652170971729,0.12,True,False,honest,463,0.0830852023460642,0.2710511987981209,False,0.243558420960278
2,0.97,False,0.009480063586285,0.7598987565627088,0.5100957601318048,1,0.0166839521183983,0.471,True,False,honest,464,0.7006766194780601,0.4853407826909536,False,0.0452082815663874
2,0.695,False,0.0073783357505814,0.9736589888581082,0.6526620572458073,0,0.000194352823241,0.01,False,False,honest,465,0.8274092223008066,0.0411867327090227,False,0.3812778697219617
3,0.5134,False,0.0161864748213747,0.4398874360928408,0.6806008922861311,0,0.0271957714415853,0.0929999999999999,True,False,honest,466,0.1134512146026734,0.7938908233689427,True,0.2141183541999278
3,0.9408,False,0.0204204416326209,0.5766770173916332,0.3634031965681586,0,0.0213100419239739,0.021,False,False,honest,467,0.9247386268623864,0.084666922277254,False,0.3383040372157808
2,0.994,False,0.0123657928659795,0.8674364536480991,0.6475420837982631,0,0.0016392533548998,0.257,True,False,honest,468,0.0241701679991447,0.3707903444295531,False,0.1314508733852323
1,0.9966,False,0.0095920225119033,,0.4723458912500443,0,0.0095920225119033,0.063,True,False,honest,469,0.7266353037184775,0.1826374183474446,False,0.2699015947735061
2,0.987,False,0.0339515599135402,0.2144229528575811,0.3650183501332686,0,0.0266715661825434,0.49,True,False,honest,470,0.3039872843604599,0.4910282564840912,True,0.0313278849165479
2,0.919,False,0.0174655897877603,0.5388431073025841,0.3108793284517707,1,0.0268768024604082,0.493,True,False,honest,471,0.5122433678080578,0.5026245174565757,False,0.0068220121885026
3,0.8556,False,0.0187965323089619,0.5229615530864169,0.5067212359455613,0,0.0187965323089619,0.483,True,False,honest,472,0.8364347625866285,0.5104173229278498,True,0.0674208109819404
2,0.9968,False,0.0290863880741868,0.0675562266727998,0.6836212408318909,0,0.0310513547000871,0.326,True,False,honest,473,0.2527064483492683,0.3855201776651534,False,0.0822221959885606
1,0.779,False,0.030337336787326,,0.4906541411445794,0,0.030337336787326,0.029,False,False,honest,474,0.133074969099188,0.8903350003900558,True,0.3104187892651971
2,0.8768,False,0.0320654824983836,0.1257884360089274,0.4865967719532187,0,0.0280320156049145,0.1879999999999999,True,False,honest,475,0.9172122518094848,0.6856542083550725,True,0.2032764037718221
2,0.9996,False,0.0174205060887132,0.452521878684585,0.4555995384853866,1,0.0095373459453599,0.266,True,False,honest,476,0.4685653942807476,0.3664003519562975,False,0.0814750127248914
2,0.9818,False,0.0134375059541153,0.4897158090576356,0.5408996659083273,0,0.0068569468535892,0.018,False,False,honest,477,0.7581083534882611,0.0916104248787732,False,0.3447397091321596
2,0.5554,False,0.0288535441387596,0.4461731886356411,0.3544941660062913,0,0.0417272219310353,0.488,True,False,honest,478,0.4254995537146555,0.4564444856288837,True,0.0175462250704316
2,0.9726,False,0.0099892253591309,0.6086441917819323,0.5027477098108346,0,0.0160691093549754,0.024,False,False,honest,479,0.8300288243182463,0.9014493470788564,True,0.3701616737955603
